"YTDCount","Year","Offense","PrevYTDCount","YTDPercentageChange"
12,2019,"Arson",NA,NA
23,2020,"Arson",12,91.6666666666667
28,2021,"Arson",23,21.7391304347826
31,2022,"Arson",28,10.7142857142857
43,2023,"Arson",31,38.7096774193548
41,2024,"Arson",43,-4.65116279069767
29,2025,"Arson",41,-29.2682926829268
