"YTDCount","Year","Offense","PrevYTDCount","YTDPercentageChange"
50,2019,"Arson",NA,NA
89,2020,"Arson",50,78
75,2021,"Arson",89,-15.7303370786517
72,2022,"Arson",75,-4
99,2023,"Arson",72,37.5
84,2024,"Arson",99,-15.1515151515151
53,2025,"Arson",84,-36.9047619047619
