"YTDCount","Year","Offense","PrevYTDCount","YTDPercentageChange"
45,2019,"Arson",NA,NA
74,2020,"Arson",45,64.4444444444444
65,2021,"Arson",74,-12.1621621621622
63,2022,"Arson",65,-3.07692307692308
87,2023,"Arson",63,38.0952380952381
74,2024,"Arson",87,-14.9425287356322
