"YTDCount","Year","Offense","PrevYTDCount","YTDPercentageChange"
7,2019,"Arson",NA,NA
11,2020,"Arson",7,57.1428571428571
12,2021,"Arson",11,9.09090909090908
11,2022,"Arson",12,-8.33333333333334
20,2023,"Arson",11,81.8181818181818
14,2024,"Arson",20,-30
5,2025,"Arson",14,-64.2857142857143
