"YTDCount","Year","Offense","PrevYTDCount","YTDPercentageChange"
49,2019,"Arson",NA,NA
84,2020,"Arson",49,71.4285714285714
72,2021,"Arson",84,-14.2857142857143
71,2022,"Arson",72,-1.38888888888888
95,2023,"Arson",71,33.8028169014084
75,2024,"Arson",95,-21.0526315789474
