"YTDCount","Year","Offense","PrevYTDCount","YTDPercentageChange"
35,2019,"Arson",NA,NA
55,2020,"Arson",35,57.1428571428571
49,2021,"Arson",55,-10.9090909090909
49,2022,"Arson",49,0
66,2023,"Arson",49,34.6938775510204
61,2024,"Arson",66,-7.57575757575758
43,2025,"Arson",61,-29.5081967213115
