"YTDCount","Year","Offense","PrevYTDCount","YTDPercentageChange"
12,2019,"Arson",NA,NA
19,2020,"Arson",12,58.3333333333333
27,2021,"Arson",19,42.1052631578947
29,2022,"Arson",27,7.40740740740742
39,2023,"Arson",29,34.4827586206897
38,2024,"Arson",39,-2.56410256410257
