"YTDCount","Year","Offense","PrevYTDCount","YTDPercentageChange"
34,2019,"Arson",NA,NA
51,2020,"Arson",34,50
47,2021,"Arson",51,-7.84313725490197
47,2022,"Arson",47,0
64,2023,"Arson",47,36.1702127659574
59,2024,"Arson",64,-7.8125
42,2025,"Arson",59,-28.8135593220339
