"YTDCount","Year","Offense","PrevYTDCount","YTDPercentageChange"
67,2019,"Arson",NA,NA
115,2020,"Arson",67,71.6417910447761
95,2021,"Arson",115,-17.3913043478261
91,2022,"Arson",95,-4.21052631578948
116,2023,"Arson",91,27.4725274725275
97,2024,"Arson",116,-16.3793103448276
76,2025,"Arson",97,-21.6494845360825
