"YTDCount","Year","Offense","PrevYTDCount","YTDPercentageChange"
68,2019,"Arson",NA,NA
116,2020,"Arson",68,70.5882352941176
98,2021,"Arson",116,-15.5172413793103
94,2022,"Arson",98,-4.08163265306123
120,2023,"Arson",94,27.6595744680851
99,2024,"Arson",120,-17.5
76,2025,"Arson",99,-23.2323232323232
