"YTDCount","Year","Offense","PrevYTDCount","YTDPercentageChange"
44,2019,"Arson",NA,NA
73,2020,"Arson",44,65.9090909090909
65,2021,"Arson",73,-10.958904109589
60,2022,"Arson",65,-7.69230769230769
83,2023,"Arson",60,38.3333333333333
73,2024,"Arson",83,-12.0481927710843
51,2025,"Arson",73,-30.1369863013699
