"YTDCount","Year","Offense","PrevYTDCount","YTDPercentageChange"
69,2019,"Arson",NA,NA
117,2020,"Arson",69,69.5652173913043
101,2021,"Arson",117,-13.6752136752137
97,2022,"Arson",101,-3.96039603960396
127,2023,"Arson",97,30.9278350515464
100,2024,"Arson",127,-21.259842519685
78,2025,"Arson",100,-22
