"YTDCount","Year","Offense","PrevYTDCount","YTDPercentageChange"
45,2019,"Arson",NA,NA
74,2020,"Arson",45,64.4444444444444
65,2021,"Arson",74,-12.1621621621622
63,2022,"Arson",65,-3.07692307692308
86,2023,"Arson",63,36.5079365079365
76,2024,"Arson",86,-11.6279069767442
52,2025,"Arson",76,-31.578947368421
