"YTDCount","Year","Offense","PrevYTDCount","YTDPercentageChange"
36,2019,"Arson",NA,NA
55,2020,"Arson",36,52.7777777777778
52,2021,"Arson",55,-5.45454545454546
52,2022,"Arson",52,0
69,2023,"Arson",52,32.6923076923077
64,2024,"Arson",69,-7.2463768115942
43,2025,"Arson",64,-32.8125
