"YTDCount","Year","Offense","PrevYTDCount","YTDPercentageChange"
36,2019,"Arson",NA,NA
55,2020,"Arson",36,52.7777777777778
51,2021,"Arson",55,-7.27272727272728
52,2022,"Arson",51,1.96078431372548
69,2023,"Arson",52,32.6923076923077
60,2024,"Arson",69,-13.0434782608696
