"YTDCount","Year","Offense","PrevYTDCount","YTDPercentageChange"
52,2019,"Arson",NA,NA
92,2020,"Arson",52,76.9230769230769
79,2021,"Arson",92,-14.1304347826087
76,2022,"Arson",79,-3.79746835443038
104,2023,"Arson",76,36.8421052631579
89,2024,"Arson",104,-14.4230769230769
58,2025,"Arson",89,-34.8314606741573
