"YTDCount","Year","Offense","PrevYTDCount","YTDPercentageChange"
34,2019,"Arson",NA,NA
53,2020,"Arson",34,55.8823529411765
47,2021,"Arson",53,-11.3207547169811
48,2022,"Arson",47,2.12765957446808
67,2023,"Arson",48,39.5833333333333
57,2024,"Arson",67,-14.9253731343284
