"YTDCount","Year","Offense","PrevYTDCount","YTDPercentageChange"
52,2019,"Arson",NA,NA
92,2020,"Arson",52,76.9230769230769
78,2021,"Arson",92,-15.2173913043478
76,2022,"Arson",78,-2.56410256410257
105,2023,"Arson",76,38.1578947368421
83,2024,"Arson",105,-20.952380952381
