"YTDCount","Year","Offense","PrevYTDCount","YTDPercentageChange"
52,2019,"Arson",NA,NA
92,2020,"Arson",52,76.9230769230769
76,2021,"Arson",92,-17.3913043478261
72,2022,"Arson",76,-5.26315789473685
103,2023,"Arson",72,43.0555555555556
80,2024,"Arson",103,-22.3300970873786
