"YTDCount","Year","Offense","PrevYTDCount","YTDPercentageChange"
55,2019,"Arson",NA,NA
98,2020,"Arson",55,78.1818181818182
83,2021,"Arson",98,-15.3061224489796
79,2022,"Arson",83,-4.81927710843374
107,2023,"Arson",79,35.4430379746835
93,2024,"Arson",107,-13.0841121495327
61,2025,"Arson",93,-34.4086021505376
