"YTDCount","Year","Offense","PrevYTDCount","YTDPercentageChange"
8,2019,"Arson",NA,NA
14,2020,"Arson",8,75
18,2021,"Arson",14,28.5714285714286
23,2022,"Arson",18,27.7777777777778
24,2023,"Arson",23,4.34782608695652
30,2024,"Arson",24,25
19,2025,"Arson",30,-36.6666666666667
