"YTDCount","Year","Offense","PrevYTDCount","YTDPercentageChange"
48,2019,"Arson",NA,NA
79,2020,"Arson",48,64.5833333333333
69,2021,"Arson",79,-12.6582278481013
68,2022,"Arson",69,-1.44927536231884
94,2023,"Arson",68,38.2352941176471
75,2024,"Arson",94,-20.2127659574468
