"YTDCount","Year","Offense","PrevYTDCount","YTDPercentageChange"
17,2019,"Arson",NA,NA
25,2020,"Arson",17,47.0588235294118
31,2021,"Arson",25,24
37,2022,"Arson",31,19.3548387096774
49,2023,"Arson",37,32.4324324324324
44,2024,"Arson",49,-10.2040816326531
