"YTDCount","Year","Offense","PrevYTDCount","YTDPercentageChange"
12,2019,"Arson",NA,NA
22,2020,"Arson",12,83.3333333333333
27,2021,"Arson",22,22.7272727272727
30,2022,"Arson",27,11.1111111111111
43,2023,"Arson",30,43.3333333333333
39,2024,"Arson",43,-9.30232558139535
