"YTDCount","Year","Offense","PrevYTDCount","YTDPercentageChange"
12,2019,"Arson",NA,NA
19,2020,"Arson",12,58.3333333333333
27,2021,"Arson",19,42.1052631578947
29,2022,"Arson",27,7.40740740740742
38,2023,"Arson",29,31.0344827586207
39,2024,"Arson",38,2.63157894736843
28,2025,"Arson",39,-28.2051282051282
