"YTDCount","Year","Offense","PrevYTDCount","YTDPercentageChange"
76,2019,"Arson",NA,NA
126,2020,"Arson",76,65.7894736842105
116,2021,"Arson",126,-7.93650793650794
105,2022,"Arson",116,-9.48275862068966
137,2023,"Arson",105,30.4761904761905
111,2024,"Arson",137,-18.978102189781
