"YTDCount","Year","Offense","PrevYTDCount","YTDPercentageChange"
7,2019,"Arson",NA,NA
13,2020,"Arson",7,85.7142857142857
17,2021,"Arson",13,30.7692307692308
19,2022,"Arson",17,11.7647058823529
23,2023,"Arson",19,21.0526315789474
27,2024,"Arson",23,17.3913043478261
15,2025,"Arson",27,-44.4444444444444
