"YTDCount","Year","Offense","PrevYTDCount","YTDPercentageChange"
34,2019,"Arson",NA,NA
51,2020,"Arson",34,50
47,2021,"Arson",51,-7.84313725490197
47,2022,"Arson",47,0
65,2023,"Arson",47,38.2978723404255
55,2024,"Arson",65,-15.3846153846154
