"YTDCount","Year","Offense","PrevYTDCount","YTDPercentageChange"
30,2019,"Arson",NA,NA
47,2020,"Arson",30,56.6666666666667
46,2021,"Arson",47,-2.12765957446809
45,2022,"Arson",46,-2.17391304347826
63,2023,"Arson",45,40
54,2024,"Arson",63,-14.2857142857143
