"YTDCount","Year","Offense","PrevYTDCount","YTDPercentageChange"
7,2019,"Arson",NA,NA
12,2020,"Arson",7,71.4285714285714
14,2021,"Arson",12,16.6666666666667
15,2022,"Arson",14,7.14285714285714
22,2023,"Arson",15,46.6666666666667
23,2024,"Arson",22,4.54545454545454
9,2025,"Arson",23,-60.8695652173913
17,2026,"Arson",9,88.8888888888889
