"YTDCount","Year","Offense","PrevYTDCount","YTDPercentageChange"
47,2019,"Arson",NA,NA
76,2020,"Arson",47,61.7021276595745
69,2021,"Arson",76,-9.21052631578947
67,2022,"Arson",69,-2.89855072463768
92,2023,"Arson",67,37.3134328358209
74,2024,"Arson",92,-19.5652173913043
