"YTDCount","Year","Offense","PrevYTDCount","YTDPercentageChange"
43,2019,"Arson",NA,NA
73,2020,"Arson",43,69.7674418604651
65,2021,"Arson",73,-10.958904109589
59,2022,"Arson",65,-9.23076923076923
82,2023,"Arson",59,38.9830508474576
70,2024,"Arson",82,-14.6341463414634
