"YTDCount","Year","Offense","PrevYTDCount","YTDPercentageChange"
73,2019,"Arson",NA,NA
125,2020,"Arson",73,71.2328767123288
111,2021,"Arson",125,-11.2
102,2022,"Arson",111,-8.1081081081081
132,2023,"Arson",102,29.4117647058824
105,2024,"Arson",132,-20.4545454545455
82,2025,"Arson",105,-21.9047619047619
