"YTDCount","Year","Offense","PrevYTDCount","YTDPercentageChange"
38,2019,"Arson",NA,NA
62,2020,"Arson",38,63.1578947368421
55,2021,"Arson",62,-11.2903225806452
52,2022,"Arson",55,-5.45454545454546
73,2023,"Arson",52,40.3846153846154
65,2024,"Arson",73,-10.958904109589
