"YTDCount","Year","Offense","PrevYTDCount","YTDPercentageChange"
52,2019,"Arson",NA,NA
92,2020,"Arson",52,76.9230769230769
77,2021,"Arson",92,-16.304347826087
75,2022,"Arson",77,-2.5974025974026
104,2023,"Arson",75,38.6666666666667
88,2024,"Arson",104,-15.3846153846154
58,2025,"Arson",88,-34.0909090909091
