"YTDCount","Year","Offense","PrevYTDCount","YTDPercentageChange"
36,2019,"Arson",NA,NA
56,2020,"Arson",36,55.5555555555556
53,2021,"Arson",56,-5.35714285714286
52,2022,"Arson",53,-1.88679245283019
71,2023,"Arson",52,36.5384615384615
63,2024,"Arson",71,-11.2676056338028
