"YTDCount","Year","Offense","PrevYTDCount","YTDPercentageChange"
73,2019,"Arson",NA,NA
124,2020,"Arson",73,69.8630136986301
109,2021,"Arson",124,-12.0967741935484
101,2022,"Arson",109,-7.3394495412844
132,2023,"Arson",101,30.6930693069307
105,2024,"Arson",132,-20.4545454545455
82,2025,"Arson",105,-21.9047619047619
