"YTDCount","Year","Offense","PrevYTDCount","YTDPercentageChange"
18,2019,"Arson",NA,NA
25,2020,"Arson",18,38.8888888888889
32,2021,"Arson",25,28
37,2022,"Arson",32,15.625
49,2023,"Arson",37,32.4324324324324
48,2024,"Arson",49,-2.04081632653061
36,2025,"Arson",48,-25
