"YTDCount","Year","Offense","PrevYTDCount","YTDPercentageChange"
36,2019,"Arson",NA,NA
55,2020,"Arson",36,52.7777777777778
52,2021,"Arson",55,-5.45454545454546
52,2022,"Arson",52,0
70,2023,"Arson",52,34.6153846153846
60,2024,"Arson",70,-14.2857142857143
