"YTDCount","Year","Offense","PrevYTDCount","YTDPercentageChange"
53,2019,"Arson",NA,NA
95,2020,"Arson",53,79.2452830188679
79,2021,"Arson",95,-16.8421052631579
77,2022,"Arson",79,-2.53164556962026
106,2023,"Arson",77,37.6623376623377
89,2024,"Arson",106,-16.0377358490566
60,2025,"Arson",89,-32.5842696629214
