"YTDCount","Year","Offense","PrevYTDCount","YTDPercentageChange"
39,2019,"Arson",NA,NA
63,2020,"Arson",39,61.5384615384615
57,2021,"Arson",63,-9.52380952380952
52,2022,"Arson",57,-8.77192982456141
74,2023,"Arson",52,42.3076923076923
66,2024,"Arson",74,-10.8108108108108
