"YTDCount","Year","Offense","PrevYTDCount","YTDPercentageChange"
7,2019,"Arson",NA,NA
11,2020,"Arson",7,57.1428571428571
12,2021,"Arson",11,9.09090909090908
12,2022,"Arson",12,0
22,2023,"Arson",12,83.3333333333333
19,2024,"Arson",22,-13.6363636363636
6,2025,"Arson",19,-68.421052631579
16,2026,"Arson",6,166.666666666667
