"YTDCount","Year","Offense","PrevYTDCount","YTDPercentageChange"
47,2019,"Arson",NA,NA
75,2020,"Arson",47,59.5744680851064
68,2021,"Arson",75,-9.33333333333334
67,2022,"Arson",68,-1.47058823529411
89,2023,"Arson",67,32.8358208955224
77,2024,"Arson",89,-13.4831460674157
52,2025,"Arson",77,-32.4675324675325
