"YTDCount","Year","Offense","PrevYTDCount","YTDPercentageChange"
23,2019,"Arson",NA,NA
40,2020,"Arson",23,73.9130434782609
38,2021,"Arson",40,-5
40,2022,"Arson",38,5.26315789473684
56,2023,"Arson",40,40
50,2024,"Arson",56,-10.7142857142857
