"YTDCount","Year","Offense","PrevYTDCount","YTDPercentageChange"
42,2019,"Arson",NA,NA
48,2020,"Arson",42,14.2857142857143
46,2021,"Arson",48,-4.16666666666666
36,2022,"Arson",46,-21.7391304347826
46,2023,"Arson",36,27.7777777777778
61,2024,"Arson",46,32.6086956521739
57,2025,"Arson",61,-6.55737704918032
