"YTDCount","Year","Offense","PrevYTDCount","YTDPercentageChange"
41,2019,"Arson",NA,NA
72,2020,"Arson",41,75.609756097561
63,2021,"Arson",72,-12.5
56,2022,"Arson",63,-11.1111111111111
78,2023,"Arson",56,39.2857142857143
72,2024,"Arson",78,-7.69230769230769
48,2025,"Arson",72,-33.3333333333333
