"YTDCount","Year","Offense","PrevYTDCount","YTDPercentageChange"
17,2019,"Arson",NA,NA
24,2020,"Arson",17,41.1764705882353
30,2021,"Arson",24,25
35,2022,"Arson",30,16.6666666666667
47,2023,"Arson",35,34.2857142857143
43,2024,"Arson",47,-8.51063829787234
