"YTDCount","Year","Offense","PrevYTDCount","YTDPercentageChange"
54,2019,"Arson",NA,NA
98,2020,"Arson",54,81.4814814814815
82,2021,"Arson",98,-16.3265306122449
79,2022,"Arson",82,-3.65853658536586
106,2023,"Arson",79,34.1772151898734
92,2024,"Arson",106,-13.2075471698113
61,2025,"Arson",92,-33.695652173913
