"YTDCount","Year","Offense","PrevYTDCount","YTDPercentageChange"
39,2019,"Arson",NA,NA
66,2020,"Arson",39,69.2307692307692
58,2021,"Arson",66,-12.1212121212121
52,2022,"Arson",58,-10.3448275862069
74,2023,"Arson",52,42.3076923076923
68,2024,"Arson",74,-8.1081081081081
