"YTDCount","Year","Offense","PrevYTDCount","YTDPercentageChange"
21,2019,"Arson",NA,NA
37,2020,"Arson",21,76.1904761904762
35,2021,"Arson",37,-5.4054054054054
38,2022,"Arson",35,8.57142857142856
51,2023,"Arson",38,34.2105263157895
50,2024,"Arson",51,-1.96078431372549
37,2025,"Arson",50,-26
