"YTDCount","Year","Offense","PrevYTDCount","YTDPercentageChange"
9,2019,"Arson",NA,NA
17,2020,"Arson",9,88.8888888888889
19,2021,"Arson",17,11.7647058823529
27,2022,"Arson",19,42.1052631578947
30,2023,"Arson",27,11.1111111111111
32,2024,"Arson",30,6.66666666666667
24,2025,"Arson",32,-25
