"YTDCount","Year","Offense","PrevYTDCount","YTDPercentageChange"
17,2019,"Arson",NA,NA
24,2020,"Arson",17,41.1764705882353
31,2021,"Arson",24,29.1666666666667
36,2022,"Arson",31,16.1290322580645
49,2023,"Arson",36,36.1111111111111
44,2024,"Arson",49,-10.2040816326531
