"YTDCount","Year","Offense","PrevYTDCount","YTDPercentageChange"
11,2019,"Arson",NA,NA
18,2020,"Arson",11,63.6363636363636
26,2021,"Arson",18,44.4444444444444
27,2022,"Arson",26,3.84615384615385
36,2023,"Arson",27,33.3333333333333
36,2024,"Arson",36,0
