"YTDCount","Year","Offense","PrevYTDCount","YTDPercentageChange"
47,2019,"Arson",NA,NA
76,2020,"Arson",47,61.7021276595745
69,2021,"Arson",76,-9.21052631578947
67,2022,"Arson",69,-2.89855072463768
91,2023,"Arson",67,35.820895522388
78,2024,"Arson",91,-14.2857142857143
52,2025,"Arson",78,-33.3333333333333
