"YTDCount","Year","Offense","PrevYTDCount","YTDPercentageChange"
29,2019,"Arson",NA,NA
45,2020,"Arson",29,55.1724137931034
41,2021,"Arson",45,-8.88888888888889
43,2022,"Arson",41,4.87804878048781
60,2023,"Arson",43,39.5348837209302
53,2024,"Arson",60,-11.6666666666667
