"YTDCount","Year","Offense","PrevYTDCount","YTDPercentageChange"
12,2019,"Arson",NA,NA
23,2020,"Arson",12,91.6666666666667
28,2021,"Arson",23,21.7391304347826
31,2022,"Arson",28,10.7142857142857
44,2023,"Arson",31,41.9354838709678
39,2024,"Arson",44,-11.3636363636364
