"YTDCount","Year","Offense","PrevYTDCount","YTDPercentageChange"
35,2019,"Arson",NA,NA
55,2020,"Arson",35,57.1428571428571
50,2021,"Arson",55,-9.09090909090909
49,2022,"Arson",50,-2
67,2023,"Arson",49,36.734693877551
58,2024,"Arson",67,-13.4328358208955
