"YTDCount","Year","Offense","PrevYTDCount","YTDPercentageChange"
43,2019,"Arson",NA,NA
72,2020,"Arson",43,67.4418604651163
65,2021,"Arson",72,-9.72222222222222
58,2022,"Arson",65,-10.7692307692308
80,2023,"Arson",58,37.9310344827586
72,2024,"Arson",80,-10
50,2025,"Arson",72,-30.5555555555556
