"YTDCount","Year","Offense","PrevYTDCount","YTDPercentageChange"
59,2019,"Arson",NA,NA
98,2020,"Arson",59,66.1016949152542
86,2021,"Arson",98,-12.2448979591837
80,2022,"Arson",86,-6.97674418604651
107,2023,"Arson",80,33.75
94,2024,"Arson",107,-12.1495327102804
63,2025,"Arson",94,-32.9787234042553
