"YTDCount","Year","Offense","PrevYTDCount","YTDPercentageChange"
38,2019,"Arson",NA,NA
59,2020,"Arson",38,55.2631578947368
54,2021,"Arson",59,-8.47457627118644
52,2022,"Arson",54,-3.70370370370371
71,2023,"Arson",52,36.5384615384615
65,2024,"Arson",71,-8.45070422535211
