"YTDCount","Year","Offense","PrevYTDCount","YTDPercentageChange"
66,2019,"Arson",NA,NA
114,2020,"Arson",66,72.7272727272727
93,2021,"Arson",114,-18.421052631579
91,2022,"Arson",93,-2.1505376344086
114,2023,"Arson",91,25.2747252747253
97,2024,"Arson",114,-14.9122807017544
72,2025,"Arson",97,-25.7731958762887
