"YTDCount","Year","Offense","PrevYTDCount","YTDPercentageChange"
19,2019,"Arson",NA,NA
28,2020,"Arson",19,47.3684210526316
32,2021,"Arson",28,14.2857142857143
38,2022,"Arson",32,18.75
51,2023,"Arson",38,34.2105263157895
47,2024,"Arson",51,-7.84313725490197
