"YTDCount","Year","Offense","PrevYTDCount","YTDPercentageChange"
71,2019,"Arson",NA,NA
121,2020,"Arson",71,70.4225352112676
107,2021,"Arson",121,-11.5702479338843
100,2022,"Arson",107,-6.54205607476636
130,2023,"Arson",100,30
101,2024,"Arson",130,-22.3076923076923
80,2025,"Arson",101,-20.7920792079208
