"YTDCount","Year","Offense","PrevYTDCount","YTDPercentageChange"
55,2019,"Arson",NA,NA
98,2020,"Arson",55,78.1818181818182
83,2021,"Arson",98,-15.3061224489796
79,2022,"Arson",83,-4.81927710843374
108,2023,"Arson",79,36.7088607594937
89,2024,"Arson",108,-17.5925925925926
