"YTDCount","Year","Offense","PrevYTDCount","YTDPercentageChange"
66,2019,"Arson",NA,NA
114,2020,"Arson",66,72.7272727272727
92,2021,"Arson",114,-19.2982456140351
91,2022,"Arson",92,-1.08695652173914
113,2023,"Arson",91,24.1758241758242
97,2024,"Arson",113,-14.1592920353982
70,2025,"Arson",97,-27.8350515463918
