"YTDCount","Year","Offense","PrevYTDCount","YTDPercentageChange"
47,2019,"Arson",NA,NA
77,2020,"Arson",47,63.8297872340426
69,2021,"Arson",77,-10.3896103896104
67,2022,"Arson",69,-2.89855072463768
93,2023,"Arson",67,38.8059701492537
75,2024,"Arson",93,-19.3548387096774
