"YTDCount","Year","Offense","PrevYTDCount","YTDPercentageChange"
47,2019,"Arson",NA,NA
75,2020,"Arson",47,59.5744680851064
68,2021,"Arson",75,-9.33333333333334
66,2022,"Arson",68,-2.94117647058824
87,2023,"Arson",66,31.8181818181818
77,2024,"Arson",87,-11.4942528735632
52,2025,"Arson",77,-32.4675324675325
