"YTDCount","Year","Offense","PrevYTDCount","YTDPercentageChange"
47,2019,"Arson",NA,NA
75,2020,"Arson",47,59.5744680851064
68,2021,"Arson",75,-9.33333333333334
67,2022,"Arson",68,-1.47058823529411
90,2023,"Arson",67,34.3283582089552
74,2024,"Arson",90,-17.7777777777778
