"YTDCount","Year","Offense","PrevYTDCount","YTDPercentageChange"
41,2019,"Arson",NA,NA
71,2020,"Arson",41,73.1707317073171
63,2021,"Arson",71,-11.2676056338028
56,2022,"Arson",63,-11.1111111111111
79,2023,"Arson",56,41.0714285714286
69,2024,"Arson",79,-12.6582278481013
