"YTDCount","Year","Offense","PrevYTDCount","YTDPercentageChange"
12,2019,"Arson",NA,NA
20,2020,"Arson",12,66.6666666666667
27,2021,"Arson",20,35
30,2022,"Arson",27,11.1111111111111
42,2023,"Arson",30,40
39,2024,"Arson",42,-7.14285714285714
