"YTDCount","Year","Offense","PrevYTDCount","YTDPercentageChange"
54,2019,"Arson",NA,NA
96,2020,"Arson",54,77.7777777777778
80,2021,"Arson",96,-16.6666666666667
77,2022,"Arson",80,-3.75
107,2023,"Arson",77,38.961038961039
86,2024,"Arson",107,-19.6261682242991
