"YTDCount","Year","Offense","PrevYTDCount","YTDPercentageChange"
67,2019,"Arson",NA,NA
116,2020,"Arson",67,73.134328358209
95,2021,"Arson",116,-18.1034482758621
93,2022,"Arson",95,-2.10526315789473
118,2023,"Arson",93,26.8817204301075
99,2024,"Arson",118,-16.1016949152542
76,2025,"Arson",99,-23.2323232323232
