"YTDCount","Year","Offense","PrevYTDCount","YTDPercentageChange"
12,2019,"Arson",NA,NA
19,2020,"Arson",12,58.3333333333333
27,2021,"Arson",19,42.1052631578947
29,2022,"Arson",27,7.40740740740742
41,2023,"Arson",29,41.3793103448276
38,2024,"Arson",41,-7.3170731707317
