"YTDCount","Year","Offense","PrevYTDCount","YTDPercentageChange"
70,2019,"Arson",NA,NA
119,2020,"Arson",70,70
106,2021,"Arson",119,-10.9243697478992
99,2022,"Arson",106,-6.60377358490566
129,2023,"Arson",99,30.3030303030303
101,2024,"Arson",129,-21.7054263565892
79,2025,"Arson",101,-21.7821782178218
