"YTDCount","Year","Offense","PrevYTDCount","YTDPercentageChange"
68,2019,"Arson",NA,NA
116,2020,"Arson",68,70.5882352941176
99,2021,"Arson",116,-14.6551724137931
94,2022,"Arson",99,-5.05050505050505
120,2023,"Arson",94,27.6595744680851
98,2024,"Arson",120,-18.3333333333333
