"YTDCount","Year","Offense","PrevYTDCount","YTDPercentageChange"
52,2019,"Arson",NA,NA
92,2020,"Arson",52,76.9230769230769
79,2021,"Arson",92,-14.1304347826087
76,2022,"Arson",79,-3.79746835443038
105,2023,"Arson",76,38.1578947368421
83,2024,"Arson",105,-20.952380952381
