"YTDCount","Year","Offense","PrevYTDCount","YTDPercentageChange"
73,2019,"Arson",NA,NA
124,2020,"Arson",73,69.8630136986301
109,2021,"Arson",124,-12.0967741935484
101,2022,"Arson",109,-7.3394495412844
131,2023,"Arson",101,29.7029702970297
104,2024,"Arson",131,-20.6106870229008
82,2025,"Arson",104,-21.1538461538462
