"YTDCount","Year","Offense","PrevYTDCount","YTDPercentageChange"
65,2019,"Arson",NA,NA
105,2020,"Arson",65,61.5384615384615
87,2021,"Arson",105,-17.1428571428571
83,2022,"Arson",87,-4.59770114942529
116,2023,"Arson",83,39.7590361445783
91,2024,"Arson",116,-21.551724137931
