"YTDCount","Year","Offense","PrevYTDCount","YTDPercentageChange"
73,2019,"Arson",NA,NA
126,2020,"Arson",73,72.6027397260274
112,2021,"Arson",126,-11.1111111111111
104,2022,"Arson",112,-7.14285714285714
133,2023,"Arson",104,27.8846153846154
109,2024,"Arson",133,-18.0451127819549
