"YTDCount","Year","Offense","PrevYTDCount","YTDPercentageChange"
68,2019,"Arson",NA,NA
116,2020,"Arson",68,70.5882352941176
99,2021,"Arson",116,-14.6551724137931
94,2022,"Arson",99,-5.05050505050505
121,2023,"Arson",94,28.7234042553191
98,2024,"Arson",121,-19.0082644628099
