"YTDCount","Year","Offense","PrevYTDCount","YTDPercentageChange"
66,2019,"Arson",NA,NA
115,2020,"Arson",66,74.2424242424242
93,2021,"Arson",115,-19.1304347826087
91,2022,"Arson",93,-2.1505376344086
115,2023,"Arson",91,26.3736263736264
96,2024,"Arson",115,-16.5217391304348
