"YTDCount","Year","Offense","PrevYTDCount","YTDPercentageChange"
10,2019,"Arson",NA,NA
17,2020,"Arson",10,70
25,2021,"Arson",17,47.0588235294118
27,2022,"Arson",25,8.00000000000001
33,2023,"Arson",27,22.2222222222222
38,2024,"Arson",33,15.1515151515152
25,2025,"Arson",38,-34.2105263157895
