"YTDCount","Year","Offense","PrevYTDCount","YTDPercentageChange"
48,2019,"Arson",NA,NA
79,2020,"Arson",48,64.5833333333333
69,2021,"Arson",79,-12.6582278481013
69,2022,"Arson",69,0
94,2023,"Arson",69,36.231884057971
75,2024,"Arson",94,-20.2127659574468
