"YTDCount","Year","Offense","PrevYTDCount","YTDPercentageChange"
51,2019,"Arson",NA,NA
89,2020,"Arson",51,74.5098039215686
75,2021,"Arson",89,-15.7303370786517
72,2022,"Arson",75,-4
102,2023,"Arson",72,41.6666666666667
78,2024,"Arson",102,-23.5294117647059
