"YTDCount","Year","Offense","PrevYTDCount","YTDPercentageChange"
7,2019,"Arson",NA,NA
13,2020,"Arson",7,85.7142857142857
14,2021,"Arson",13,7.69230769230769
15,2022,"Arson",14,7.14285714285714
22,2023,"Arson",15,46.6666666666667
24,2024,"Arson",22,9.09090909090908
7,2025,"Arson",24,-70.8333333333333
