"YTDCount","Year","Offense","PrevYTDCount","YTDPercentageChange"
44,2019,"Arson",NA,NA
73,2020,"Arson",44,65.9090909090909
65,2021,"Arson",73,-10.958904109589
61,2022,"Arson",65,-6.15384615384615
85,2023,"Arson",61,39.344262295082
70,2024,"Arson",85,-17.6470588235294
