"YTDCount","Year","Offense","PrevYTDCount","YTDPercentageChange"
38,2019,"Arson",NA,NA
62,2020,"Arson",38,63.1578947368421
54,2021,"Arson",62,-12.9032258064516
52,2022,"Arson",54,-3.70370370370371
70,2023,"Arson",52,34.6153846153846
69,2024,"Arson",70,-1.42857142857142
46,2025,"Arson",69,-33.3333333333333
