"YTDCount","Year","Offense","PrevYTDCount","YTDPercentageChange"
40,2019,"Arson",NA,NA
71,2020,"Arson",40,77.5
62,2021,"Arson",71,-12.6760563380282
56,2022,"Arson",62,-9.67741935483871
79,2023,"Arson",56,41.0714285714286
68,2024,"Arson",79,-13.9240506329114
