"YTDCount","Year","Offense","PrevYTDCount","YTDPercentageChange"
52,2019,"Arson",NA,NA
92,2020,"Arson",52,76.9230769230769
78,2021,"Arson",92,-15.2173913043478
76,2022,"Arson",78,-2.56410256410257
104,2023,"Arson",76,36.8421052631579
88,2024,"Arson",104,-15.3846153846154
58,2025,"Arson",88,-34.0909090909091
