"YTDCount","Year","Offense","PrevYTDCount","YTDPercentageChange"
44,2019,"Arson",NA,NA
73,2020,"Arson",44,65.9090909090909
65,2021,"Arson",73,-10.958904109589
59,2022,"Arson",65,-9.23076923076923
83,2023,"Arson",59,40.6779661016949
70,2024,"Arson",83,-15.6626506024096
