"YTDCount","Year","Offense","PrevYTDCount","YTDPercentageChange"
17,2019,"Arson",NA,NA
24,2020,"Arson",17,41.1764705882353
31,2021,"Arson",24,29.1666666666667
35,2022,"Arson",31,12.9032258064516
47,2023,"Arson",35,34.2857142857143
45,2024,"Arson",47,-4.25531914893616
32,2025,"Arson",45,-28.8888888888889
