"YTDCount","Year","Offense","PrevYTDCount","YTDPercentageChange"
67,2019,"Arson",NA,NA
116,2020,"Arson",67,73.134328358209
97,2021,"Arson",116,-16.3793103448276
93,2022,"Arson",97,-4.12371134020618
119,2023,"Arson",93,27.9569892473118
98,2024,"Arson",119,-17.6470588235294
