"YTDCount","Year","Offense","PrevYTDCount","YTDPercentageChange"
21,2019,"Arson",NA,NA
35,2020,"Arson",21,66.6666666666667
34,2021,"Arson",35,-2.85714285714286
38,2022,"Arson",34,11.7647058823529
52,2023,"Arson",38,36.8421052631579
47,2024,"Arson",52,-9.61538461538461
