"YTDCount","Year","Offense","PrevYTDCount","YTDPercentageChange"
47,2019,"Arson",NA,NA
74,2020,"Arson",47,57.4468085106383
67,2021,"Arson",74,-9.45945945945946
64,2022,"Arson",67,-4.47761194029851
87,2023,"Arson",64,35.9375
74,2024,"Arson",87,-14.9425287356322
