"YTDCount","Year","Offense","PrevYTDCount","YTDPercentageChange"
66,2019,"Arson",NA,NA
112,2020,"Arson",66,69.6969696969697
90,2021,"Arson",112,-19.6428571428571
91,2022,"Arson",90,1.11111111111111
112,2023,"Arson",91,23.0769230769231
91,2024,"Arson",112,-18.75
