"YTDCount","Year","Offense","PrevYTDCount","YTDPercentageChange"
64,2019,"Arson",NA,NA
105,2020,"Arson",64,64.0625
88,2021,"Arson",105,-16.1904761904762
86,2022,"Arson",88,-2.27272727272727
109,2023,"Arson",86,26.7441860465116
96,2024,"Arson",109,-11.9266055045872
66,2025,"Arson",96,-31.25
