"YTDCount","Year","Offense","PrevYTDCount","YTDPercentageChange"
17,2019,"Arson",NA,NA
23,2020,"Arson",17,35.2941176470588
29,2021,"Arson",23,26.0869565217391
34,2022,"Arson",29,17.2413793103448
46,2023,"Arson",34,35.2941176470588
43,2024,"Arson",46,-6.52173913043478
