"YTDCount","Year","Offense","PrevYTDCount","YTDPercentageChange"
7,2019,"Arson",NA,NA
11,2020,"Arson",7,57.1428571428571
13,2021,"Arson",11,18.1818181818182
12,2022,"Arson",13,-7.69230769230769
22,2023,"Arson",12,83.3333333333333
19,2024,"Arson",22,-13.6363636363636
6,2025,"Arson",19,-68.421052631579
