"YTDCount","Year","Offense","PrevYTDCount","YTDPercentageChange"
66,2019,"Arson",NA,NA
114,2020,"Arson",66,72.7272727272727
93,2021,"Arson",114,-18.421052631579
91,2022,"Arson",93,-2.1505376344086
115,2023,"Arson",91,26.3736263736264
95,2024,"Arson",115,-17.3913043478261
