"YTDCount","Year","Offense","PrevYTDCount","YTDPercentageChange"
49,2019,"Arson",NA,NA
86,2020,"Arson",49,75.5102040816327
74,2021,"Arson",86,-13.953488372093
72,2022,"Arson",74,-2.7027027027027
97,2023,"Arson",72,34.7222222222222
78,2024,"Arson",97,-19.5876288659794
