"YTDCount","Year","Offense","PrevYTDCount","YTDPercentageChange"
41,2019,"Arson",NA,NA
72,2020,"Arson",41,75.609756097561
63,2021,"Arson",72,-12.5
56,2022,"Arson",63,-11.1111111111111
80,2023,"Arson",56,42.8571428571429
69,2024,"Arson",80,-13.75
