"YTDCount","Year","Offense","PrevYTDCount","YTDPercentageChange"
66,2019,"Arson",NA,NA
109,2020,"Arson",66,65.1515151515152
88,2021,"Arson",109,-19.2660550458716
90,2022,"Arson",88,2.27272727272727
110,2023,"Arson",90,22.2222222222222
96,2024,"Arson",110,-12.7272727272727
68,2025,"Arson",96,-29.1666666666667
