"YTDCount","Year","Offense","PrevYTDCount","YTDPercentageChange"
5,2019,"Arson",NA,NA
10,2020,"Arson",5,100
9,2021,"Arson",10,-10
11,2022,"Arson",9,22.2222222222222
17,2023,"Arson",11,54.5454545454545
12,2024,"Arson",17,-29.4117647058823
5,2025,"Arson",12,-58.3333333333333
