"YTDCount","Year","Offense","PrevYTDCount","YTDPercentageChange"
49,2019,"Arson",NA,NA
88,2020,"Arson",49,79.5918367346939
75,2021,"Arson",88,-14.7727272727273
72,2022,"Arson",75,-4
97,2023,"Arson",72,34.7222222222222
83,2024,"Arson",97,-14.4329896907217
53,2025,"Arson",83,-36.144578313253
