"YTDCount","Year","Offense","PrevYTDCount","YTDPercentageChange"
72,2019,"Arson",NA,NA
124,2020,"Arson",72,72.2222222222222
109,2021,"Arson",124,-12.0967741935484
101,2022,"Arson",109,-7.3394495412844
131,2023,"Arson",101,29.7029702970297
104,2024,"Arson",131,-20.6106870229008
