"YTDCount","Year","Offense","PrevYTDCount","YTDPercentageChange"
15,2019,"Arson",NA,NA
23,2020,"Arson",15,53.3333333333333
29,2021,"Arson",23,26.0869565217391
34,2022,"Arson",29,17.2413793103448
45,2023,"Arson",34,32.3529411764706
44,2024,"Arson",45,-2.22222222222223
30,2025,"Arson",44,-31.8181818181818
