"YTDCount","Year","Offense","PrevYTDCount","YTDPercentageChange"
18,2019,"Arson",NA,NA
25,2020,"Arson",18,38.8888888888889
31,2021,"Arson",25,24
37,2022,"Arson",31,19.3548387096774
48,2023,"Arson",37,29.7297297297297
45,2024,"Arson",48,-6.25
35,2025,"Arson",45,-22.2222222222222
