"X","Y","Type","Case_Number","Case_NumberAlt","Date","Timestamp","Occurred_Date","NIBRS_Crime_Against","NIBRS_Group","NIBRS_Code","Offense_Category","Offense","Problem_Initial","Problem_Final","Address","Precinct","Neighborhood","Ward","Latitude","Longitude","wgsXAnon","wgsYAnon","Crime_Count","OBJECTID","Year","Month"
-10387464.4634,5625457.9923,"Crime Offenses (NIBRS)","19-035197","MP201935197",2019-02-06,"01:12:00+00","2019/02/06 01:12:00+00","Property","Group A","200","Arson","Arson",NA,NA,"0038XX SHERIDAN AVE N",4,"Victory",4,45.025,-93.31218,-10387464.4634217,5625457.99228744,1,854,2019,2
-10384924.6856,5626314.705,"Crime Offenses (NIBRS)","19-038254","MP201938254",2019-02-08,"20:01:00+00","2019/02/08 19:58:00+00","Property","Group A","200","Arson","Arson",NA,NA,"0041XX ALDRICH AVE N",4,"Webber - Camden",4,45.03044,-93.28937,-10384924.6855542,5626314.70496867,1,902,2019,2
-10377702.3354,5611286.6608,"Crime Offenses (NIBRS)","19-053464","MP201953464",2019-02-24,"01:00:00+00","2019/02/24 01:00:00+00","Property","Group A","200","Arson","Arson",NA,NA,"0037XX MINNEHAHA AVE",3,"Howe",9,44.93495,-93.22449,-10377702.3354461,5611286.660779,1,2450,2019,2
-10386208.2527,5621709.0858,"Crime Offenses (NIBRS)","19-054783","MP201954783",2019-02-25,"11:40:00+00","2019/02/25 09:59:00+00","Property","Group A","200","Arson","Arson",NA,NA,"0016XX HILLSIDE AVE N",4,"Near - North",5,45.00119,-93.3009,-10386208.2527323,5621709.08581571,1,2454,2019,2
-10378139.1404,5612436.0445,"Crime Offenses (NIBRS)","19-082112","MP201982112",2019-03-23,"01:19:00+00","2019/03/23 01:19:00+00","Property","Group A","200","Arson","Arson",NA,NA,"0033XX 30TH AVE S",3,"Longfellow",9,44.94226,-93.22841,-10378139.1403938,5612436.04451372,1,3450,2019,3
-10378746.0058,5617637.2807,"Crime Offenses (NIBRS)","19-095179","MP201995179",2019-04-04,"22:41:00+00","2019/04/04 22:41:00+00","Property","Group A","200","Arson","Arson",NA,NA,"000XX CHURCH ST SE",2,"University of Minnesota",2,44.97532,-93.23386,-10378746.00577,5617637.28073504,1,4221,2019,4
-10380669.4329,5614948.8634,"Crime Offenses (NIBRS)","19-115495","MP2019115495",2019-04-24,"20:02:00+00","2019/04/24 19:25:00+00","Property","Group A","200","Arson","Arson",NA,NA,"0024XX 16TH AVE S",3,"East Phillips",9,44.95824,-93.25114,-10380669.4329487,5614948.86343832,1,4790,2019,4
-10383094.1187,5617413.65,"Crime Offenses (NIBRS)","19-111878","MP2019111878",2019-04-21,"12:50:00+00","2019/04/21 11:25:00+00","Property","Group A","200","Arson","Arson",NA,NA,"0009XX MARQUETTE AVE",1,"Downtown West",7,44.9739,-93.27292,-10383094.1187114,5617413.64995348,1,5588,2019,4
-10383325.3564,5616762.3161,"Crime Offenses (NIBRS)","19-117705","MP2019117705",2019-04-26,"18:21:00+00","2019/04/26 18:21:00+00","Property","Group A","200","Arson","Arson",NA,NA,"0012XX 2ND AVE S",1,"Loring Park",7,44.96976,-93.275,-10383325.3563962,5616762.31612293,1,5980,2019,4
-10379619.1335,5615857.5675,"Crime Offenses (NIBRS)","19-131168","MP2019131168",2019-05-09,"17:52:00+00","2019/05/09 17:52:00+00","Property","Group A","200","Arson","Arson",NA,NA,"0021XX 9TH ST S",3,"Seward",6,44.96401,-93.24171,-10379619.1334507,5615857.56746286,1,6451,2019,5
-10387340.12,5626616.7838,"Crime Offenses (NIBRS)","19-129521","MP2019129521",2019-05-08,"02:45:00+00","2019/05/08 02:45:00+00","Property","Group A","200","Arson","Arson",NA,NA,"0042XX RUSSELL AVE N",4,"Victory",4,45.03236,-93.31106,-10387340.1199765,5626616.78383607,1,6610,2019,5
-10384924.6856,5626314.705,"Crime Offenses (NIBRS)","19-134648","MP2019134648",2019-05-13,"00:52:00+00","2019/05/12 23:56:00+00","Property","Group A","200","Arson","Arson",NA,NA,"0041XX ALDRICH AVE N",4,"Webber - Camden",4,45.03044,-93.28937,-10384924.6855542,5626314.70496867,1,7064,2019,5
-10384361.5804,5612682.7229,"Crime Offenses (NIBRS)","19-135885","MP2019135885",2019-05-14,"06:30:00+00","2019/05/14 05:50:00+00","Property","Group A","200","Arson","Arson",NA,NA,"0032XX GRAND AVE S",5,"Lyndale",8,44.94383,-93.28431,-10384361.5803633,5612682.72287983,1,7111,2019,5
-10385721.2845,5622195.0166,"Crime Offenses (NIBRS)","19-157464","MP2019157464",2019-06-02,"20:28:00+00","2019/06/02 20:15:00+00","Property","Group A","200","Arson","Arson",NA,NA,"0024XX GIRARD AVE N",4,"Jordan",5,45.00428,-93.29652,-10385721.2845096,5622195.0166366,1,8477,2019,6
-10381941.2915,5615440.2167,"Crime Offenses (NIBRS)","19-155667","MP2019155667",2019-06-01,"10:40:00+00","2019/06/01 07:27:00+00","Property","Group A","200","Arson","Arson",NA,NA,"0021XX CHICAGO AVE",3,"Ventura Village",6,44.96136,-93.26257,-10381941.2914788,5615440.21670984,1,8580,2019,6
-10386884.3387,5623463.0726,"Crime Offenses (NIBRS)","19-129319","MP2019129319",2019-05-07,"23:28:00+00","2019/05/07 22:25:00+00","Property","Group A","200","Arson","Arson",NA,NA,"0031XX OLIVER AVE N",4,"Jordan",5,45.01233,-93.30697,-10386884.3386701,5623463.07258202,1,8633,2019,5
-10379117.0635,5610730.1856,"Crime Offenses (NIBRS)","19-145397","MP2019145397",2019-05-23,"01:59:00+00","2019/05/23 01:59:00+00","Property","Group A","200","Arson","Arson",NA,NA,"0039XX 24TH AVE S",3,"Standish",12,44.93141,-93.23719,-10379117.0635461,5610730.18562958,1,8681,2019,5
-10385335.8728,5623164.7626,"Crime Offenses (NIBRS)","19-151937","MP2019151937",2019-05-29,"02:24:00+00","2019/05/29 02:24:00+00","Property","Group A","200","Arson","Arson",NA,NA,"0029XX DUPONT AVE N",4,"Hawthorne",5,45.01044,-93.29306,-10385335.8728144,5623164.76264305,1,8689,2019,5
-10384868.4389,5628293.6819,"Crime Offenses (NIBRS)","19-166303","MP2019166303",2019-06-10,"02:04:00+00","2019/06/10 00:43:00+00","Property","Group A","200","Arson","Arson",NA,NA,"0048XX CAMDEN AVE N",4,"Lind - Bohanon",4,45.043,-93.28886,-10384868.4389156,5628293.68190809,1,9698,2019,6
-10380238.299,5615772.5527,"Crime Offenses (NIBRS)","19-161915","MP2019161915",2019-06-06,"11:23:00+00","2019/06/06 11:23:00+00","Property","Group A","200","Arson","Arson",NA,NA,"0009XX CEDAR AVE S",3,"Seward",6,44.96347,-93.24727,-10380238.2990471,5615772.55265877,1,9717,2019,6
-10385727.3383,5628006.0155,"Crime Offenses (NIBRS)","19-172189","MP2019172189",2019-06-15,"04:56:00+00","2019/06/15 04:56:00+00","Property","Group A","200","Arson","Arson",NA,NA,"0047XX FREMONT AVE N",4,"Lind - Bohanon",4,45.04118,-93.29658,-10385727.3382922,5628006.0154951,1,10061,2019,6
-10385451.8237,5619293.5141,"Crime Offenses (NIBRS)","19-177492","MP2019177492",2019-06-19,"22:24:00+00","2019/06/19 22:24:00+00","Property","Group A","200","Arson","Arson",NA,NA,"0007XX EMERSON AVE N",4,"Sumner - Glenwood",5,44.98585,-93.2941,-10385451.8237295,5619293.51414964,1,10532,2019,6
-10382799.732,5614079.1192,"Crime Offenses (NIBRS)","19-172960","MP2019172960",2019-06-15,"22:05:00+00","2019/06/15 22:05:00+00","Property","Group A","200","Arson","Arson",NA,NA,"0026XX WELLS FARGO WAY",3,"Phillips West",6,44.95271,-93.27028,-10382799.73202,5614079.11917445,1,10924,2019,6
-10383364.1649,5617992.9622,"Crime Offenses (NIBRS)","19-174227","MP2019174227",2019-06-17,"02:06:00+00","2019/06/17 02:06:00+00","Property","Group A","200","Arson","Arson",NA,NA,"0007XX HENNEPIN AVE",1,"Downtown West",7,44.97758,-93.27535,-10383364.1649281,5617992.96218687,1,10948,2019,6
-10385350.9272,5626021.3045,"Crime Offenses (NIBRS)","19-171593","MP2019171593",2019-06-14,"22:01:00+00","2019/06/14 17:55:00+00","Property","Group A","200","Arson","Arson",NA,NA,"0040XX DUPONT AVE N",4,"Webber - Camden",4,45.02858,-93.29319,-10385350.9272326,5626021.30451731,1,11096,2019,6
-10384438.4045,5624860.6346,"Crime Offenses (NIBRS)","19-183369","MP2019183369",2019-06-25,"01:46:00+00","2019/06/25 01:46:00+00","Property","Group A","200","Arson","Arson",NA,NA,"0036XX 4TH ST N",4,"McKinley",4,45.02121,-93.285,-10384438.404491,5624860.63462162,1,11131,2019,6
-10385619.1417,5624870.3078,"Crime Offenses (NIBRS)","19-184833","MP2019184833",2019-06-26,"11:45:00+00","2019/06/26 11:45:00+00","Property","Group A","200","Arson","Arson",NA,NA,"0036XX FREMONT AVE N",4,"Folwell",4,45.02127,-93.2956,-10385619.1417297,5624870.30782703,1,11312,2019,6
-10378183.1971,5623315.6674,"Crime Offenses (NIBRS)","19-187770","MP2019187770",2019-06-28,"17:22:00+00","2019/06/28 16:00:00+00","Property","Group A","200","Arson","Arson",NA,NA,"0022XX 23RD AVE NE",2,"Windom Park",1,45.0114,-93.22881,-10378183.1971388,5623315.66741656,1,11907,2019,6
-10386674.0719,5620601.201,"Crime Offenses (NIBRS)","19-174184","MP2019174184",2019-06-17,"04:30:00+00","2019/06/17 01:10:00+00","Property","Group A","200","Arson","Arson",NA,NA,"0019XX 15TH AVE N",4,"Willard - Hay",5,44.99415,-93.30508,-10386674.0719198,5620601.20097313,1,12283,2019,6
-10379462.7533,5619546.9694,"Crime Offenses (NIBRS)","19-187242","MP2019187242",2019-06-28,"04:17:00+00","2019/06/28 03:40:00+00","Property","Group A","200","Arson","Arson",NA,NA,"0008XX 8TH ST SE",2,"Marcy Holmes",3,44.98746,-93.2403,-10379462.7532683,5619546.96935535,1,12397,2019,6
-10382642.3664,5618170.9148,"Crime Offenses (NIBRS)","19-174283","MP2019174283",2019-06-17,"05:13:00+00","2019/06/17 05:13:00+00","Property","Group A","200","Arson","Arson",NA,NA,"0004XX MARQUETTE AVE",1,"Downtown West",7,44.97871,-93.26886,-10382642.3664143,5618170.9148343,1,12571,2019,6
-10383561.8499,5621482.5593,"Crime Offenses (NIBRS)","19-207265","MP2019207265",2019-07-15,"10:33:00+00","2019/07/15 10:33:00+00","Property","Group A","200","Arson","Arson",NA,NA,"0020XX WEST RIVER RD N",4,"Hawthorne",5,44.99975,-93.27712,-10383561.8498842,5621482.55934337,1,13590,2019,7
-10378826.3693,5620038.263,"Crime Offenses (NIBRS)","19-211961","MP2019211961",2019-07-18,"23:21:00+00","2019/07/18 22:18:00+00","Property","Group A","200","Arson","Arson",NA,NA,"0011XX 12TH AVE SE",2,"Como",1,44.99058,-93.23458,-10378826.3693131,5620038.26298328,1,14088,2019,7
-10380304.7313,5618590.0885,"Crime Offenses (NIBRS)","19-195290","MP2019195290",2019-07-04,"21:56:00+00","2019/07/04 21:56:00+00","Property","Group A","200","Arson","Arson",NA,NA,"0007XX MAIN ST SE",2,"Marcy Holmes",3,44.98138,-93.24786,-10380304.7313251,5618590.0885165,1,14487,2019,7
-10386882.004,5621710.7858,"Crime Offenses (NIBRS)","19-198521","MP2019198521",2019-07-07,"18:19:00+00","2019/07/07 18:19:00+00","Property","Group A","200","Arson","Arson",NA,NA,"0022XX OLIVER AVE N",4,"Willard - Hay",5,45.0012,-93.30695,-10386882.0040024,5621710.78579583,1,14700,2019,7
-10386178.6743,5622886.2298,"Crime Offenses (NIBRS)","19-227198","MP2019227198",2019-08-01,"07:00:00+00","2019/07/29 18:00:00+00","Property","Group A","200","Arson","Arson",NA,NA,"0028XX JAMES AVE N",4,"Jordan",5,45.00867,-93.30063,-10386178.6743165,5622886.22979291,1,15282,2019,8
-10384775.5676,5624009.1041,"Crime Offenses (NIBRS)","19-206062","MP2019206062",2019-07-13,"23:47:00+00","2019/07/13 23:47:00+00","Property","Group A","200","Arson","Arson",NA,NA,"0033XX LYNDALE AVE N",4,"McKinley",4,45.0158,-93.28803,-10384775.5676005,5624009.10411595,1,15573,2019,7
-10386039.2687,5623264.025,"Crime Offenses (NIBRS)","19-228303","MP2019228303",2019-08-02,"00:27:00+00","2019/08/02 00:27:00+00","Property","Group A","200","Arson","Arson",NA,NA,"0029XX IRVING AVE N",4,"Jordan",5,45.01107,-93.29938,-10386039.2687082,5623264.02504419,1,15736,2019,8
-10383638.833,5615868.096,"Crime Offenses (NIBRS)","19-232285","MP2019232285",2019-08-05,"16:25:00+00","2019/08/05 15:15:00+00","Property","Group A","200","Arson","Arson",NA,NA,"0019XX NICOLLET AVE",5,"Steven's Square - Loring Heights",6,44.96408,-93.27781,-10383638.8330167,5615868.09601212,1,16142,2019,8
-10379394.4644,5620323.3667,"Crime Offenses (NIBRS)","19-216572","MP2019216572",2019-07-23,"03:35:00+00","2019/07/23 01:37:00+00","Property","Group A","200","Arson","Arson",NA,NA,"0003XX BUCHANAN ST NE",2,"Beltrami",3,44.99239,-93.23969,-10379394.4643691,5620323.36671284,1,16346,2019,7
-10383650.4341,5612416.5386,"Crime Offenses (NIBRS)","19-223695","MP2019223695",2019-07-29,"04:42:00+00","2019/07/29 04:42:00+00","Property","Group A","200","Arson","Arson",NA,NA,"0033XX NICOLLET AVE",5,"Lyndale",8,44.94214,-93.27792,-10383650.4341107,5612416.53858487,1,16511,2019,7
-10382874.602,5613394.3078,"Crime Offenses (NIBRS)","19-243464","MP2019243464",2019-08-14,"21:07:00+00","2019/08/14 21:07:00+00","Property","Group A","200","Arson","Arson",NA,NA,"0003XX LAKE ST E",3,"Central",8,44.94835,-93.27095,-10382874.6019829,5613394.30779071,1,17030,2019,8
-10384941.9664,5621657.1554,"Crime Offenses (NIBRS)","19-238764","MP2019238764",2019-08-10,"19:26:00+00","2019/08/10 19:26:00+00","Property","Group A","200","Arson","Arson",NA,NA,"0021XX ALDRICH AVE N",4,"Hawthorne",5,45.00086,-93.28952,-10384941.9664195,5621657.15536339,1,17165,2019,8
-10387943.0852,5610727.5197,"Crime Offenses (NIBRS)","19-243535","MP2019243535",2019-08-14,"23:40:00+00","2019/08/14 22:30:00+00","Property","Group A","200","Arson","Arson",NA,NA,"0039XX VINCENT AVE S",5,"Linden Hills",7,44.9314,-93.31648,-10387943.0851723,5610727.51969872,1,17500,2019,8
-10380855.1021,5615815.8172,"Crime Offenses (NIBRS)","19-253369","MP2019253369",2019-08-23,"11:59:00+00","2019/08/23 11:59:00+00","Property","Group A","200","Arson","Arson",NA,NA,"0015XX 19TH ST E",3,"Ventura Village",6,44.96375,-93.25281,-10380855.1021498,5615815.81715493,1,17832,2019,8
-10379090.1317,5615659.9941,"Crime Offenses (NIBRS)","19-257247","MP2019257247",2019-08-26,"22:27:00+00","2019/08/26 22:27:00+00","Property","Group A","200","Arson","Arson",NA,NA,"0024XX FRANKLIN AVE E",3,"Seward",6,44.96276,-93.23695,-10379090.1316711,5615659.99410512,1,19051,2019,8
-10386465.5541,5620041.2655,"Crime Offenses (NIBRS)","19-264580","MP2019264580",2019-09-02,"08:44:00+00","2019/09/02 08:44:00+00","Property","Group A","200","Arson","Arson",NA,NA,"0012XX LOGAN AVE N",4,"Near - North",5,44.9906,-93.30321,-10386465.5540528,5620041.2654534,1,19519,2019,9
-10377980.6505,5614673.0554,"Crime Offenses (NIBRS)","19-266535","MP2019266535",2019-09-04,"00:07:00+00","2019/09/04 00:07:00+00","Property","Group A","200","Arson","Arson",NA,NA,"0025XX 31ST AVE S",3,"Seward",2,44.95648,-93.22699,-10377980.6505481,5614673.05537076,1,19715,2019,9
-10384218.4365,5613256.2565,"Crime Offenses (NIBRS)","19-283296","MP2019283296",2019-09-18,"12:19:00+00","2019/09/18 07:47:00+00","Property","Group A","200","Arson","Arson",NA,NA,"0030XX PLEASANT AVE",5,"Lyndale",8,44.94747,-93.28302,-10384218.436482,5613256.25653385,1,20545,2019,9
-10383215.9485,5615508.9831,"Crime Offenses (NIBRS)","19-292641","MP2019292641",2019-09-26,"18:07:00+00","2019/09/26 10:40:00+00","Property","Group A","200","Arson","Arson",NA,NA,"0020XX 2ND AVE S",5,"Whittier",10,44.9618,-93.27402,-10383215.9484555,5615508.98312889,1,21291,2019,9
-10379971.8911,5616267.5416,"Crime Offenses (NIBRS)","19-271291","MP2019271291",2019-09-07,"21:11:00+00","2019/09/07 21:11:00+00","Property","Group A","200","Arson","Arson",NA,NA,"0019XX 7TH ST S",1,"Cedar Riverside",6,44.96662,-93.24487,-10379971.8911327,5616267.54156528,1,21372,2019,9
-10382305.776,5617353.7332,"Crime Offenses (NIBRS)","19-296632","MP2019296632",2019-09-29,"23:47:00+00","2019/09/29 22:30:00+00","Property","Group A","200","Arson","Arson",NA,NA,"0007XX 5TH AVE S",1,"Elliot Park",6,44.97352,-93.26584,-10382305.7759757,5617353.73316137,1,21534,2019,9
-10380817.5608,5614101.1281,"Crime Offenses (NIBRS)","19-298876","MP2019298876",2019-10-02,"06:35:00+00","2019/10/02 06:35:00+00","Property","Group A","200","Arson","Arson",NA,NA,"0027XX BLOOMINGTON AVE",3,"East Phillips",9,44.95285,-93.25247,-10380817.5607511,5614101.12807021,1,21646,2019,10
-10386671.9747,5621325.085,"Crime Offenses (NIBRS)","19-296854","MP2019296854",2019-09-30,"07:35:00+00","2019/09/30 07:35:00+00","Property","Group A","200","Arson","Arson",NA,NA,"0019XX GOLDEN VALLEY RD",4,"Jordan",5,44.99875,-93.30506,-10386671.9747318,5621325.08504482,1,21967,2019,9
-10386038.7445,5624591.0812,"Crime Offenses (NIBRS)","19-294868","MP2019294868",2019-09-28,"04:07:00+00","2019/09/28 04:07:00+00","Property","Group A","200","Arson","Arson",NA,NA,"0035XX IRVING AVE N",4,"Folwell",4,45.01949,-93.29937,-10386038.7445454,5624591.08124124,1,21994,2019,9
-10387107.1216,5618207.0889,"Crime Offenses (NIBRS)","19-303223","MP2019303223",2019-10-06,"12:31:00+00","2019/10/06 09:56:00+00","Property","Group A","200","Arson","Arson",NA,NA,"0022XX 2ND AVE N",4,"Harrison",5,44.97894,-93.30897,-10387107.1216419,5618207.08891854,1,22666,2019,10
-10386244.8705,5627103.6128,"Crime Offenses (NIBRS)","19-293321","MP2019293321",2019-09-26,"23:18:00+00","2019/09/26 23:18:00+00","Property","Group A","200","Arson","Arson",NA,NA,"0016XX 44TH AVE N",4,"Webber - Camden",4,45.03545,-93.30123,-10386244.8705406,5627103.6128359,1,22748,2019,9
-10386922.0097,5622328.1927,"Crime Offenses (NIBRS)","19-294683","MP2019294683",2019-09-28,"00:08:00+00","2019/09/28 00:08:00+00","Property","Group A","200","Arson","Arson",NA,NA,"0021XX 25TH AVE N",4,"Jordan",5,45.00512,-93.30731,-10386922.0096676,5622328.19269738,1,22795,2019,9
-10383076.0624,5615748.8183,"Crime Offenses (NIBRS)","19-298995","MP2019298995",2019-09-29,"21:27:00+00","2019/09/29 21:08:00+00","Property","Group A","200","Arson","Arson",NA,NA,"0019XX 3RD AVE S",5,"Steven's Square - Loring Heights",6,44.96332,-93.27276,-10383076.0624272,5615748.81825908,1,23075,2019,9
-10385589.9038,5628861.1624,"Crime Offenses (NIBRS)","19-280555","MP2019280555",2019-09-16,"07:10:00+00","2019/09/16 04:21:00+00","Property","Group A","200","Arson","Arson",NA,NA,"0050XX EMERSON AVE N",4,"Lind - Bohanon",4,45.0466,-93.29534,-10385589.9038439,5628861.16239709,1,23177,2019,9
-10385583.9534,5628006.4076,"Crime Offenses (NIBRS)","19-288734","MP2019288734",2019-09-23,"00:57:00+00","2019/09/22 22:00:00+00","Property","Group A","200","Arson","Arson",NA,NA,"0047XX EMERSON AVE N",4,"Lind - Bohanon",4,45.04118,-93.29529,-10385583.9533668,5628006.40760686,1,23607,2019,9
-10381184.4938,5616474.3222,"Crime Offenses (NIBRS)","19-296641","MP2019296641",2019-09-29,"23:11:00+00","2019/09/29 23:11:00+00","Property","Group A","200","Arson","Arson",NA,NA,"0008XX 13TH AVE S",1,"Elliot Park",6,44.96793,-93.25577,-10381184.4938317,5616474.32216328,1,24973,2019,9
-10383506.9186,5611582.6535,"Crime Offenses (NIBRS)","19-305369","MP2019305369",2019-10-08,"15:49:00+00","2019/10/08 01:49:00+00","Property","Group A","200","Arson","Arson",NA,NA,"0036XX 1ST AVE S",5,"King Field",8,44.93683,-93.27663,-10383506.9185824,5611582.65348141,1,25142,2019,10
-10386006.8498,5622021.4896,"Crime Offenses (NIBRS)","19-335290","MP2019335290",2019-11-08,"20:18:00+00","2019/11/08 19:50:00+00","Property","Group A","200","Arson","Arson",NA,NA,"0023XX IRVING AVE N",4,"Jordan",5,45.00318,-93.29909,-10386006.849849,5622021.48964144,1,26238,2019,11
-10382851.4189,5617991.5605,"Crime Offenses (NIBRS)","19-341177","MP2019341177",2019-11-15,"02:42:00+00","2019/11/15 02:42:00+00","Property","Group A","200","Arson","Arson",NA,NA,"000XX 6TH ST S",1,"Downtown West",7,44.97757,-93.27074,-10382851.4188878,5617991.56048136,1,26724,2019,11
-10381619.9343,5616356.5631,"Crime Offenses (NIBRS)","19-353597","MP2019353597",2019-11-28,"07:43:00+00","2019/11/28 06:51:00+00","Property","Group A","200","Arson","Arson",NA,NA,"0015XX 10TH AVE S",1,"Elliot Park",6,44.96718,-93.25968,-10381619.9343463,5616356.56306537,1,27726,2019,11
-10385203.0127,5618634.3557,"Crime Offenses (NIBRS)","19-324826","MP2019324826",2019-10-29,"01:44:00+00","2019/10/29 01:44:00+00","Property","Group A","200","Arson","Arson",NA,NA,"0009XX 4TH AVE N",4,"Sumner - Glenwood",5,44.98166,-93.29187,-10385203.0127222,5618634.35567716,1,28081,2019,10
-10386881.6269,5622610.21,"Crime Offenses (NIBRS)","19-358158","MP2019358158",2019-12-04,"07:15:00+00","2019/12/04 05:11:00+00","Property","Group A","200","Arson","Arson",NA,NA,"0026XX OLIVER AVE N",4,"Jordan",5,45.00692,-93.30695,-10386881.6268688,5622610.20997763,1,28237,2019,12
-10380377.4547,5607100.2451,"Crime Offenses (NIBRS)","19-345749","MP2019345749",2019-11-20,"08:34:00+00","2019/11/20 08:34:00+00","Property","Group A","200","Arson","Arson",NA,NA,"0052XX WEST LAKE NOKOMIS PKWY",3,"Hale",11,44.90832,-93.24852,-10380377.4546582,5607100.24508367,1,29413,2019,11
-10385906.2265,5619718.348,"Crime Offenses (NIBRS)","19-373758","MP2019373758",2019-12-22,"05:26:00+00","2019/12/22 05:26:00+00","Property","Group A","200","Arson","Arson",NA,NA,"0010XX HUMBOLDT AVE N",4,"Near - North",5,44.98855,-93.29818,-10385906.2265058,5619718.348,1,30062,2019,12
-10384259.0332,5622013.9013,"Crime Offenses (NIBRS)","19-351671","MP2019351671",2019-11-26,"14:14:00+00","2019/11/26 14:14:00+00","Property","Group A","200","Arson","Arson",NA,NA,"0023XX 3RD ST N",4,"Hawthorne",5,45.00313,-93.28339,-10384259.0331984,5622013.90128619,1,30336,2019,11
-10383993.9775,5617711.9071,"Crime Offenses (NIBRS)","19-375872","MP2019375872",2019-12-24,"21:56:00+00","2019/12/24 21:56:00+00","Property","Group A","200","Arson","Arson",NA,NA,"0012XX HAWTHORNE AVE",1,"Loring Park",7,44.9758,-93.28101,-10383993.9774765,5617711.90705156,1,32399,2019,12
-10386674.8967,5620183.8911,"Crime Offenses (NIBRS)","19-379047","MP2019379047",2019-12-29,"02:48:00+00","2019/12/29 02:48:00+00","Property","Group A","200","Arson","Arson",NA,NA,"0019XX PLYMOUTH AVE N",4,"Near - North",5,44.9915,-93.30509,-10386674.8966792,5620183.89112344,1,32533,2019,12
-10385406.9345,5623588.9433,"Crime Offenses (NIBRS)","20-006306","MP20206306",2020-01-08,"04:13:00+00","2020/01/08 04:13:00+00","Property","Group A","200","Arson","Arson",NA,NA,"0011XX LOWRY AVE N",4,"Folwell",4,45.01313,-93.2937,-10385406.9345301,5623588.94325363,1,38988,2020,1
-10380673.9463,5614383.3818,"Crime Offenses (NIBRS)","20-023000","MP202023000",2020-01-26,"17:37:00+00","2020/01/26 17:37:00+00","Property","Group A","200","Arson","Arson",NA,NA,"0026XX 16TH AVE S",3,"East Phillips",9,44.95464,-93.25118,-10380673.9463366,5614383.38183832,1,39817,2020,1
-10382508.0935,5616561.5317,"Crime Offenses (NIBRS)","20-000518","MP2020518",2020-01-01,"11:03:00+00","2020/01/01 11:03:00+00","Property","Group A","200","Arson","Arson",NA,NA,"0014XX PORTLAND AVE",1,"Elliot Park",6,44.96849,-93.26766,-10382508.0935221,5616561.5317002,1,40024,2020,1
-10384630.9697,5626278.9645,"Crime Offenses (NIBRS)","20-028256","MP202028256",2020-02-01,"07:07:00+00","2020/02/01 07:07:00+00","Property","Group A","200","Arson","Arson",NA,NA,"0041XX SOO AVE N",4,"Camden Industrial",4,45.03021,-93.28673,-10384630.9696919,5626278.96445351,1,40410,2020,2
-10377668.8109,5605588.9224,"Crime Offenses (NIBRS)","20-023889","MP202023889",2020-01-27,"23:10:00+00","2020/01/27 19:15:00+00","Property","Group A","200","Arson","Arson",NA,NA,"0057XX 33RD AVE S",3,"Wenonah",11,44.89871,-93.22419,-10377668.8109193,5605588.92244843,1,40793,2020,1
-10385475.6566,5622599.8952,"Crime Offenses (NIBRS)","20-027205","MP202027205",2020-01-31,"04:35:00+00","2020/01/31 04:35:00+00","Property","Group A","200","Arson","Arson",NA,NA,"0026XX EMERSON AVE N",4,"Hawthorne",5,45.00685,-93.29432,-10385475.6565698,5622599.89519253,1,40954,2020,1
-10387326.6094,5625742.6463,"Crime Offenses (NIBRS)","20-034416","MP202034416",2020-02-07,"16:44:00+00","2020/02/07 16:03:00+00","Property","Group A","200","Arson","Arson",NA,NA,"0039XX RUSSELL AVE N",4,"Victory",4,45.02681,-93.31094,-10387326.6093536,5625742.64627526,1,41565,2020,2
-10384696.3221,5627730.8676,"Crime Offenses (NIBRS)","20-043886","MP202043886",2020-02-18,"04:25:00+00","2020/02/18 04:25:00+00","Property","Group A","200","Arson","Arson",NA,NA,"0046XX LYNDALE AVE N",4,"Lind - Bohanon",4,45.03943,-93.28731,-10384696.322144,5627730.86758852,1,42383,2020,2
-10381156.8128,5623353.9023,"Crime Offenses (NIBRS)","20-051212","MP202051212",2020-02-25,"23:49:00+00","2020/02/25 23:49:00+00","Property","Group A","200","Arson","Arson",NA,NA,"0023XX JEFFERSON ST NE",2,"Holland",1,45.01164,-93.25552,-10381156.8128159,5623353.90226847,1,43066,2020,2
-10381773.2264,5615941.0825,"Crime Offenses (NIBRS)","20-061396","MP202061396",2020-03-07,"04:02:00+00","2020/03/07 04:02:00+00","Property","Group A","200","Arson","Arson",NA,NA,"0018XX ELLIOT AVE",3,"Ventura Village",6,44.96454,-93.26106,-10381773.2264297,5615941.0824635,1,44018,2020,3
-10385058.0381,5624864.3589,"Crime Offenses (NIBRS)","20-066085","MP202066085",2020-03-11,"22:21:00+00","2020/03/11 22:21:00+00","Property","Group A","200","Arson","Arson",NA,NA,"0036XX BRYANT AVE N",4,"McKinley",4,45.02123,-93.29056,-10385058.0381055,5624864.35888891,1,44084,2020,3
-10379797.3096,5615658.2315,"Crime Offenses (NIBRS)","20-037674","MP202037674",2020-02-11,"02:30:00+00","2020/02/11 02:30:00+00","Property","Group A","200","Arson","Arson",NA,NA,"0020XX FRANKLIN AVE E",3,"Seward",6,44.96274,-93.24331,-10379797.3096199,5615658.23146542,1,44201,2020,2
-10377680.5811,5609594.0834,"Crime Offenses (NIBRS)","20-039315","MP202039315",2020-02-12,"23:02:00+00","2020/02/12 20:30:00+00","Property","Group A","200","Arson","Arson",NA,NA,"0043XX 33RD AVE S",3,"Ericsson",12,44.92419,-93.22429,-10377680.5810752,5609594.08337954,1,44396,2020,2
-10387238.9085,5623603.4555,"Crime Offenses (NIBRS)","20-082515","MP202082515",2020-03-29,"18:05:00+00","2020/03/29 18:05:00+00","Property","Group A","200","Arson","Arson",NA,NA,"0023XX LOWRY AVE N",4,"Cleveland",4,45.01322,-93.31015,-10387238.9084939,5623603.45548441,1,45076,2020,3
-10382572.2812,5621317.366,"Crime Offenses (NIBRS)","20-082995","MP202082995",2020-03-30,"08:58:00+00","2020/03/30 08:58:00+00","Property","Group A","200","Arson","Arson",NA,NA,"000XX BROADWAY ST NE",2,"Sheridan",3,44.9987,-93.26823,-10382572.2812131,5621317.36602746,1,45080,2020,3
-10382003.0331,5617172.4506,"Crime Offenses (NIBRS)","20-076344","MP202076344",2020-03-22,"18:19:00+00","2020/03/22 16:19:00+00","Property","Group A","200","Arson","Arson",NA,NA,"0007XX PARK AVE",1,"Downtown East",3,44.97237,-93.26312,-10382003.0331279,5617172.45057924,1,45422,2020,3
-10385622.9656,5621251.566,"Crime Offenses (NIBRS)","20-090554","MP202090554",2020-04-07,"01:21:00+00","2020/04/06 23:43:00+00","Property","Group A","200","Arson","Arson",NA,NA,"0018XX FREMONT AVE N",4,"Near - North",5,44.99829,-93.29564,-10385622.9656146,5621251.56604746,1,45925,2020,4
-10381472.3525,5620489.5458,"Crime Offenses (NIBRS)","20-107518","MP2020107518",2020-04-24,"09:07:00+00","2020/04/24 09:07:00+00","Property","Group A","200","Arson","Arson","Damage Property-Rpt Only (P)","Fire - Report Only (P)","0004XX 4TH ST NE",2,"St. Anthony West",3,44.99344,-93.25835,-10381472.3524883,5620489.54584455,1,48133,2020,4
-10386182.5577,5621899.7784,"Crime Offenses (NIBRS)","20-118567","MP2020118567",2020-05-04,"22:59:00+00","2020/05/04 22:59:00+00","Property","Group A","200","Arson","Arson","Fire - Report Only (P)","Fire - Report Only (P)","0016XX 22ND AVE N",4,"Jordan",5,45.0024,-93.30067,-10386182.5577461,5621899.77844086,1,48479,2020,5
-10386046.5424,5617948.0588,"Crime Offenses (NIBRS)","20-109383","MP2020109383",2020-04-25,"23:05:00+00","2020/04/25 23:05:00+00","Property","Group A","200","Arson","Arson","Fire - Report Only (P)","Fire - Report Only (P)","000XX IRVING AVE N",4,"Harrison",5,44.9773,-93.29944,-10386046.5424381,5617948.05881917,1,48786,2020,4
-10381516.8973,5611868.785,"Crime Offenses (NIBRS)","20-118794","MP2020118794",2020-05-04,"23:50:00+00","2020/05/04 23:50:00+00","Property","Group A","200","Arson","Arson","Fire - Report Only (P)","Fire - Report Only (P)","0035XX 11TH AVE S",3,"Powderhorn Park",9,44.93865,-93.25875,-10381516.8972906,5611868.78500113,1,48808,2020,5
-10381472.3525,5620489.5458,"Crime Offenses (NIBRS)","20-114851","MP2020114851",2020-05-01,"10:20:00+00","2020/05/01 10:20:00+00","Property","Group A","200","Arson","Arson","Fire - Report Only (P)","Fire - Report Only (P)","0004XX 4TH ST NE",2,"St. Anthony West",3,44.99344,-93.25835,-10381472.3524883,5620489.54584455,1,49087,2020,5
-10382224.4918,5615947.4862,"Crime Offenses (NIBRS)","20-136650","MP2020136650",2020-05-22,"01:00:00+00","2020/05/22 01:00:00+00","Property","Group A","200","Arson","Arson","Fire - Report Only (P)","Fire - Report Only (P)","0018XX PARK AVE",3,"Ventura Village",6,44.96458,-93.26511,-10382224.4918291,5615947.48617925,1,50186,2020,5
-10380237.3497,5616355.3822,"Crime Offenses (NIBRS)","20-131962","MP2020131962",2020-05-18,"03:38:00+00","2020/05/18 03:38:00+00","Property","Group A","200","Arson","Arson","Fire - Report Only (P)","Fire - Report Only (P)","0006XX CEDAR AVE S",1,"Cedar Riverside",6,44.96718,-93.24726,-10380237.3496971,5616355.3822234,1,50746,2020,5
-10384125.3171,5613394.6315,"Crime Offenses (NIBRS)","20-150254","MP2020150254",2020-06-03,"08:46:00+00","2020/05/27 12:00:00+00","Property","Group A","200","Arson","Arson","Burglary Business - Report (P)","Burglary Business - Report (P)","0002XX LAKE ST W",5,"Whittier",10,44.94835,-93.28218,-10384125.317149,5613394.63150505,1,51249,2020,6
-10380252.5084,5613813.0852,"Crime Offenses (NIBRS)","20-150365","MP2020150365",2020-06-02,"22:47:00+00","2020/05/29 18:00:00+00","Property","Group A","200","Arson","Arson","Damage Property-Rpt Only (P)","Damage Property-Rpt Only (P)","0028XX CEDAR AVE S",3,"East Phillips",9,44.95101,-93.24739,-10380252.5084442,5613813.08515919,1,51375,2020,6
-10379957.3287,5617671.4146,"Crime Offenses (NIBRS)","20-147311","MP2020147311",2020-05-31,"06:10:00+00","2020/05/31 04:10:00+00","Property","Group A","200","Arson","Arson","Assault in Progress (P)","Assault in Progress (P)","0019XX 1ST ST S",1,"Downtown East",3,44.97554,-93.24474,-10379957.3286916,5617671.41463501,1,51415,2020,5
-10381516.8973,5611868.785,"Crime Offenses (NIBRS)","20-118773","MP2020118773",2020-05-05,"01:56:00+00","2020/05/05 00:04:00+00","Property","Group A","200","Arson","Arson","Assist Fire Personnel (P)","Assist Fire Personnel (P)","0035XX 11TH AVE S",3,"Powderhorn Park",9,44.93865,-93.25875,-10381516.8972906,5611868.78500113,1,51569,2020,5
-10380082.2139,5617396.7258,"Crime Offenses (NIBRS)","20-149669","MP2020149669",2020-06-01,"22:02:00+00","2020/06/01 22:02:00+00","Property","Group A","200","Arson","Arson","Down Outside-One (PE)","Down Outside-One (PE)","0002XX 19TH AVE S",1,"Cedar Riverside",6,44.97379,-93.24587,-10380082.2139281,5617396.72580803,1,51671,2020,6
-10378404.621,5613397.5364,"Crime Offenses (NIBRS)","20-145112","MP2020145112",2020-05-29,"11:01:00+00","2020/05/27 16:00:00+00","Property","Group A","200","Arson","Arson","Miscellaneous (P)","Miscellaneous (P)","0028XX LAKE ST E",3,"Longfellow",9,44.94837,-93.23079,-10378404.6209974,5613397.53643654,1,51681,2020,5
-10380395.845,5613530.6702,"Crime Offenses (NIBRS)","20-152802","MP2020152802",2020-06-02,"15:32:00+00","2020/06/02 15:23:00+00","Property","Group A","200","Arson","Arson","Property Damage Accident (P)","Property Damage Accident (P)","0029XX 18TH AVE S",3,"East Phillips",9,44.94922,-93.24868,-10380395.8450105,5613530.67020006,1,52005,2020,6
-10384036.889,5612415.7262,"Crime Offenses (NIBRS)","20-153485","MP2020153485",2020-06-06,"02:25:00+00","2020/06/06 02:25:00+00","Property","Group A","200","Arson","Arson","Fire - Report Only (P)","Fire - Report Only (P)","0033XX PILLSBURY AVE",5,"Lyndale",8,44.94213,-93.28139,-10384036.8889621,5612415.72623932,1,52076,2020,6
-10383440.4524,5613394.3982,"Crime Offenses (NIBRS)","20-150266","MP2020150266",2020-06-02,"18:13:00+00","2020/05/29 01:00:00+00","Property","Group A","200","Arson","Arson","Damage Property-In Progress(P)","Damage Property-Rpt Only (P)","0001XX LAKE ST E",5,"Whittier",10,44.94835,-93.27603,-10383440.4523962,5613394.39822574,1,52145,2020,6
-10381953.1487,5613470.9357,"Crime Offenses (NIBRS)","20-145915","MP2020145915",2020-05-31,"09:12:00+00","2020/05/30 00:30:00+00","Property","Group A","200","Arson","Arson","Burglary Biz - In Progress (P)","Burglary Biz - In Progress (P)","0029XX CHICAGO AVE",3,"Phillips West",6,44.94884,-93.26267,-10381953.1487199,5613470.93573928,1,52154,2020,5
-10384083.7364,5622013.3222,"Crime Offenses (NIBRS)","20-151975","MP2020151975",2020-06-04,"14:33:00+00","2020/05/29 22:00:00+00","Property","Group A","200","Arson","Arson","Recover Property (P)","Recover Property (P)","0023XX WASHINGTON AVE N",4,"Hawthorne",5,45.00312,-93.28181,-10384083.7363721,5622013.32220237,1,52188,2020,6
-10387021.5749,5627104.2234,"Crime Offenses (NIBRS)","20-148512","MP2020148512",2020-06-01,"01:57:00+00","2020/06/01 01:57:00+00","Property","Group A","200","Arson","Arson","Fire - Report Only (P)","Fire - Report Only (P)","0021XX 44TH AVE N",4,"Victory",4,45.03545,-93.3082,-10387021.5749259,5627104.223387,1,52266,2020,6
-10382802.5893,5613261.5502,"Crime Offenses (NIBRS)","20-152520","MP2020152520",2020-06-04,"23:01:00+00","2020/06/04 23:01:00+00","Property","Group A","200","Arson","Arson","Fire - Report Only (P)","Fire - Report Only (P)","0030XX 4TH AVE S",3,"Central",8,44.94751,-93.2703,-10382802.5892702,5613261.55023807,1,52432,2020,6
-10381882.9233,5613395.1789,"Crime Offenses (NIBRS)","20-162072","MP2020162072",2020-06-17,"04:25:00+00","2020/06/17 04:25:00+00","Property","Group A","200","Arson","Arson","Fire - Report Only (P)","Fire - Report Only (P)","0008XX LAKE ST E",3,"Powderhorn Park",9,44.94836,-93.26204,-10381882.9233304,5613395.17887293,1,52533,2020,6
-10378404.621,5613397.5364,"Crime Offenses (NIBRS)","20-155864","MP2020155864",2020-06-09,"10:15:00+00","2020/05/28 01:30:00+00","Property","Group A","200","Arson","Arson","Fire - Report Only (P)","Fire - Report Only (P)","0028XX LAKE ST E",3,"Longfellow",9,44.94837,-93.23079,-10378404.6209974,5613397.53643654,1,52660,2020,6
-10386743.8822,5620515.7235,"Crime Offenses (NIBRS)","20-161263","MP2020161263",2020-06-16,"08:15:00+00","2020/05/29 01:30:00+00","Property","Group A","200","Arson","Arson","Damage Property-Rpt Only (P)","Damage Property-Rpt Only (P)","0014XX NEWTON AVE N",4,"Willard - Hay",5,44.99361,-93.30571,-10386743.8822039,5620515.72354414,1,52681,2020,6
-10387451.4304,5623180.6672,"Crime Offenses (NIBRS)","20-160708","MP2020160708",2020-06-15,"15:04:00+00","2020/06/15 15:04:00+00","Property","Group A","200","Arson","Arson","Assist Fire Personnel (P)","Assist Fire Personnel (P)","0029XX SHERIDAN AVE N",4,"Jordan",4,45.01054,-93.31206,-10387451.4303706,5623180.66721305,1,52948,2020,6
-10384362.403,5612358.3282,"Crime Offenses (NIBRS)","20-150693","MP2020150693",2020-06-02,"22:23:00+00","2020/06/02 22:23:00+00","Property","Group A","200","Arson","Arson","Fire - Report Only (P)","Fire - Report Only (P)","0033XX GRAND AVE S",5,"Lyndale",8,44.94177,-93.28431,-10384362.4030072,5612358.32815156,1,53244,2020,6
-10384961.7176,5626665.0183,"Crime Offenses (NIBRS)","20-153887","MP2020153887",2020-06-06,"17:58:00+00","2020/06/06 17:58:00+00","Property","Group A","200","Arson","Arson","Fire - Report Only (P)","Fire - Report Only (P)","0042XX WEBBER PKWY",4,"Webber - Camden",4,45.03266,-93.2897,-10384961.7176035,5626665.01825613,1,53347,2020,6
-10385624.2889,5625441.1955,"Crime Offenses (NIBRS)","20-162040","MP2020162040",2020-06-17,"02:07:00+00","2020/06/17 02:07:00+00","Property","Group A","200","Arson","Arson","Fire - Report Only (P)","Fire - Report Only (P)","0038XX FREMONT AVE N",4,"Webber - Camden",4,45.02489,-93.29565,-10385624.2888868,5625441.19552063,1,53388,2020,6
-10378404.621,5613397.5364,"Crime Offenses (NIBRS)","20-160621","MP2020160621",2020-06-15,"15:14:00+00","2020/05/27 11:40:00+00","Property","Group A","200","Arson","Arson","Damage Property-Rpt Only (P)","Damage Property-Rpt Only (P)","0028XX LAKE ST E",3,"Longfellow",9,44.94837,-93.23079,-10378404.6209974,5613397.53643654,1,53527,2020,6
-10378744.0924,5613305.4156,"Crime Offenses (NIBRS)","20-169078","MP2020169078",2020-08-18,"10:24:00+00","2020/05/27 12:00:00+00","Property","Group A","200","Arson","Arson","Fire - Report Only (P)","Fire - Report Only (P)","0030XX MINNEHAHA AVE",3,"Longfellow",9,44.94779,-93.23384,-10378744.0924223,5613305.41558351,1,53689,2020,8
-10381659.4071,5614947.4383,"Crime Offenses (NIBRS)","20-165397","MP2020165397",2020-06-20,"23:04:00+00","2020/06/20 23:04:00+00","Property","Group A","200","Arson","Arson","Fire - Report Only (P)","Fire - Report Only (P)","0024XX 10TH AVE S",3,"Midtown Phillips",9,44.95823,-93.26003,-10381659.4071488,5614947.43826967,1,53988,2020,6
-10378065.4826,5613397.8077,"Crime Offenses (NIBRS)","20-168656","MP2020168656",2020-06-25,"00:51:00+00","2020/06/24 23:27:00+00","Property","Group A","200","Arson","Arson","Assist Fire Personnel (P)","Assist Fire Personnel (P)","0030XX LAKE ST E",3,"Longfellow",9,44.94837,-93.22775,-10378065.4826211,5613397.80772848,1,54225,2020,6
-10378404.621,5613397.5364,"Crime Offenses (NIBRS)","20-172248","MP2020172248",2020-06-25,"01:29:00+00","2020/06/25 01:29:00+00","Property","Group A","200","Arson","Arson","Damage Property-Rpt Only (P)","Damage Property-Rpt Only (P)","0028XX LAKE ST E",3,"Longfellow",9,44.94837,-93.23079,-10378404.6209974,5613397.53643654,1,54654,2020,6
-10380568.2225,5606816.157,"Crime Offenses (NIBRS)","20-175895","MP2020175895",2020-07-03,"20:00:00+00","2020/07/03 20:00:00+00","Property","Group A","200","Arson","Arson","Assist Fire Personnel (P)","Assist Fire Personnel (P)","0053XX WEST LAKE NOKOMIS PKWY",3,"Hale",11,44.90651,-93.25023,-10380568.2224558,5606816.15701745,1,54712,2020,7
-10387878.9693,5620906.9199,"Crime Offenses (NIBRS)","20-170703","MP2020170703",2020-06-27,"10:28:00+00","2020/06/27 10:28:00+00","Property","Group A","200","Arson","Arson","Assist Fire Personnel (P)","Assist Fire Personnel (P)","0016XX VINCENT AVE N",4,"Willard - Hay",5,44.9961,-93.3159,-10387878.9693158,5620906.91986173,1,55101,2020,6
-10385056.154,5624011.8026,"Crime Offenses (NIBRS)","20-183424","MP2020183424",2020-07-13,"04:11:00+00","2020/07/13 04:11:00+00","Property","Group A","200","Arson","Arson","Fire - Report Only (P)","Fire - Report Only (P)","0033XX BRYANT AVE N",4,"McKinley",4,45.01582,-93.29055,-10385056.1540487,5624011.80258678,1,55148,2020,7
-10383249.4503,5617507.8471,"Crime Offenses (NIBRS)","20-183965","MP2020183965",2020-07-13,"21:49:00+00","2020/07/13 20:05:00+00","Property","Group A","200","Arson","Arson","Assist Fire Personnel (P)","Assist Fire Personnel (P)","0009XX NICOLLET MALL",1,"Downtown West",7,44.9745,-93.27432,-10383249.4503243,5617507.84706258,1,55245,2020,7
-10381952.4666,5613258.2387,"Crime Offenses (NIBRS)","20-173044","MP2020173044",2020-07-01,"17:22:00+00","2020/05/30 22:00:00+00","Property","Group A","200","Arson","Arson","Burglary Dwlng - Report (P)","Burglary Dwlng - Report (P)","0030XX CHICAGO AVE",3,"Central",9,44.94749,-93.26267,-10381952.4666424,5613258.23869572,1,55381,2020,7
-10384588.7982,5628197.838,"Crime Offenses (NIBRS)","20-167873","MP2020167873",2020-06-24,"03:06:00+00","2020/06/24 03:06:00+00","Property","Group A","200","Arson","Arson","Fire Reported Out (F)~FIRE","Fire - Report Only (P)","0048XX LYNDALE AVE N",4,"Lind - Bohanon",4,45.04239,-93.28635,-10384588.7982197,5628197.83798285,1,55796,2020,6
-10383874.1173,5626173.1511,"Crime Offenses (NIBRS)","20-190297","MP2020190297",2020-07-21,"10:05:00+00","2020/07/21 10:05:00+00","Property","Group A","200","Arson","Arson","Fire - Report Only (P)","Fire - Report Only (P)","000XX SAINT ANTHONY PKWY",2,"Columbia Park",1,45.02954,-93.27993,-10383874.1173302,5626173.15106158,1,56085,2020,7
-10378166.2385,5618205.8153,"Crime Offenses (NIBRS)","20-194012","MP2020194012",2020-07-25,"08:55:00+00","2020/07/25 08:55:00+00","Property","Group A","200","Arson","Arson",NA,NA,"0017XX 5TH ST SE",2,"University of Minnesota",2,44.97893,-93.22865,-10378166.2384782,5618205.81528378,1,56481,2020,7
-10384431.4407,5622189.5165,"Crime Offenses (NIBRS)","20-185831","MP2020185831",2020-07-16,"00:41:00+00","2020/07/16 00:41:00+00","Property","Group A","200","Arson","Arson","Fire - Report Only (P)","Fire - Report Only (P)","0024XX 4TH ST N",4,"Hawthorne",5,45.00424,-93.28493,-10384431.4407108,5622189.51645485,1,56591,2020,7
-10387405.4137,5627196.6955,"Crime Offenses (NIBRS)","20-176060","MP2020176060",2020-07-03,"23:22:00+00","2020/07/03 23:22:00+00","Property","Group A","200","Arson","Arson","Fire - Report Only (P)","Fire - Report Only (P)","0044XX RUSSELL AVE N",4,"Victory",4,45.03604,-93.31165,-10387405.4137173,5627196.69551469,1,56746,2020,7
-10380958.4206,5614100.4331,"Crime Offenses (NIBRS)","20-189150","MP2020189150",2020-07-20,"00:24:00+00","2020/07/20 00:24:00+00","Property","Group A","200","Arson","Arson","Fire - Report Only (P)","Fire - Report Only (P)","0027XX 15TH AVE S",3,"Midtown Phillips",9,44.95284,-93.25374,-10380958.4206306,5614100.4331318,1,56850,2020,7
-10380955.4025,5612152.1186,"Crime Offenses (NIBRS)","20-190098","MP2020190098",2020-07-21,"01:31:00+00","2020/07/21 00:45:00+00","Property","Group A","200","Arson","Arson","Damage Property-Rpt Only (P)","Fire - Report Only (P)","0034XX 15TH AVE S",3,"Powderhorn Park",9,44.94045,-93.25371,-10380955.4024893,5612152.11855971,1,56961,2020,7
-10383891.0575,5616778.2924,"Crime Offenses (NIBRS)","20-172245","MP2020172245",2020-06-25,"05:30:00+00","2020/06/25 05:30:00+00","Property","Group A","200","Arson","Arson","Damage Property-Rpt Only (P)","Damage Property-Rpt Only (P)","0001XX GRANT ST W",1,"Loring Park",7,44.96986,-93.28008,-10383891.057462,5616778.29238404,1,57252,2020,6
-10387594.8088,5623466.1626,"Crime Offenses (NIBRS)","20-195114","MP2020195114",2020-07-26,"18:35:00+00","2020/07/26 18:35:00+00","Property","Group A","200","Arson","Arson","Assist Fire Personnel (P)","Assist Fire Personnel (P)","0031XX THOMAS AVE N",4,"Jordan",4,45.01235,-93.31335,-10387594.8087841,5623466.16261068,1,57370,2020,7
-10384522.1521,5605595.2872,"Crime Offenses (NIBRS)","20-193196","MP2020193196",2020-07-24,"11:18:00+00","2020/07/24 11:18:00+00","Property","Group A","200","Arson","Arson","Fire - Report Only (P)","Fire - Report Only (P)","0057XX HARRIET AVE",5,"Windom",11,44.89875,-93.28575,-10384522.152057,5605595.2872041,1,57544,2020,7
-10385112.1113,5621249.7465,"Crime Offenses (NIBRS)","20-195037","MP2020195037",2020-07-26,"15:21:00+00","2020/07/26 15:21:00+00","Property","Group A","200","Arson","Arson","Fire - Report Only (P)","Fire - Report Only (P)","0018XX BRYANT AVE N",4,"Near - North",5,44.99827,-93.29105,-10385112.1112943,5621249.74649774,1,57611,2020,7
-10384483.3208,5626008.0556,"Crime Offenses (NIBRS)","20-182546","MP2020182546",2020-07-11,"23:05:00+00","2020/07/11 23:05:00+00","Property","Group A","200","Arson","Arson","Fire - Report Only (P)","Fire - Report Only (P)","0040XX WASHINGTON AVE N",4,"Webber - Camden",4,45.02849,-93.2854,-10384483.3207911,5626008.05564211,1,57656,2020,7
-10386674.0719,5620601.201,"Crime Offenses (NIBRS)","20-206620","MP2020206620",2020-08-08,"14:22:00+00","2020/08/08 12:46:00+00","Property","Group A","200","Arson","Arson","Domestic Abuse-In Progress (P)","Domestic Abuse-In Progress (P)","0019XX 15TH AVE N",4,"Willard - Hay",5,44.99415,-93.30508,-10386674.0719198,5620601.20097313,1,58016,2020,8
-10380949.6247,5610167.0803,"Crime Offenses (NIBRS)","20-186664","MP2020186664",2020-07-16,"23:37:00+00","2020/07/16 23:11:00+00","Property","Group A","200","Arson","Arson","Assist Fire Personnel (P)","Assist Fire Personnel (P)","0041XX 15TH AVE S",3,"Bancroft",8,44.92783,-93.25366,-10380949.6247076,5610167.08031066,1,58201,2020,7
-10379750.2293,5620749.8762,"Crime Offenses (NIBRS)","20-202120","MP2020202120",2020-08-03,"17:08:00+00","2020/08/03 17:03:00+00","Property","Group A","200","Arson","Arson","Domestic Abuse-In Progress (P)~PD","Damage Property-In Progress(P)","0011XX SPRING ST NE",2,"Beltrami",3,44.9951,-93.24288,-10379750.2292664,5620749.87619742,1,58361,2020,8
-10384241.4608,5616316.4969,"Crime Offenses (NIBRS)","20-190233","MP2020190233",2020-07-21,"07:12:00+00","2020/07/21 07:12:00+00","Property","Group A","200","Arson","Arson","Fire - Report Only (P)","Fire - Report Only (P)","0004XX OAK GROVE ST",1,"Loring Park",7,44.96693,-93.28323,-10384241.4608299,5616316.49687087,1,58567,2020,7
-10378665.4651,5613821.2211,"Crime Offenses (NIBRS)","20-222836","MP2020222836",2020-08-27,"04:45:00+00","2020/08/27 04:45:00+00","Property","Group A","200","Arson","Arson","Assist Fire Personnel (P)","Assist Fire Personnel (P)","0028XX 27TH AVE S",3,"Longfellow",9,44.95107,-93.23314,-10378665.4650672,5613821.22114307,1,58982,2020,8
-10382234.8151,5613676.7068,"Crime Offenses (NIBRS)","20-184573","MP2020184573",2020-07-14,"11:24:00+00","2020/07/14 11:24:00+00","Property","Group A","200","Arson","Arson","Assist Fire Personnel (P)","Assist Fire Personnel (P)","0028XX PARK AVE",3,"Phillips West",8,44.95015,-93.2652,-10382234.8151401,5613676.70683913,1,59108,2020,7
-10387594.8088,5623466.1626,"Crime Offenses (NIBRS)","20-195133","MP2020195133",2020-07-26,"18:35:00+00","2020/07/26 18:35:00+00","Property","Group A","200","Arson","Arson","Fire - Report Only (P)","Fire - Report Only (P)","0031XX THOMAS AVE N",4,"Jordan",4,45.01235,-93.31335,-10387594.8087841,5623466.16261068,1,59208,2020,7
-10387431.4736,5629339.5111,"Crime Offenses (NIBRS)","20-185868","MP2020185868",2020-07-16,"01:24:00+00","2020/07/16 01:24:00+00","Property","Group A","200","Arson","Arson","Fire - Report Only (P)","Fire - Report Only (P)","0052XX RUSSELL AVE N",4,"Shingle Creek",4,45.04964,-93.31188,-10387431.4735965,5629339.51105773,1,59239,2020,7
-10387027.0405,5624032.8452,"Crime Offenses (NIBRS)","20-216894","MP2020216894",2020-08-21,"12:16:00+00","2020/08/20 13:00:00+00","Property","Group A","200","Arson","Arson","Damage Property-Rpt Only (P)","Damage Property-Rpt Only (P)","0033XX PENN AVE N",4,"Folwell",4,45.01595,-93.30825,-10387027.0404955,5624032.84516901,1,59286,2020,8
-10387307.3698,5621757.8171,"Crime Offenses (NIBRS)","20-218247","MP2020218247",2020-08-22,"01:01:00+00","2020/08/22 01:01:00+00","Property","Group A","200","Arson","Arson","Fire - Report Only (P)","Fire - Report Only (P)","0022XX RUSSELL AVE N",4,"Willard - Hay",5,45.0015,-93.31077,-10387307.3697963,5621757.81707668,1,59311,2020,8
-10383995.6361,5621926.0497,"Crime Offenses (NIBRS)","20-219989","MP2020219989",2020-08-24,"01:50:00+00","2020/08/24 01:50:00+00","Property","Group A","200","Arson","Arson","Fire - Report Only (P)","Fire - Report Only (P)","0002XX 23RD AVE N",4,"Hawthorne",5,45.00257,-93.28102,-10383995.6360887,5621926.04972424,1,59455,2020,8
-10383995.6361,5621926.0497,"Crime Offenses (NIBRS)","20-198099","MP2020198099",2020-07-30,"00:31:00+00","2020/07/29 23:35:00+00","Property","Group A","200","Arson","Arson","Assist Fire Personnel (P)","Assist Fire Personnel (P)","0002XX 23RD AVE N",4,"Hawthorne",5,45.00257,-93.28102,-10383995.6360887,5621926.04972424,1,59685,2020,7
-10383357.9849,5615947.7835,"Crime Offenses (NIBRS)","20-213342","MP2020213342",2020-08-16,"07:31:00+00","2020/08/16 05:49:00+00","Property","Group A","200","Arson","Arson","Assist Fire Personnel (P)","Assist Fire Personnel (P)","0018XX STEVENS AVE",5,"Steven's Square - Loring Heights",6,44.96458,-93.27529,-10383357.9849102,5615947.78353064,1,59796,2020,8
-10386177.9434,5622605.5853,"Crime Offenses (NIBRS)","20-225472","MP2020225472",2020-08-30,"01:49:00+00","2020/08/30 01:49:00+00","Property","Group A","200","Arson","Arson","Fire - Report Only (P)","Fire - Report Only (P)","0026XX JAMES AVE N",4,"Jordan",5,45.00689,-93.30062,-10386177.9433691,5622605.58533769,1,60210,2020,8
0,0,"Crime Offenses (NIBRS)","20-227848","MP2020227848",2020-09-01,"22:22:00+00","2020/09/01 22:22:00+00","Property","Group A","200","Arson","Arson","Fire - Report Only (P)","Fire - Report Only (P)","No Address",NA,NA,NA,0,0,0,0,1,60653,2020,9
-10384869.9959,5627727.5961,"Crime Offenses (NIBRS)","20-227990","MP2020227990",2020-09-02,"04:07:00+00","2020/09/02 04:07:00+00","Property","Group A","200","Arson","Arson","Fire - Report Only (P)","Fire - Report Only (P)","0046XX CAMDEN AVE N",4,"Lind - Bohanon",4,45.03941,-93.28887,-10384869.9958677,5627727.59613713,1,60654,2020,9
-10383428.0838,5617194.8498,"Crime Offenses (NIBRS)","20-222768","MP2020222768",2020-08-26,"23:26:00+00","2020/08/26 23:26:00+00","Property","Group A","200","Arson","Arson","Fire - Report Only (P)","Fire - Report Only (P)","0011XX NICOLLET MALL",1,"Downtown West",7,44.97251,-93.27592,-10383428.0837933,5617194.84976382,1,60675,2020,8
-10376929.7181,5608883.2648,"Crime Offenses (NIBRS)","20-232073","MP2020232073",2020-09-06,"22:30:00+00","2020/09/06 18:27:00+00","Property","Group A","200","Arson","Arson","Damage Property-In Progress(P)","Damage Property-In Progress(P)","0038XX 46TH ST E",3,"Hiawatha",12,44.91967,-93.21755,-10376929.7181227,5608883.26477629,1,61006,2020,9
-10379708.2693,5615758.4589,"Crime Offenses (NIBRS)","20-223813","MP2020223813",2020-08-28,"05:57:00+00","2020/08/28 05:57:00+00","Property","Group A","200","Arson","Arson","Fire - Report Only (P)","Fire - Report Only (P)","0009XX 21ST AVE S",3,"Seward",6,44.96338,-93.24251,-10379708.2693058,5615758.4589067,1,61193,2020,8
-10381732.7281,5608606.6612,"Crime Offenses (NIBRS)","20-227001","MP2020227001",2020-08-31,"22:14:00+00","2020/08/31 22:14:00+00","Property","Group A","200","Arson","Arson","Assist Fire Personnel (P)","Damage Property-In Progress(P)","0009XX 47TH ST E",3,"Northrop",11,44.91791,-93.26069,-10381732.7281046,5608606.66120462,1,61621,2020,8
0,0,"Crime Offenses (NIBRS)","20-227821","MP2020227821",2020-09-01,"22:22:00+00","2020/09/01 22:22:00+00","Property","Group A","200","Arson","Arson","Assist Fire Personnel (P)","Assist Fire Personnel (P)","No Address",NA,NA,NA,0,0,0,0,1,61740,2020,9
-10378731.2887,5613397.6946,"Crime Offenses (NIBRS)","20-240188","MP2020240188",2020-09-16,"16:55:00+00","2020/05/27 17:00:00+00","Property","Group A","200","Arson","Arson","Damage Property-Rpt Only (P)","Damage Property-Rpt Only (P)","0026XX LAKE ST E",3,"Longfellow",9,44.94837,-93.23373,-10378731.2886856,5613397.69459644,1,61832,2020,9
-10385496.8636,5626640.4693,"Crime Offenses (NIBRS)","20-239844","MP2020239844",2020-09-16,"04:28:00+00","2020/09/16 04:28:00+00","Property","Group A","200","Arson","Arson","Fire - Report Only (P)","Fire - Report Only (P)","0042XX EMERSON AVE N",4,"Webber - Camden",4,45.03251,-93.29451,-10385496.8636154,5626640.46933426,1,62044,2020,9
-10385453.3652,5621250.8442,"Crime Offenses (NIBRS)","20-232412","MP2020232412",2020-09-07,"01:22:00+00","2020/09/07 01:22:00+00","Property","Group A","200","Arson","Arson","Fire - Report Only (P)","Fire - Report Only (P)","0018XX EMERSON AVE N",4,"Near - North",5,44.99828,-93.29411,-10385453.3652209,5621250.84424368,1,62065,2020,9
-10379950.8938,5623235.4006,"Crime Offenses (NIBRS)","20-244047","MP2020244047",2020-09-21,"01:28:00+00","2020/09/21 00:56:00+00","Property","Group A","200","Arson","Arson","Assist Fire Personnel (P)","Damage Property-In Progress(P)","0010XX 23RD AVE NE",2,"Audubon Park",1,45.01089,-93.24469,-10379950.8937617,5623235.4006332,1,63396,2020,9
-10385335.8728,5623164.7626,"Crime Offenses (NIBRS)","20-245044","MP2020245044",2020-09-22,"06:39:00+00","2020/09/22 06:39:00+00","Property","Group A","200","Arson","Arson","Outside Fire (F)~FIRE","Fire - Report Only (P)","0029XX DUPONT AVE N",4,"Hawthorne",5,45.01044,-93.29306,-10385335.8728144,5623164.76264305,1,63451,2020,9
-10381925.8615,5623880.0115,"Crime Offenses (NIBRS)","20-231330","MP2020231330",2020-09-05,"22:01:00+00","2020/09/05 21:09:00+00","Property","Group A","200","Arson","Arson","Assist Fire Personnel (P)","Assist Fire Personnel (P)","0003XX 26TH AVE NE",2,"Holland",1,45.01498,-93.26243,-10381925.8614598,5623880.01149621,1,63671,2020,9
-10384777.4297,5624860.9942,"Crime Offenses (NIBRS)","20-239765","MP2020239765",2020-09-16,"01:10:00+00","2020/09/16 01:10:00+00","Property","Group A","200","Arson","Arson","Gasoline Leak/Spill (F)~FIRE","Fire - Report Only (P)","0036XX LYNDALE AVE N",4,"McKinley",4,45.02121,-93.28804,-10384777.4296729,5624860.99420941,1,63677,2020,9
-10383335.1782,5617346.9131,"Crime Offenses (NIBRS)","20-223189","MP2020223189",2020-08-26,"23:06:00+00","2020/08/26 23:06:00+00","Property","Group A","200","Arson","Arson","Fire - Report Only (P)","Fire - Report Only (P)","0010XX NICOLLET MALL",1,"Downtown West",7,44.97348,-93.27509,-10383335.1781565,5617346.91307039,1,63930,2020,8
-10387878.9201,5621839.6497,"Crime Offenses (NIBRS)","20-224484","MP2020224484",2020-08-28,"22:19:00+00","2020/08/28 22:19:00+00","Property","Group A","200","Arson","Arson","Fire - Report Only (P)","Fire - Report Only (P)","0022XX VINCENT AVE N",4,"Willard - Hay",5,45.00202,-93.3159,-10387878.9201408,5621839.64969607,1,63998,2020,8
-10379177.4681,5615235.9246,"Crime Offenses (NIBRS)","20-258214","MP2020258214",2020-10-07,"01:06:00+00","2020/10/07 00:55:00+00","Property","Group A","200","Arson","Arson","Damage Property-Rpt Only (P)","Damage Property-Rpt Only (P)","0022XX 24TH AVE S",3,"Seward",6,44.96006,-93.23774,-10379177.4680862,5615235.92460728,1,64340,2020,10
-10382358.9538,5611587.9405,"Crime Offenses (NIBRS)","20-251883","MP2020251883",2020-09-29,"23:06:00+00","2020/09/29 20:00:00+00","Property","Group A","200","Arson","Arson","Assist Fire Personnel (P)","Assist Fire Personnel (P)","0036XX OAKLAND AVE",3,"Central",8,44.93687,-93.26632,-10382358.9538409,5611587.94045622,1,64628,2020,9
-10384141.0659,5625092.0631,"Crime Offenses (NIBRS)","20-262461","MP2020262461",2020-10-11,"22:13:00+00","2020/10/11 22:13:00+00","Property","Group A","200","Arson","Arson","Assist Fire Personnel (P)","Assist Fire Personnel (P)","0037XX WASHINGTON AVE N",4,"McKinley",4,45.02268,-93.28233,-10384141.0659481,5625092.0631334,1,64692,2020,10
-10384216.5228,5613582.3645,"Crime Offenses (NIBRS)","20-241571","MP2020241571",2020-09-18,"04:14:00+00","2020/09/18 04:14:00+00","Property","Group A","200","Arson","Arson","Fire - Report Only (P)","Fire - Report Only (P)","0029XX PLEASANT AVE",5,"Whittier",10,44.94955,-93.283,-10384216.5227954,5613582.36453595,1,64863,2020,9
-10385898.4879,5623737.7185,"Crime Offenses (NIBRS)","20-264601","MP2020264601",2020-10-14,"16:57:00+00","2020/10/14 16:13:00+00","Property","Group A","200","Arson","Arson","Assist Fire Personnel (P)","Assist Fire Personnel (P)","0032XX HUMBOLDT AVE N",4,"Folwell",4,45.01408,-93.29811,-10385898.4879412,5623737.71850818,1,64950,2020,10
-10380534.172,5614101.9352,"Crime Offenses (NIBRS)","20-265855","MP2020265855",2020-10-16,"04:56:00+00","2020/10/16 03:35:00+00","Property","Group A","200","Arson","Arson","Suspicious Person (P)","Suspicious Person (P)","0027XX 17TH AVE S",3,"East Phillips",9,44.95285,-93.24993,-10380534.1719685,5614101.93519224,1,65066,2020,10
-10382784.5241,5610160.1768,"Crime Offenses (NIBRS)","20-256542","MP2020256542",2020-10-05,"07:16:00+00","2020/10/05 07:16:00+00","Property","Group A","200","Arson","Arson","Fire - Report Only (P)","Fire - Report Only (P)","0041XX 4TH AVE S",3,"Bryant",8,44.92779,-93.27014,-10382784.5240605,5610160.17682027,1,65168,2020,10
-10380534.172,5614101.9352,"Crime Offenses (NIBRS)","20-265860","MP2020265860",2020-10-16,"03:28:00+00","2020/10/16 03:28:00+00","Property","Group A","200","Arson","Arson","Fire - Report Only (P)","Fire - Report Only (P)","0027XX 17TH AVE S",3,"East Phillips",9,44.95285,-93.24993,-10380534.1719685,5614101.93519224,1,65182,2020,10
-10384731.6907,5628863.7132,"Crime Offenses (NIBRS)","20-260282","MP2020260282",2020-10-09,"11:41:00+00","2020/10/09 11:41:00+00","Property","Group A","200","Arson","Arson","Damage Property-In Progress(P)","Damage Property-In Progress(P)","0050XX 6TH ST N",4,"Lind - Bohanon",4,45.04662,-93.28763,-10384731.690657,5628863.71324822,1,65732,2020,10
-10388087.1556,5614626.0301,"Crime Offenses (NIBRS)","20-299530","MP2020299530",2020-11-29,"04:19:00+00","2020/11/29 04:19:00+00","Property","Group A","200","Arson","Arson","Fire - Report Only (P)","Fire - Report Only (P)","0025XX BURNHAM RD",5,"Cedar - Isles - Dean",7,44.95618,-93.31777,-10388087.1555707,5614626.03011251,1,65854,2020,11
-10387735.1347,5623750.6731,"Crime Offenses (NIBRS)","20-273329","MP2020273329",2020-10-25,"20:35:00+00","2020/10/25 20:35:00+00","Property","Group A","200","Arson","Arson","Fire - Report Only (P)","Fire - Report Only (P)","0032XX UPTON AVE N",4,"Cleveland",4,45.01416,-93.31461,-10387735.1347291,5623750.67307336,1,66249,2020,10
-10386745.3426,5624314.1488,"Crime Offenses (NIBRS)","20-264558","MP2020264558",2020-10-14,"15:12:00+00","2020/10/14 15:12:00+00","Property","Group A","200","Arson","Arson","Fire - Report Only (P)","Fire - Report Only (P)","0034XX NEWTON AVE N",4,"Folwell",4,45.01774,-93.30572,-10386745.3426042,5624314.14881608,1,66320,2020,10
-10382784.5241,5610160.1768,"Crime Offenses (NIBRS)","20-255679","MP2020255679",2020-10-04,"03:29:00+00","2020/10/04 03:29:00+00","Property","Group A","200","Arson","Arson","Assist Fire Personnel (P)","Assist Fire Personnel (P)","0041XX 4TH AVE S",3,"Bryant",8,44.92779,-93.27014,-10382784.5240605,5610160.17682027,1,66579,2020,10
-10386671.9747,5621325.085,"Crime Offenses (NIBRS)","20-278181","MP2020278181",2020-10-31,"17:01:00+00","2020/10/31 17:01:00+00","Property","Group A","200","Arson","Arson","Domestic Abuse-In Progress (P)","Domestic Abuse-In Progress (P)","0019XX GOLDEN VALLEY RD",4,"Willard - Hay",5,44.99875,-93.30506,-10386671.9747318,5621325.08504482,1,66595,2020,10
-10377976.3372,5605495.652,"Crime Offenses (NIBRS)","20-258989","MP2020258989",2020-10-07,"23:08:00+00","2020/10/07 21:19:00+00","Property","Group A","200","Arson","Arson","Assist Fire Personnel (P)","Assist Fire Personnel (P)","0031XX 58TH ST E",3,"Wenonah",11,44.89811,-93.22695,-10377976.3371943,5605495.65200555,1,66896,2020,10
-10385293.5387,5627438.2116,"Crime Offenses (NIBRS)","20-252865","MP2020252865",2020-09-30,"23:33:00+00","2020/09/30 23:33:00+00","Property","Group A","200","Arson","Arson","Fire - Report Only (P)","Fire - Report Only (P)","0045XX COLFAX AVE N",4,"Lind - Bohanon",4,45.03757,-93.29268,-10385293.5386537,5627438.21155127,1,67191,2020,9
-10387027.8845,5624317.1891,"Crime Offenses (NIBRS)","20-264036","MP2020264036",2020-10-13,"21:38:00+00","2020/10/13 21:30:00+00","Property","Group A","200","Arson","Arson","Damage Property-In Progress(P)","Damage Property-In Progress(P)","0034XX PENN AVE N",4,"Cleveland",4,45.01776,-93.30826,-10387027.8844786,5624317.18912482,1,67504,2020,10
-10377245.3643,5613537.4409,"Crime Offenses (NIBRS)","20-255029","MP2020255029",2020-10-03,"10:28:00+00","2020/10/03 10:28:00+00","Property","Group A","200","Arson","Arson","Fire - Report Only (P)","Fire - Report Only (P)","0029XX 36TH AVE S",3,"Longfellow",9,44.94926,-93.22038,-10377245.3642731,5613537.44091331,1,67563,2020,10
-10386191.7106,5622371.5438,"Crime Offenses (NIBRS)","20-257209","MP2020257209",2020-10-05,"21:33:00+00","2020/10/05 21:33:00+00","Property","Group A","200","Arson","Arson","Fire - Report Only (P)","Fire - Report Only (P)","0025XX JAMES AVE N",4,"Jordan",5,45.0054,-93.30075,-10386191.710645,5622371.54384591,1,67960,2020,10
-10386180.4573,5623741.042,"Crime Offenses (NIBRS)","20-299564","MP2020299564",2020-11-29,"08:06:00+00","2020/11/29 08:06:00+00","Property","Group A","200","Arson","Arson","Fire - Report Only (P)","Fire - Report Only (P)","0032XX JAMES AVE N",4,"Folwell",4,45.0141,-93.30065,-10386180.457292,5623741.04198252,1,68482,2020,11
-10387169.3415,5624317.4041,"Crime Offenses (NIBRS)","20-295751","MP2020295751",2020-11-23,"18:29:00+00","2020/11/23 18:29:00+00","Property","Group A","200","Arson","Arson","Assist Fire Personnel (P)","Assist Fire Personnel (P)","0034XX QUEEN AVE N",4,"Cleveland",4,45.01776,-93.30953,-10387169.3415288,5624317.4041284,1,68743,2020,11
-10384031.9352,5613582.921,"Crime Offenses (NIBRS)","20-297577","MP2020297577",2020-11-26,"06:45:00+00","2020/11/26 06:45:00+00","Property","Group A","200","Arson","Arson","Fire - Report Only (P)","Fire - Report Only (P)","0029XX PILLSBURY AVE",5,"Whittier",10,44.94955,-93.28135,-10384031.9351528,5613582.92104135,1,69017,2020,11
-10384031.9352,5613582.921,"Crime Offenses (NIBRS)","20-297572","MP2020297572",2020-11-26,"07:34:00+00","2020/11/26 06:44:00+00","Property","Group A","200","Arson","Arson","Assist Fire Personnel (P)","Assist Fire Personnel (P)","0029XX PILLSBURY AVE",5,"Whittier",10,44.94955,-93.28135,-10384031.9351528,5613582.92104135,1,70156,2020,11
-10382307.6515,5613394.2809,"Crime Offenses (NIBRS)","20-301545","MP2020301545",2020-12-02,"05:29:00+00","2020/12/02 05:29:00+00","Property","Group A","200","Arson","Arson","Fire - Report Only (P)","Fire - Report Only (P)","0006XX LAKE ST E",3,"Phillips West",6,44.94835,-93.26586,-10382307.6515165,5613394.28090101,1,70567,2020,12
-10379970.6382,5612969.2861,"Crime Offenses (NIBRS)","20-307365","MP2020307365",2020-12-10,"05:50:00+00","2020/12/10 05:50:00+00","Property","Group A","200","Arson","Arson","Fire - Report Only (P)","Fire - Report Only (P)","0031XX 19TH AVE S",3,"Corcoran",9,44.94565,-93.24486,-10379970.6381947,5612969.28607491,1,70722,2020,12
-10384590.9666,5628965.7529,"Crime Offenses (NIBRS)","20-294646","MP2020294646",2020-11-22,"01:55:00+00","2020/11/21 22:54:00+00","Property","Group A","200","Arson","Arson","Domestic Abuse-In Progress (P)","Domestic (P)","0050XX 4TH ST N",4,"Lind - Bohanon",4,45.04727,-93.28637,-10384590.9666003,5628965.75287513,1,71410,2020,11
-10381660.8044,5622981.8627,"Crime Offenses (NIBRS)","20-290927","MP2020290927",2020-11-17,"07:25:00+00","2020/11/17 07:25:00+00","Property","Group A","200","Arson","Arson","Fire - Report Only (P)","Fire - Report Only (P)","0021XX 5TH ST NE",2,"Holland",1,45.00928,-93.26005,-10381660.8043672,5622981.86274853,1,72303,2020,11
-10380817.5608,5614101.1281,"Crime Offenses (NIBRS)","20-308233","MP2020308233",2020-12-11,"07:31:00+00","2020/12/11 07:31:00+00","Property","Group A","200","Arson","Arson","Fire - Report Only (P)","Fire - Report Only (P)","0027XX BLOOMINGTON AVE",3,"Midtown Phillips",9,44.95285,-93.25247,-10380817.5607511,5614101.12807021,1,74104,2020,12
-10383751.4056,5612007.2226,"Crime Offenses (NIBRS)","20-703694","MP2020703694",2020-07-02,"20:07:00+00","2020/05/30 03:00:00+00","Property","Group A","200","Arson","Arson",NA,NA,"000XX 35TH ST W",5,"Lyndale",8,44.93953,-93.27883,-10383751.4055591,5612007.2225621,1,75091,2020,7
-10386244.8705,5627103.6128,"Crime Offenses (NIBRS)","20-706471","MP2020706471",2020-09-29,"08:36:00+00","2020/09/28 08:10:00+00","Property","Group A","200","Arson","Arson",NA,NA,"0016XX 44TH AVE N",4,"Webber - Camden",4,45.03545,-93.30123,-10386244.8705406,5627103.6128359,1,79086,2020,9
-10383645.8361,5614382.9945,"Crime Offenses (NIBRS)","21-002200","MP20212200",2021-01-04,"07:19:00+00","2021/01/04 07:19:00+00","Property","Group A","200","Arson","Arson","Assist Fire Personnel (P)","Assist Fire Personnel (P)","0026XX NICOLLET AVE",5,"Whittier",10,44.95464,-93.27788,-10383645.836061,5614382.99447364,1,79905,2021,1
-10385012.6388,5628293.8367,"Crime Offenses (NIBRS)","21-002769","MP20212769",2021-01-04,"22:32:00+00","2021/01/04 22:32:00+00","Property","Group A","200","Arson","Arson","Assist Fire Personnel (P)","Assist Fire Personnel (P)","0048XX ALDRICH AVE N",4,"Lind - Bohanon",4,45.043,-93.29016,-10385012.638782,5628293.83670934,1,80102,2021,1
-10382224.4918,5615947.4862,"Crime Offenses (NIBRS)","21-003439","MP20213439",2021-01-05,"20:58:00+00","2021/01/05 20:58:00+00","Property","Group A","200","Arson","Arson","Fire - Report Only (P)","Fire - Report Only (P)","0018XX PARK AVE",3,"Ventura Village",6,44.96458,-93.26511,-10382224.4918291,5615947.48617925,1,80151,2021,1
-10385112.1113,5621249.7465,"Crime Offenses (NIBRS)","21-008542","MP20218542",2021-01-13,"02:02:00+00","2021/01/13 02:02:00+00","Property","Group A","200","Arson","Arson","Fire - Report Only (P)","Fire - Report Only (P)","0018XX BRYANT AVE N",4,"Near - North",5,44.99827,-93.29105,-10385112.1112943,5621249.74649774,1,80787,2021,1
-10381516.8973,5611868.785,"Crime Offenses (NIBRS)","21-007495","MP20217495",2021-01-11,"15:39:00+00","2021/01/11 15:39:00+00","Property","Group A","200","Arson","Arson","Fire - Report Only (P)","Fire - Report Only (P)","0035XX 11TH AVE S",3,"Powderhorn Park",9,44.93865,-93.25875,-10381516.8972906,5611868.78500113,1,82109,2021,1
-10379737.2232,5619600.6392,"Crime Offenses (NIBRS)","21-059130","MP202159130",2021-03-22,"06:36:00+00","2021/03/22 06:36:00+00","Property","Group A","200","Arson","Arson","Fire - Report Only (P)","Fire - Report Only (P)","0007XX 7TH AVE SE",2,"Marcy Holmes",3,44.9878,-93.24277,-10379737.2232118,5619600.63920294,1,82336,2021,3
0,0,"Crime Offenses (NIBRS)","21-002805","MP20212805",2021-01-04,"23:44:00+00","2021/01/04 23:44:00+00","Property","Group A","200","Arson","Arson","Fire - Report Only (P)","Fire - Report Only (P)","No Address",NA,NA,NA,0,0,0,0,1,82476,2021,1
-10383366.307,5613677.0365,"Crime Offenses (NIBRS)","21-002905","MP20212905",2021-01-05,"06:53:00+00","2021/01/05 06:53:00+00","Property","Group A","200","Arson","Arson","Suspicious Person (P)","Suspicious Person (P)","0029XX STEVENS AVE",5,"Whittier",10,44.95015,-93.27537,-10383366.3069789,5613677.0364866,1,82478,2021,1
-10385437.0377,5627717.559,"Crime Offenses (NIBRS)","21-026808","MP202126808",2021-02-07,"04:59:00+00","2021/02/07 04:59:00+00","Property","Group A","200","Arson","Arson","Fire - Report Only (P)","Fire - Report Only (P)","0046XX DUPONT AVE N",4,"Lind - Bohanon",4,45.03934,-93.29397,-10385437.0376616,5627717.5589744,1,82880,2021,2
-10381372.1723,5610734.2447,"Crime Offenses (NIBRS)","21-009895","MP20219895",2021-01-14,"22:03:00+00","2021/01/14 22:03:00+00","Property","Group A","200","Arson","Arson","Assist Fire Personnel (P)","Recover Vehicle (P)","0039XX 12TH AVE S",3,"Bancroft",8,44.93144,-93.25745,-10381372.1723472,5610734.24473875,1,83104,2021,1
-10385622.9344,5621845.6258,"Crime Offenses (NIBRS)","21-036241","MP202136241",2021-02-20,"19:43:00+00","2021/02/20 19:43:00+00","Property","Group A","200","Arson","Arson","Fire - Report Only (P)","Fire - Report Only (P)","0022XX FREMONT AVE N",4,"Jordan",5,45.00206,-93.29564,-10385622.9343556,5621845.6257699,1,83441,2021,2
-10385963.9498,5621661.3301,"Crime Offenses (NIBRS)","21-035722","MP202135722",2021-02-19,"22:10:00+00","2021/02/19 22:10:00+00","Property","Group A","200","Arson","Arson","Fire - Report Only (P)","Fire - Report Only (P)","0021XX IRVING AVE N",4,"Jordan",5,45.00089,-93.2987,-10385963.9497662,5621661.33012125,1,85205,2021,2
-10383638.8954,5616402.5245,"Crime Offenses (NIBRS)","21-036707","MP202136707",2021-02-21,"14:19:00+00","2021/02/21 14:15:00+00","Property","Group A","200","Arson","Arson","Assist Fire Personnel (P)","Assist Fire Personnel (P)","0015XX NICOLLET AVE",1,"Loring Park",7,44.96747,-93.27782,-10383638.8954282,5616402.52450711,1,85320,2021,2
-10386853.2399,5622166.6375,"Crime Offenses (NIBRS)","21-055711","MP202155711",2021-03-17,"21:55:00+00","2021/03/17 21:55:00+00","Property","Group A","200","Arson","Arson","Damage Property-In Progress(P)","Damage Property-In Progress(P)","0021XX WILLOW AVE N",4,"Jordan",5,45.0041,-93.30669,-10386853.2399206,5622166.63747866,1,85489,2021,3
-10379003.0539,5618374.8693,"Crime Offenses (NIBRS)","21-045547","MP202145547",2021-03-05,"00:07:00+00","2021/03/04 22:45:00+00","Property","Group A","200","Arson","Arson","Assist Fire Personnel (P)","Assist Fire Personnel (P)","0003XX 14TH AVE SE",2,"Marcy Holmes",2,44.98001,-93.23617,-10379003.0539009,5618374.86927065,1,85666,2021,3
-10384518.3334,5623868.0729,"Crime Offenses (NIBRS)","21-047144","MP202147144",2021-03-06,"20:43:00+00","2021/03/06 20:43:00+00","Property","Group A","200","Arson","Arson","Fire - Report Only (P)","Fire - Report Only (P)","0004XX 33RD AVE N",4,"McKinley",4,45.0149,-93.28572,-10384518.3333575,5623868.07285522,1,86061,2021,3
-10384432.3078,5617578.4834,"Crime Offenses (NIBRS)","21-053761","MP202153761",2021-03-15,"05:07:00+00","2021/03/15 05:07:00+00","Property","Group A","200","Arson","Arson","Attempted Suicide (PE)~FIRE","Fire - Report Only (P)","0015XX HAWTHORNE AVE",1,"Loring Park",7,44.97495,-93.28494,-10384432.307764,5617578.48340465,1,86659,2021,3
-10375830.9765,5605357.881,"Crime Offenses (NIBRS)","21-054430","MP202154430",2021-03-16,"07:13:00+00","2021/03/16 07:13:00+00","Property","Group A","200","Arson","Arson","Assist Fire Personnel (P)","Assist Fire Personnel (P)","0058XX 46TH AVE S",3,"Morris Park",12,44.89724,-93.20768,-10375830.9765342,5605357.88100313,1,86871,2021,3
-10384806.9204,5606449.0673,"Crime Offenses (NIBRS)","21-077086","MP202177086",2021-04-13,"03:43:00+00","2021/04/13 03:43:00+00","Property","Group A","200","Arson","Arson","Fire - Report Only (P)","Fire - Report Only (P)","0054XX LYNDALE AVE S",5,"Kenny",13,44.90418,-93.28831,-10384806.9203666,5606449.06725435,1,87056,2021,4
-10384724.9721,5628293.8161,"Crime Offenses (NIBRS)","21-082364","MP202182364",2021-04-20,"07:00:00+00","2021/04/20 07:00:00+00","Property","Group A","200","Arson","Arson","Damage Property-Rpt Only (P)","Damage Property-Rpt Only (P)","0048XX 6TH ST N",4,"Lind - Bohanon",4,45.043,-93.28757,-10384724.9721182,5628293.81612863,1,87510,2021,4
-10383366.307,5613677.0365,"Crime Offenses (NIBRS)","21-077845","MP202177845",2021-04-14,"07:30:00+00","2021/04/14 07:30:00+00","Property","Group A","200","Arson","Arson","Fire - Report Only (P)","Fire - Report Only (P)","0029XX STEVENS AVE",5,"Whittier",8,44.95015,-93.27537,-10383366.3069789,5613677.0364866,1,87549,2021,4
-10384032.4819,5616442.011,"Crime Offenses (NIBRS)","21-078405","MP202178405",2021-04-15,"00:51:00+00","2021/04/14 22:53:00+00","Property","Group A","200","Arson","Arson","Unknown Trouble (P)","Domestic (P)","0002XX 15TH ST W",1,"Loring Park",7,44.96773,-93.28135,-10384032.4818937,5616442.01097424,1,88647,2021,4
-10380594.8865,5615373.2442,"Crime Offenses (NIBRS)","21-081801","MP202181801",2021-04-19,"13:24:00+00","2021/04/19 11:00:00+00","Property","Group A","200","Arson","Arson","Unwanted Person (P)","Unwanted Person (P)","0016XX 22ND ST E",3,"Ventura Village",6,44.96093,-93.25047,-10380594.8864894,5615373.24420538,1,88935,2021,4
-10381244.887,5613253.5335,"Crime Offenses (NIBRS)","21-083071","MP202183071",2021-04-21,"05:19:00+00","2021/04/21 05:19:00+00","Property","Group A","200","Arson","Arson","Fight (P)","Fire - Report Only (P)","0030XX 13TH AVE S",3,"Midtown Phillips",9,44.94746,-93.25631,-10381244.8870021,5613253.53345264,1,89014,2021,4
-10386608.2753,5619473.1302,"Crime Offenses (NIBRS)","21-078654","MP202178654",2021-04-15,"05:27:00+00","2021/04/15 05:27:00+00","Property","Group A","200","Arson","Arson","Fire - Report Only (P)","Fire - Report Only (P)","0008XX MORGAN AVE N",4,"Near - North",5,44.98699,-93.30449,-10386608.275281,5619473.13024463,1,89241,2021,4
-10382522.4221,5607652.876,"Crime Offenses (NIBRS)","21-084377","MP202184377",2021-04-23,"01:44:00+00","2021/04/23 01:44:00+00","Property","Group A","200","Arson","Arson","Fire - Report Only (P)","Fire - Report Only (P)","0050XX PORTLAND AVE",3,"Page",11,44.91184,-93.26779,-10382522.4220623,5607652.87598162,1,89675,2021,4
-10387165.1547,5621471.5717,"Crime Offenses (NIBRS)","21-086116","MP202186116",2021-04-25,"11:23:00+00","2021/04/25 11:23:00+00","Property","Group A","200","Arson","Arson","Fire - Report Only (P)","Fire - Report Only (P)","0020XX QUEEN AVE N",4,"Willard - Hay",5,44.99968,-93.30949,-10387165.1546979,5621471.57173691,1,89762,2021,4
-10385827.3614,5623027.8861,"Crime Offenses (NIBRS)","21-095429","MP202195429",2021-05-06,"21:29:00+00","2021/05/06 21:29:00+00","Property","Group A","200","Arson","Arson","Fire - Report Only (P)","Fire - Report Only (P)","0014XX 29TH AVE N",4,"Jordan",5,45.00957,-93.29747,-10385827.3614407,5623027.88605615,1,90392,2021,5
-10384030.241,5613865.3738,"Crime Offenses (NIBRS)","21-097219","MP202197219",2021-05-08,"23:17:00+00","2021/05/08 23:17:00+00","Property","Group A","200","Arson","Arson","Damage Property-In Progress(P)","Damage Property-In Progress(P)","0028XX PILLSBURY AVE",5,"Whittier",10,44.95135,-93.28133,-10384030.2409979,5613865.37380202,1,90658,2021,5
-10382507.8856,5615938.321,"Crime Offenses (NIBRS)","21-112715","MP2021112715",2021-05-26,"01:30:00+00","2021/05/26 01:30:00+00","Property","Group A","200","Arson","Arson","Fire - Report Only (P)","Fire - Report Only (P)","0018XX PORTLAND AVE",3,"Ventura Village",6,44.96452,-93.26766,-10382507.8855961,5615938.32100898,1,91314,2021,5
-10382972.4729,5617961.293,"Crime Offenses (NIBRS)","21-106699","MP2021106699",2021-05-19,"17:42:00+00","2021/05/19 16:00:00+00","Property","Group A","200","Arson","Arson","On Site (P)","Damage Property-In Progress(P)","0006XX NICOLLET MALL",1,"Downtown West",7,44.97738,-93.27183,-10382972.4729412,5617961.29296565,1,91585,2021,5
-10385477.1222,5624299.6748,"Crime Offenses (NIBRS)","21-105461","MP2021105461",2021-05-18,"04:51:00+00","2021/05/18 04:51:00+00","Property","Group A","200","Arson","Arson","Fire - Report Only (P)","Fire - Report Only (P)","0034XX EMERSON AVE N",4,"Folwell",4,45.01764,-93.29433,-10385477.122197,5624299.6747655,1,91735,2021,5
-10385477.369,5624015.3504,"Crime Offenses (NIBRS)","21-126398","MP2021126398",2021-06-10,"14:23:00+00","2021/06/10 14:23:00+00","Property","Group A","200","Arson","Arson","Assist Fire Personnel (P)","Assist Fire Personnel (P)","0033XX EMERSON AVE N",4,"Folwell",4,45.01584,-93.29433,-10385477.3689667,5624015.35035861,1,92193,2021,6
-10385477.369,5624015.3504,"Crime Offenses (NIBRS)","21-126461","MP2021126461",2021-06-10,"14:22:00+00","2021/06/10 14:22:00+00","Property","Group A","200","Arson","Arson","Fire - Report Only (P)","Fire - Report Only (P)","0033XX EMERSON AVE N",4,"Folwell",4,45.01584,-93.29433,-10385477.3689667,5624015.35035861,1,92195,2021,6
-10387593.1597,5621190.6542,"Crime Offenses (NIBRS)","21-135888","MP2021135888",2021-06-21,"16:45:00+00","2021/06/21 16:45:00+00","Property","Group A","200","Arson","Arson","Fire - Report Only (P)","Fire - Report Only (P)","0017XX THOMAS AVE N",4,"Willard - Hay",5,44.9979,-93.31334,-10387593.1596754,5621190.65424182,1,92285,2021,6
-10380392.983,5612416.6776,"Crime Offenses (NIBRS)","21-119097","MP2021119097",2021-06-02,"13:25:00+00","2021/06/02 00:01:00+00","Property","Group A","200","Arson","Arson","Damage Property-Rpt Only (P)","Damage Property-Rpt Only (P)","0033XX 18TH AVE S",3,"Powderhorn Park",9,44.94214,-93.24866,-10380392.9830394,5612416.67755386,1,92382,2021,6
-10385198.1786,5624865.7714,"Crime Offenses (NIBRS)","21-131159","MP2021131159",2021-06-16,"04:29:00+00","2021/06/16 04:29:00+00","Property","Group A","200","Arson","Arson","Fire - Report Only (P)","Fire - Report Only (P)","0036XX COLFAX AVE N",4,"McKinley",4,45.02124,-93.29182,-10385198.1785898,5624865.77135034,1,92840,2021,6
-10386180.3787,5624024.5734,"Crime Offenses (NIBRS)","21-134763","MP2021134763",2021-06-20,"03:55:00+00","2021/06/20 03:55:00+00","Property","Group A","200","Arson","Arson","Fire - Report Only (P)","Fire - Report Only (P)","0033XX JAMES AVE N",4,"Folwell",4,45.0159,-93.30065,-10386180.3787315,5624024.57344086,1,93031,2021,6
-10381093.8537,5611867.788,"Crime Offenses (NIBRS)","21-118854","MP2021118854",2021-06-02,"05:09:00+00","2021/06/02 05:09:00+00","Property","Group A","200","Arson","Arson","Fire - Report Only (P)","Fire - Report Only (P)","0035XX 14TH AVE S",3,"Powderhorn Park",9,44.93865,-93.25495,-10381093.8536755,5611867.78795362,1,93086,2021,6
-10385778.5414,5612970.8131,"Crime Offenses (NIBRS)","21-146474","MP2021146474",2021-07-03,"22:53:00+00","2021/07/03 22:53:00+00","Property","Group A","200","Arson","Arson","Police Event (P)","Police Event (P)","0031XX GIRARD AVE S",5,"Lowry Hill East",10,44.94566,-93.29704,-10385778.541385,5612970.81314588,1,93301,2021,7
-10385778.5414,5612970.8131,"Crime Offenses (NIBRS)","21-120550","MP2021120550",2021-06-04,"03:12:00+00","2021/06/03 22:10:00+00","Property","Group A","200","Arson","Arson","On Site (P)","Suspicious Person (P)","0031XX GIRARD AVE S",5,"Lowry Hill East",10,44.94566,-93.29704,-10385778.541385,5612970.81314588,1,93487,2021,6
-10381184.4938,5616474.3222,"Crime Offenses (NIBRS)","21-145770","MP2021145770",2021-07-03,"02:04:00+00","2021/07/03 02:04:00+00","Property","Group A","200","Arson","Arson","Assist Fire Personnel (P)","Assist Fire Personnel (P)","0008XX 13TH AVE S",1,"Elliot Park",6,44.96793,-93.25577,-10381184.4938317,5616474.32216328,1,93563,2021,7
-10384436.8977,5624576.026,"Crime Offenses (NIBRS)","21-124070","MP2021124070",2021-06-07,"20:18:00+00","2021/06/07 20:18:00+00","Property","Group A","200","Arson","Arson","Assist Fire Personnel (P)","Assist Fire Personnel (P)","0035XX 4TH ST N",4,"McKinley",4,45.0194,-93.28498,-10384436.8977238,5624576.02600521,1,93645,2021,6
-10384696.3221,5627730.8676,"Crime Offenses (NIBRS)","21-137153","MP2021137153",2021-06-23,"00:33:00+00","2021/06/23 00:33:00+00","Property","Group A","200","Arson","Arson","Domestic Abuse-In Progress (P)","Domestic Abuse-In Progress (P)","0046XX LYNDALE AVE N",4,"Lind - Bohanon",4,45.03943,-93.28731,-10384696.322144,5627730.86758852,1,93986,2021,6
-10376929.7181,5608883.2648,"Crime Offenses (NIBRS)","21-143287","MP2021143287",2021-06-17,"05:36:00+00","2021/06/17 05:36:00+00","Property","Group A","200","Arson","Arson","Fire Reported Out (F)~FIRE","Miscellaneous (P)","0038XX 46TH ST E",3,"Hiawatha",12,44.91967,-93.21755,-10376929.7181227,5608883.26477629,1,94123,2021,6
-10381380.3353,5620921.4553,"Crime Offenses (NIBRS)","21-141016","MP2021141016",2021-06-27,"15:19:00+00","2021/06/27 15:19:00+00","Property","Group A","200","Arson","Arson","Damage Property-Rpt Only (P)","Damage Property-Rpt Only (P)","0006XX WASHINGTON ST NE",2,"St. Anthony East",3,44.99619,-93.25753,-10381380.3353204,5620921.45529716,1,94421,2021,6
-10385155.7265,5627722.5268,"Crime Offenses (NIBRS)","21-158045","MP2021158045",2021-07-17,"03:41:00+00","2021/07/17 03:41:00+00","Property","Group A","200","Arson","Arson","Fire - Report Only (P)","Fire - Report Only (P)","0046XX BRYANT AVE N",4,"Lind - Bohanon",4,45.03938,-93.29144,-10385155.7265321,5627722.52684822,1,94473,2021,7
-10387026.2469,5623750.4666,"Crime Offenses (NIBRS)","21-137827","MP2021137827",2021-06-23,"18:52:00+00","2021/06/23 18:52:00+00","Property","Group A","200","Arson","Arson","Fire - Report Only (P)","Fire - Report Only (P)","0032XX PENN AVE N",4,"Cleveland",4,45.01416,-93.30824,-10387026.2468659,5623750.46657605,1,94847,2021,6
-10385904.3244,5616158.8834,"Crime Offenses (NIBRS)","21-150366","MP2021150366",2021-07-08,"05:09:00+00","2021/07/08 05:09:00+00","Property","Group A","200","Arson","Arson","Fire - Report Only (P)","Fire - Report Only (P)","0017XX HUMBOLDT AVE S",5,"Lowry Hill",7,44.96593,-93.29817,-10385904.324446,5616158.88341899,1,94870,2021,7
-10379971.6734,5613331.2159,"Crime Offenses (NIBRS)","21-163862","MP2021163862",2021-07-23,"19:37:00+00","2021/07/23 19:37:00+00","Property","Group A","200","Arson","Arson","Fire - Report Only (P)","Fire - Report Only (P)","0030XX 19TH AVE S",3,"Corcoran",9,44.94795,-93.24487,-10379971.673374,5613331.21587192,1,95207,2021,7
-10384715.0214,5613119.6413,"Crime Offenses (NIBRS)","21-166345","MP2021166345",2021-07-26,"17:56:00+00","2021/07/24 22:00:00+00","Property","Group A","200","Arson","Arson","Damage Property-Rpt Only (P)","Damage Property-Rpt Only (P)","0006XX 31ST ST W",5,"Lyndale",8,44.94661,-93.28748,-10384715.0214318,5613119.64131279,1,95615,2021,7
-10382228.5984,5614382.6946,"Crime Offenses (NIBRS)","21-167820","MP2021167820",2021-07-24,"21:19:00+00","2021/07/24 21:19:00+00","Property","Group A","200","Arson","Arson","Domestic (P)","Damage Property-In Progress(P)","0026XX PARK AVE",3,"Phillips West",6,44.95464,-93.26515,-10382228.5984388,5614382.69461288,1,95867,2021,7
-10381791.3321,5620333.6322,"Crime Offenses (NIBRS)","21-168582","MP2021168582",2021-07-29,"02:10:00+00","2021/07/29 02:10:00+00","Property","Group A","200","Arson","Arson","Fire - Report Only (P)","Fire - Report Only (P)","0004XX 2ND ST NE",2,"St. Anthony West",3,44.99245,-93.26122,-10381791.3320755,5620333.63215848,1,95976,2021,7
-10383375.6665,5607887.0942,"Crime Offenses (NIBRS)","21-161069","MP2021161069",2021-07-20,"18:27:00+00","2021/07/20 18:27:00+00","Property","Group A","200","Arson","Arson","Explosion (P)","Explosion (P)","0049XX STEVENS AVE",5,"Tangletown",11,44.91333,-93.27545,-10383375.6665142,5607887.09421307,1,96132,2021,7
-10385191.5423,5615590.7744,"Crime Offenses (NIBRS)","21-159173","MP2021159173",2021-07-18,"16:28:00+00","2021/07/18 12:00:00+00","Property","Group A","200","Arson","Arson","Burglary Business - Report (P)","Burglary Business - Report (P)","0020XX HENNEPIN AVE",5,"Lowry Hill",7,44.96232,-93.29176,-10385191.5423192,5615590.77439145,1,96323,2021,7
-10385453.0757,5621027.941,"Crime Offenses (NIBRS)","21-131980","MP2021131980",2021-06-17,"04:39:00+00","2021/06/17 04:39:00+00","Property","Group A","200","Arson","Arson","Fire Suspicious Activity (P)","Fire Suspicious Activity (P)","0017XX EMERSON AVE N",4,"Near - North",5,44.99686,-93.29411,-10385453.0756718,5621027.94096551,1,96373,2021,6
-10386326.5789,5620040.7524,"Crime Offenses (NIBRS)","21-172577","MP2021172577",2021-08-02,"18:31:00+00","2021/08/02 18:31:00+00","Property","Group A","200","Arson","Arson","Fire - Report Only (P)","Fire - Report Only (P)","0012XX KNOX AVE N",4,"Near - North",5,44.99059,-93.30196,-10386326.5788845,5620040.7524202,1,96463,2021,8
-10386270.9865,5613537.2337,"Crime Offenses (NIBRS)","21-148386","MP2021148386",2021-07-06,"02:41:00+00","2021/07/06 02:41:00+00","Property","Group A","200","Arson","Arson","Disturbance (P)","Disturbance (P)","0015XX LAGOON AVE",5,"Lowry Hill East",10,44.94926,-93.30146,-10386270.986461,5613537.23367353,1,96484,2021,7
-10385847.8659,5613396.2359,"Crime Offenses (NIBRS)","21-148419","MP2021148419",2021-07-11,"08:53:00+00","2021/07/06 03:49:00+00","Property","Group A","200","Arson","Arson","Fire - Report Only (P)","Fire - Report Only (P)","0014XX LAKE ST W",5,"Lowry Hill East",10,44.94836,-93.29766,-10385847.8658848,5613396.23594265,1,96485,2021,7
-10383083.8209,5612994.9241,"Crime Offenses (NIBRS)","21-151396","MP2021151396",2021-07-09,"10:27:00+00","2021/07/09 10:27:00+00","Property","Group A","200","Arson","Arson","Animal Call (P)","Animal Call (P)","0031XX 3RD AVE S",3,"Central",8,44.94581,-93.27283,-10383083.8208537,5612994.92407454,1,96704,2021,7
-10380445.7986,5618880.3,"Crime Offenses (NIBRS)","21-184727","MP2021184727",2021-08-16,"17:40:00+00","2021/08/16 17:00:00+00","Property","Group A","200","Arson","Arson","Property Damage Accident (P)","Assist Fire Personnel (P)","0005XX 2ND ST SE",2,"Marcy Holmes",3,44.98322,-93.24913,-10380445.7986354,5618880.30003542,1,97323,2021,8
-10387593.1597,5621190.6542,"Crime Offenses (NIBRS)","21-135883","MP2021135883",2021-06-21,"16:44:00+00","2021/06/21 16:44:00+00","Property","Group A","200","Arson","Arson","Assist Fire Personnel (P)","Assist Fire Personnel (P)","0017XX THOMAS AVE N",4,"Willard - Hay",5,44.9979,-93.31334,-10387593.1596754,5621190.65424182,1,97474,2021,6
-10381241.1191,5614099.8182,"Crime Offenses (NIBRS)","21-181779","MP2021181779",2021-08-13,"06:43:00+00","2021/08/13 04:40:00+00","Property","Group A","200","Arson","Arson","Fire - Report Only (P)","Fire - Report Only (P)","0027XX 13TH AVE S",3,"Midtown Phillips",9,44.95284,-93.25628,-10381241.1190673,5614099.81819503,1,99174,2021,8
-10385075.2578,5627104.0072,"Crime Offenses (NIBRS)","21-211101","MP2021211101",2021-09-15,"18:15:00+00","2021/09/15 12:44:00+00","Property","Group A","200","Arson","Arson","Fire - Report Only (P)","Fire - Report Only (P)","0008XX 44TH AVE N",4,"Lind - Bohanon",4,45.03545,-93.29072,-10385075.2577763,5627104.00716665,1,99445,2021,9
-10384843.7834,5623302.8822,"Crime Offenses (NIBRS)","21-162324","MP2021162324",2021-07-22,"01:00:00+00","2021/07/22 01:00:00+00","Property","Group A","200","Arson","Arson","Fire - Report Only (P)","Fire - Report Only (P)","0007XX 30TH AVE N",4,"Hawthorne",5,45.01131,-93.28864,-10384843.7833904,5623302.88220324,1,99850,2021,7
-10383563.4921,5616770.7739,"Crime Offenses (NIBRS)","21-210092","MP2021210092",2021-09-14,"09:58:00+00","2021/09/14 09:58:00+00","Property","Group A","200","Arson","Arson","Assist Fire Personnel (P)","Assist Fire Personnel (P)","000XX GRANT ST E",1,"Loring Park",7,44.96982,-93.27714,-10383563.4921455,5616770.77392162,1,100179,2021,9
-10379497.7643,5612684.236,"Crime Offenses (NIBRS)","21-168479","MP2021168479",2021-07-28,"23:14:00+00","2021/07/28 22:30:00+00","Property","Group A","200","Arson","Arson","Assist Fire Personnel (P)","Assist Fire Personnel (P)","0032XX 22ND AVE S",3,"Corcoran",9,44.94384,-93.24061,-10379497.76428,5612684.23598673,1,100476,2021,7
-10386328.7542,5618902.6882,"Crime Offenses (NIBRS)","21-213674","MP2021213674",2021-09-18,"06:30:00+00","2021/09/18 05:50:00+00","Property","Group A","200","Arson","Arson","Domestic Abuse-In Progress (P)","Domestic Abuse-In Progress (P)","0005XX KNOX AVE N",4,"Harrison",5,44.98336,-93.30198,-10386328.7541526,5618902.68816794,1,100488,2021,9
-10386346.9576,5622139.8766,"Crime Offenses (NIBRS)","21-171263","MP2021171263",2021-08-01,"03:15:00+00","2021/08/01 03:15:00+00","Property","Group A","200","Arson","Arson","Fire - Report Only (P)","Fire - Report Only (P)","0024XX JAMES AVE N",4,"Jordan",5,45.00393,-93.30214,-10386346.9576138,5622139.87655433,1,100657,2021,8
-10383507.7007,5612434.591,"Crime Offenses (NIBRS)","21-198027","MP2021198027",2021-09-01,"01:55:00+00","2021/08/31 01:55:00+00","Property","Group A","200","Arson","Arson","Sound of Shots Fired (P)","Sound of Shots Fired (P)","0033XX 1ST AVE S",5,"Lyndale",8,44.94225,-93.27664,-10383507.700727,5612434.59101006,1,100713,2021,9
-10384597.3192,5623483.6637,"Crime Offenses (NIBRS)","21-195515","MP2021195515",2021-08-29,"01:23:00+00","2021/08/29 01:23:00+00","Property","Group A","200","Arson","Arson","Fire Suspicious Activity (P)","Fire Suspicious Activity (P)","0031XX 6TH ST N",4,"Hawthorne",5,45.01246,-93.28642,-10384597.3191973,5623483.66371439,1,100727,2021,8
-10386328.7542,5618902.6882,"Crime Offenses (NIBRS)","21-186523","MP2021186523",2021-08-18,"17:55:00+00","2021/08/18 17:45:00+00","Property","Group A","200","Arson","Arson","Assault in Progress (P)","Assault in Progress (P)","0005XX KNOX AVE N",4,"Harrison",5,44.98336,-93.30198,-10386328.7541526,5618902.68816794,1,100744,2021,8
-10385922.6597,5626938.3975,"Crime Offenses (NIBRS)","21-216599","MP2021216599",2021-09-21,"15:10:00+00","2021/09/21 12:39:00+00","Property","Group A","200","Arson","Arson","Assist Fire Personnel (P)","Fire - Report Only (P)","0043XX HUMBOLDT AVE N",4,"Webber - Camden",4,45.0344,-93.29833,-10385922.6597265,5626938.39747643,1,100883,2021,9
-10384056.3995,5620861.677,"Crime Offenses (NIBRS)","21-217996","MP2021217996",2021-09-23,"03:25:00+00","2021/09/23 00:01:00+00","Property","Group A","200","Arson","Arson","Fire - Report Only (P)","Fire - Report Only (P)","0016XX WASHINGTON AVE N",4,"Near - North",5,44.99581,-93.28157,-10384056.3995044,5620861.67704219,1,101078,2021,9
-10381244.887,5613253.5335,"Crime Offenses (NIBRS)","21-192848","MP2021192848",2021-08-26,"00:51:00+00","2021/08/26 00:51:00+00","Property","Group A","200","Arson","Arson","Assist Fire Personnel (P)","Assist Fire Personnel (P)","0030XX 13TH AVE S",3,"Midtown Phillips",9,44.94746,-93.25631,-10381244.8870021,5613253.53345264,1,101338,2021,8
-10387035.0613,5625171.6591,"Crime Offenses (NIBRS)","21-203594","MP2021203594",2021-09-07,"07:39:00+00","2021/09/07 07:39:00+00","Property","Group A","200","Arson","Arson","Assist Fire Personnel (P)","Assist Fire Personnel (P)","0037XX PENN AVE N",4,"Folwell",4,45.02318,-93.30832,-10387035.061271,5625171.65910864,1,101403,2021,9
-10387183.7344,5619474.528,"Crime Offenses (NIBRS)","21-193071","MP2021193071",2021-08-26,"10:37:00+00","2021/08/26 10:37:00+00","Property","Group A","200","Arson","Arson","Damage Property-Rpt Only (P)","Damage Property-Rpt Only (P)","0009XX QUEEN AVE N",4,"Willard - Hay",5,44.987,-93.30966,-10387183.7343819,5619474.52800369,1,101404,2021,8
-10377872.2618,5605495.7138,"Crime Offenses (NIBRS)","21-197162","MP2021197162",2021-08-30,"21:22:00+00","2021/08/30 21:22:00+00","Property","Group A","200","Arson","Arson","Fire - Report Only (P)","Fire - Report Only (P)","0031XX 58TH ST E",3,"Wenonah",11,44.89811,-93.22601,-10377872.2618311,5605495.71383184,1,101656,2021,8
-10386177.9434,5622605.5853,"Crime Offenses (NIBRS)","21-208314","MP2021208314",2021-09-12,"03:06:00+00","2021/09/12 03:00:00+00","Property","Group A","200","Arson","Arson","Fire Suspicious Activity (P)","Fire Suspicious Activity (P)","0026XX JAMES AVE N",4,"Jordan",5,45.00689,-93.30062,-10386177.9433691,5622605.58533769,1,101704,2021,9
-10384047.5099,5624523.3524,"Crime Offenses (NIBRS)","21-224694","MP2021224694",2021-09-30,"20:00:00+00","2021/09/30 17:13:00+00","Property","Group A","200","Arson","Arson","Assist Fire Personnel (P)","Assist Fire Personnel (P)","0035XX 2ND ST N",4,"Camden Industrial",4,45.01906,-93.28149,-10384047.5099156,5624523.3523531,1,101898,2021,9
-10378404.5352,5613157.7502,"Crime Offenses (NIBRS)","21-216080","MP2021216080",2021-09-20,"21:00:00+00","2021/09/20 19:22:00+00","Property","Group A","200","Arson","Arson","Fire - Report Only (P)","Fire - Report Only (P)","0028XX 31ST ST E",3,"Longfellow",9,44.94685,-93.23079,-10378404.5352417,5613157.75015802,1,102699,2021,9
-10386328.6921,5618704.967,"Crime Offenses (NIBRS)","21-221437","MP2021221437",2021-09-26,"23:21:00+00","2021/09/26 20:57:00+00","Property","Group A","200","Arson","Arson","Fire - Report Only (P)","Fire - Report Only (P)","0004XX KNOX AVE N",4,"Harrison",5,44.98211,-93.30198,-10386328.6920593,5618704.96698773,1,103168,2021,9
-10381244.887,5613253.5335,"Crime Offenses (NIBRS)","21-192858","MP2021192858",2021-08-26,"00:47:00+00","2021/08/26 00:47:00+00","Property","Group A","200","Arson","Arson","Fire Mutual Aid (F)~FIRE","Fire - Report Only (P)","0030XX 13TH AVE S",3,"Midtown Phillips",9,44.94746,-93.25631,-10381244.8870021,5613253.53345264,1,103250,2021,8
-10387307.6494,5621187.3854,"Crime Offenses (NIBRS)","21-237453","MP2021237453",2021-10-15,"12:10:00+00","2021/10/15 04:27:00+00","Property","Group A","200","Arson","Arson","ShotSpotter Activation (P)","Assist EMS Personnel (P)","0017XX RUSSELL AVE N",4,"Willard - Hay",5,44.99788,-93.31077,-10387307.6494313,5621187.38535781,1,103268,2021,10
-10383552.9943,5618821.8328,"Crime Offenses (NIBRS)","21-221791","MP2021221791",2021-09-27,"09:48:00+00","2021/09/24 00:00:00+00","Property","Group A","200","Arson","Arson","Damage Property-Rpt Only (P)","Damage Property-Rpt Only (P)","0003XX 5TH ST N",1,"North Loop",3,44.98285,-93.27704,-10383552.9942582,5618821.83281389,1,103349,2021,9
-10385563.8738,5613395.6247,"Crime Offenses (NIBRS)","21-225730","MP2021225730",2021-10-01,"20:20:00+00","2021/10/01 18:21:00+00","Property","Group A","200","Arson","Arson","Recover Property (P)","Recover Property (P)","0012XX LAKE ST W",5,"Lowry Hill East",10,44.94836,-93.29511,-10385563.8738376,5613395.62470482,1,103578,2021,10
-10381941.2915,5615440.2167,"Crime Offenses (NIBRS)","21-242984","MP2021242984",2021-10-21,"22:01:00+00","2021/10/21 20:01:00+00","Property","Group A","200","Arson","Arson","Fire - Report Only (P)","Fire - Report Only (P)","0021XX CHICAGO AVE",3,"Ventura Village",6,44.96136,-93.26257,-10381941.2914788,5615440.21670984,1,103754,2021,10
-10385477.1639,5624584.318,"Crime Offenses (NIBRS)","21-248166","MP2021248166",2021-10-28,"06:11:00+00","2021/10/28 06:00:00+00","Property","Group A","200","Arson","Arson","Fire - Report Only (P)","Fire - Report Only (P)","0035XX EMERSON AVE N",4,"Folwell",4,45.01945,-93.29433,-10385477.1638805,5624584.3179829,1,104279,2021,10
-10387307.938,5620615.0359,"Crime Offenses (NIBRS)","21-237469","MP2021237469",2021-10-15,"09:30:00+00","2021/10/15 04:37:00+00","Property","Group A","200","Arson","Arson","Fire - Report Only (P)","Fire - Report Only (P)","0014XX RUSSELL AVE N",4,"Willard - Hay",5,44.99424,-93.31077,-10387307.9379742,5620615.03585809,1,104935,2021,10
-10383901.7129,5619165.876,"Crime Offenses (NIBRS)","21-236797","MP2021236797",2021-10-14,"16:00:00+00","2021/10/14 10:28:00+00","Property","Group A","200","Arson","Arson","Fire - Report Only (P)","Fire - Report Only (P)","0006XX 5TH ST N",1,"North Loop",5,44.98504,-93.28018,-10383901.7129046,5619165.87596507,1,105110,2021,10
-10385928.8201,5611860.8153,"Crime Offenses (NIBRS)","21-257749","MP2021257749",2021-11-08,"15:30:00+00","2021/11/08 07:00:00+00","Property","Group A","200","Arson","Arson","Assist Fire Personnel (P)","Assist Fire Personnel (P)","0035XX HENNEPIN AVE",5,"South Uptown",10,44.9386,-93.29839,-10385928.8201341,5611860.81531086,1,105259,2021,11
-10387310.0395,5623463.8452,"Crime Offenses (NIBRS)","21-258377","MP2021258377",2021-11-09,"01:00:00+00","2021/11/08 20:57:00+00","Property","Group A","200","Arson","Arson","Fire - Report Only (P)","Fire - Report Only (P)","0031XX RUSSELL AVE N",4,"Jordan",4,45.01234,-93.31079,-10387310.0395315,5623463.84524511,1,105311,2021,11
-10386326.5789,5620040.7524,"Crime Offenses (NIBRS)","21-249565","MP2021249565",2021-10-29,"22:20:00+00","2021/10/29 20:52:00+00","Property","Group A","200","Arson","Arson","Assist Fire Personnel (P)","Assist Fire Personnel (P)","0012XX KNOX AVE N",4,"Near - North",5,44.99059,-93.30196,-10386326.5788845,5620040.7524202,1,106284,2021,10
-10385345.3488,5625723.8679,"Crime Offenses (NIBRS)","21-221502","MP2021221502",2021-09-27,"01:18:00+00","2021/09/26 22:47:00+00","Property","Group A","200","Arson","Arson","Person with a Gun (P)","Person with a Gun (P)","0039XX DUPONT AVE N",4,"Webber - Camden",4,45.02669,-93.29314,-10385345.3487971,5625723.86789796,1,106424,2021,9
-10384088.0356,5617158.3249,"Crime Offenses (NIBRS)","21-271326","MP2021271326",2021-11-25,"15:45:00+00","2021/11/25 13:34:00+00","Property","Group A","200","Arson","Arson","Fire - Report Only (P)","Fire - Report Only (P)","000XX SPRUCE PL",1,"Loring Park",7,44.97228,-93.28185,-10384088.0356388,5617158.32493991,1,106793,2021,11
-10386441.9074,5629152.8661,"Crime Offenses (NIBRS)","21-272090","MP2021272090",2021-11-26,"23:20:00+00","2021/11/26 21:39:00+00","Property","Group A","200","Arson","Arson","Fire - Report Only (P)","Fire - Report Only (P)","0051XX KNOX AVE N",4,"Shingle Creek",4,45.04845,-93.303,-10386441.9074457,5629152.86610223,1,106811,2021,11
-10379708.2497,5615517.4061,"Crime Offenses (NIBRS)","21-255241","MP2021255241",2021-11-05,"15:41:00+00","2021/11/05 12:15:00+00","Property","Group A","200","Arson","Arson","Fire - Report Only (P)","Fire - Report Only (P)","0020XX 21ST AVE S",3,"Seward",6,44.96185,-93.24251,-10379708.2496798,5615517.40612905,1,106832,2021,11
-10383416.3031,5619962.761,"Crime Offenses (NIBRS)","21-234895","MP2021234895",2021-10-12,"01:41:00+00","2021/10/12 01:41:00+00","Property","Group A","200","Arson","Arson","Assist Fire Personnel (P)","Damage Property-In Progress(P)","0009XX 1ST ST N",1,"North Loop",3,44.9901,-93.27582,-10383416.3031387,5619962.76100052,1,107534,2021,10
-10382224.1384,5615749.4007,"Crime Offenses (NIBRS)","21-277011","MP2021277011",2021-12-02,"22:30:00+00","2021/12/02 22:15:00+00","Property","Group A","200","Arson","Arson","Fire - Report Only (P)","Fire - Report Only (P)","0019XX PARK AVE",3,"Ventura Village",6,44.96332,-93.26511,-10382224.138381,5615749.40074849,1,107865,2021,12
-10378435.7714,5617364.8019,"Crime Offenses (NIBRS)","21-263765","MP2021263765",2021-11-16,"00:45:00+00","2021/11/15 22:43:00+00","Property","Group A","200","Arson","Arson","Assist Fire Personnel (P)","Assist Fire Personnel (P)","0005XX WASHINGTON AVE SE",2,"University of Minnesota",2,44.97359,-93.23107,-10378435.7714044,5617364.80186456,1,107887,2021,11
-10387805.4491,5622755.1666,"Crime Offenses (NIBRS)","21-267637","MP2021267637",2021-11-21,"01:30:00+00","2021/11/20 20:11:00+00","Property","Group A","200","Arson","Arson","Fire - Report Only (P)","Fire - Report Only (P)","0027XX 27TH AVE N",4,"Willard - Hay",4,45.00784,-93.31524,-10387805.4491499,5622755.1666322,1,108221,2021,11
-10381223.9272,5623437.2862,"Crime Offenses (NIBRS)","21-289123","MP2021289123",2021-12-18,"14:32:00+00","2021/12/17 16:00:00+00","Property","Group A","200","Arson","Arson","Fire - Report Only (P)","Theft - Report Only (P)","0006XX 24TH AVE NE",2,"Holland",1,45.01217,-93.25612,-10381223.9272362,5623437.28620663,1,109029,2021,12
-10377987.7756,5613823.2789,"Crime Offenses (NIBRS)","21-255372","MP2021255372",2021-11-05,"17:11:00+00","2021/11/05 15:50:00+00","Property","Group A","200","Arson","Arson","Damage Property-In Progress(P)","Damage Property-In Progress(P)","0028XX 31ST AVE S",3,"Longfellow",9,44.95108,-93.22705,-10377987.7755801,5613823.27890098,1,109248,2021,11
-10384431.0124,5622364.6612,"Crime Offenses (NIBRS)","21-282759","MP2021282759",2021-12-10,"09:13:00+00","2021/12/10 07:42:00+00","Property","Group A","200","Arson","Arson","Unknown Trouble (P)","Unknown Trouble (P)","0025XX 4TH ST N",4,"Hawthorne",5,45.00536,-93.28493,-10384431.0123955,5622364.66120416,1,109275,2021,12
-10386327.4343,5619679.9649,"Crime Offenses (NIBRS)","21-265024","MP2021265024",2021-11-17,"17:01:00+00","2021/11/17 15:26:00+00","Property","Group A","200","Arson","Arson","Fire - Report Only (P)","Fire - Report Only (P)","0010XX KNOX AVE N",4,"Near - North",5,44.9883,-93.30197,-10386327.434347,5619679.96488865,1,109502,2021,11
-10382224.1384,5615749.4007,"Crime Offenses (NIBRS)","21-275201","MP2021275201",2021-11-30,"20:30:00+00","2021/11/30 20:00:00+00","Property","Group A","200","Arson","Arson","Assist Fire Personnel (P)","Assist Fire Personnel (P)","0019XX PARK AVE",3,"Ventura Village",6,44.96332,-93.26511,-10382224.138381,5615749.40074849,1,109607,2021,11
-10385477.0745,5623445.7249,"Crime Offenses (NIBRS)","21-269466","MP2021269466",2021-11-23,"02:03:00+00","2021/11/23 00:21:00+00","Property","Group A","200","Arson","Arson","Fire - Report Only (P)","Fire - Report Only (P)","0031XX EMERSON AVE N",4,"Jordan",5,45.01222,-93.29433,-10385477.074484,5623445.72487831,1,109709,2021,11
-10381939.7169,5616421.671,"Crime Offenses (NIBRS)","21-270627","MP2021270627",2021-11-24,"17:15:00+00","2021/11/24 16:20:00+00","Property","Group A","200","Arson","Arson","Assist Fire Personnel (P)","Assist Fire Personnel (P)","0015XX CHICAGO AVE",1,"Elliot Park",6,44.9676,-93.26255,-10381939.7169005,5616421.67099427,1,110023,2021,11
-10384022.938,5617047.079,"Crime Offenses (NIBRS)","21-271282","MP2021271282",2021-11-25,"13:46:00+00","2021/11/25 13:46:00+00","Property","Group A","200","Arson","Arson","Emotionally Disturb Person (P)","Emotionally Disturb Person (P)","000XX GREENWAY GABLES",1,"Loring Park",7,44.97157,-93.28127,-10384022.9380445,5617047.07897565,1,110328,2021,11
-10375337.7636,5607092.838,"Crime Offenses (NIBRS)","21-282805","MP2021282805",2021-12-10,"09:41:00+00","2021/12/10 08:00:00+00","Property","Group A","200","Arson","Arson","Outside Fire (F)~FIRE","Fire - Report Only (P)","0053XX SOUTH MINNEHAHA PARK DR",3,"Minnehaha",12,44.90828,-93.20324,-10375337.7636139,5607092.83798219,1,110425,2021,12
-10379177.4681,5615235.9246,"Crime Offenses (NIBRS)","21-290208","MP2021290208",2021-12-20,"04:28:00+00","2021/12/20 01:15:00+00","Property","Group A","200","Arson","Arson","Fire - Report Only (P)","Fire - Report Only (P)","0022XX 24TH AVE S",3,"Seward",6,44.96006,-93.23774,-10379177.4680862,5615235.92460728,1,110436,2021,12
-10377526.7588,5613821.289,"Crime Offenses (NIBRS)","21-286094","MP2021286094",2021-12-14,"18:02:00+00","2021/12/14 18:02:00+00","Property","Group A","200","Arson","Arson","Assist Fire Personnel (P)","Tenant Trouble (P)","0028XX 34TH AVE S",3,"Longfellow",9,44.95107,-93.22291,-10377526.7587667,5613821.28904854,1,110624,2021,12
-10382972.4729,5617961.293,"Crime Offenses (NIBRS)","21-296878","MP2021296878",2021-12-29,"21:10:00+00","2021/12/29 17:55:00+00","Property","Group A","200","Arson","Arson","On Site (P)","Damage Property-Rpt Only (P)","0006XX NICOLLET MALL",1,"Downtown West",7,44.97738,-93.27183,-10382972.4729412,5617961.29296565,1,111621,2021,12
-10386326.8518,5625163.697,"Crime Offenses (NIBRS)","21-287090","MP2021287090",2021-12-16,"01:37:00+00","2021/12/15 22:35:00+00","Property","Group A","200","Arson","Arson","Fire - Report Only (P)","Fire - Report Only (P)","0037XX KNOX AVE N",4,"Folwell",4,45.02313,-93.30196,-10386326.8518318,5625163.69700287,1,111727,2021,12
-10384941.9664,5621657.1554,"Crime Offenses (NIBRS)","21-706189","MP2021706189",2021-08-14,"19:23:00+00","2021/08/14 13:10:00+00","Property","Group A","200","Arson","Arson",NA,NA,"0021XX ALDRICH AVE N",4,"Hawthorne",5,45.00086,-93.28952,-10384941.9664195,5621657.15536339,1,116205,2021,8
-10385763.0087,5616004.0583,"Crime Offenses (NIBRS)","21-705065","MP2021705065",2021-07-13,"09:51:00+00","2021/07/08 04:50:00+00","Property","Group A","200","Arson","Arson",NA,NA,"0018XX GIRARD AVE S",5,"Lowry Hill",7,44.96494,-93.2969,-10385763.0087363,5616004.05830637,1,117046,2021,7
-10376827.7405,5609177.6182,"Crime Offenses (NIBRS)","22-003213","MP20223213",2022-01-05,"20:19:00+00","2022/01/05 07:00:00+00","Property","Group A","200","Arson","Arson","Damage Property-Rpt Only (P)","Damage Property-Rpt Only (P)","0038XX 45TH ST E",3,"Hiawatha",12,44.92154,-93.21663,-10376827.7405236,5609177.61819582,1,119046,2022,1
-10382234.8151,5613676.7068,"Crime Offenses (NIBRS)","22-009357","MP20229357",2022-01-14,"14:08:00+00","2022/01/14 12:26:00+00","Property","Group A","200","Arson","Arson","Assist Fire Personnel (P)","Assist Fire Personnel (P)","0028XX PARK AVE",3,"Phillips West",6,44.95015,-93.2652,-10382234.8151401,5613676.70683913,1,119559,2022,1
-10377702.3354,5611286.6608,"Crime Offenses (NIBRS)","22-001523","MP20221523",2022-01-03,"00:09:00+00","2022/01/02 23:23:00+00","Property","Group A","200","Arson","Arson","Fire Suspicious Activity (P)","Fire Suspicious Activity (P)","0037XX MINNEHAHA AVE",3,"Howe",9,44.93495,-93.22449,-10377702.3354461,5611286.660779,1,120601,2022,1
-10386532.2024,5623318.0046,"Crime Offenses (NIBRS)","22-007937","MP20227937",2022-01-12,"14:10:00+00","2022/01/12 13:10:00+00","Property","Group A","200","Arson","Arson","Domestic Abuse-In Progress (P)","Domestic Abuse-In Progress (P)","0019XX 30TH AVE N",4,"Folwell",4,45.01141,-93.30381,-10386532.2024439,5623318.00458391,1,120809,2022,1
0,0,"Crime Offenses (NIBRS)","22-021638","MP202221638",2022-01-31,"16:36:00+00","2022/01/31 16:00:00+00","Property","Group A","200","Arson","Arson","Damage Property-Rpt Only (P)","Damage Property-Rpt Only (P)","No Address",NA,NA,NA,0,0,0,0,1,120813,2022,1
-10383651.9376,5612992.0387,"Crime Offenses (NIBRS)","22-021757","MP202221757",2022-02-01,"00:06:00+00","2022/01/31 18:50:00+00","Property","Group A","200","Arson","Arson","Assist Fire Personnel (P)","Assist Fire Personnel (P)","0031XX NICOLLET AVE",5,"Lyndale",8,44.94579,-93.27793,-10383651.9376163,5612992.038736,1,120816,2022,2
-10384687.3095,5621754.9365,"Crime Offenses (NIBRS)","22-075878","MP202275878",2022-04-11,"22:20:00+00","2022/04/11 20:56:00+00","Property","Group A","200","Arson","Arson","Assist Fire Personnel (P)","Assist Fire Personnel (P)","0006XX 22ND AVE N",4,"Hawthorne",5,45.00148,-93.28723,-10384687.3094976,5621754.93654648,1,121288,2022,4
-10384472.2136,5618823.5336,"Crime Offenses (NIBRS)","22-022041","MP202222041",2022-02-01,"08:08:00+00","2022/02/01 05:45:00+00","Property","Group A","200","Arson","Arson","Assist Fire Personnel (P)","Assist Fire Personnel (P)","0004XX BORDER AVE N",1,"North Loop",5,44.98286,-93.2853,-10384472.2135505,5618823.53355005,1,123068,2022,2
-10382215.2486,5616989.7368,"Crime Offenses (NIBRS)","22-031707","MP202231707",2022-02-14,"09:01:00+00","2022/02/14 06:49:00+00","Property","Group A","200","Arson","Arson","Fire - Report Only (P)","Fire - Report Only (P)","0006XX 9TH ST S",1,"Elliot Park",6,44.97121,-93.26503,-10382215.2485869,5616989.73681659,1,123158,2022,2
-10385282.7521,5620856.6019,"Crime Offenses (NIBRS)","22-011830","MP202211830",2022-01-18,"06:20:00+00","2022/01/17 20:00:00+00","Property","Group A","200","Arson","Arson","Domestic Abuse Report Only (P)","Domestic Abuse Report Only (P)","0016XX DUPONT AVE N",4,"Near - North",5,44.99578,-93.29258,-10385282.7520634,5620856.60187697,1,123668,2022,1
-10375696.7184,5610271.7103,"Crime Offenses (NIBRS)","22-048377","MP202248377",2022-03-07,"22:53:00+00","2022/03/07 21:01:00+00","Property","Group A","200","Arson","Arson","Fire - Report Only (P)","Fire - Report Only (P)","0041XX MORRILL LN",3,"Hiawatha",12,44.9285,-93.20647,-10375696.7184194,5610271.71029616,1,123818,2022,3
-10375696.7184,5610271.7103,"Crime Offenses (NIBRS)","22-048358","MP202248358",2022-03-07,"21:23:00+00","2022/03/07 21:23:00+00","Property","Group A","200","Arson","Arson","Assist Fire Personnel (P)","Assist Fire Personnel (P)","0041XX MORRILL LN",3,"Hiawatha",12,44.9285,-93.20647,-10375696.7184194,5610271.71029616,1,124023,2022,3
-10380813.8644,5621175.6654,"Crime Offenses (NIBRS)","22-048028","MP202248028",2022-03-07,"12:43:00+00","2022/03/07 12:20:00+00","Property","Group A","200","Arson","Arson","Domestic Abuse-In Progress (P)","Domestic Abuse-In Progress (P)","0007XX MONROE ST NE",2,"St. Anthony East",3,44.9978,-93.25244,-10380813.8644236,5621175.66542242,1,124192,2022,3
-10386678.4856,5619330.5158,"Crime Offenses (NIBRS)","22-032412","MP202232412",2022-02-15,"01:46:00+00","2022/02/14 23:36:00+00","Property","Group A","200","Arson","Arson","Fire - Report Only (P)","Fire - Report Only (P)","0019XX 8TH AVE N",4,"Near - North",5,44.98608,-93.30512,-10386678.4856155,5619330.51579949,1,124264,2022,2
-10384056.3995,5620861.677,"Crime Offenses (NIBRS)","22-059525","MP202259525",2022-03-22,"02:57:00+00","2022/03/22 00:53:00+00","Property","Group A","200","Arson","Arson","Fire - Report Only (P)","Fire - Report Only (P)","0016XX WASHINGTON AVE N",4,"Near - North",5,44.99581,-93.28157,-10384056.3995044,5620861.67704219,1,124858,2022,3
-10378567.7267,5607058.1598,"Crime Offenses (NIBRS)","22-054388","MP202254388",2022-03-16,"05:23:00+00","2022/03/16 05:23:00+00","Property","Group A","200","Arson","Arson","Damage Property-Rpt Only (P)","Damage Property-Rpt Only (P)","0052XX 28TH AVE S",3,"Keewaydin",11,44.90805,-93.23226,-10378567.72665,5607058.15981488,1,125270,2022,3
-10383987.1674,5619508.1395,"Crime Offenses (NIBRS)","22-059068","MP202259068",2022-03-21,"19:00:00+00","2022/03/21 15:07:00+00","Property","Group A","200","Arson","Arson","Fire - Report Only (P)","Fire - Report Only (P)","0009XX 4TH ST N",1,"North Loop",3,44.98721,-93.28094,-10383987.1673842,5619508.13947567,1,125284,2022,3
-10378404.621,5613397.5364,"Crime Offenses (NIBRS)","22-062120","MP202262120",2022-03-25,"13:45:00+00","2022/03/25 10:54:00+00","Property","Group A","200","Arson","Arson","Fire - Report Only (P)","Fire - Report Only (P)","0028XX LAKE ST E",3,"Longfellow",9,44.94837,-93.23079,-10378404.6209974,5613397.53643654,1,125619,2022,3
-10382646.1188,5623024.6905,"Crime Offenses (NIBRS)","22-044011","MP202244011",2022-03-02,"17:22:00+00","2022/03/02 14:20:00+00","Property","Group A","200","Arson","Arson","Attempted Suicide (PE)","Attempted Suicide (PE)","0021XX CALIFORNIA ST NE",2,"Marshall Terrace",1,45.00955,-93.2689,-10382646.1187868,5623024.69054276,1,125872,2022,3
-10384113.7572,5619896.3662,"Crime Offenses (NIBRS)","22-054327","MP202254327",2022-03-16,"02:32:00+00","2022/03/16 02:30:00+00","Property","Group A","200","Arson","Arson","Assist Fire Personnel (P)","Assist Fire Personnel (P)","0010XX 3RD ST N",1,"North Loop",5,44.98968,-93.28208,-10384113.7571663,5619896.36618545,1,125907,2022,3
-10386898.4199,5615262.025,"Crime Offenses (NIBRS)","22-053528","MP202253528",2022-03-15,"07:05:00+00","2022/03/15 05:40:00+00","Property","Group A","200","Arson","Arson","Fire - Report Only (P)","Fire - Report Only (P)","0021XX OLIVER AVE S",5,"Kenwood",7,44.96023,-93.3071,-10386898.4199352,5615262.02497997,1,126429,2022,3
-10378148.9094,5612152.0955,"Crime Offenses (NIBRS)","22-066945","MP202266945",2022-03-31,"15:24:00+00","2022/03/31 12:32:00+00","Property","Group A","200","Arson","Arson","Fire - Report Only (P)","Fire - Report Only (P)","0034XX MINNEHAHA AVE",3,"Howe",12,44.94045,-93.2285,-10378148.9094498,5612152.0954864,1,126470,2022,3
-10386324.3836,5620684.6632,"Crime Offenses (NIBRS)","22-032843","MP202232843",2022-02-15,"18:40:00+00","2022/02/15 16:11:00+00","Property","Group A","200","Arson","Arson","Fire - Report Only (P)","Fire - Report Only (P)","0015XX KNOX AVE N",4,"Willard - Hay",5,44.99468,-93.30194,-10386324.3835771,5620684.6632348,1,126617,2022,2
-10387411.7377,5627685.5608,"Crime Offenses (NIBRS)","22-057158","MP202257158",2022-03-19,"08:00:00+00","2022/03/19 04:10:00+00","Property","Group A","200","Arson","Arson","Fire Suspicious Activity (P)","Fire Suspicious Activity (P)","0046XX RUSSELL AVE N",4,"Victory",4,45.03914,-93.31171,-10387411.7376678,5627685.56075612,1,127883,2022,3
-10385757.611,5623450.3214,"Crime Offenses (NIBRS)","22-051248","MP202251248",2022-03-12,"02:00:00+00","2022/03/12 00:12:00+00","Property","Group A","200","Arson","Arson","Fire - Report Only (P)","Fire - Report Only (P)","0031XX GIRARD AVE N",4,"Jordan",5,45.01225,-93.29685,-10385757.6109869,5623450.32135692,1,127970,2022,3
-10378034.5958,5611931.1357,"Crime Offenses (NIBRS)","22-067925","MP202267925",2022-04-01,"20:30:00+00","2022/04/01 16:14:00+00","Property","Group A","200","Arson","Arson","Check the Welfare (P)~PD","Suspicious Person (P)","0035XX MINNEHAHA AVE",3,"Howe",9,44.93905,-93.22747,-10378034.595797,5611931.13570964,1,127996,2022,4
-10382223.9488,5616424.3679,"Crime Offenses (NIBRS)","22-100106","MP2022100106",2022-05-11,"04:45:00+00","2022/05/11 01:41:00+00","Property","Group A","200","Arson","Arson","Assist Fire Personnel (P)","Suspected Hazard (P)","0015XX PARK AVE",1,"Elliot Park",6,44.96761,-93.2651,-10382223.9488111,5616424.36791796,1,128816,2022,5
-10384941.9664,5621657.1554,"Crime Offenses (NIBRS)","22-086779","MP202286779",2022-04-26,"00:00:00+00","2022/04/26 00:00:00+00","Property","Group A","200","Arson","Arson","Fire Suspicious Activity (P)","Fire Suspicious Activity (P)","0021XX ALDRICH AVE N",4,"Hawthorne",5,45.00086,-93.28952,-10384941.9664195,5621657.15536339,1,128875,2022,4
-10382647.44,5615893.32,"Crime Offenses (NIBRS)","22-073749","MP202273749",2022-04-09,"11:00:00+00","2022/04/09 08:06:00+00","Property","Group A","200","Arson","Arson","Fire - Report Only (P)","Fire - Report Only (P)","0018XX 5TH AVE S",3,"Ventura Village",6,44.96424,-93.26891,-10382647.4400295,5615893.31996278,1,128878,2022,4
-10387746.886,5617501.0534,"Crime Offenses (NIBRS)","22-104508","MP2022104508",2022-05-15,"21:45:00+00","2022/05/15 19:35:00+00","Property","Group A","200","Arson","Arson","Assist Fire Personnel (P)","Assist Fire Personnel (P)","0002XX UPTON AVE S",4,"Bryn - Mawr",7,44.97446,-93.31472,-10387746.885972,5617501.05342714,1,129610,2022,5
-10380386.022,5614949.211,"Crime Offenses (NIBRS)","22-091319","MP202291319",2022-05-01,"05:12:00+00","2022/05/01 01:31:00+00","Property","Group A","200","Arson","Arson","Domestic (P)","Domestic Abuse-In Progress (P)","0024XX 18TH AVE S",3,"East Phillips",9,44.95824,-93.24859,-10380386.0220257,5614949.21102248,1,130172,2022,5
-10386487.5372,5612972.2854,"Crime Offenses (NIBRS)","22-095707","MP202295707",2022-05-06,"10:30:00+00","2022/05/06 07:06:00+00","Property","Group A","200","Arson","Arson","Unwanted Person (P)","Unwanted Person (P)","0031XX JAMES AVE S",5,"East Bde Maka Ska",10,44.94567,-93.30341,-10386487.5371626,5612972.28536361,1,130425,2022,5
-10384924.5212,5613528.0044,"Crime Offenses (NIBRS)","22-115998","MP2022115998",2022-05-29,"03:40:00+00","2022/05/29 00:35:00+00","Property","Group A","200","Arson","Arson","Fire - Report Only (P)","Fire - Report Only (P)","0029XX ALDRICH AVE S",5,"Lowry Hill East",10,44.9492,-93.28936,-10384924.5212339,5613528.00444628,1,130441,2022,5
-10381941.2915,5615440.2167,"Crime Offenses (NIBRS)","22-099361","MP202299361",2022-05-10,"11:09:00+00","2022/05/09 13:00:00+00","Property","Group A","200","Arson","Arson","Fire - Report Only (P)","Fire - Report Only (P)","0021XX CHICAGO AVE",3,"Ventura Village",6,44.96136,-93.26257,-10381941.2914788,5615440.21670984,1,130801,2022,5
-10382225.4859,5614946.0485,"Crime Offenses (NIBRS)","22-087152","MP202287152",2022-04-26,"11:51:00+00","2022/04/26 10:22:00+00","Property","Group A","200","Arson","Arson","Assist Fire Personnel (P)","Assist Fire Personnel (P)","0024XX PARK AVE",3,"Phillips West",6,44.95822,-93.26512,-10382225.4858813,5614946.0484896,1,131471,2022,4
-10386602.2583,5621219.7741,"Crime Offenses (NIBRS)","22-131207","MP2022131207",2022-06-14,"09:00:00+00","2022/06/14 06:46:00+00","Property","Group A","200","Arson","Arson","Fire - Report Only (P)","Fire - Report Only (P)","0018XX MORGAN AVE N",4,"Willard - Hay",5,44.99808,-93.30444,-10386602.2582838,5621219.77413052,1,131847,2022,6
-10382082.3528,5615850.5929,"Crime Offenses (NIBRS)","22-132078","MP2022132078",2022-06-15,"02:58:00+00","2022/06/15 01:47:00+00","Property","Group A","200","Arson","Arson","Vehicle Fire (F)~FIRE","Fire - Report Only (P)","0018XX COLUMBUS AVE",3,"Ventura Village",6,44.96397,-93.26383,-10382082.3527973,5615850.59286254,1,131859,2022,6
-10380960.7776,5612967.9371,"Crime Offenses (NIBRS)","22-110111","MP2022110111",2022-05-22,"07:05:00+00","2022/05/22 04:30:00+00","Property","Group A","200","Arson","Arson","Fire - Report Only (P)","Fire - Report Only (P)","0031XX 15TH AVE S",3,"Powderhorn Park",9,44.94564,-93.25376,-10380960.7776356,5612967.93709,1,132047,2022,5
-10383879.3764,5606457.788,"Crime Offenses (NIBRS)","22-109208","MP2022109208",2022-05-21,"02:37:00+00","2022/05/21 00:28:00+00","Property","Group A","200","Arson","Arson","Fire - Report Only (P)","Fire - Report Only (P)","0001XX DIAMOND LAKE RD W",5,"Tangletown",11,44.90423,-93.27998,-10383879.3764097,5606457.78803661,1,132119,2022,5
-10386462.5945,5624027.3395,"Crime Offenses (NIBRS)","22-135181","MP2022135181",2022-06-18,"07:53:00+00","2022/06/18 07:53:00+00","Property","Group A","200","Arson","Arson","Fire - Report Only (P)","Fire - Report Only (P)","0033XX LOGAN AVE N",4,"Folwell",4,45.01592,-93.30318,-10386462.5944873,5624027.33949208,1,132274,2022,6
-10382571.3257,5609743.0066,"Crime Offenses (NIBRS)","22-137537","MP2022137537",2022-06-21,"01:55:00+00","2022/06/20 21:00:00+00","Property","Group A","200","Arson","Arson","Retrieve Prop/Dom Situation(P)","Domestic Abuse-In Progress (P)","0005XX 43RD ST E",3,"Regina",8,44.92513,-93.26823,-10382571.3256772,5609743.00658417,1,132581,2022,6
-10382230.2039,5612702.9027,"Crime Offenses (NIBRS)","22-142510","MP2022142510",2022-06-26,"10:00:00+00","2022/06/26 04:24:00+00","Property","Group A","200","Arson","Arson","Fire Suspicious Activity (P)","Fire Suspicious Activity (P)","0032XX PARK AVE",3,"Central",9,44.94396,-93.26516,-10382230.2039337,5612702.90271737,1,132942,2022,6
-10386244.8705,5627103.6128,"Crime Offenses (NIBRS)","22-127804","MP2022127804",2022-06-10,"17:50:00+00","2022/06/10 14:51:00+00","Property","Group A","200","Arson","Arson","Fire - Report Only (P)","Fire - Report Only (P)","0016XX 44TH AVE N",4,"Webber - Camden",4,45.03545,-93.30123,-10386244.8705406,5627103.6128359,1,133797,2022,6
-10383357.775,5615749.3572,"Crime Offenses (NIBRS)","22-147844","MP2022147844",2022-07-01,"22:00:00+00","2022/07/01 19:07:00+00","Property","Group A","200","Arson","Arson","Fire - Report Only (P)","Fire - Report Only (P)","0019XX STEVENS AVE",5,"Steven's Square - Loring Heights",6,44.96332,-93.27529,-10383357.7749989,5615749.35719386,1,135200,2022,7
-10378915.9287,5618527.9489,"Crime Offenses (NIBRS)","22-151152","MP2022151152",2022-07-05,"07:30:00+00","2022/07/05 05:21:00+00","Property","Group A","200","Arson","Arson","Assist Fire Personnel (P)","Assist Fire Personnel (P)","0004XX 14TH AVE SE",2,"Marcy Holmes",2,44.98098,-93.23539,-10378915.9287301,5618527.94887732,1,135252,2022,7
-10385055.2749,5615511.7495,"Crime Offenses (NIBRS)","22-169527","MP2022169527",2022-07-25,"19:50:00+00","2022/07/24 22:59:00+00","Property","Group A","200","Arson","Arson","Fire Suspicious Activity (P)","Fire Suspicious Activity (P)","0020XX BRYANT AVE S",5,"Lowry Hill",7,44.96181,-93.29054,-10385055.2748682,5615511.74947374,1,135709,2022,7
-10385915.2845,5626014.4713,"Crime Offenses (NIBRS)","22-169643","MP2022169643",2022-07-25,"10:10:00+00","2022/07/25 02:02:00+00","Property","Group A","200","Arson","Arson","Assist Fire Personnel (P)","Assist Fire Personnel (P)","0040XX HUMBOLDT AVE N",4,"Webber - Camden",4,45.02853,-93.29826,-10385915.284505,5626014.471328,1,135718,2022,7
-10382224.4918,5615947.4862,"Crime Offenses (NIBRS)","22-153955","MP2022153955",2022-07-08,"02:30:00+00","2022/07/08 01:58:00+00","Property","Group A","200","Arson","Arson","Damage Property-In Progress(P)","Damage Property-In Progress(P)","0018XX PARK AVE",3,"Ventura Village",6,44.96458,-93.26511,-10382224.4918291,5615947.48617925,1,135909,2022,7
-10386349.1429,5626939.5367,"Crime Offenses (NIBRS)","22-170629","MP2022170629",2022-07-26,"03:15:00+00","2022/07/26 01:05:00+00","Property","Group A","200","Arson","Arson","Fire - Report Only (P)","Fire - Report Only (P)","0043XX KNOX AVE N",4,"Webber - Camden",4,45.03441,-93.30216,-10386349.1428635,5626939.53666175,1,135979,2022,7
-10386885.1206,5623747.451,"Crime Offenses (NIBRS)","22-124561","MP2022124561",2022-06-07,"12:30:00+00","2022/06/07 06:14:00+00","Property","Group A","200","Arson","Arson","Fire - Report Only (P)","Fire - Report Only (P)","0032XX OLIVER AVE N",4,"Folwell",4,45.01414,-93.30698,-10386885.1205933,5623747.45099733,1,136101,2022,6
-10381103.4018,5613040.1785,"Crime Offenses (NIBRS)","22-153028","MP2022153028",2022-07-07,"09:00:00+00","2022/07/07 03:04:00+00","Property","Group A","200","Arson","Arson","Fire - Report Only (P)","Fire - Report Only (P)","0031XX 14TH AVE S",3,"Powderhorn Park",9,44.9461,-93.25504,-10381103.4018121,5613040.17850759,1,136615,2022,7
-10381661.4785,5614664.9992,"Crime Offenses (NIBRS)","22-177474","MP2022177474",2022-08-02,"11:01:00+00","2022/08/02 10:20:00+00","Property","Group A","200","Arson","Arson","Assault in Progress (P)","Assist Fire Personnel (P)","0025XX 10TH AVE S",3,"Midtown Phillips",9,44.95643,-93.26005,-10381661.4784662,5614664.99916609,1,136802,2022,8
-10383076.0624,5615748.8183,"Crime Offenses (NIBRS)","22-178127","MP2022178127",2022-08-03,"12:02:00+00","2022/08/02 21:53:00+00","Property","Group A","200","Arson","Arson","Fire - Report Only (P)","Fire - Report Only (P)","0019XX 3RD AVE S",5,"Steven's Square - Loring Heights",6,44.96332,-93.27276,-10383076.0624272,5615748.81825908,1,136852,2022,8
-10378310.2474,5614085.276,"Crime Offenses (NIBRS)","22-133961","MP2022133961",2022-06-17,"04:25:00+00","2022/06/17 02:30:00+00","Property","Group A","200","Arson","Arson","Fire - Report Only (P)","Fire - Report Only (P)","0027XX 29TH AVE S",3,"Longfellow",9,44.95275,-93.22995,-10378310.2474211,5614085.27597232,1,136868,2022,6
-10385765.1685,5620078.554,"Crime Offenses (NIBRS)","22-182028","MP2022182028",2022-08-07,"03:56:00+00","2022/08/07 02:08:00+00","Property","Group A","200","Arson","Arson","Fire - Report Only (P)","Fire - Report Only (P)","0012XX 12TH AVE N",4,"Near - North",5,44.99083,-93.29692,-10385765.1684616,5620078.55396723,1,137080,2022,8
-10381312.7751,5613959.5844,"Crime Offenses (NIBRS)","22-141594","MP2022141594",2022-06-25,"05:30:00+00","2022/06/25 03:50:00+00","Property","Group A","200","Arson","Arson","Fire - Report Only (P)","Fire - Report Only (P)","0012XX 28TH ST E",3,"Midtown Phillips",9,44.95195,-93.25692,-10381312.7751176,5613959.58437591,1,137229,2022,6
-10386885.1206,5623747.451,"Crime Offenses (NIBRS)","22-153043","MP2022153043",2022-07-07,"08:30:00+00","2022/07/07 03:56:00+00","Property","Group A","200","Arson","Arson","Fire - Report Only (P)","Fire - Report Only (P)","0032XX OLIVER AVE N",4,"Folwell",4,45.01414,-93.30698,-10386885.1205933,5623747.45099733,1,137853,2022,7
-10383484.8055,5617871.0411,"Crime Offenses (NIBRS)","22-167903","MP2022167903",2022-07-23,"03:07:00+00","2022/07/23 03:00:00+00","Property","Group A","200","Arson","Arson","Damage Property-Rpt Only (P)","Damage Property-Rpt Only (P)","0008XX HENNEPIN AVE",1,"Downtown West",7,44.97681,-93.27643,-10383484.8054914,5617871.04105438,1,137926,2022,7
-10382224.4918,5615947.4862,"Crime Offenses (NIBRS)","22-189358","MP2022189358",2022-08-15,"10:08:00+00","2022/08/15 10:08:00+00","Property","Group A","200","Arson","Arson","Assist Fire Personnel (P)","Assist Fire Personnel (P)","0018XX PARK AVE",3,"Ventura Village",6,44.96458,-93.26511,-10382224.4918291,5615947.48617925,1,138049,2022,8
-10385152.998,5622455.6425,"Crime Offenses (NIBRS)","22-181313","MP2022181313",2022-08-06,"09:13:00+00","2022/08/06 05:00:00+00","Property","Group A","200","Arson","Arson","Fire - Report Only (P)","Damage Property-In Progress(P)","0009XX 26TH AVE N",4,"Hawthorne",5,45.00593,-93.29142,-10385152.9979564,5622455.642538,1,138198,2022,8
-10379750.2293,5620749.8762,"Crime Offenses (NIBRS)","22-191198","MP2022191198",2022-08-17,"07:58:00+00","2022/08/17 07:55:00+00","Property","Group A","200","Arson","Arson","Fire Suspicious Activity (P)","Fire Suspicious Activity (P)","0011XX SPRING ST NE",2,"Beltrami",3,44.9951,-93.24288,-10379750.2292664,5620749.87619742,1,138868,2022,8
-10383930.5479,5623112.0074,"Crime Offenses (NIBRS)","22-199753","MP2022199753",2022-08-26,"14:52:00+00","2022/08/26 13:18:00+00","Property","Group A","200","Arson","Arson","Assist Fire Personnel (P)","Assist Fire Personnel (P)","0029XX 2ND ST N",4,"Hawthorne",5,45.0101,-93.28044,-10383930.5479362,5623112.00740312,1,139445,2022,8
-10385098.7178,5619440.6582,"Crime Offenses (NIBRS)","22-183030","MP2022183030",2022-08-08,"13:51:00+00","2022/08/08 13:51:00+00","Property","Group A","200","Arson","Arson","Miscellaneous (P)","Miscellaneous (P)","0008XX ALDRICH AVE N",4,"Near - North",5,44.98678,-93.29093,-10385098.7178136,5619440.65820941,1,139578,2022,8
-10384021.98,5623585.1163,"Crime Offenses (NIBRS)","22-199758","MP2022199758",2022-08-26,"22:50:00+00","2022/08/26 13:32:00+00","Property","Group A","200","Arson","Arson","Fire - Report Only (P)","Fire - Report Only (P)","0002XX LOWRY AVE N",4,"Hawthorne",5,45.01311,-93.28126,-10384021.9799917,5623585.11627921,1,139931,2022,8
-10378186.3413,5622094.4026,"Crime Offenses (NIBRS)","22-215580","MP2022215580",2022-09-12,"18:57:00+00","2022/09/12 18:00:00+00","Property","Group A","200","Arson","Arson","Assist Fire Personnel (P)","Assist Fire Personnel (P)","0014XX NEW BRIGHTON BLVD",2,"Northeast Park",1,45.00364,-93.22883,-10378186.3412506,5622094.40259906,1,140655,2022,9
-10381950.1953,5607328.6157,"Crime Offenses (NIBRS)","22-215711","MP2022215711",2022-09-12,"20:44:00+00","2022/09/12 18:15:00+00","Property","Group A","200","Arson","Arson","Assist Fire Personnel (P)","Assist Fire Personnel (P)","0051XX CHICAGO AVE",3,"Hale",11,44.90978,-93.26265,-10381950.1953361,5607328.61568812,1,140657,2022,9
-10380983.5731,5615909.6938,"Crime Offenses (NIBRS)","22-190454","MP2022190454",2022-08-16,"14:14:00+00","2022/08/16 13:00:00+00","Property","Group A","200","Arson","Arson","Damage Property-In Progress(P)~PD","Fire Suspicious Activity (P)","0018XX 15TH AVE S",3,"Ventura Village",6,44.96434,-93.25396,-10380983.5731377,5615909.69381528,1,140875,2022,8
-10383077.5652,5612152.4461,"Crime Offenses (NIBRS)","22-188448","MP2022188448",2022-08-14,"06:59:00+00","2022/08/14 06:59:00+00","Property","Group A","200","Arson","Arson","Damage Property-In Progress(P)","Damage Property-In Progress(P)","0034XX 3RD AVE S",3,"Central",8,44.94046,-93.27277,-10383077.5652236,5612152.44614393,1,141130,2022,8
-10385074.7333,5623446.0641,"Crime Offenses (NIBRS)","22-219510","MP2022219510",2022-09-16,"22:00:00+00","2022/09/16 19:46:00+00","Property","Group A","200","Arson","Arson","Assist Fire Personnel (P)","Assist Fire Personnel (P)","0009XX 31ST AVE N",4,"Hawthorne",5,45.01222,-93.29071,-10385074.7332859,5623446.06410149,1,141377,2022,9
-10380817.0349,5612681.825,"Crime Offenses (NIBRS)","22-177259","MP2022177259",2022-08-02,"06:07:00+00","2022/08/02 02:14:00+00","Property","Group A","200","Arson","Arson","Fire Suspicious Activity (P)","Fire Suspicious Activity (P)","0032XX BLOOMINGTON AVE",3,"Powderhorn Park",9,44.94382,-93.25247,-10380817.0348761,5612681.82503044,1,141390,2022,8
-10387523.0603,5623323.0753,"Crime Offenses (NIBRS)","22-198582","MP2022198582",2022-08-25,"07:00:00+00","2022/08/25 03:19:00+00","Property","Group A","200","Arson","Arson","Fire - Report Only (P)","Fire - Report Only (P)","0025XX 30TH AVE N",4,"Willard - Hay",4,45.01144,-93.31271,-10387523.0602812,5623323.07533683,1,141615,2022,8
-10385962.1865,5627103.5983,"Crime Offenses (NIBRS)","22-225165","MP2022225165",2022-09-22,"20:30:00+00","2022/09/22 18:25:00+00","Property","Group A","200","Arson","Arson","Fire - Report Only (P)","Fire - Report Only (P)","0014XX 44TH AVE N",4,"Webber - Camden",4,45.03545,-93.29869,-10385962.1864706,5627103.59832109,1,141958,2022,9
-10384431.3406,5622748.3559,"Crime Offenses (NIBRS)","22-198243","MP2022198243",2022-08-24,"19:09:00+00","2022/08/24 19:09:00+00","Property","Group A","200","Arson","Arson","Assist Fire Personnel (P)","Assist Fire Personnel (P)","0027XX 4TH ST N",4,"Hawthorne",5,45.00779,-93.28493,-10384431.3406011,5622748.35590289,1,142006,2022,8
-10386464.7634,5620515.9815,"Crime Offenses (NIBRS)","22-184943","MP2022184943",2022-08-10,"15:51:00+00","2022/08/10 13:37:00+00","Property","Group A","200","Arson","Arson","Assist Fire Personnel (P)","Assist Fire Personnel (P)","0014XX LOGAN AVE N",4,"Willard - Hay",5,44.99361,-93.3032,-10386464.763423,5620515.98145188,1,142139,2022,8
-10380815.4757,5623163.9179,"Crime Offenses (NIBRS)","22-232644","MP2022232644",2022-10-01,"11:51:00+00","2022/10/01 01:00:00+00","Property","Group A","200","Arson","Arson","Fire Suspicious Activity (P)","Fire Suspicious Activity (P)","0022XX MONROE ST NE",4,"Hawthorne",5,45.01043,-93.25245,-10380815.4757383,5623163.91794673,1,142445,2022,10
-10375742.245,5608351.3939,"Crime Offenses (NIBRS)","22-232760","MP2022232760",2022-10-01,"05:55:00+00","2022/10/01 03:41:00+00","Property","Group A","200","Arson","Arson","Fire - Report Only (P)","Fire - Report Only (P)","0049XX 46TH AVE S",3,"Hiawatha",12,44.91628,-93.20688,-10375742.2449868,5608351.39385141,1,142537,2022,10
-10387523.0603,5623323.0753,"Crime Offenses (NIBRS)","22-214221","MP2022214221",2022-09-11,"08:15:00+00","2022/09/11 06:16:00+00","Property","Group A","200","Arson","Arson","Fire - Report Only (P)","Fire - Report Only (P)","0025XX 30TH AVE N",4,"Jordan",5,45.01144,-93.31271,-10387523.0602812,5623323.07533683,1,142958,2022,9
-10376866.8978,5609031.4105,"Crime Offenses (NIBRS)","22-237539","MP2022237539",2022-10-06,"08:43:00+00","2022/10/06 06:50:00+00","Property","Group A","200","Arson","Arson","Assist Fire Personnel (P)","Assist Fire Personnel (P)","0045XX SNELLING AVE",3,"Hiawatha",12,44.92061,-93.21698,-10376866.8978371,5609031.41046899,1,143306,2022,10
-10375742.245,5608351.3939,"Crime Offenses (NIBRS)","22-222706","MP2022222706",2022-10-01,"03:20:00+00","2022/09/20 03:10:00+00","Property","Group A","200","Arson","Arson","Fire - Report Only (P)","Fire - Report Only (P)","0049XX 46TH AVE S",3,"Hiawatha",12,44.91628,-93.20688,-10375742.2449868,5608351.39385141,1,143501,2022,10
-10383146.9798,5615848.3082,"Crime Offenses (NIBRS)","22-217377","MP2022217377",2022-09-14,"19:30:00+00","2022/09/14 16:35:00+00","Property","Group A","200","Arson","Arson","Fire - Report Only (P)","Fire - Report Only (P)","0002XX 19TH ST E",5,"Steven's Square - Loring Heights",6,44.96395,-93.2734,-10383146.9798473,5615848.30822092,1,143707,2022,9
-10385896.8165,5622603.272,"Crime Offenses (NIBRS)","22-225048","MP2022225048",2022-09-22,"19:33:00+00","2022/09/22 15:00:00+00","Property","Group A","200","Arson","Arson","Miscellaneous (P)","Miscellaneous (P)","0026XX HUMBOLDT AVE N",4,"Jordan",5,45.00687,-93.2981,-10385896.816542,5622603.27203356,1,144280,2022,9
-10387026.2469,5623750.4666,"Crime Offenses (NIBRS)","22-227633","MP2022227633",2022-09-25,"17:02:00+00","2022/09/25 15:18:00+00","Property","Group A","200","Arson","Arson","Fire - Report Only (P)","Fire - Report Only (P)","0032XX PENN AVE N",4,"Cleveland",4,45.01416,-93.30824,-10387026.2468659,5623750.46657605,1,144656,2022,9
-10382004.8297,5623737.2571,"Crime Offenses (NIBRS)","22-202801","MP2022202801",2022-08-30,"01:15:00+00","2022/08/29 22:27:00+00","Property","Group A","200","Arson","Arson","Fire - Report Only (P)","Fire - Report Only (P)","0025XX UNIVERSITY AVE NE",2,"Marshall Terrace",1,45.01407,-93.26314,-10382004.8297123,5623737.25710667,1,144776,2022,8
-10383807.502,5616524.8933,"Crime Offenses (NIBRS)","22-234328","MP2022234328",2022-10-02,"23:00:00+00","2022/10/02 20:53:00+00","Property","Group A","200","Arson","Arson","Fire - Report Only (P)","Fire - Report Only (P)","0014XX LASALLE AVE",1,"Loring Park",7,44.96825,-93.27933,-10383807.5019783,5616524.89331097,1,145016,2022,10
-10377725.9578,5608612.0598,"Crime Offenses (NIBRS)","22-235079","MP2022235079",2022-10-03,"17:21:00+00","2022/10/03 17:18:00+00","Property","Group A","200","Arson","Arson","Assist Fire Personnel (P)","Assist Fire Personnel (P)","0032XX 47TH ST E",3,"Ericsson",12,44.91794,-93.2247,-10377725.9577703,5608612.05976763,1,145347,2022,10
-10382934.0923,5615749.1645,"Crime Offenses (NIBRS)","22-236475","MP2022236475",2022-10-05,"05:30:00+00","2022/10/05 03:05:00+00","Property","Group A","200","Arson","Arson","Fire - Report Only (P)","Fire - Report Only (P)","0019XX CLINTON AVE",5,"Steven's Square - Loring Heights",6,44.96332,-93.27148,-10382934.0923244,5615749.16448676,1,145515,2022,10
-10378357.979,5619312.9007,"Crime Offenses (NIBRS)","22-238160","MP2022238160",2022-10-06,"20:43:00+00","2022/10/06 20:43:00+00","Property","Group A","200","Arson","Arson","Assist Fire Personnel (P)","Assist Fire Personnel (P)","0009XX 15TH AVE SE",2,"Como",2,44.98597,-93.23038,-10378357.9790176,5619312.90070727,1,145913,2022,10
-10382832.4588,5618393.039,"Crime Offenses (NIBRS)","22-244456","MP2022244456",2022-10-14,"05:22:00+00","2022/10/14 03:12:00+00","Property","Group A","200","Arson","Arson","Assist Fire Personnel (P)","Assist Fire Personnel (P)","000XX 4TH ST S",1,"Downtown West",7,44.98012,-93.27057,-10382832.4587539,5618393.03895595,1,146347,2022,10
-10379864.5954,5617726.7795,"Crime Offenses (NIBRS)","22-267249","MP2022267249",2022-11-08,"13:19:00+00","2022/11/08 13:19:00+00","Property","Group A","200","Arson","Arson","Assist Fire Personnel (P)","Firefighter Needs Help (PF)","000XX 20TH AVE S",1,"Cedar Riverside",6,44.97589,-93.24391,-10379864.5953601,5617726.77952185,1,146360,2022,11
-10381382.2443,5621833.5771,"Crime Offenses (NIBRS)","22-271657","MP2022271657",2022-11-14,"07:30:00+00","2022/11/14 03:48:00+00","Property","Group A","200","Arson","Arson","Fire - Report Only (P)","Fire - Report Only (P)","0014XX WASHINGTON ST NE",2,"Sheridan",3,45.00198,-93.25754,-10381382.2442505,5621833.57713929,1,146633,2022,11
-10379309.6456,5612684.5593,"Crime Offenses (NIBRS)","22-259414","MP2022259414",2022-10-30,"18:27:00+00","2022/10/30 02:00:00+00","Property","Group A","200","Arson","Arson","Burglary Dwlng In Progress (P)","Person with a Gun (P)","0032XX 23RD AVE S",3,"East Phillips",9,44.94384,-93.23892,-10379309.6456382,5612684.55928189,1,148158,2022,10
-10384776.3926,5624576.6688,"Crime Offenses (NIBRS)","22-239691","MP2022239691",2022-10-08,"16:59:00+00","2022/10/08 16:59:00+00","Property","Group A","200","Arson","Arson","Robbery of Biz In Progress (P)","Robbery of Biz In Progress (P)","0035XX LYNDALE AVE N",4,"McKinley",4,45.0194,-93.28803,-10384776.3926454,5624576.66875941,1,148183,2022,10
-10386178.6743,5622886.2298,"Crime Offenses (NIBRS)","22-259979","MP2022259979",2022-10-31,"12:30:00+00","2022/10/31 09:57:00+00","Property","Group A","200","Arson","Arson","Fire - Report Only (P)","Fire - Report Only (P)","0028XX JAMES AVE N",4,"Jordan",5,45.00867,-93.30063,-10386178.6743165,5622886.22979291,1,148190,2022,10
-10382863.5837,5615649.5404,"Crime Offenses (NIBRS)","22-241878","MP2022241878",2022-10-11,"10:44:00+00","2022/10/11 08:30:00+00","Property","Group A","200","Arson","Arson","Suspected Hazard (P)","Suspected Hazard (P)","0003XX FRANKLIN AVE E",5,"Whittier",10,44.96269,-93.27085,-10382863.5836909,5615649.5404328,1,148421,2022,10
-10381242.8801,5613842.9996,"Crime Offenses (NIBRS)","22-292080","MP2022292080",2022-12-10,"01:36:00+00","2022/12/09 23:55:00+00","Property","Group A","200","Arson","Arson","Assist Fire Personnel (P)","Assist Fire Personnel (P)","0028XX 13TH AVE S",3,"Midtown Phillips",9,44.95121,-93.25629,-10381242.8801412,5613842.99956814,1,149044,2022,12
-10387151.7386,5629490.8711,"Crime Offenses (NIBRS)","22-293274","MP2022293274",2022-12-11,"18:50:00+00","2022/12/11 11:35:00+00","Property","Group A","200","Arson","Arson","Fire - Report Only (P)","Fire - Report Only (P)","0052XX PENN AVE N",4,"Shingle Creek",4,45.0506,-93.30937,-10387151.7386327,5629490.87112384,1,149078,2022,12
-10387307.3698,5621757.8171,"Crime Offenses (NIBRS)","22-271860","MP2022271860",2022-11-14,"10:20:00+00","2022/11/13 21:00:00+00","Property","Group A","200","Arson","Arson","Suspected Hazard (P)","Suspected Hazard (P)","0022XX RUSSELL AVE N",4,"Willard - Hay",5,45.0015,-93.31077,-10387307.3697963,5621757.81707668,1,149278,2022,11
-10385633.91,5613466.2442,"Crime Offenses (NIBRS)","22-294965","MP2022294965",2022-12-13,"18:10:00+00","2022/12/13 13:17:00+00","Property","Group A","200","Arson","Arson","Fire - Report Only (P)","Fire - Report Only (P)","0029XX FREMONT AVE S",5,"Lowry Hill East",10,44.94881,-93.29574,-10385633.9100016,5613466.24421444,1,149607,2022,12
-10379707.5348,5616163.7821,"Crime Offenses (NIBRS)","22-276477","MP2022276477",2022-11-20,"02:26:00+00","2022/11/20 02:26:00+00","Property","Group A","200","Arson","Arson","Fire Suspicious Activity (P)","Fire Suspicious Activity (P)","0007XX 21ST AVE S",3,"Seward",6,44.96596,-93.2425,-10379707.5347928,5616163.7820742,1,149850,2022,11
-10385203.0127,5618634.3557,"Crime Offenses (NIBRS)","22-278094","MP2022278094",2022-11-22,"04:25:00+00","2022/11/22 03:06:00+00","Property","Group A","200","Arson","Arson","Fire - Report Only (P)","Fire - Report Only (P)","0009XX 4TH AVE N",4,"Sumner - Glenwood",5,44.98166,-93.29187,-10385203.0127222,5618634.35567716,1,150054,2022,11
-10385346.0151,5614384.1609,"Crime Offenses (NIBRS)","22-281181","MP2022281181",2022-11-26,"09:40:00+00","2022/11/26 02:00:00+00","Property","Group A","200","Arson","Arson","Damage Property-In Progress(P)~PD","Damage Property-Rpt Only (P)","0026XX DUPONT AVE S",5,"Lowry Hill East",10,44.95465,-93.29315,-10385346.0150925,5614384.16091385,1,150403,2022,11
-10384491.2206,5615228.4478,"Crime Offenses (NIBRS)","22-286720","MP2022286720",2022-12-03,"06:24:00+00","2022/12/03 06:24:00+00","Property","Group A","200","Arson","Arson","Assist Fire Personnel (P)","Assist Fire Personnel (P)","0022XX HARRIET AVE",5,"Lowry Hill East",10,44.96001,-93.28547,-10384491.2205912,5615228.44782492,1,150984,2022,12
-10387055.2756,5626616.3065,"Crime Offenses (NIBRS)","22-301638","MP2022301638",2022-12-22,"06:05:00+00","2022/12/22 03:52:00+00","Property","Group A","200","Arson","Arson","Assist Fire Personnel (P)","Assist Fire Personnel (P)","0042XX PENN AVE N",4,"Victory",4,45.03235,-93.30851,-10387055.2756312,5626616.30653257,1,151916,2022,12
-10380813.1461,5620890.2172,"Crime Offenses (NIBRS)","22-271637","MP2022271637",2022-11-14,"08:00:00+00","2022/11/14 02:26:00+00","Property","Group A","200","Arson","Arson","Fire - Report Only (P)","Fire - Report Only (P)","0006XX MONROE ST NE",2,"St. Anthony East",3,44.99599,-93.25243,-10380813.1461433,5620890.21715457,1,152077,2022,11
-10387596.0654,5619836.0554,"Crime Offenses (NIBRS)","22-704733","MP2022704733",2022-05-11,"15:20:00+00","2022/05/10 14:40:00+00","Property","Group A","200","Arson","Arson",NA,NA,"0010XX THOMAS AVE N",4,"Willard - Hay",5,44.98929,-93.31336,-10387596.0654165,5619836.05541105,1,154895,2022,5
-10383501.607,5615947.5898,"Crime Offenses (NIBRS)","23-001606","MP20231606",2023-01-02,"16:29:00+00","2023/01/02 16:29:00+00","Property","Group A","200","Arson","Arson","Suspected Hazard (P)","Suspected Hazard (P)","0018XX 1ST AVE S",5,"Steven's Square - Loring Heights",6,44.96458,-93.27658,-10383501.6069841,5615947.58977873,1,163401,2023,1
-10382578.8477,5609175.1657,"Crime Offenses (NIBRS)","23-007102","MP20237102",2023-01-10,"00:38:00+00","2023/01/09 22:31:00+00","Property","Group A","200","Arson","Arson","Unknown Trouble (P)~PD","Assault in Progress (P)","0005XX 45TH ST E",3,"Regina",8,44.92152,-93.26829,-10382578.8477163,5609175.16570903,1,163677,2023,1
-10387596.0654,5619836.0554,"Crime Offenses (NIBRS)","23-001094","MP20231094",2023-01-02,"08:01:00+00","2023/01/02 06:20:00+00","Property","Group A","200","Arson","Arson","Assist Fire Personnel (P)","Assist Fire Personnel (P)","0010XX THOMAS AVE N",4,"Willard - Hay",5,44.98929,-93.31336,-10387596.0654165,5619836.05541105,1,164489,2023,1
-10381090.3075,5611016.2434,"Crime Offenses (NIBRS)","23-019967","MP202319967",2023-01-25,"22:38:00+00","2023/01/25 20:33:00+00","Property","Group A","200","Arson","Arson","Fire - Report Only (P)","Fire - Report Only (P)","0038XX 14TH AVE S",3,"Bancroft",8,44.93323,-93.25492,-10381090.3074839,5611016.24344198,1,164806,2023,1
-10383217.8535,5615947.8466,"Crime Offenses (NIBRS)","23-001423","MP20231423",2023-01-02,"20:00:00+00","2023/01/02 16:06:00+00","Property","Group A","200","Arson","Arson","Fire CAD TEST (F)~FIRE","Fire - Report Only (P)","0018XX 2ND AVE S",5,"Steven's Square - Loring Heights",6,44.96459,-93.27403,-10383217.853472,5615947.84663977,1,165609,2023,1
-10387670.1297,5619335.4452,"Crime Offenses (NIBRS)","23-013739","MP202313739",2023-01-18,"14:00:00+00","2023/01/18 09:40:00+00","Property","Group A","200","Arson","Arson","Fire - Report Only (P)","Fire - Report Only (P)","0026XX 8TH AVE N",4,"Harrison",5,44.98611,-93.31403,-10387670.1297075,5619335.44522895,1,166313,2023,1
-10381941.2915,5615440.2167,"Crime Offenses (NIBRS)","23-025544","MP202325544",2023-02-01,"23:30:00+00","2023/02/01 19:28:00+00","Property","Group A","200","Arson","Arson","Fire - Report Only (P)","Fire - Report Only (P)","0021XX CHICAGO AVE",3,"Ventura Village",6,44.96136,-93.26257,-10381941.2914788,5615440.21670984,1,166325,2023,2
-10382458.4973,5616927.3465,"Crime Offenses (NIBRS)","23-030263","MP202330263",2023-02-07,"03:55:00+00","2023/02/07 02:45:00+00","Property","Group A","200","Arson","Arson","Assist Fire Personnel (P)","Assist Fire Personnel (P)","0005XX 10TH ST S",1,"Elliot Park",6,44.97081,-93.26721,-10382458.4973305,5616927.34648809,1,166415,2023,2
-10386400.3984,5612290.5555,"Crime Offenses (NIBRS)","23-030372","MP202330372",2023-02-07,"08:30:00+00","2023/02/07 08:30:00+00","Property","Group A","200","Arson","Arson","Burglary Dwlng In Progress (P)","Fire - Report Only (P)","0016XX 34TH ST W",5,"East Bde Maka Ska",10,44.94133,-93.30262,-10386400.398398,5612290.55554475,1,166470,2023,2
-10386400.3984,5612290.5555,"Crime Offenses (NIBRS)","23-030385","MP202330385",2023-02-07,"18:15:00+00","2023/02/07 08:43:00+00","Property","Group A","200","Arson","Arson","Fire - Report Only (P)","Fire - Report Only (P)","0016XX 34TH ST W",5,"East Bde Maka Ska",10,44.94133,-93.30262,-10386400.398398,5612290.55554475,1,166638,2023,2
-10381882.9233,5613395.1789,"Crime Offenses (NIBRS)","23-040888","MP202340888",2023-02-19,"10:19:00+00","2023/02/19 08:22:00+00","Property","Group A","200","Arson","Arson","Fire Suspicious Activity (P)","Fire Suspicious Activity (P)","0008XX LAKE ST E",3,"Powderhorn Park",9,44.94836,-93.26204,-10381882.9233304,5613395.17887293,1,166688,2023,2
-10384869.956,5628008.9366,"Crime Offenses (NIBRS)","23-014416","MP202314416",2023-01-19,"07:30:00+00","2023/01/19 03:22:00+00","Property","Group A","200","Arson","Arson","Fire - Report Only (P)","Fire - Report Only (P)","0047XX CAMDEN AVE N",4,"Lind - Bohanon",4,45.04119,-93.28887,-10384869.9560227,5628008.9366233,1,166992,2023,1
-10384022.938,5617047.079,"Crime Offenses (NIBRS)","23-042531","MP202342531",2023-02-21,"11:33:00+00","2023/02/18 00:00:00+00","Property","Group A","200","Arson","Arson","Damage Property-Rpt Only (P)","Damage Property-Rpt Only (P)","000XX GREENWAY GABLES",1,"Loring Park",7,44.97157,-93.28127,-10384022.9380445,5617047.07897565,1,167145,2023,2
-10385706.8208,5613396.5147,"Crime Offenses (NIBRS)","23-018537","MP202318537",2023-01-24,"04:40:00+00","2023/01/24 03:53:00+00","Property","Group A","200","Arson","Arson","Burglary Dwlng In Progress (P)~PD","Burglary Biz - In Progress (P)","0013XX LAKE ST W",5,"Lowry Hill East",10,44.94837,-93.29639,-10385706.8208395,5613396.514716,1,167311,2023,1
-10383169.4392,5619208.4886,"Crime Offenses (NIBRS)","23-025559","MP202325559",2023-02-02,"11:30:00+00","2023/02/01 19:53:00+00","Property","Group A","200","Arson","Arson","Fire - Report Only (P)","Fire - Report Only (P)","0004XX WASHINGTON AVE N",1,"North Loop",3,44.98531,-93.2736,-10383169.4392016,5619208.48862504,1,167388,2023,2
-10386884.3286,5620307.1719,"Crime Offenses (NIBRS)","23-019275","MP202319275",2023-01-25,"06:30:00+00","2023/01/25 00:22:00+00","Property","Group A","200","Arson","Arson","Fire - Report Only (P)","Fire - Report Only (P)","0013XX OLIVER AVE N",4,"Willard - Hay",5,44.99229,-93.30697,-10386884.328585,5620307.17189931,1,167541,2023,1
-10383362.2378,5612187.8043,"Crime Offenses (NIBRS)","23-027675","MP202327675",2023-02-04,"09:20:00+00","2023/02/04 08:02:00+00","Property","Group A","200","Arson","Arson","Fire - Report Only (P)","Fire - Report Only (P)","0034XX STEVENS AVE",5,"Lyndale",8,44.94068,-93.27533,-10383362.2378272,5612187.80427539,1,168154,2023,2
-10378889.0961,5613397.3278,"Crime Offenses (NIBRS)","23-026345","MP202326345",2023-02-02,"20:32:00+00","2023/02/02 19:00:00+00","Property","Group A","200","Arson","Arson","On Site (P)","Miscellaneous (P)","0025XX LAKE ST E",3,"Longfellow",9,44.94837,-93.23515,-10378889.0960702,5613397.32777608,1,168359,2023,2
-10386270.9865,5613537.2337,"Crime Offenses (NIBRS)","23-063029","MP202363029",2023-03-16,"16:41:00+00","2023/03/11 18:30:00+00","Property","Group A","200","Arson","Arson","Recover Property (P)","Fire - Report Only (P)","0015XX LAGOON AVE",5,"East Isles",7,44.94926,-93.30146,-10386270.986461,5613537.23367353,1,168958,2023,3
-10381455.7449,5615229.8815,"Crime Offenses (NIBRS)","23-040877","MP202340877",2023-02-20,"08:22:00+00","2023/02/20 08:22:00+00","Property","Group A","200","Arson","Arson","Fire - Report Only (P)","Fire - Report Only (P)","0022XX 11TH AVE S",3,"Ventura Village",6,44.96002,-93.2582,-10381455.7449186,5615229.88146236,1,170157,2023,2
-10385476.7819,5623164.0673,"Crime Offenses (NIBRS)","23-085849","MP202385849",2023-04-09,"05:30:00+00","2023/04/09 02:41:00+00","Property","Group A","200","Arson","Arson","Assist Fire Personnel (P)","Assist Fire Personnel (P)","0029XX EMERSON AVE N",4,"Jordan",5,45.01043,-93.29433,-10385476.7819061,5623164.0672976,1,170556,2023,4
-10375440.8963,5606783.228,"Crime Offenses (NIBRS)","23-048048","MP202348048",2023-02-28,"02:12:00+00","2023/02/28 02:10:00+00","Property","Group A","200","Arson","Arson","Damage Property-In Progress(P)","Damage Property-In Progress(P)","0053XX MINNEHAHA AVE",3,"Minnehaha",12,44.90631,-93.20417,-10375440.8962908,5606783.22803701,1,170998,2023,2
-10380802.0176,5615442.9962,"Crime Offenses (NIBRS)","23-088599","MP202388599",2023-04-11,"23:51:00+00","2023/04/11 22:26:00+00","Property","Group A","200","Arson","Arson","Fire - Report Only (P)","Fire - Report Only (P)","0021XX BLOOMINGTON AVE",3,"Ventura Village",6,44.96138,-93.25233,-10380802.0176185,5615442.99619438,1,171498,2023,4
-10383005.3311,5614805.4974,"Crime Offenses (NIBRS)","23-039179","MP202339179",2023-02-17,"13:21:00+00","2023/02/17 03:00:00+00","Property","Group A","200","Arson","Arson","Burglary Business - Report (P)","Burglary Business - Report (P)","0003XX 25TH ST E",5,"Whittier",10,44.95732,-93.27212,-10383005.3310579,5614805.49739073,1,172012,2023,2
-10386244.8705,5627103.6128,"Crime Offenses (NIBRS)","23-070785","MP202370785",2023-03-24,"18:29:00+00","2023/03/24 18:29:00+00","Property","Group A","200","Arson","Arson","Assist Fire Personnel (P)","Fire Suspicious Activity (P)","0016XX 44TH AVE N",4,"Webber - Camden",4,45.03545,-93.30123,-10386244.8705406,5627103.6128359,1,172297,2023,3
-10380253.4116,5612969.2652,"Crime Offenses (NIBRS)","23-046467","MP202346467",2023-02-26,"09:30:00+00","2023/02/26 03:17:00+00","Property","Group A","200","Arson","Arson","Assist Fire Personnel (P)","Assist Fire Personnel (P)","0031XX CEDAR AVE S",3,"Powderhorn Park",9,44.94565,-93.2474,-10380253.4115648,5612969.2651538,1,172572,2023,2
-10383500.883,5614663.8568,"Crime Offenses (NIBRS)","23-101279","MP2023101279",2023-04-25,"01:40:00+00","2023/04/25 00:14:00+00","Property","Group A","200","Arson","Arson","Assist Fire Personnel (P)","Assist Fire Personnel (P)","0025XX 1ST AVE S",5,"Whittier",10,44.95642,-93.27658,-10383500.8830384,5614663.85676736,1,172918,2023,4
-10382887.4814,5618111.9799,"Crime Offenses (NIBRS)","23-075807","MP202375807",2023-03-30,"01:52:00+00","2023/03/30 01:24:00+00","Property","Group A","200","Arson","Arson","Assist Fire Personnel (P)","Assist Fire Personnel (P)","0005XX NICOLLET MALL",1,"Downtown West",7,44.97834,-93.27107,-10382887.4814177,5618111.97990221,1,173164,2023,3
-10384784.8422,5626862.2165,"Crime Offenses (NIBRS)","23-103633","MP2023103633",2023-04-27,"10:30:00+00","2023/04/23 22:30:00+00","Property","Group A","200","Arson","Arson","Fire Suspicious Activity (P)","Fire Suspicious Activity (P)","0043XX LYNDALE AVE N",4,"Camden Industrial",4,45.03391,-93.28811,-10384784.8421664,5626862.21653234,1,173252,2023,4
-10382856.2053,5610876.4701,"Crime Offenses (NIBRS)","23-104675","MP2023104675",2023-04-28,"10:25:00+00","2023/04/28 10:25:00+00","Property","Group A","200","Arson","Arson","Fire Suspicious Activity (P)","Fire Suspicious Activity (P)","0003XX 39TH ST E",3,"Bryant",8,44.93234,-93.27078,-10382856.205279,5610876.47014038,1,173287,2023,4
-10385616.9136,5623166.0261,"Crime Offenses (NIBRS)","23-081920","MP202381920",2023-04-05,"11:26:00+00","2023/04/04 12:00:00+00","Property","Group A","200","Arson","Arson","Burglary Dwlng - Report (P)","Burglary Dwlng - Report (P)","0029XX FREMONT AVE N",4,"Jordan",5,45.01045,-93.29558,-10385616.9136033,5623166.02610572,1,173656,2023,4
-10385547.5684,5624443.0434,"Crime Offenses (NIBRS)","23-092645","MP202392645",2023-04-15,"23:20:00+00","2023/04/15 19:44:00+00","Property","Group A","200","Arson","Arson","Fire - Report Only (P)","Fire - Report Only (P)","0012XX 35TH AVE N",4,"Folwell",4,45.01855,-93.29496,-10385547.5684425,5624443.04340198,1,173709,2023,4
-10377016.9322,5620189.2809,"Crime Offenses (NIBRS)","23-109357","MP2023109357",2023-05-02,"22:30:00+00","2023/05/02 20:33:00+00","Property","Group A","200","Arson","Arson","Fire - Report Only (P)","Fire - Report Only (P)","0024XX HENNEPIN AVE E",2,"Como",1,44.99154,-93.21833,-10377016.9322004,5620189.28089485,1,174037,2023,5
-10386580.3762,5613891.9292,"Crime Offenses (NIBRS)","23-086442","MP202386442",2023-04-09,"23:50:00+00","2023/04/09 20:39:00+00","Property","Group A","200","Arson","Arson","Fire - Report Only (P)","Fire - Report Only (P)","0028XX EAST LAKE OF THE ISLES PKWY",5,"East Isles",7,44.95152,-93.30424,-10386580.3761888,5613891.92919818,1,174323,2023,4
-10383879.3764,5606457.788,"Crime Offenses (NIBRS)","23-092082","MP202392082",2023-04-15,"05:16:00+00","2023/04/15 03:43:00+00","Property","Group A","200","Arson","Arson","Burglary Business - Report (P)~PD","Fire - Report Only (P)","0001XX DIAMOND LAKE RD W",5,"Tangletown",11,44.90423,-93.27998,-10383879.3764097,5606457.78803661,1,174701,2023,4
-10381777.3774,5615581.952,"Crime Offenses (NIBRS)","23-100100","MP2023100100",2023-04-23,"19:16:00+00","2023/04/23 19:16:00+00","Property","Group A","200","Arson","Arson","Damage Property-Rpt Only (P)","Damage Property-Rpt Only (P)","0020XX ELLIOT AVE",3,"Ventura Village",6,44.96226,-93.26109,-10381777.3774456,5615581.95195485,1,174787,2023,4
-10383751.7703,5617954.2495,"Crime Offenses (NIBRS)","23-125947","MP2023125947",2023-05-18,"04:50:00+00","2023/05/18 04:04:00+00","Property","Group A","200","Arson","Arson","On Site (P)","Assist Fire Personnel (P)","000XX 10TH ST N",1,"Downtown West",7,44.97734,-93.27883,-10383751.7703008,5617954.24949095,1,175080,2023,5
-10384212.1047,5614383.1231,"Crime Offenses (NIBRS)","23-104991","MP2023104991",2023-04-28,"21:46:00+00","2023/04/28 16:45:00+00","Property","Group A","200","Arson","Arson","Person In Crisis (P)","Person In Crisis (P)","0026XX PLEASANT AVE",5,"Whittier",10,44.95464,-93.28296,-10384212.104675,5614383.12314387,1,175082,2023,4
-10385708.2099,5621932.3709,"Crime Offenses (NIBRS)","23-112039","MP2023112039",2023-05-05,"11:17:00+00","2023/05/05 11:17:00+00","Property","Group A","200","Arson","Arson","Domestic Abuse-In Progress (P)","Domestic Abuse-In Progress (P)","0012XX 23RD AVE N",4,"Jordan",5,45.00261,-93.2964,-10385708.2098747,5621932.37089891,1,175406,2023,5
-10376326.7188,5616319.6461,"Crime Offenses (NIBRS)","23-099521","MP202399521",2023-04-23,"10:26:00+00","2023/04/23 02:00:00+00","Property","Group A","200","Arson","Arson","Fire Suspicious Activity (P)","Fire Suspicious Activity (P)","000XX ORLIN AVE SE",2,"Prospect Park - East River Road",2,44.96695,-93.21213,-10376326.7188238,5616319.64611446,1,175636,2023,4
-10380814.6051,5614383.4545,"Crime Offenses (NIBRS)","23-101037","MP2023101037",2023-04-25,"12:37:00+00","2023/04/24 18:30:00+00","Property","Group A","200","Arson","Arson","Assist Fire Personnel (P)","Assist Fire Personnel (P)","0026XX BLOOMINGTON AVE",3,"East Phillips",9,44.95464,-93.25244,-10380814.6051226,5614383.45454647,1,175958,2023,4
-10385114.463,5623305.6212,"Crime Offenses (NIBRS)","23-135306","MP2023135306",2023-05-27,"14:30:00+00","2023/05/26 23:51:00+00","Property","Group A","200","Arson","Arson","Fire - Report Only (P)","Fire - Report Only (P)","0009XX 30TH AVE N",4,"McKinley",4,45.01133,-93.29107,-10385114.4630349,5623305.62116895,1,176168,2023,5
-10381154.6709,5615373.0405,"Crime Offenses (NIBRS)","23-089586","MP202389586",2023-04-12,"20:51:00+00","2023/04/11 23:30:00+00","Property","Group A","200","Arson","Arson","Damage Property-Rpt Only (P)","Damage Property-Rpt Only (P)","0013XX 22ND ST E",3,"Ventura Village",6,44.96093,-93.2555,-10381154.6708787,5615373.04047332,1,176888,2023,4
-10389205.4084,5618398.3766,"Crime Offenses (NIBRS)","23-113899","MP2023113899",2023-05-07,"00:22:00+00","2023/05/07 00:22:00+00","Property","Group A","200","Arson","Arson","Assist Fire Personnel (P)","Assist Fire Personnel (P)","000XX THEODORE WIRTH PKWY",NA,NA,NA,44.98016,-93.32782,-10389205.408374,5618398.37655037,1,176967,2023,5
-10380107.8816,5612416.0554,"Crime Offenses (NIBRS)","23-115081","MP2023115081",2023-05-08,"06:35:00+00","2023/05/08 04:46:00+00","Property","Group A","200","Arson","Arson","Fire - Report Only (P)","Fire - Report Only (P)","0033XX LONGFELLOW AVE",3,"Corcoran",9,44.94213,-93.2461,-10380107.8816005,5612416.05541898,1,177076,2023,5
-10381851.6622,5617081.4804,"Crime Offenses (NIBRS)","23-148248","MP2023148248",2023-06-08,"03:12:00+00","2023/06/08 03:12:00+00","Property","Group A","200","Arson","Arson","Assist Fire Personnel (P)","Assist Fire Personnel (P)","0007XX CHICAGO AVE",1,"Elliot Park",6,44.97179,-93.26176,-10381851.6622254,5617081.48038588,1,177312,2023,6
-10381663.9748,5614310.6583,"Crime Offenses (NIBRS)","23-150039","MP2023150039",2023-06-10,"00:38:00+00","2023/06/09 19:51:00+00","Property","Group A","200","Arson","Arson","Fire Suspicious Activity (P)","Fire Suspicious Activity (P)","0026XX 10TH AVE S",3,"Midtown Phillips",9,44.95418,-93.26007,-10381663.974824,5614310.65828541,1,177341,2023,6
-10381101.5154,5613811.7512,"Crime Offenses (NIBRS)","23-154422","MP2023154422",2023-06-14,"07:45:00+00","2023/06/14 05:58:00+00","Property","Group A","200","Arson","Arson","Assist Fire Personnel (P)","Assist Fire Personnel (P)","0028XX 14TH AVE S",3,"Midtown Phillips",9,44.95101,-93.25502,-10381101.5154197,5613811.75115983,1,177462,2023,6
-10382784.3165,5610734.8439,"Crime Offenses (NIBRS)","23-159680","MP2023159680",2023-06-19,"11:54:00+00","2023/06/19 02:00:00+00","Property","Group A","200","Arson","Arson","Damage Property-Rpt Only (P)","Damage Property-Rpt Only (P)","0039XX 4TH AVE S",3,"Bryant",8,44.93144,-93.27014,-10382784.316504,5610734.84394283,1,177578,2023,6
-10383084.8264,5613529.527,"Crime Offenses (NIBRS)","23-128291","MP2023128291",2023-05-20,"13:49:00+00","2023/05/20 13:40:00+00","Property","Group A","200","Arson","Arson","Assist Fire Personnel (P)","Assist Fire Personnel (P)","0029XX 3RD AVE S",3,"Phillips West",6,44.94921,-93.27284,-10383084.8263867,5613529.52704312,1,177622,2023,5
-10382659.6144,5613529.7762,"Crime Offenses (NIBRS)","23-107031","MP2023107031",2023-04-30,"20:00:00+00","2023/04/30 15:18:00+00","Property","Group A","200","Arson","Arson","Fire - Report Only (P)","Fire - Report Only (P)","0029XX 5TH AVE S",3,"Phillips West",6,44.94921,-93.26902,-10382659.614439,5613529.77621173,1,178299,2023,4
-10384603.3998,5623725.1198,"Crime Offenses (NIBRS)","23-154359","MP2023154359",2023-06-14,"20:50:00+00","2023/06/14 01:31:00+00","Property","Group A","200","Arson","Arson","Fire - Report Only (P)","Fire - Report Only (P)","0032XX 6TH ST N",4,"McKinley",4,45.014,-93.28648,-10384603.3997703,5623725.11976207,1,178311,2023,6
-10379309.6456,5612684.5593,"Crime Offenses (NIBRS)","23-129588","MP2023129588",2023-05-21,"22:38:00+00","2023/05/21 17:28:00+00","Property","Group A","200","Arson","Arson","Assist Fire Personnel (P)","Assist Fire Personnel (P)","0032XX 23RD AVE S",3,"East Phillips",9,44.94384,-93.23892,-10379309.6456382,5612684.55928189,1,178469,2023,5
-10380528.6055,5611298.2207,"Crime Offenses (NIBRS)","23-141691","MP2023141691",2023-06-02,"01:32:00+00","2023/06/02 00:11:00+00","Property","Group A","200","Arson","Arson","Fire - Report Only (P)","Fire - Report Only (P)","0037XX 17TH AVE S",3,"Powderhorn Park",9,44.93502,-93.24988,-10380528.6054674,5611298.22068419,1,178694,2023,6
-10383791.6123,5619706.2644,"Crime Offenses (NIBRS)","23-170842","MP2023170842",2023-06-30,"03:47:00+00","2023/06/30 03:47:00+00","Property","Group A","200","Arson","Arson","Suspicious Vehicle (P)","Suspicious Vehicle (P)","0002XX 8TH AVE N",1,"North Loop",3,44.98847,-93.27919,-10383791.6123036,5619706.26444666,1,178759,2023,6
-10386188.0506,5619659.1612,"Crime Offenses (NIBRS)","23-171713","MP2023171713",2023-07-01,"01:26:00+00","2023/07/01 01:26:00+00","Property","Group A","200","Arson","Arson","Domestic with Weapons (P)","Domestic with Weapons (P)","0010XX JAMES AVE N",4,"Near - North",5,44.98817,-93.30071,-10386188.0506137,5619659.16116869,1,178899,2023,7
-10380809.778,5611298.9452,"Crime Offenses (NIBRS)","23-160533","MP2023160533",2023-06-20,"08:07:00+00","2023/06/19 03:00:00+00","Property","Group A","200","Arson","Arson","Miscellaneous (P)","Miscellaneous (P)","0037XX BLOOMINGTON AVE",3,"Powderhorn Park",9,44.93503,-93.2524,-10380809.7779877,5611298.94519765,1,178929,2023,6
-10380664.1152,5615511.7124,"Crime Offenses (NIBRS)","23-138000","MP2023138000",2023-05-29,"18:42:00+00","2023/05/29 17:21:00+00","Property","Group A","200","Arson","Arson","Fire - Report Only (P)","Fire - Report Only (P)","0020XX 16TH AVE S",3,"Ventura Village",6,44.96181,-93.25109,-10380664.1152014,5615511.7123755,1,179386,2023,5
-10382791.1175,5618260.5879,"Crime Offenses (NIBRS)","23-146250","MP2023146250",2023-06-06,"11:46:00+00","2023/06/06 10:45:00+00","Property","Group A","200","Arson","Arson","Assist Fire Personnel (P)","Assist Fire Personnel (P)","0004XX NICOLLET MALL",1,"Downtown West",7,44.97928,-93.2702,-10382791.1174519,5618260.58787973,1,180461,2023,6
-10385621.779,5625155.6267,"Crime Offenses (NIBRS)","23-155026","MP2023155026",2023-06-14,"19:43:00+00","2023/06/14 17:33:00+00","Property","Group A","200","Arson","Arson","Fire - Report Only (P)","Fire - Report Only (P)","0037XX FREMONT AVE N",4,"Folwell",4,45.02308,-93.29563,-10385621.7789837,5625155.62667578,1,180658,2023,6
-10386191.6186,5622097.6035,"Crime Offenses (NIBRS)","23-155432","MP2023155432",2023-06-15,"06:12:00+00","2023/06/15 04:42:00+00","Property","Group A","200","Arson","Arson","Fire - Report Only (P)","Fire - Report Only (P)","0024XX ILION AVE N",4,"Jordan",5,45.00366,-93.30075,-10386191.6186141,5622097.60353992,1,180661,2023,6
-10384424.1043,5614524.3606,"Crime Offenses (NIBRS)","23-181240","MP2023181240",2023-07-10,"09:42:00+00","2023/07/09 16:00:00+00","Property","Group A","200","Arson","Arson","Damage Property-Rpt Only (P)","Damage Property-Rpt Only (P)","0004XX 26TH ST W",5,"Whittier",10,44.95554,-93.28487,-10384424.1042552,5614524.36057185,1,181099,2023,7
-10387207.4531,5628441.5238,"Crime Offenses (NIBRS)","23-196693","MP2023196693",2023-07-25,"20:36:00+00","2023/07/25 20:26:00+00","Property","Group A","200","Arson","Arson","Fire Suspicious Activity (P)","Fire Suspicious Activity (P)","0022XX 49TH AVE N",4,"Humboldt Industrial Area",4,45.04394,-93.30987,-10387207.4530666,5628441.52377119,1,181274,2023,7
-10387670.1297,5619335.4452,"Crime Offenses (NIBRS)","23-163620","MP2023163620",2023-06-23,"11:44:00+00","2023/06/23 09:30:00+00","Property","Group A","200","Arson","Arson","Damage Property-In Progress(P)","Damage Property-In Progress(P)","0026XX 8TH AVE N",4,"Willard - Hay",5,44.98611,-93.31403,-10387670.1297075,5619335.44522895,1,181429,2023,6
-10378227.9667,5612863.0668,"Crime Offenses (NIBRS)","23-187943","MP2023187943",2023-07-17,"04:51:00+00","2023/07/17 04:50:00+00","Property","Group A","200","Arson","Arson","Behavioral Crisis Welfare Ck","Burglary Dwlng In Progress (P)","0029XX 32ND ST E",3,"Longfellow",9,44.94497,-93.22921,-10378227.9666618,5612863.06675531,1,181917,2023,7
-10385583.9534,5628006.4076,"Crime Offenses (NIBRS)","23-190804","MP2023190804",2023-07-20,"01:44:00+00","2023/07/19 23:49:00+00","Property","Group A","200","Arson","Arson","Fire - Report Only (P)","Fire - Report Only (P)","0047XX EMERSON AVE N",4,"Lind - Bohanon",4,45.04118,-93.29529,-10385583.9533668,5628006.40760686,1,182064,2023,7
-10385354.8071,5626858.5567,"Crime Offenses (NIBRS)","23-178536","MP2023178536",2023-07-07,"13:52:00+00","2023/07/07 13:40:00+00","Property","Group A","200","Arson","Arson","Assist Fire Personnel (P)","Assist Fire Personnel (P)","0043XX DUPONT AVE N",4,"Lind - Bohanon",4,45.03389,-93.29323,-10385354.8070663,5626858.55671115,1,182339,2023,7
-10380669.4329,5614948.8634,"Crime Offenses (NIBRS)","23-173212","MP2023173212",2023-07-02,"12:25:00+00","2023/07/02 10:41:00+00","Property","Group A","200","Arson","Arson","Fire - Report Only (P)","Fire - Report Only (P)","0024XX 16TH AVE S",3,"East Phillips",9,44.95824,-93.25114,-10380669.4329487,5614948.86343832,1,182357,2023,7
-10381952.4666,5613258.2387,"Crime Offenses (NIBRS)","23-180089","MP2023180089",2023-07-09,"00:00:00+00","2023/07/08 22:30:00+00","Property","Group A","200","Arson","Arson","Fire Suspicious Activity (P)","Fire Suspicious Activity (P)","0030XX CHICAGO AVE",3,"Central",9,44.94749,-93.26267,-10381952.4666424,5613258.23869572,1,182527,2023,7
-10386674.0719,5620601.201,"Crime Offenses (NIBRS)","23-148445","MP2023148445",2023-06-08,"11:00:00+00","2023/06/08 10:45:00+00","Property","Group A","200","Arson","Arson","Behavioral Crisis Welfare Ck","Behavioral Crisis Welfare Ck","0019XX 15TH AVE N",4,"Willard - Hay",5,44.99415,-93.30508,-10386674.0719198,5620601.20097313,1,182671,2023,6
-10386769.129,5615657.0374,"Crime Offenses (NIBRS)","23-178896","MP2023178896",2023-07-07,"19:56:00+00","2023/07/07 19:56:00+00","Property","Group A","200","Arson","Arson","Fire Suspicious Activity (P)","Fire Suspicious Activity (P)","0021XX FRANKLIN AVE W",5,"Kenwood",7,44.96274,-93.30593,-10386769.1289508,5615657.03739592,1,182920,2023,7
-10384424.1043,5614524.3606,"Crime Offenses (NIBRS)","23-166831","MP2023166831",2023-06-26,"11:04:00+00","2023/06/25 10:00:00+00","Property","Group A","200","Arson","Arson","Fire - Report Only (P)","Fire - Report Only (P)","0004XX 26TH ST W",5,"Whittier",10,44.95554,-93.28487,-10384424.1042552,5614524.36057185,1,182932,2023,6
-10379576.2746,5613397.2991,"Crime Offenses (NIBRS)","23-219024","MP2023219024",2023-08-17,"03:06:00+00","2023/08/17 03:06:00+00","Property","Group A","200","Arson","Arson","Fire Suspicious Activity (P)","Fire Suspicious Activity (P)","0021XX LAKE ST E",3,"East Phillips",9,44.94837,-93.24132,-10379576.2746071,5613397.29909582,1,183736,2023,8
-10385988.1649,5613396.0783,"Crime Offenses (NIBRS)","23-218224","MP2023218224",2023-08-16,"19:00:00+00","2023/08/16 09:57:00+00","Property","Group A","200","Arson","Arson","Assist Fire Personnel (P)","Assist Fire Personnel (P)","0014XX LAKE ST W",5,"East Isles",10,44.94836,-93.29892,-10385988.1649107,5613396.0782963,1,183877,2023,8
-10384771.5254,5622015.1213,"Crime Offenses (NIBRS)","23-194023","MP2023194023",2023-07-23,"08:30:00+00","2023/07/23 06:25:00+00","Property","Group A","200","Arson","Arson","Fire - Report Only (P)","Fire - Report Only (P)","0023XX LYNDALE AVE N",4,"Hawthorne",5,45.00314,-93.28799,-10384771.5253829,5622015.12127184,1,184214,2023,7
-10381244.887,5613253.5335,"Crime Offenses (NIBRS)","23-224291","MP2023224291",2023-08-21,"23:55:00+00","2023/08/21 22:41:00+00","Property","Group A","200","Arson","Arson","Assist Fire Personnel (P)","Assist Fire Personnel (P)","0030XX 13TH AVE S",3,"Powderhorn Park",9,44.94746,-93.25631,-10381244.8870021,5613253.53345264,1,184287,2023,8
-10377531.0706,5605782.0356,"Crime Offenses (NIBRS)","23-198970","MP2023198970",2023-07-28,"05:34:00+00","2023/07/28 03:39:00+00","Property","Group A","200","Arson","Arson","Fire - Report Only (P)","Fire - Report Only (P)","0057XX 34TH AVE S",3,"Wenonah",11,44.89994,-93.22295,-10377531.070598,5605782.03559732,1,184662,2023,7
-10387733.5826,5622327.5751,"Crime Offenses (NIBRS)","23-207845","MP2023207845",2023-08-06,"02:02:00+00","2023/08/06 00:02:00+00","Property","Group A","200","Arson","Arson","Fire - Report Only (P)","Fire - Report Only (P)","0025XX UPTON AVE N",4,"Willard - Hay",5,45.00512,-93.3146,-10387733.5826366,5622327.57507128,1,184769,2023,8
-10381033.7667,5613396.1963,"Crime Offenses (NIBRS)","23-205534","MP2023205534",2023-08-03,"20:26:00+00","2023/08/03 20:15:00+00","Property","Group A","200","Arson","Arson","Fire Suspicious Activity (P)","Fire Suspicious Activity (P)","0014XX LAKE ST E",3,"Powderhorn Park",9,44.94836,-93.25441,-10381033.7667385,5613396.1962652,1,185064,2023,8
-10383288.5017,5616214.5461,"Crime Offenses (NIBRS)","23-231940","MP2023231940",2023-08-29,"23:46:00+00","2023/08/29 16:15:00+00","Property","Group A","200","Arson","Arson","Fire - Report Only (P)","Fire - Report Only (P)","0001XX 17TH ST E",5,"Steven's Square - Loring Heights",6,44.96628,-93.27467,-10383288.5016758,5616214.54609261,1,185144,2023,8
-10385012.5491,5627725.7004,"Crime Offenses (NIBRS)","23-202574","MP2023202574",2023-07-31,"22:15:00+00","2023/07/31 18:51:00+00","Property","Group A","200","Arson","Arson","Damage Property-In Progress(P)","Fire Suspicious Activity (P)","0046XX ALDRICH AVE N",4,"Lind - Bohanon",4,45.0394,-93.29015,-10385012.5491377,5627725.70043007,1,185162,2023,7
-10386582.8771,5629154.343,"Crime Offenses (NIBRS)","23-237506","MP2023237506",2023-09-04,"01:17:00+00","2023/09/04 00:24:00+00","Property","Group A","200","Arson","Arson","Assist Fire Personnel (P)","Assist Fire Personnel (P)","0051XX LOGAN AVE N",4,"Shingle Creek",4,45.04846,-93.30426,-10386582.8770759,5629154.34302716,1,185413,2023,9
-10380673.9463,5614383.3818,"Crime Offenses (NIBRS)","23-206833","MP2023206833",2023-08-05,"04:21:00+00","2023/08/05 01:23:00+00","Property","Group A","200","Arson","Arson","Fire - Report Only (P)","Fire - Report Only (P)","0026XX 16TH AVE S",3,"East Phillips",9,44.95464,-93.25118,-10380673.9463366,5614383.38183832,1,185761,2023,8
-10383995.6361,5621926.0497,"Crime Offenses (NIBRS)","23-212095","MP2023212095",2023-08-10,"06:52:00+00","2023/08/10 04:05:00+00","Property","Group A","200","Arson","Arson","Fire - Report Only (P)","Fire - Report Only (P)","0002XX 23RD AVE N",4,"Hawthorne",5,45.00257,-93.28102,-10383995.6360887,5621926.04972424,1,186065,2023,8
-10378139.1404,5612436.0445,"Crime Offenses (NIBRS)","23-187951","MP2023187951",2023-07-17,"07:00:00+00","2023/07/17 05:24:00+00","Property","Group A","200","Arson","Arson","Fire - Report Only (P)","Fire - Report Only (P)","0033XX 30TH AVE S",3,"Longfellow",9,44.94226,-93.22841,-10378139.1403938,5612436.04451372,1,186479,2023,7
-10380249.3967,5614383.4733,"Crime Offenses (NIBRS)","23-256344","MP2023256344",2023-09-23,"09:37:00+00","2023/09/23 07:10:00+00","Property","Group A","200","Arson","Arson","Fire - Report Only (P)","Fire - Report Only (P)","0026XX CEDAR AVE S",3,"East Phillips",9,44.95464,-93.24737,-10380249.3966646,5614383.47328116,1,186608,2023,9
-10383505.7433,5611014.0946,"Crime Offenses (NIBRS)","23-218926","MP2023218926",2023-08-17,"17:00:00+00","2023/08/16 23:05:00+00","Property","Group A","200","Arson","Arson","Fire - Report Only (P)","Fire - Report Only (P)","0038XX 1ST AVE S",5,"King Field",8,44.93322,-93.27662,-10383505.7432548,5611014.09459338,1,186896,2023,8
-10381880.0815,5617722.609,"Crime Offenses (NIBRS)","23-195144","MP2023195144",2023-07-24,"13:39:00+00","2023/07/22 01:00:00+00","Property","Group A","200","Arson","Arson","Damage Property-Rpt Only (P)","Damage Property-Rpt Only (P)","0004XX PORTLAND AVE",1,"Downtown East",3,44.97586,-93.26202,-10381880.0814612,5617722.60904708,1,187235,2023,7
-10385515.9224,5619787.5381,"Crime Offenses (NIBRS)","23-225666","MP2023225666",2023-08-23,"11:26:00+00","2023/08/22 20:17:00+00","Property","Group A","200","Arson","Arson","Domestic Abuse Report Only (P)","Domestic Abuse Report Only (P)","0012XX 11TH AVE N",4,"Harrison",5,44.98898,-93.29468,-10385515.922363,5619787.53810772,1,187472,2023,8
-10386270.9865,5613537.2337,"Crime Offenses (NIBRS)","23-203972","MP2023203972",2023-08-02,"09:57:00+00","2023/08/02 08:58:00+00","Property","Group A","200","Arson","Arson","Damage Property-Rpt Only (P)","Damage Property-Rpt Only (P)","0015XX LAGOON AVE",5,"East Bde Maka Ska",10,44.94926,-93.30146,-10386270.986461,5613537.23367353,1,188116,2023,8
-10384941.9664,5621657.1554,"Crime Offenses (NIBRS)","23-232360","MP2023232360",2023-08-30,"02:00:00+00","2023/08/30 00:28:00+00","Property","Group A","200","Arson","Arson","Fire - Report Only (P)","Fire - Report Only (P)","0021XX ALDRICH AVE N",4,"Hawthorne",5,45.00086,-93.28952,-10384941.9664195,5621657.15536339,1,188291,2023,8
-10385334.3941,5622599.0681,"Crime Offenses (NIBRS)","23-234473","MP2023234473",2023-09-01,"05:33:00+00","2023/09/01 03:59:00+00","Property","Group A","200","Arson","Arson","Fire - Report Only (P)","Fire - Report Only (P)","0026XX DUPONT AVE N",4,"Hawthorne",5,45.00684,-93.29305,-10385334.3940929,5622599.0680991,1,188401,2023,9
-10382234.8151,5613676.7068,"Crime Offenses (NIBRS)","23-235560","MP2023235560",2023-09-02,"12:18:00+00","2023/09/02 00:57:00+00","Property","Group A","200","Arson","Arson","Fire - Report Only (P)","Fire - Report Only (P)","0028XX PARK AVE",3,"Phillips West",6,44.95015,-93.2652,-10382234.8151401,5613676.70683913,1,188566,2023,9
-10381184.4938,5616474.3222,"Crime Offenses (NIBRS)","23-210576","MP2023210576",2023-08-08,"21:28:00+00","2023/08/08 21:28:00+00","Property","Group A","200","Arson","Arson","Domestic Abuse-In Progress (P)","Domestic Abuse-In Progress (P)","0008XX 13TH AVE S",1,"Elliot Park",6,44.96793,-93.25577,-10381184.4938317,5616474.32216328,1,188601,2023,8
-10385635.7094,5613257.5981,"Crime Offenses (NIBRS)","23-276706","MP2023276706",2023-10-14,"23:21:00+00","2023/10/14 20:52:00+00","Property","Group A","200","Arson","Arson","Assist Fire Personnel (P)","Assist Fire Personnel (P)","0030XX FREMONT AVE S",5,"South Uptown",10,44.94748,-93.29575,-10385635.7093705,5613257.59814614,1,188824,2023,10
-10384602.6183,5621656.8105,"Crime Offenses (NIBRS)","23-281333","MP2023281333",2023-10-20,"08:00:00+00","2023/10/20 02:16:00+00","Property","Group A","200","Arson","Arson","Fire - Report Only (P)","Fire - Report Only (P)","0021XX 6TH ST N",4,"Hawthorne",5,45.00086,-93.28647,-10384602.6183477,5621656.81050117,1,188841,2023,10
-10380916.9201,5619553.477,"Crime Offenses (NIBRS)","23-249519","MP2023249519",2023-09-16,"14:50:00+00","2023/09/16 14:10:00+00","Property","Group A","200","Arson","Arson","Fire Suspicious Activity (P)","Fire Suspicious Activity (P)","0001XX 4TH ST SE",2,"Marcy Holmes",3,44.9875,-93.25336,-10380916.9200776,5619553.47699151,1,189035,2023,9
-10386321.3125,5624309.9288,"Crime Offenses (NIBRS)","23-244221","MP2023244221",2023-09-11,"04:54:00+00","2023/09/11 00:36:00+00","Property","Group A","200","Arson","Arson","Fire - Report Only (P)","Fire - Report Only (P)","0034XX KNOX AVE N",4,"Folwell",4,45.01771,-93.30191,-10386321.3124507,5624309.92877363,1,189187,2023,9
-10384941.9664,5621657.1554,"Crime Offenses (NIBRS)","23-245908","MP2023245908",2023-09-12,"22:35:00+00","2023/09/12 20:34:00+00","Property","Group A","200","Arson","Arson","Fire - Report Only (P)~PD","Fire - Report Only (P)","0021XX ALDRICH AVE N",4,"Hawthorne",5,45.00086,-93.28952,-10384941.9664195,5621657.15536339,1,189258,2023,9
-10381587.0689,5609457.9446,"Crime Offenses (NIBRS)","23-241326","MP2023241326",2023-09-08,"01:17:00+00","2023/09/07 23:45:00+00","Property","Group A","200","Arson","Arson","Escort (UM)","Escort (UM)","0010XX 44TH ST E",3,"Northrop",11,44.92332,-93.25938,-10381587.0688769,5609457.94462012,1,189420,2023,9
-10382519.263,5618205.205,"Crime Offenses (NIBRS)","23-249520","MP2023249520",2023-09-16,"17:29:00+00","2023/09/16 14:12:00+00","Property","Group A","200","Arson","Arson","Fire - Report Only (P)","Fire - Report Only (P)","0001XX 4TH ST S",1,"Downtown West",7,44.97893,-93.26776,-10382519.2630205,5618205.20498239,1,189431,2023,9
-10386209.1346,5614179.0298,"Crime Offenses (NIBRS)","23-220490","MP2023220490",2023-08-18,"14:52:00+00","2023/08/18 14:52:00+00","Property","Group A","200","Arson","Arson","Fire Suspicious Activity (P)","Fire Suspicious Activity (P)","0027XX IRVING AVE S",5,"Lowry Hill East",7,44.95334,-93.3009,-10386209.1345633,5614179.02981856,1,189748,2023,8
-10389108.0038,5613311.0047,"Crime Offenses (NIBRS)","23-221310","MP2023221310",2023-08-19,"07:00:00+00","2023/08/19 02:33:00+00","Property","Group A","200","Arson","Arson","Fire - Report Only (P)","Fire - Report Only (P)","0037XX 30 1/2 ST W",5,"Cedar - Isles - Dean",7,44.94782,-93.32695,-10389108.003772,5613311.0046591,1,189786,2023,8
-10382516.3213,5612996.9333,"Crime Offenses (NIBRS)","23-290256","MP2023290256",2023-10-29,"05:10:00+00","2023/10/29 03:14:00+00","Property","Group A","200","Arson","Arson","Fire - Report Only (P)","Fire - Report Only (P)","0031XX PORTLAND AVE",3,"Central",8,44.94583,-93.26773,-10382516.3212961,5612996.93332488,1,190033,2023,10
-10378717.5398,5606200.6786,"Crime Offenses (NIBRS)","23-262727","MP2023262727",2023-09-30,"00:25:00+00","2023/09/29 22:17:00+00","Property","Group A","200","Arson","Arson","Fire - Report Only (P)","Fire - Report Only (P)","0055XX 27TH AVE S",3,"Wenonah",11,44.9026,-93.23361,-10378717.5398303,5606200.67864643,1,190384,2023,9
-10387169.9194,5624601.6469,"Crime Offenses (NIBRS)","23-298318","MP2023298318",2023-11-07,"03:39:00+00","2023/11/07 02:07:00+00","Property","Group A","200","Arson","Arson","Fire - Report Only (P)","Fire - Report Only (P)","0035XX QUEEN AVE N",4,"Cleveland",4,45.01956,-93.30953,-10387169.9193785,5624601.64688575,1,190638,2023,11
-10378109.8261,5625742.6867,"Crime Offenses (NIBRS)","23-230887","MP2023230887",2023-08-28,"18:58:00+00","2023/08/25 12:00:00+00","Property","Group A","200","Arson","Arson","Damage Property-Rpt Only (P)","Damage Property-Rpt Only (P)","0032XX MCKINLEY ST NE",2,"Waite Park",1,45.02681,-93.22815,-10378109.8260743,5625742.68665637,1,190796,2023,8
-10382646.1188,5623024.6905,"Crime Offenses (NIBRS)","23-235531","MP2023235531",2023-09-02,"02:11:00+00","2023/09/02 01:26:00+00","Property","Group A","200","Arson","Arson","Person with a Gun (P)","Person with a Gun (P)","0021XX CALIFORNIA ST NE",2,"Bottineau",3,45.00955,-93.2689,-10382646.1187868,5623024.69054276,1,191186,2023,9
-10385547.5684,5624443.0434,"Crime Offenses (NIBRS)","23-264985","MP2023264985",2023-10-02,"09:06:00+00","2023/10/02 06:37:00+00","Property","Group A","200","Arson","Arson","Fire - Report Only (P)","Fire - Report Only (P)","0012XX 35TH AVE N",4,"Folwell",4,45.01855,-93.29496,-10385547.5684425,5624443.04340198,1,191245,2023,10
-10383012.202,5612862.428,"Crime Offenses (NIBRS)","23-304932","MP2023304932",2023-11-14,"09:47:00+00","2023/11/14 05:22:00+00","Property","Group A","200","Arson","Arson","Damage Property-Rpt Only (P)","Damage Property-Rpt Only (P)","0003XX 32ND ST E",3,"Central",8,44.94497,-93.27219,-10383012.2019787,5612862.42802168,1,191349,2023,11
-10384927.1961,5613257.9934,"Crime Offenses (NIBRS)","23-277001","MP2023277001",2023-10-15,"03:50:00+00","2023/10/15 03:17:00+00","Property","Group A","200","Arson","Arson","Suspicious Person (P)~PD","Assist Fire Personnel (P)","0030XX ALDRICH AVE S",5,"South Uptown",10,44.94749,-93.28939,-10384927.1960799,5613257.9933689,1,191510,2023,10
-10386582.8771,5629154.343,"Crime Offenses (NIBRS)","23-237517","MP2023237517",2023-09-04,"20:00:00+00","2023/09/04 00:22:00+00","Property","Group A","200","Arson","Arson","Fire - Report Only (P)","Fire - Report Only (P)","0051XX LOGAN AVE N",4,"Shingle Creek",4,45.04846,-93.30426,-10386582.8770759,5629154.34302716,1,191523,2023,9
-10382376.9405,5613261.7318,"Crime Offenses (NIBRS)","23-312764","MP2023312764",2023-11-22,"21:00:00+00","2023/11/22 18:06:00+00","Property","Group A","200","Arson","Arson","Fire - Report Only (P)","Fire - Report Only (P)","0030XX OAKLAND AVE",3,"Central",9,44.94751,-93.26648,-10382376.9404591,5613261.73175949,1,191745,2023,11
-10383939.3095,5612541.4865,"Crime Offenses (NIBRS)","23-309429","MP2023309429",2023-11-19,"02:28:00+00","2023/11/19 00:53:00+00","Property","Group A","200","Arson","Arson","Fire - Report Only (P)","Fire - Report Only (P)","0001XX 33RD ST W",5,"Lyndale",8,44.94293,-93.28051,-10383939.309507,5612541.48647122,1,191814,2023,11
-10382792.6528,5615946.5509,"Crime Offenses (NIBRS)","23-320285","MP2023320285",2023-12-01,"22:00:00+00","2023/12/01 18:49:00+00","Property","Group A","200","Arson","Arson","Fire - Report Only (P)","Fire - Report Only (P)","0018XX 4TH AVE S",5,"Steven's Square - Loring Heights",6,44.96458,-93.27021,-10382792.6527866,5615946.55090008,1,192300,2023,12
-10383363.731,5614100.3911,"Crime Offenses (NIBRS)","23-315109","MP2023315109",2023-11-26,"02:29:00+00","2023/11/25 22:28:00+00","Property","Group A","200","Arson","Arson","Fire - Report Only (P)","Fire - Report Only (P)","0027XX STEVENS AVE",5,"Whittier",10,44.95284,-93.27534,-10383363.7310061,5614100.39111423,1,192316,2023,11
-10382234.8151,5613676.7068,"Crime Offenses (NIBRS)","23-328930","MP2023328930",2023-12-11,"12:45:00+00","2023/12/11 12:30:00+00","Property","Group A","200","Arson","Arson","Assist Fire Personnel (P)","Assist Fire Personnel (P)","0028XX PARK AVE",3,"Phillips West",6,44.95015,-93.2652,-10382234.8151401,5613676.70683913,1,193053,2023,12
-10387313.6576,5624886.5413,"Crime Offenses (NIBRS)","23-302780","MP2023302780",2023-11-11,"21:15:00+00","2023/11/11 15:00:00+00","Property","Group A","200","Arson","Arson","Auto Theft (P)","Auto Theft (P)","0036XX RUSSELL AVE N",4,"Cleveland",4,45.02137,-93.31083,-10387313.6575984,5624886.54132672,1,193420,2023,11
-10380537.4544,5613530.6985,"Crime Offenses (NIBRS)","23-334885","MP2023334885",2023-12-18,"04:45:00+00","2023/12/18 01:44:00+00","Property","Group A","200","Arson","Arson","Fire - Report Only (P)","Fire - Report Only (P)","0029XX 17TH AVE S",3,"East Phillips",9,44.94922,-93.24995,-10380537.4544435,5613530.69846059,1,193440,2023,12
-10376326.7188,5616319.6461,"Crime Offenses (NIBRS)","23-293389","MP2023293389",2023-11-01,"20:35:00+00","2023/11/01 19:15:00+00","Property","Group A","200","Arson","Arson","Assist Fire Personnel (P)","Assist Fire Personnel (P)","000XX ORLIN AVE SE",2,"Prospect Park - East River Road",2,44.96695,-93.21213,-10376326.7188238,5616319.64611446,1,193544,2023,11
-10379371.2787,5613396.8676,"Crime Offenses (NIBRS)","23-305955","MP2023305955",2023-11-15,"17:24:00+00","2023/11/15 11:50:00+00","Property","Group A","200","Arson","Arson","Fire - Report Only (P)","Fire - Report Only (P)","0022XX LAKE ST E",3,"East Phillips",9,44.94837,-93.23948,-10379371.2787163,5613396.86756827,1,193572,2023,11
-10383076.0624,5615748.8183,"Crime Offenses (NIBRS)","23-308630","MP2023308630",2023-11-18,"09:20:00+00","2023/11/18 07:40:00+00","Property","Group A","200","Arson","Arson","Fire - Report Only (P)","Fire - Report Only (P)","0019XX 3RD AVE S",5,"Steven's Square - Loring Heights",6,44.96332,-93.27276,-10383076.0624272,5615748.81825908,1,193655,2023,11
-10387521.6513,5621333.1633,"Crime Offenses (NIBRS)","23-296619","MP2023296619",2023-11-05,"07:30:00+00","2023/11/05 02:35:00+00","Property","Group A","200","Arson","Arson","Fire - Report Only (P)","Fire - Report Only (P)","0025XX GOLDEN VALLEY RD",4,"Willard - Hay",5,44.9988,-93.31269,-10387521.6513381,5621333.16330021,1,193908,2023,11
-10383995.6361,5621926.0497,"Crime Offenses (NIBRS)","23-271529","MP2023271529",2023-10-09,"05:52:00+00","2023/10/09 05:52:00+00","Property","Group A","200","Arson","Arson","Domestic Abuse Report Only (P)","Domestic Abuse Report Only (P)","0002XX 23RD AVE N",4,"Hawthorne",5,45.00257,-93.28102,-10383995.6360887,5621926.04972424,1,194085,2023,10
-10381851.6622,5617081.4804,"Crime Offenses (NIBRS)","23-306736","MP2023306736",2023-11-16,"08:37:00+00","2023/11/16 08:20:00+00","Property","Group A","200","Arson","Arson","Fire - Report Only (P)","Fire - Report Only (P)","0007XX CHICAGO AVE",1,"Elliot Park",6,44.97179,-93.26176,-10381851.6622254,5617081.48038588,1,194985,2023,11
-10387169.9194,5624601.6469,"Crime Offenses (NIBRS)","23-277834","MP2023277834",2023-10-16,"07:00:00+00","2023/10/16 07:00:00+00","Property","Group A","200","Arson","Arson","Fire Reported Out (F)~FIRE","Fire - Report Only (P)","0035XX QUEEN AVE N",4,"Cleveland",4,45.01956,-93.30953,-10387169.9193785,5624601.64688575,1,194996,2023,10
-10383751.7703,5617954.2495,"Crime Offenses (NIBRS)","23-323177","MP2023323177",2023-12-05,"04:10:00+00","2023/12/05 00:53:00+00","Property","Group A","200","Arson","Arson","Assault in Progress (P)","Assault in Progress (P)","000XX 10TH ST N",1,"North Loop",7,44.97734,-93.27883,-10383751.7703008,5617954.24949095,1,195117,2023,12
-10378553.4132,5609878.2629,"Crime Offenses (NIBRS)","23-312402","MP2023312402",2023-11-22,"11:36:00+00","2023/11/21 20:00:00+00","Property","Group A","200","Arson","Arson","Miscellaneous (P)","Miscellaneous (P)","0042XX 28TH AVE S",3,"Standish",12,44.92599,-93.23213,-10378553.4132175,5609878.26285823,1,195305,2023,11
-10376508.1691,5616847.5437,"Crime Offenses (NIBRS)","23-293398","MP2023293398",2023-11-01,"22:24:00+00","2023/11/01 19:17:00+00","Property","Group A","200","Arson","Arson","Fire - Report Only (P)","Fire - Report Only (P)","0030XX UNIVERSITY AVE SE",2,"Prospect Park - East River Road",2,44.9703,-93.21376,-10376508.1690558,5616847.54374421,1,195402,2023,11
-10383751.7703,5617954.2495,"Crime Offenses (NIBRS)","23-286969","MP2023286969",2023-10-25,"21:38:00+00","2023/10/25 21:30:00+00","Property","Group A","200","Arson","Arson","Assist Fire Personnel (P)","Assist Fire Personnel (P)","000XX 10TH ST N",1,"Downtown West",7,44.97734,-93.27883,-10383751.7703008,5617954.24949095,1,196050,2023,10
-10383849.3941,5612683.0938,"Crime Offenses (NIBRS)","23-336547","MP2023336547",2023-12-19,"22:08:00+00","2023/12/19 19:59:00+00","Property","Group A","200","Arson","Arson","Fire Suspicious Activity (P)","Fire Suspicious Activity (P)","0032XX BLAISDELL AVE",5,"Lyndale",8,44.94383,-93.27971,-10383849.3941345,5612683.09381747,1,196424,2023,12
-10383436.4594,5616822.239,"Crime Offenses (NIBRS)","23-332992","MP2023332992",2023-12-15,"22:50:00+00","2023/12/15 22:50:00+00","Property","Group A","200","Arson","Arson","Fire Suspicious Activity (P)","Fire Suspicious Activity (P)","0013XX MARQUETTE AVE",1,"Loring Park",7,44.97014,-93.276,-10383436.4594064,5616822.23897575,1,196730,2023,12
-10383249.4503,5617507.8471,"Crime Offenses (NIBRS)","23-335220","MP2023335220",2023-12-18,"14:35:00+00","2023/12/18 02:11:00+00","Property","Group A","200","Arson","Arson","Damage Property-Rpt Only (P)","Damage Property-Rpt Only (P)","0009XX NICOLLET MALL",1,"Downtown West",7,44.9745,-93.27432,-10383249.4503243,5617507.84706258,1,196957,2023,12
-10379309.6456,5612684.5593,"Crime Offenses (NIBRS)","23-305943","MP2023305943",2023-11-15,"13:03:00+00","2023/11/15 12:00:00+00","Property","Group A","200","Arson","Arson","Stabbing (PE)","Stabbing (PE)","0032XX 23RD AVE S",3,"East Phillips",9,44.94384,-93.23892,-10379309.6456382,5612684.55928189,1,196973,2023,11
-10382585.9498,5612864.3222,"Crime Offenses (NIBRS)","23-704029","MP2023704029",2023-04-20,"11:38:00+00","2023/03/30 12:30:00+00","Property","Group A","200","Arson","Arson",NA,NA,"0005XX 32ND ST E",3,"Central",8,44.94498,-93.26836,-10382585.9497906,5612864.32219202,1,198164,2023,4
-10383366.307,5613677.0365,"Crime Offenses (NIBRS)","23-709053","MP2023709053",2023-08-07,"14:32:00+00","2023/08/04 14:25:00+00","Property","Group A","200","Arson","Arson",NA,NA,"0029XX STEVENS AVE",3,"Central",8,44.95015,-93.27537,-10383366.3069789,5613677.0364866,1,202234,2023,8
-10383776.9784,5606711.431,"Crime Offenses (NIBRS)","23-708263","MP2023708263",2023-07-24,"10:39:00+00","2023/07/23 22:00:00+00","Property","Group A","200","Arson","Arson",NA,NA,"0000XX WEST MINNEHAHA PKWY",5,"Tangletown",11,44.90585,-93.27906,-10383776.9783707,5606711.43103812,1,205021,2023,7
-10381095.8682,5614666.6579,"Crime Offenses (NIBRS)","24-001835","MP20241835",2024-01-03,"09:13:00+00","2024/01/03 03:50:00+00","Property","Group A","200","Arson","Arson","Fire - Report Only (P)","Fire - Report Only (P)","0025XX 14TH AVE S",3,"Midtown Phillips",9,44.95644,-93.25497,-10381095.8681795,5614666.65786319,1,208769,2024,1
-10382064.1114,5617415.0582,"Crime Offenses (NIBRS)","24-012097","MP202412097",2024-03-18,"10:53:00+00","2024/03/16 00:54:00+00","Property","Group A","200","Arson","Arson","On Site (P)","Suspicious Person (P)","0006XX PORTLAND AVE",1,"Elliot Park",6,44.97391,-93.26367,-10382064.111444,5617415.05818237,1,210031,2024,3
-10382508.0935,5616561.5317,"Crime Offenses (NIBRS)","24-014375","MP202414375",2024-01-18,"01:08:00+00","2024/01/17 23:51:00+00","Property","Group A","200","Arson","Arson","Fire - Report Only (P)","Fire - Report Only (P)","0014XX PORTLAND AVE",1,"Elliot Park",6,44.96849,-93.26766,-10382508.0935221,5616561.5317002,1,210570,2024,1
-10386462.7551,5624595.6063,"Crime Offenses (NIBRS)","24-032531","MP202432531",2024-02-07,"00:23:00+00","2024/02/06 23:22:00+00","Property","Group A","200","Arson","Arson","Fire Suspicious Activity (P)","Fire Suspicious Activity (P)","0035XX LOGAN AVE N",4,"Folwell",4,45.01952,-93.30318,-10386462.7551135,5624595.60633486,1,211552,2024,2
-10385756.5195,5622885.2521,"Crime Offenses (NIBRS)","24-039903","MP202439903",2024-02-15,"09:00:00+00","2024/02/15 07:02:00+00","Property","Group A","200","Arson","Arson","Fire - Report Only (P)","Fire - Report Only (P)","0028XX GIRARD AVE N",4,"Jordan",5,45.00866,-93.29684,-10385756.5194506,5622885.25209399,1,211909,2024,2
-10384219.6562,5612971.8283,"Crime Offenses (NIBRS)","24-054987","MP202454987",2024-03-02,"19:07:00+00","2024/03/02 19:07:00+00","Property","Group A","200","Arson","Arson","Fire Suspicious Activity (P)","Fire Suspicious Activity (P)","0031XX PLEASANT AVE",5,"Lyndale",8,44.94567,-93.28303,-10384219.6561593,5612971.8282834,1,212514,2024,3
-10383501.607,5615947.5898,"Crime Offenses (NIBRS)","24-055624","MP202455624",2024-03-03,"16:00:00+00","2024/03/03 10:54:00+00","Property","Group A","200","Arson","Arson","Fire - Report Only (P)","Fire - Report Only (P)","0018XX 1ST AVE S",5,"Steven's Square - Loring Heights",6,44.96458,-93.27658,-10383501.6069841,5615947.58977873,1,212598,2024,3
-10386046.6017,5618138.9333,"Crime Offenses (NIBRS)","24-004778","MP20244778",2024-01-06,"13:50:00+00","2024/01/06 11:15:00+00","Property","Group A","200","Arson","Arson","Fire - Report Only (P)","Fire - Report Only (P)","0002XX IRVING AVE N",4,"Harrison",5,44.97851,-93.29944,-10386046.6017411,5618138.93327166,1,213209,2024,1
-10386890.4777,5619222.4268,"Crime Offenses (NIBRS)","24-036443","MP202436443",2024-02-11,"10:02:00+00","2024/02/11 07:22:00+00","Property","Group A","200","Arson","Arson","Fire - Report Only (P)","Fire - Report Only (P)","0006XX OLIVER AVE N",4,"Near - North",5,44.98539,-93.30702,-10386890.4776538,5619222.42677097,1,213460,2024,2
-10378065.4826,5613397.8077,"Crime Offenses (NIBRS)","24-010843","MP202410843",2024-01-13,"18:00:00+00","2024/01/13 15:51:00+00","Property","Group A","200","Arson","Arson","Fire - Report Only (P)","Fire - Report Only (P)","0030XX LAKE ST E",3,"Longfellow",9,44.94837,-93.22775,-10378065.4826211,5613397.80772848,1,213830,2024,1
-10386066.1686,5622175.1697,"Crime Offenses (NIBRS)","24-069824","MP202469824",2024-03-17,"04:18:00+00","2024/03/17 01:50:00+00","Property","Group A","200","Arson","Arson","Fire - Report Only (P)","Fire - Report Only (P)","0024XX IRVING AVE N",4,"Jordan",5,45.00415,-93.29962,-10386066.1686368,5622175.16965736,1,213940,2024,3
-10385583.9534,5628006.4076,"Crime Offenses (NIBRS)","24-073501","MP202473501",2024-03-21,"02:26:00+00","2024/03/21 00:46:00+00","Property","Group A","200","Arson","Arson","Fire - Report Only (P)","Fire - Report Only (P)","0047XX EMERSON AVE N",4,"Lind - Bohanon",4,45.04118,-93.29529,-10385583.9533668,5628006.40760686,1,214107,2024,3
-10379950.8938,5623235.4006,"Crime Offenses (NIBRS)","24-015762","MP202415762",2024-01-19,"19:10:00+00","2024/01/19 19:10:00+00","Property","Group A","200","Arson","Arson","Unknown Trouble (P)","Unknown Trouble (P)","0010XX 23RD AVE NE",2,"Holland",1,45.01089,-93.24469,-10379950.8937617,5623235.4006332,1,214315,2024,1
-10386462.7551,5624595.6063,"Crime Offenses (NIBRS)","24-032534","MP202432534",2024-02-07,"07:00:00+00","2024/02/06 23:22:00+00","Property","Group A","200","Arson","Arson","Fire - Report Only (P)","Fire - Report Only (P)","0035XX LOGAN AVE N",4,"Folwell",4,45.01952,-93.30318,-10386462.7551135,5624595.60633486,1,214448,2024,2
-10385112.2853,5622191.0188,"Crime Offenses (NIBRS)","24-036453","MP202436453",2024-02-11,"16:00:00+00","2024/02/11 08:03:00+00","Property","Group A","200","Arson","Arson","Fire - Report Only (P)","Fire - Report Only (P)","0024XX BRYANT AVE N",4,"Hawthorne",5,45.00425,-93.29105,-10385112.285265,5622191.01878098,1,214767,2024,2
-10380914.4589,5617447.3328,"Crime Offenses (NIBRS)","24-036365","MP202436365",2024-02-11,"04:10:00+00","2024/02/11 02:53:00+00","Property","Group A","200","Arson","Arson","Fire - Report Only (P)","Fire - Report Only (P)","0011XX 3RD ST S",1,"Downtown East",3,44.97411,-93.25334,-10380914.4588931,5617447.33275194,1,215434,2024,2
-10383501.607,5615947.5898,"Crime Offenses (NIBRS)","24-055608","MP202455608",2024-03-03,"12:35:00+00","2024/03/03 10:54:00+00","Property","Group A","200","Arson","Arson","Damage Property-In Progress(P)","Damage Property-In Progress(P)","0018XX 1ST AVE S",5,"Steven's Square - Loring Heights",6,44.96458,-93.27658,-10383501.6069841,5615947.58977873,1,215825,2024,3
-10381454.2842,5613959.3123,"Crime Offenses (NIBRS)","24-050405","MP202450405",2024-02-26,"18:00:00+00","2024/02/26 05:00:00+00","Property","Group A","200","Arson","Arson","Fire - Report Only (P)","Fire - Report Only (P)","0011XX 28TH ST E",3,"Midtown Phillips",9,44.95194,-93.25819,-10381454.2842167,5613959.31226208,1,215940,2024,2
-10380955.4025,5612152.1186,"Crime Offenses (NIBRS)","24-102050","MP2024102050",2024-04-19,"07:15:00+00","2024/04/19 05:56:00+00","Property","Group A","200","Arson","Arson","Fire - Report Only (P)","Fire - Report Only (P)","0034XX 15TH AVE S",3,"Powderhorn Park",9,44.94045,-93.25371,-10380955.4024893,5612152.11855971,1,216109,2024,4
-10383463.3597,5619502.1504,"Crime Offenses (NIBRS)","24-103129","MP2024103129",2024-04-19,"22:30:00+00","2024/04/19 22:30:00+00","Property","Group A","200","Arson","Arson","Fire Suspicious Activity (P)","Fire Suspicious Activity (P)","0006XX WASHINGTON AVE N",1,"North Loop",3,44.98717,-93.27624,-10383463.3596553,5619502.15039741,1,216242,2024,4
-10382038.4075,5618319.6896,"Crime Offenses (NIBRS)","24-048923","MP202448923",2024-02-25,"06:30:00+00","2024/02/25 04:58:00+00","Property","Group A","200","Arson","Arson","Fire - Report Only (P)","Fire - Report Only (P)","0003XX WASHINGTON AVE S",1,"Downtown West",3,44.97966,-93.26344,-10382038.4074582,5618319.6895946,1,216598,2024,2
-10385916.9402,5613466.4264,"Crime Offenses (NIBRS)","24-062471","MP202462471",2024-03-10,"03:10:00+00","2024/03/10 03:10:00+00","Property","Group A","200","Arson","Arson","Fire Suspicious Activity (P)","Fire Suspicious Activity (P)","0029XX HENNEPIN AVE",5,"Lowry Hill East",10,44.94881,-93.29828,-10385916.9401957,5613466.42636728,1,216716,2024,3
-10386180.151,5624308.4266,"Crime Offenses (NIBRS)","24-035492","MP202435492",2024-02-10,"05:58:00+00","2024/02/10 03:37:00+00","Property","Group A","200","Arson","Arson","Fire - Report Only (P)","Fire - Report Only (P)","0034XX JAMES AVE N",4,"Folwell",4,45.0177,-93.30064,-10386180.1509997,5624308.4265809,1,216881,2024,2
-10385639.1517,5626628.8363,"Crime Offenses (NIBRS)","24-054365","MP202454365",2024-03-02,"05:02:00+00","2024/03/02 02:45:00+00","Property","Group A","200","Arson","Arson","Fire Suspicious Activity (P)","Fire Suspicious Activity (P)","0042XX FREMONT AVE N",4,"Webber - Camden",4,45.03243,-93.29578,-10385639.1517437,5626628.83630501,1,216898,2024,3
-10383751.7703,5617954.2495,"Crime Offenses (NIBRS)","24-075237","MP202475237",2024-03-23,"00:31:00+00","2024/03/23 00:31:00+00","Property","Group A","200","Arson","Arson","Fire Suspicious Activity (P)","Fire Suspicious Activity (P)","000XX 10TH ST N",1,"Downtown West",7,44.97734,-93.27883,-10383751.7703008,5617954.24949095,1,217056,2024,3
-10383500.883,5614663.8568,"Crime Offenses (NIBRS)","24-063829","MP202463829",2024-03-11,"18:36:00+00","2024/03/11 17:30:00+00","Property","Group A","200","Arson","Arson","Fire - Report Only (P)","Fire - Report Only (P)","0025XX 1ST AVE S",5,"Whittier",10,44.95642,-93.27658,-10383500.8830384,5614663.85676736,1,217110,2024,3
-10383110.1447,5619013.6634,"Crime Offenses (NIBRS)","24-113364","MP2024113364",2024-04-29,"20:36:00+00","2024/04/29 16:39:00+00","Property","Group A","200","Arson","Arson","Fire - Report Only (P)","Fire - Report Only (P)","0002XX 3RD AVE N",1,"North Loop",3,44.98407,-93.27307,-10383110.144684,5619013.66342164,1,217212,2024,4
-10381609.2816,5617141.5568,"Crime Offenses (NIBRS)","24-063057","MP202463057",2024-03-10,"22:19:00+00","2024/03/10 20:30:00+00","Property","Group A","200","Arson","Arson","Fire Suspicious Activity (P)","Fire Suspicious Activity (P)","0006XX 9TH AVE S",1,"Elliot Park",6,44.97217,-93.25958,-10381609.2815637,5617141.55676056,1,217373,2024,3
-10386270.9865,5613537.2337,"Crime Offenses (NIBRS)","24-063085","MP202463085",2024-03-10,"21:14:00+00","2024/03/10 21:14:00+00","Property","Group A","200","Arson","Arson","Assist Fire Personnel (P)","Fire Suspicious Activity (P)","0015XX LAGOON AVE",5,"Cedar - Isles - Dean",7,44.94926,-93.30146,-10386270.986461,5613537.23367353,1,217375,2024,3
-10381589.8758,5608889.9281,"Crime Offenses (NIBRS)","24-066355","MP202466355",2024-03-14,"02:00:00+00","2024/03/13 23:54:00+00","Property","Group A","200","Arson","Arson","Fire - Report Only (P)","Fire - Report Only (P)","0012XX 46TH ST E",3,"Northrop",11,44.91971,-93.25941,-10381589.8758472,5608889.9281421,1,217529,2024,3
-10384032.4819,5616442.011,"Crime Offenses (NIBRS)","24-122154","MP2024122154",2024-05-08,"03:43:00+00","2024/05/08 03:43:00+00","Property","Group A","200","Arson","Arson","Assist Fire Personnel (P)","Assist Fire Personnel (P)","0002XX 15TH ST W",1,"Loring Park",7,44.96773,-93.28135,-10384032.4818937,5616442.01097424,1,217800,2024,5
-10382613.9182,5618045.6956,"Crime Offenses (NIBRS)","24-074558","MP202474558",2024-03-22,"11:12:00+00","2024/03/22 10:50:00+00","Property","Group A","200","Arson","Arson","Fire Suspicious Activity (P)","Fire Suspicious Activity (P)","0001XX 5TH ST S",1,"Downtown West",7,44.97792,-93.26861,-10382613.9181802,5618045.69557586,1,217864,2024,3
-10384489.9159,5615510.0321,"Crime Offenses (NIBRS)","24-049249","MP202449249",2024-02-25,"16:47:00+00","2024/02/25 16:47:00+00","Property","Group A","200","Arson","Arson","Assist Fire Personnel (P)","Officer Needs Help (P)","0020XX HARRIET AVE",5,"Whittier",10,44.9618,-93.28546,-10384489.9158723,5615510.03214313,1,217991,2024,2
-10386663.1786,5613586.7045,"Crime Offenses (NIBRS)","24-095443","MP202495443",2024-04-12,"21:43:00+00","2024/04/12 21:43:00+00","Property","Group A","200","Arson","Arson","Damage Property-In Progress(P)","Damage Property-In Progress(P)","0028XX KNOX AVE S",5,"East Isles",7,44.94958,-93.30498,-10386663.1785707,5613586.7045003,1,219020,2024,4
-10385336.3775,5623377.3557,"Crime Offenses (NIBRS)","24-151181","MP2024151181",2024-06-04,"10:02:00+00","2024/06/03 22:41:00+00","Property","Group A","200","Arson","Arson","Fire - Report Only (P)","Fire - Report Only (P)","0030XX DUPONT AVE N",4,"Hawthorne",5,45.01179,-93.29306,-10385336.3774972,5623377.35573733,1,219174,2024,6
-10386481.9803,5613595.3031,"Crime Offenses (NIBRS)","24-095458","MP202495458",2024-04-12,"23:30:00+00","2024/04/12 21:41:00+00","Property","Group A","200","Arson","Arson","Fire - Report Only (P)","Fire - Report Only (P)","0028XX JAMES AVE S",5,"East Isles",7,44.94963,-93.30336,-10386481.9802998,5613595.30305021,1,219392,2024,4
-10387028.5493,5624601.3691,"Crime Offenses (NIBRS)","24-096968","MP202496968",2024-04-14,"04:09:00+00","2024/04/14 01:58:00+00","Property","Group A","200","Arson","Arson","Fire - Report Only (P)","Fire - Report Only (P)","0035XX PENN AVE N",4,"Folwell",4,45.01956,-93.30827,-10387028.5493165,5624601.36905374,1,219575,2024,4
-10387027.8845,5624317.1891,"Crime Offenses (NIBRS)","24-097889","MP202497889",2024-04-15,"04:00:00+00","2024/04/15 01:15:00+00","Property","Group A","200","Arson","Arson","Fire - Report Only (P)","Fire - Report Only (P)","0034XX PENN AVE N",4,"Folwell",4,45.01776,-93.30826,-10387027.8844786,5624317.18912482,1,219590,2024,4
-10385897.5957,5622886.8379,"Crime Offenses (NIBRS)","24-097937","MP202497937",2024-04-15,"05:00:00+00","2024/04/15 03:48:00+00","Property","Group A","200","Arson","Arson","ShotSpotter Activation (P)","Fire Suspicious Activity (P)","0028XX HUMBOLDT AVE N",4,"Jordan",5,45.00867,-93.29811,-10385897.5957173,5622886.83785103,1,219620,2024,4
-10384257.3466,5623308.3976,"Crime Offenses (NIBRS)","24-151212","MP2024151212",2024-06-04,"14:20:00+00","2024/06/03 23:01:00+00","Property","Group A","200","Arson","Arson","Fire - Report Only (P)","Fire - Report Only (P)","0030XX 3RD ST N",4,"Hawthorne",5,45.01135,-93.28337,-10384257.3465813,5623308.39757545,1,220141,2024,6
-10381609.2816,5617141.5568,"Crime Offenses (NIBRS)","24-063060","MP202463060",2024-03-10,"22:17:00+00","2024/03/10 20:30:00+00","Property","Group A","200","Arson","Arson","Fire - Report Only (P)","Fire - Report Only (P)","0006XX 9TH AVE S",1,"Elliot Park",6,44.97217,-93.25958,-10381609.2815637,5617141.55676056,1,220265,2024,3
-10382152.4126,5618821.137,"Crime Offenses (NIBRS)","24-164840","MP2024164840",2024-06-17,"16:21:00+00","2024/06/17 16:20:00+00","Property","Group A","200","Arson","Arson","Suspicious Person (P)","Suspicious Person (P)","0001XX 1ST ST S",1,"Downtown West",3,44.98284,-93.26446,-10382152.4126057,5618821.13695651,1,221325,2024,6
-10378227.9667,5612863.0668,"Crime Offenses (NIBRS)","24-178457","MP2024178457",2024-06-30,"13:44:00+00","2024/06/30 11:28:00+00","Property","Group A","200","Arson","Arson","Fire - Report Only (P)","Fire - Report Only (P)","0029XX 32ND ST E",3,"Longfellow",9,44.94497,-93.22921,-10378227.9666618,5612863.06675531,1,222457,2024,6
-10385897.5957,5622886.8379,"Crime Offenses (NIBRS)","24-097950","MP202497950",2024-04-15,"07:00:00+00","2024/04/15 03:49:00+00","Property","Group A","200","Arson","Arson","Fire - Report Only (P)","Fire - Report Only (P)","0028XX HUMBOLDT AVE N",4,"Jordan",5,45.00867,-93.29811,-10385897.5957173,5622886.83785103,1,222960,2024,4
-10386769.129,5615657.0374,"Crime Offenses (NIBRS)","24-186916","MP2024186916",2024-07-08,"02:09:00+00","2024/07/08 02:09:00+00","Property","Group A","200","Arson","Arson","Assist Fire Personnel (P)","Assist Fire Personnel (P)","0021XX FRANKLIN AVE W",5,"Kenwood",7,44.96274,-93.30593,-10386769.1289508,5615657.03739592,1,222986,2024,7
-10385155.6363,5628007.0284,"Crime Offenses (NIBRS)","24-178112","MP2024178112",2024-06-30,"07:00:00+00","2024/06/30 01:04:00+00","Property","Group A","200","Arson","Arson","Fire Suspicious Activity (P)","Fire Suspicious Activity (P)","0047XX BRYANT AVE N",4,"Lind - Bohanon",4,45.04118,-93.29144,-10385155.636333,5628007.02839532,1,223014,2024,6
-10383064.8031,5617808.5853,"Crime Offenses (NIBRS)","24-107348","MP2024107348",2024-04-23,"21:09:00+00","2024/04/23 21:09:00+00","Property","Group A","200","Arson","Arson","Unwanted Person (P)","Unsecure Business (P)","0007XX NICOLLET MALL",1,"Downtown West",7,44.97641,-93.27266,-10383064.8030936,5617808.58530412,1,223358,2024,4
-10376251.1225,5613535.4735,"Crime Offenses (NIBRS)","24-143190","MP2024143190",2024-05-27,"03:00:00+00","2024/05/27 00:32:00+00","Property","Group A","200","Arson","Arson","Fire - Report Only (P)","Fire - Report Only (P)","0029XX 43RD AVE S",3,"Cooper",12,44.94925,-93.21145,-10376251.1224939,5613535.47352846,1,223430,2024,5
-10383359.0616,5614952.9201,"Crime Offenses (NIBRS)","24-143937","MP2024143937",2024-05-27,"10:11:00+00","2024/05/27 10:11:00+00","Property","Group A","200","Arson","Arson","Damage Property-In Progress(P)","Damage Property-In Progress(P)","0024XX STEVENS AVE",5,"Whittier",10,44.95826,-93.2753,-10383359.0616266,5614952.9200821,1,223500,2024,5
-10381697.1122,5615652.7479,"Crime Offenses (NIBRS)","24-192279","MP2024192279",2024-07-12,"22:59:00+00","2024/07/12 21:23:00+00","Property","Group A","200","Arson","Arson","Fire - Report Only (P)","Fire - Report Only (P)","0009XX FRANKLIN AVE E",3,"Ventura Village",6,44.96271,-93.26037,-10381697.1121517,5615652.74789581,1,223539,2024,7
-10384598.7437,5623114.567,"Crime Offenses (NIBRS)","24-194864","MP2024194864",2024-07-15,"08:39:00+00","2024/07/15 05:06:00+00","Property","Group A","200","Arson","Arson","Fire - Report Only (P)","Fire - Report Only (P)","0029XX 6TH ST N",4,"Hawthorne",5,45.01012,-93.28644,-10384598.7436742,5623114.56697004,1,223711,2024,7
-10387313.6576,5624886.5413,"Crime Offenses (NIBRS)","24-194870","MP2024194870",2024-07-15,"11:04:00+00","2024/07/15 05:23:00+00","Property","Group A","200","Arson","Arson","Fire - Report Only (P)","Fire - Report Only (P)","0036XX RUSSELL AVE N",4,"Cleveland",4,45.02137,-93.31083,-10387313.6575984,5624886.54132672,1,223723,2024,7
-10386629.8326,5622058.0139,"Crime Offenses (NIBRS)","24-114692","MP2024114692",2024-05-01,"06:00:00+00","2024/04/30 22:30:00+00","Property","Group A","200","Arson","Arson","Fire - Report Only (P)","Fire - Report Only (P)","0023XX LOGAN AVE N",4,"Jordan",5,45.00341,-93.30468,-10386629.8325771,5622058.01389778,1,223767,2024,5
-10387450.3539,5622367.5131,"Crime Offenses (NIBRS)","24-162461","MP2024162461",2024-06-15,"03:50:00+00","2024/06/15 03:50:00+00","Property","Group A","200","Arson","Arson","Assist Fire Personnel (P)","Assist Fire Personnel (P)","0025XX SHERIDAN AVE N",4,"Willard - Hay",5,45.00537,-93.31205,-10387450.3539365,5622367.51312529,1,223872,2024,6
-10379310.2843,5612969.4073,"Crime Offenses (NIBRS)","24-188932","MP2024188932",2024-07-09,"23:00:00+00","2024/07/09 22:11:00+00","Property","Group A","200","Arson","Arson","Assist Fire Personnel (P)","Assist Fire Personnel (P)","0031XX 23RD AVE S",3,"Corcoran",9,44.94565,-93.23893,-10379310.2843344,5612969.4072938,1,224118,2024,7
-10378316.0666,5612720.4,"Crime Offenses (NIBRS)","24-156983","MP2024156983",2024-06-09,"21:50:00+00","2024/06/09 14:35:00+00","Property","Group A","200","Arson","Arson","Fire - Report Only (P)","Fire - Report Only (P)","0032XX 29TH AVE S",3,"Longfellow",9,44.94407,-93.23,-10378316.0665677,5612720.40003921,1,224550,2024,6
-10382235.433,5613262.2106,"Crime Offenses (NIBRS)","24-157142","MP2024157142",2024-06-09,"22:09:00+00","2024/06/09 16:49:00+00","Property","Group A","200","Arson","Arson","Fire - Report Only (P)","Fire - Report Only (P)","0030XX PARK AVE",3,"Central",9,44.94751,-93.26521,-10382235.4329901,5613262.21055616,1,224551,2024,6
-10377990.6897,5612436.0136,"Crime Offenses (NIBRS)","24-154887","MP2024154887",2024-06-07,"16:04:00+00","2024/06/07 15:00:00+00","Property","Group A","200","Arson","Arson","Fire Suspicious Activity (P)","Fire Suspicious Activity (P)","0033XX 31ST AVE S",3,"Longfellow",9,44.94226,-93.22708,-10377990.6896803,5612436.01360418,1,224564,2024,6
-10380678.5851,5613529.9814,"Crime Offenses (NIBRS)","24-123331","MP2024123331",2024-05-09,"04:03:00+00","2024/05/09 04:03:00+00","Property","Group A","200","Arson","Arson","Fire Suspicious Activity (P)","Fire Suspicious Activity (P)","0029XX 16TH AVE S",3,"East Phillips",9,44.94922,-93.25122,-10380678.5850779,5613529.98138031,1,224567,2024,5
-10383849.3941,5612683.0938,"Crime Offenses (NIBRS)","24-210562","MP2024210562",2024-07-29,"00:53:00+00","2024/07/29 00:53:00+00","Property","Group A","200","Arson","Arson","Fire Suspicious Activity (P)","Fire Suspicious Activity (P)","0032XX BLAISDELL AVE",5,"Lyndale",8,44.94383,-93.27971,-10383849.3941345,5612683.09381747,1,224745,2024,7
-10377660.5803,5620893.0135,"Crime Offenses (NIBRS)","24-126589","MP2024126589",2024-05-11,"21:45:00+00","2024/05/11 21:33:00+00","Property","Group A","200","Arson","Arson","Fire Suspicious Activity (P)","Fire Suspicious Activity (P)","0006XX TAFT ST NE",2,"Mid - City Industrial",1,44.99601,-93.22411,-10377660.5803019,5620893.01353624,1,225102,2024,5
-10382793.6382,5612437.494,"Crime Offenses (NIBRS)","24-133511","MP2024133511",2024-05-18,"10:16:00+00","2024/05/18 10:10:00+00","Property","Group A","200","Arson","Arson","Assist Fire Personnel (P)","Assist Fire Personnel (P)","0033XX 4TH AVE S",3,"Central",8,44.94227,-93.27022,-10382793.6381938,5612437.49398573,1,225407,2024,5
-10382933.8653,5615948.0186,"Crime Offenses (NIBRS)","24-223243","MP2024223243",2024-08-09,"04:59:00+00","2024/08/09 04:59:00+00","Property","Group A","200","Arson","Arson","Suspicious Person (P)","Suspicious Person (P)","0018XX CLINTON AVE",5,"Steven's Square - Loring Heights",6,44.96459,-93.27148,-10382933.8652718,5615948.01862077,1,225883,2024,8
-10385771.2001,5614314.3299,"Crime Offenses (NIBRS)","24-223842","MP2024223842",2024-08-09,"17:04:00+00","2024/08/09 17:04:00+00","Property","Group A","200","Arson","Arson","Assist Fire Personnel (P)","Assist Fire Personnel (P)","0026XX GIRARD AVE S",5,"Lowry Hill East",10,44.9542,-93.29697,-10385771.2000974,5614314.32987127,1,225901,2024,8
-10379591.1298,5612541.6712,"Crime Offenses (NIBRS)","24-143728","MP2024143728",2024-05-27,"17:36:00+00","2024/05/25 08:00:00+00","Property","Group A","200","Arson","Arson","Damage Property-Rpt Only (P)","Damage Property-Rpt Only (P)","0021XX 33RD ST E",3,"Corcoran",9,44.94293,-93.24145,-10379591.1297734,5612541.67123444,1,226374,2024,5
-10378227.9667,5612863.0668,"Crime Offenses (NIBRS)","24-178450","MP2024178450",2024-06-30,"11:57:00+00","2024/06/30 11:29:00+00","Property","Group A","200","Arson","Arson","Fire Suspicious Activity (P)","Fire Suspicious Activity (P)","0029XX 32ND ST E",3,"Howe",9,44.94497,-93.22921,-10378227.9666618,5612863.06675531,1,226384,2024,6
-10383577.3369,5611156.098,"Crime Offenses (NIBRS)","24-180416","MP2024180416",2024-07-02,"08:30:00+00","2024/07/02 06:20:00+00","Property","Group A","200","Arson","Arson","Fire - Report Only (P)","Fire - Report Only (P)","000XX 38TH ST E",5,"King Field",8,44.93412,-93.27726,-10383577.336923,5611156.09801661,1,226458,2024,7
-10381697.1122,5615652.7479,"Crime Offenses (NIBRS)","24-192270","MP2024192270",2024-07-12,"23:06:00+00","2024/07/12 21:25:00+00","Property","Group A","200","Arson","Arson","Officer Needs Help (P)","Officer Needs Help (P)","0009XX FRANKLIN AVE E",3,"Ventura Village",6,44.96271,-93.26037,-10381697.1121517,5615652.74789581,1,226933,2024,7
-10384941.9664,5621657.1554,"Crime Offenses (NIBRS)","24-235087","MP2024235087",2024-08-19,"17:35:00+00","2024/08/19 17:35:00+00","Property","Group A","200","Arson","Arson","Domestic (P)","Domestic Abuse-In Progress (P)","0021XX ALDRICH AVE N",4,"Hawthorne",5,45.00086,-93.28952,-10384941.9664195,5621657.15536339,1,227127,2024,8
-10380673.9463,5614383.3818,"Crime Offenses (NIBRS)","24-190157","MP2024190157",2024-07-11,"03:30:00+00","2024/07/11 00:57:00+00","Property","Group A","200","Arson","Arson","Fire - Report Only (P)","Fire - Report Only (P)","0026XX 16TH AVE S",3,"East Phillips",9,44.95464,-93.25118,-10380673.9463366,5614383.38183832,1,227165,2024,7
-10385621.779,5625155.6267,"Crime Offenses (NIBRS)","24-238694","MP2024238694",2024-08-23,"08:00:00+00","2024/08/23 00:25:00+00","Property","Group A","200","Arson","Arson","Fire - Report Only (P)","Fire - Report Only (P)","0037XX FREMONT AVE N",4,"Folwell",4,45.02308,-93.29563,-10385621.7789837,5625155.62667578,1,227537,2024,8
-10383220.5305,5609594.4971,"Crime Offenses (NIBRS)","24-242027","MP2024242027",2024-08-26,"06:51:00+00","2024/08/26 04:39:00+00","Property","Group A","200","Arson","Arson","Fire - Report Only (P)","Fire - Report Only (P)","0043XX 2ND AVE S",3,"Regina",8,44.92419,-93.27406,-10383220.5305292,5609594.49708234,1,227883,2024,8
-10381382.2666,5614169.0708,"Crime Offenses (NIBRS)","24-197143","MP2024197143",2024-07-17,"08:52:00+00","2024/07/17 05:16:00+00","Property","Group A","200","Arson","Arson","Assist Fire Personnel (P)","Assist Fire Personnel (P)","0027XX 12TH AVE S",3,"Midtown Phillips",9,44.95328,-93.25754,-10381382.2666095,5614169.07077955,1,227984,2024,7
-10381223.2968,5615654.5062,"Crime Offenses (NIBRS)","24-221730","MP2024221730",2024-08-07,"22:15:00+00","2024/08/07 19:50:00+00","Property","Group A","200","Arson","Arson","Fire - Report Only (P)","Fire - Report Only (P)","0013XX FRANKLIN AVE E",3,"Ventura Village",6,44.96272,-93.25612,-10381223.2967997,5615654.50621915,1,228019,2024,8
-10385353.3842,5612971.499,"Crime Offenses (NIBRS)","24-202676","MP2024202676",2024-07-22,"04:20:00+00","2024/07/22 04:20:00+00","Property","Group A","200","Arson","Arson","Fire Suspicious Activity (P)","Fire Suspicious Activity (P)","0031XX DUPONT AVE S",5,"South Uptown",10,44.94566,-93.29322,-10385353.3842105,5612971.49897933,1,228397,2024,7
-10386889.288,5624884.6582,"Crime Offenses (NIBRS)","24-170837","MP2024170837",2024-06-23,"14:00:00+00","2024/06/23 11:42:00+00","Property","Group A","200","Arson","Arson","Assist Fire Personnel (P)","Assist Fire Personnel (P)","0036XX OLIVER AVE N",4,"Folwell",4,45.02136,-93.30701,-10386889.288045,5624884.65820386,1,228594,2024,6
-10381377.09,5614948.6151,"Crime Offenses (NIBRS)","24-180406","MP2024180406",2024-07-02,"07:20:00+00","2024/07/01 09:00:00+00","Property","Group A","200","Arson","Arson","Auto Theft (P)","Auto Theft (P)","0024XX 12TH AVE S",3,"Midtown Phillips",9,44.95823,-93.2575,-10381377.0899667,5614948.61514619,1,229334,2024,7
-10381453.7932,5616365.1154,"Crime Offenses (NIBRS)","24-228783","MP2024228783",2024-08-13,"21:37:00+00","2024/08/13 21:37:00+00","Property","Group A","200","Arson","Arson","Assist Fire Personnel (P)","Assist Fire Personnel (P)","0015XX 11TH AVE S",1,"Elliot Park",6,44.96724,-93.25819,-10381453.7931726,5616365.1154203,1,229721,2024,8
-10383630.6244,5616881.2438,"Crime Offenses (NIBRS)","24-216644","MP2024216644",2024-08-03,"07:23:00+00","2024/08/03 05:01:00+00","Property","Group A","200","Arson","Arson","Assault in Progress (P)","Assault in Progress (P)","0013XX NICOLLET MALL",1,"Loring Park",7,44.97052,-93.27774,-10383630.6243561,5616881.24380765,1,229813,2024,8
-10387164.7052,5622611.9235,"Crime Offenses (NIBRS)","24-269385","MP2024269385",2024-09-19,"21:35:00+00","2024/09/19 21:35:00+00","Property","Group A","200","Arson","Arson","Damage Property-Rpt Only (P)","Suspicious Person (P)","0026XX QUEEN AVE N",4,"Jordan",5,45.00693,-93.30949,-10387164.7051547,5622611.92347284,1,230450,2024,9
-10376093.8165,5612740.1631,"Crime Offenses (NIBRS)","24-185733","MP2024185733",2024-07-07,"01:35:00+00","2024/07/06 23:34:00+00","Property","Group A","200","Arson","Arson","Fire - Report Only (P)","Fire - Report Only (P)","0032XX 44TH AVE S",3,"Cooper",12,44.94419,-93.21004,-10376093.8164943,5612740.16312082,1,230620,2024,7
-10386188.0506,5619659.1612,"Crime Offenses (NIBRS)","24-239963","MP2024239963",2024-08-24,"05:25:00+00","2024/08/24 03:35:00+00","Property","Group A","200","Arson","Arson","Fire - Report Only (P)","Fire - Report Only (P)","0010XX JAMES AVE N",4,"Near - North",5,44.98817,-93.30071,-10386188.0506137,5619659.16116869,1,230834,2024,8
-10387610.9043,5625743.0911,"Crime Offenses (NIBRS)","24-284073","MP2024284073",2024-10-02,"19:56:00+00","2024/10/02 19:56:00+00","Property","Group A","200","Arson","Arson","Fire Suspicious Activity (P)","Fire Suspicious Activity (P)","0039XX THOMAS AVE N",4,"Victory",4,45.02681,-93.3135,-10387610.9043356,5625743.09110055,1,231454,2024,10
-10376681.2985,5610176.4751,"Crime Offenses (NIBRS)","24-260760","MP2024260760",2024-09-12,"01:14:00+00","2024/09/11 23:05:00+00","Property","Group A","200","Arson","Arson","Fire - Report Only (P)","Fire - Report Only (P)","0041XX 40TH AVE S",3,"Hiawatha",12,44.92789,-93.21531,-10376681.2985276,5610176.4751403,1,232255,2024,9
-10383223.3747,5614127.73,"Crime Offenses (NIBRS)","24-296736","MP2024296736",2024-10-15,"03:28:00+00","2024/10/14 23:25:00+00","Property","Group A","200","Arson","Arson","Fire - Report Only (P)","Fire - Report Only (P)","0027XX 2ND AVE S",5,"Whittier",10,44.95302,-93.27408,-10383223.3747017,5614127.72999732,1,232263,2024,10
-10384213.7161,5614100.8515,"Crime Offenses (NIBRS)","24-247557","MP2024247557",2024-08-31,"08:00:00+00","2024/08/31 01:12:00+00","Property","Group A","200","Arson","Arson","Domestic Abuse-In Progress (P)~PD","Assist Fire Personnel (P)","0027XX PLEASANT AVE",5,"Whittier",10,44.95284,-93.28298,-10384213.7161272,5614100.85150681,1,232277,2024,8
-10383074.8434,5615234.6395,"Crime Offenses (NIBRS)","24-245416","MP2024245416",2024-08-29,"08:30:00+00","2024/08/29 00:00:00+00","Property","Group A","200","Arson","Arson","Damage Property-Rpt Only (P)","Damage Property-Rpt Only (P)","0022XX 3RD AVE S",5,"Whittier",10,44.96005,-93.27275,-10383074.8434009,5615234.63947889,1,232317,2024,8
-10387736.2631,5623465.8547,"Crime Offenses (NIBRS)","24-251356","MP2024251356",2024-09-03,"21:00:00+00","2024/09/03 14:36:00+00","Property","Group A","200","Arson","Arson","Fire Suspicious Activity (P)","Fire Suspicious Activity (P)","0031XX UPTON AVE N",4,"Jordan",4,45.01235,-93.31462,-10387736.2631462,5623465.85465036,1,232837,2024,9
-10380386.022,5614949.211,"Crime Offenses (NIBRS)","24-257754","MP2024257754",2024-09-09,"09:32:00+00","2024/09/09 09:30:00+00","Property","Group A","200","Arson","Arson","Person In Crisis (P)","Person In Crisis (P)","0024XX 18TH AVE S",3,"East Phillips",9,44.95824,-93.24859,-10380386.0220257,5614949.21102248,1,233288,2024,9
-10377884.2617,5615381.0493,"Crime Offenses (NIBRS)","24-259698","MP2024259698",2024-09-11,"03:37:00+00","2024/09/11 01:39:00+00","Property","Group A","200","Arson","Arson","Recover Vehicle (P)","Recover Vehicle (P)","0031XX 22ND ST E",3,"Seward",2,44.96098,-93.22612,-10377884.2617286,5615381.04926456,1,233469,2024,9
-10382128.2928,5615369.4217,"Crime Offenses (NIBRS)","24-273772","MP2024273772",2024-09-23,"16:33:00+00","2024/09/22 22:00:00+00","Property","Group A","200","Arson","Arson","Damage Property-Rpt Only (P)","Damage Property-Rpt Only (P)","0007XX 22ND ST E",3,"Ventura Village",6,44.96091,-93.26425,-10382128.2928162,5615369.42173842,1,233585,2024,9
-10385767.3716,5625728.2338,"Crime Offenses (NIBRS)","24-261952","MP2024261952",2024-09-13,"03:00:00+00","2024/09/13 01:10:00+00","Property","Group A","200","Arson","Arson","Fire - Report Only (P)","Fire - Report Only (P)","0039XX GIRARD AVE N",4,"Webber - Camden",4,45.02672,-93.29694,-10385767.3716068,5625728.23375364,1,233680,2024,9
-10383844.1671,5614100.5714,"Crime Offenses (NIBRS)","24-264270","MP2024264270",2024-09-15,"01:15:00+00","2024/09/15 01:15:00+00","Property","Group A","200","Arson","Arson","Fire Suspicious Activity (P)","Fire Suspicious Activity (P)","0027XX BLAISDELL AVE",5,"Whittier",10,44.95284,-93.27966,-10383844.1670874,5614100.57143999,1,233882,2024,9
-10387555.5317,5626779.2742,"Crime Offenses (NIBRS)","24-268836","MP2024268836",2024-09-19,"14:33:00+00","2024/09/19 14:33:00+00","Property","Group A","200","Arson","Arson","Assault in Progress (P)","Person with a Gun (P)","0025XX 43RD AVE N",4,"Victory",4,45.03339,-93.313,-10387555.531678,5626779.27423025,1,234300,2024,9
-10386602.689,5622257.6523,"Crime Offenses (NIBRS)","24-284098","MP2024284098",2024-10-02,"20:26:00+00","2024/09/29 05:00:00+00","Property","Group A","200","Arson","Arson","Auto Theft (P)","Auto Theft (P)","0024XX MORGAN AVE N",4,"Jordan",5,45.00468,-93.30444,-10386602.6890487,5622257.65229245,1,234340,2024,10
-10380817.5608,5614101.1281,"Crime Offenses (NIBRS)","24-317625","MP2024317625",2024-11-04,"05:32:00+00","2024/11/04 02:29:00+00","Property","Group A","200","Arson","Arson","Fire - Report Only (P)","Fire - Report Only (P)","0027XX BLOOMINGTON AVE",3,"Midtown Phillips",9,44.95285,-93.25247,-10380817.5607511,5614101.12807021,1,234461,2024,11
-10385282.4507,5622017.7863,"Crime Offenses (NIBRS)","24-322576","MP2024322576",2024-11-09,"07:30:00+00","2024/11/09 05:21:00+00","Property","Group A","200","Arson","Arson","Fire - Report Only (P)","Fire - Report Only (P)","0023XX DUPONT AVE N",4,"Hawthorne",5,45.00315,-93.29258,-10385282.4507248,5622017.7862533,1,234628,2024,11
-10385112.2853,5622191.0188,"Crime Offenses (NIBRS)","24-272682","MP2024272682",2024-09-22,"16:41:00+00","2024/09/22 16:41:00+00","Property","Group A","200","Arson","Arson","Recover Vehicle (P)","Assist Fire Personnel (P)","0024XX BRYANT AVE N",4,"Hawthorne",5,45.00425,-93.29105,-10385112.285265,5622191.01878098,1,234673,2024,9
-10385202.3844,5625436.6347,"Crime Offenses (NIBRS)","24-277155","MP2024277155",2024-09-27,"08:26:00+00","2024/09/27 06:04:00+00","Property","Group A","200","Arson","Arson","Suspicious Person (P)","Fight (P)","0038XX COLFAX AVE N",4,"Webber - Camden",4,45.02486,-93.29186,-10385202.3844033,5625436.63472255,1,235221,2024,9
-10384482.245,5618240.6223,"Crime Offenses (NIBRS)","24-333522","MP2024333522",2024-11-20,"15:00:00+00","2024/11/20 14:00:00+00","Property","Group A","200","Arson","Arson","Person In Crisis (P)","Person In Crisis (P)","0001XX GLENWOOD AVE",1,"North Loop",5,44.97916,-93.28539,-10384482.2450233,5618240.62232234,1,235526,2024,11
-10381101.1482,5612684.0027,"Crime Offenses (NIBRS)","24-339554","MP2024339554",2024-11-27,"03:00:00+00","2024/11/26 23:18:00+00","Property","Group A","200","Arson","Arson","Fire - Report Only (P)","Fire - Report Only (P)","0032XX 14TH AVE S",3,"Powderhorn Park",9,44.94384,-93.25502,-10381101.1481887,5612684.00271971,1,236546,2024,11
-10382341.117,5618501.4848,"Crime Offenses (NIBRS)","24-352460","MP2024352460",2024-12-11,"22:08:00+00","2024/12/11 22:08:00+00","Property","Group A","200","Arson","Arson","Fire Suspicious Activity (P)","Fire Suspicious Activity (P)","0001XX WASHINGTON AVE S",1,"Downtown West",3,44.98081,-93.26616,-10382341.1169966,5618501.48480371,1,237029,2024,12
-10385896.8165,5622603.272,"Crime Offenses (NIBRS)","24-355561","MP2024355561",2024-12-15,"16:30:00+00","2024/12/15 14:19:00+00","Property","Group A","200","Arson","Arson","Fire - Report Only (P)","Fire - Report Only (P)","0026XX HUMBOLDT AVE N",4,"Jordan",5,45.00687,-93.2981,-10385896.816542,5622603.27203356,1,237286,2024,12
-10381022.3571,5608605.5416,"Crime Offenses (NIBRS)","24-354513","MP2024354513",2024-12-14,"11:07:00+00","2024/12/14 09:40:00+00","Property","Group A","200","Arson","Arson","Damage Property-In Progress(P)","Damage Property-In Progress(P)","0014XX 47TH ST E",3,"Northrop",11,44.9179,-93.25431,-10381022.3570565,5608605.54156245,1,237355,2024,12
-10386665.5451,5615610.8561,"Crime Offenses (NIBRS)","24-314882","MP2024314882",2024-11-01,"14:30:00+00","2024/11/01 05:39:00+00","Property","Group A","200","Arson","Arson","Damage Property-Rpt Only (P)","Damage Property-Rpt Only (P)","0020XX WEST LAKE OF THE ISLES PKWY",5,"Kenwood",7,44.96244,-93.305,-10386665.5450649,5615610.85610695,1,238179,2024,11
-10384032.4819,5616442.011,"Crime Offenses (NIBRS)","24-342892","MP2024342892",2024-12-01,"07:54:00+00","2024/12/01 07:54:00+00","Property","Group A","200","Arson","Arson","Fire Suspicious Activity (P)","Fire Suspicious Activity (P)","0002XX 15TH ST W",1,"Loring Park",7,44.96773,-93.28135,-10384032.4818937,5616442.01097424,1,239248,2024,12
-10385896.8165,5622603.272,"Crime Offenses (NIBRS)","24-355552","MP2024355552",2024-12-15,"15:28:00+00","2024/12/15 09:00:00+00","Property","Group A","200","Arson","Arson","Assist Fire Personnel (P)","Assist Fire Personnel (P)","0026XX HUMBOLDT AVE N",4,"Jordan",5,45.00687,-93.2981,-10385896.816542,5622603.27203356,1,240349,2024,12
-10384358.9565,5625717.9713,"Crime Offenses (NIBRS)","24-346850","MP2024346850",2024-12-05,"20:58:00+00","2024/12/05 20:58:00+00","Property","Group A","200","Arson","Arson","Fire Suspicious Activity (P)","Fire Suspicious Activity (P)","0039XX WASHINGTON AVE N",4,"Webber - Camden",4,45.02665,-93.28428,-10384358.9564715,5625717.97134661,1,240945,2024,12
-10383652.3327,5609304.6149,"Crime Offenses (NIBRS)","24-353444","MP2024353444",2024-12-13,"05:13:00+00","2024/12/13 05:13:00+00","Property","Group A","200","Arson","Arson","Unwanted Person (P)","Officer Needs Help (P)","0044XX NICOLLET AVE",5,"King Field",8,44.92235,-93.27794,-10383652.3327425,5609304.61488912,1,241456,2024,12
-10382853.9829,5618509.7211,"Crime Offenses (NIBRS)","24-339581","MP2024339581",2024-11-27,"08:00:00+00","2024/11/25 23:46:00+00","Property","Group A","200","Arson","Arson","Fire - Report Only (P)","Fire - Report Only (P)","0003XX HENNEPIN AVE",5,"Lyndale",8,44.98087,-93.27076,-10382853.982914,5618509.72106062,1,243416,2024,11
-10380958.4206,5614100.4331,"Crime Offenses (NIBRS)","24-362369","MP2024362369",2024-12-23,"08:00:00+00","2024/12/23 04:39:00+00","Property","Group A","200","Arson","Arson","Fire - Report Only (P)","Fire - Report Only (P)","0027XX 15TH AVE S",3,"Midtown Phillips",9,44.95284,-93.25374,-10380958.4206306,5614100.4331318,1,245010,2024,12
-10382508.0935,5616561.5317,"Crime Offenses (NIBRS)","25-004591","MP20254591",2025-01-06,"17:52:00+00","2025/01/06 11:19:00+00","Property","Group A","200","Arson","Arson","Assist Fire Personnel (P)","Assist Fire Personnel (P)","0014XX PORTLAND AVE",1,"Elliot Park",6,44.96849,-93.26766,-10382508.0935221,5616561.5317002,1,253920,2025,1
-10377379.2417,5607348.5129,"Crime Offenses (NIBRS)","25-008021","MP20258021",2025-01-10,"08:27:00+00","2025/01/10 07:30:00+00","Property","Group A","200","Arson","Arson","Burglary Dwlng In Progress (P)","Burglary Dwlng In Progress (P)","0051XX 35TH AVE S",3,"Minnehaha",12,44.9099,-93.22158,-10377379.2417443,5607348.51286144,1,254227,2025,1
-10380250.8547,5614101.9587,"Crime Offenses (NIBRS)","25-002884","MP20252884",2025-01-04,"08:00:00+00","2025/01/04 03:01:00+00","Property","Group A","200","Arson","Arson","Fire - Report Only (P)","Fire - Report Only (P)","0027XX CEDAR AVE S",3,"East Phillips",9,44.95285,-93.24738,-10380250.8546807,5614101.95871447,1,254911,2025,1
-10384594.9546,5629431.5912,"Crime Offenses (NIBRS)","25-058166","MP202558166",2025-03-09,"14:14:00+00","2025/03/09 11:59:00+00","Property","Group A","200","Arson","Arson","Assist Fire Personnel (P)","Assist Fire Personnel (P)","0052XX 4TH ST N",4,"Lind - Bohanon",4,45.05022,-93.2864,-10384594.9546235,5629431.5911523,1,257373,2025,3
-10381616.4517,5615582.7768,"Crime Offenses (NIBRS)","25-063093","MP202563093",2025-03-14,"08:01:00+00","2025/03/14 06:18:00+00","Property","Group A","200","Arson","Arson","Fire - Report Only (P)","Fire - Report Only (P)","0020XX 10TH AVE S",3,"Ventura Village",6,44.96226,-93.25965,-10381616.4516956,5615582.77681179,1,257618,2025,3
-10386603.5452,5620856.2571,"Crime Offenses (NIBRS)","25-058663","MP202558663",2025-03-09,"23:46:00+00","2025/03/09 21:57:00+00","Property","Group A","200","Arson","Arson","Fire - Report Only (P)","Fire - Report Only (P)","0016XX MORGAN AVE N",4,"Willard - Hay",5,44.99577,-93.30445,-10386603.5452079,5620856.25714909,1,258294,2025,3
-10377810.3847,5610447.6603,"Crime Offenses (NIBRS)","25-059231","MP202559231",2025-03-10,"16:57:00+00","2025/03/10 13:28:00+00","Property","Group A","200","Arson","Arson","Assist Fire Personnel (P)","Assist Fire Personnel (P)","0040XX HIAWATHA AVE",3,"Hiawatha",12,44.92962,-93.22546,-10377810.384729,5610447.66031574,1,258342,2025,3
-10383986.4839,5624007.7673,"Crime Offenses (NIBRS)","25-062519","MP202562519",2025-03-13,"16:55:00+00","2025/03/13 16:55:00+00","Property","Group A","200","Arson","Arson","Unwanted Person (P)","Unwanted Person (P)","0033XX 2ND ST N",4,"McKinley",4,45.01579,-93.28094,-10383986.4839423,5624007.76727154,1,258391,2025,3
-10383588.2256,5617865.712,"Crime Offenses (NIBRS)","25-064549","MP202564549",2025-03-15,"13:35:00+00","2025/03/15 13:35:00+00","Property","Group A","200","Arson","Arson","On Site (P)","Fire - Report Only (P)","000XX 9TH ST N",1,"Downtown West",7,44.97677,-93.27736,-10383588.2256102,5617865.71199802,1,258500,2025,3
-10380237.3112,5616638.499,"Crime Offenses (NIBRS)","25-091827","MP202591827",2025-04-11,"02:21:00+00","2025/04/11 02:21:00+00","Property","Group A","200","Arson","Arson","Assist Fire Personnel (P)","Assist Fire Personnel (P)","0004XX CEDAR AVE S",1,"Cedar Riverside",6,44.96897,-93.24726,-10380237.3112106,5616638.4990028,1,259172,2025,4
-10380062.6692,5615776.4956,"Crime Offenses (NIBRS)","25-060740","MP202560740",2025-03-11,"21:11:00+00","2025/03/11 21:11:00+00","Property","Group A","200","Arson","Arson","Suspicious Person (P)","Suspicious Person (P)","0009XX 19TH AVE S",3,"Seward",6,44.9635,-93.24569,-10380062.669165,5615776.49556464,1,259337,2025,3
-10382019.36,5617491.734,"Crime Offenses (NIBRS)","25-063593","MP202563593",2025-03-14,"16:47:00+00","2025/03/14 16:47:00+00","Property","Group A","200","Arson","Arson","Fire Suspicious Activity (P)","Fire Suspicious Activity (P)","6TH ST S / PORTLAND AVE",1,"Elliot Park",6,44.9744,-93.26327,-10382019.36,5617491.734,1,259505,2025,3
-10380814.6051,5614383.4545,"Crime Offenses (NIBRS)","25-082959","MP202582959",2025-04-02,"16:12:00+00","2025/04/02 13:55:00+00","Property","Group A","200","Arson","Arson","Assist Fire Personnel (P)","Assist Fire Personnel (P)","0026XX BLOOMINGTON AVE",3,"Midtown Phillips",9,44.95464,-93.25244,-10380814.6051226,5614383.45454647,1,259718,2025,4
-10380671.7235,5611866.7619,"Crime Offenses (NIBRS)","25-011244","MP202511244",2025-01-14,"08:55:00+00","2025/01/14 08:55:00+00","Property","Group A","200","Arson","Arson","Domestic Abuse-In Progress (P)","Domestic Abuse-In Progress (P)","0035XX 16TH AVE S",3,"Powderhorn Park",9,44.93864,-93.25116,-10380671.723468,5611866.76187767,1,259749,2025,1
-10387736.2813,5620618.8266,"Crime Offenses (NIBRS)","25-060617","MP202560617",2025-03-11,"20:38:00+00","2025/03/11 18:38:00+00","Property","Group A","200","Arson","Arson","Fire - Report Only (P)","Fire - Report Only (P)","0015XX UPTON AVE N",4,"Willard - Hay",5,44.99427,-93.31462,-10387736.2813066,5620618.8266499,1,259859,2025,3
-10386188.0506,5619659.1612,"Crime Offenses (NIBRS)","25-071567","MP202571567",2025-03-22,"17:55:00+00","2025/03/22 14:32:00+00","Property","Group A","200","Arson","Arson","Shooting (PFE)","Shooting (PFE)","0010XX JAMES AVE N",4,"Near - North",5,44.98817,-93.30071,-10386188.0506137,5619659.16116869,1,260336,2025,3
-10385969.945,5619137.4591,"Crime Offenses (NIBRS)","25-082581","MP202582581",2025-04-02,"00:22:00+00","2025/04/02 00:10:00+00","Property","Group A","200","Arson","Arson","Fire - Report Only (P)","Fire - Report Only (P)","0006XX ELWOOD AVE N",4,"Near - North",5,44.98485,-93.29876,-10385969.9449535,5619137.45912125,1,261250,2025,4
-10382506.8304,5620994.7058,"Crime Offenses (NIBRS)","25-030508","MP202530508",2025-02-06,"02:20:00+00","2025/02/06 00:21:00+00","Property","Group A","200","Arson","Arson","Fire - Report Only (P)","Fire - Report Only (P)","0009XX MARSHALL ST NE",2,"St. Anthony West",3,44.99665,-93.26765,-10382506.8303628,5620994.70581182,1,261380,2025,2
-10380538.7079,5616803.9944,"Crime Offenses (NIBRS)","25-122517","MP2025122517",2025-05-09,"03:35:00+00","2025/05/09 02:37:00+00","Property","Group A","200","Arson","Arson","Fire Suspicious Activity (P)","Fire Suspicious Activity (P)","0015XX 5TH ST S",1,"Cedar Riverside",6,44.97003,-93.24997,-10380538.7078879,5616803.99440665,1,261495,2025,5
-10380737.0388,5615090.1335,"Crime Offenses (NIBRS)","25-132568","MP2025132568",2025-05-18,"11:49:00+00","2025/05/18 11:49:00+00","Property","Group A","200","Arson","Arson","Burglary Dwlng In Progress (P)","Burglary Dwlng In Progress (P)","0015XX 24TH ST E",3,"East Phillips",9,44.95913,-93.25175,-10380737.0388137,5615090.13349893,1,261996,2025,5
-10383651.08,5613394.929,"Crime Offenses (NIBRS)","25-104638","MP2025104638",2025-04-23,"03:26:00+00","2025/04/23 03:26:00+00","Property","Group A","200","Arson","Arson","Fire - Report Only (P)","Fire - Report Only (P)","LAKE ST W / NICOLLET AVE",5,"Whittier",10,44.94836,-93.27792,-10383651.08,5613394.929,1,262661,2025,4
-10378744.0924,5613305.4156,"Crime Offenses (NIBRS)","25-072979","MP202572979",2025-03-23,"21:38:00+00","2025/03/23 21:38:00+00","Property","Group A","200","Arson","Arson","Assist Fire Personnel (P)","Assist Fire Personnel (P)","0030XX MINNEHAHA AVE",3,"Longfellow",9,44.94779,-93.23384,-10378744.0924223,5613305.41558351,1,262941,2025,3
-10385351.06,5613396.423,"Crime Offenses (NIBRS)","25-047392","MP202547392",2025-02-26,"02:16:00+00","2025/02/26 00:35:00+00","Property","Group A","200","Arson","Arson","Assist Fire Personnel (P)","Assist Fire Personnel (P)","LAKE ST W / DUPONT AVE S",5,"Lowry Hill East",10,44.94837,-93.2932,-10385351.06,5613396.423,1,263019,2025,2
-10386089.9853,5619604.4463,"Crime Offenses (NIBRS)","25-071611","MP202571611",2025-03-22,"17:30:00+00","2025/03/22 14:32:00+00","Property","Group A","200","Arson","Arson","Fire - Report Only (P)","Fire - Report Only (P)","0010XX IRVING AVE N",4,"Near - North",5,44.98782,-93.29983,-10386089.9852667,5619604.44629286,1,263784,2025,3
-10381619.9343,5616356.5631,"Crime Offenses (NIBRS)","25-148043","MP2025148043",2025-06-02,"07:17:00+00","2025/06/02 07:17:00+00","Property","Group A","200","Arson","Arson","Fire Suspicious Activity (P)","Fire Suspicious Activity (P)","0015XX 10TH AVE S",1,"Elliot Park",6,44.96718,-93.25968,-10381619.9343463,5616356.56306537,1,264032,2025,6
-10385915.2845,5626014.4713,"Crime Offenses (NIBRS)","25-069190","MP202569190",2025-03-20,"03:30:00+00","2025/03/20 02:08:00+00","Property","Group A","200","Arson","Arson","Fire Suspicious Activity (P)","Fire Suspicious Activity (P)","0040XX HUMBOLDT AVE N",4,"Webber - Camden",4,45.02853,-93.29826,-10385915.284505,5626014.471328,1,264888,2025,3
-10386208.2527,5621709.0858,"Crime Offenses (NIBRS)","25-160546","MP2025160546",2025-06-13,"02:33:00+00","2025/06/13 00:03:00+00","Property","Group A","200","Arson","Arson","Fire Suspicious Activity (P)","Fire Suspicious Activity (P)","0016XX HILLSIDE AVE N",4,"Jordan",5,45.00119,-93.3009,-10386208.2527323,5621709.08581571,1,264989,2025,6
-10385194.0545,5622880.4935,"Crime Offenses (NIBRS)","25-126881","MP2025126881",2025-05-13,"00:05:00+00","2025/05/13 00:03:00+00","Property","Group A","200","Arson","Arson","Fire - Report Only (P)","Fire - Report Only (P)","0028XX COLFAX AVE N",4,"Hawthorne",5,45.00863,-93.29179,-10385194.0544574,5622880.49348738,1,265084,2025,5
-10386255.8128,5620182.905,"Crime Offenses (NIBRS)","25-104447","MP2025104447",2025-04-23,"09:23:00+00","2025/04/22 21:51:00+00","Property","Group A","200","Arson","Arson","Assist Fire Personnel (P)","Assist Fire Personnel (P)","0016XX PLYMOUTH AVE N",4,"Near - North",5,44.9915,-93.30132,-10386255.8128158,5620182.90502445,1,265203,2025,4
-10386470.1217,5618563.3438,"Crime Offenses (NIBRS)","25-179192","MP2025179192",2025-07-01,"23:00:00+00","2025/06/30 04:12:00+00","Property","Group A","200","Arson","Arson","Fire - Report Only (P)","Fire - Report Only (P)","0003XX LOGAN AVE N",4,"Harrison",5,44.98121,-93.30325,-10386470.1216774,5618563.34382365,1,265211,2025,7
-10380962.5598,5613253.59,"Crime Offenses (NIBRS)","25-095568","MP202595568",2025-04-14,"17:23:00+00","2025/04/14 13:42:00+00","Property","Group A","200","Arson","Arson","On Site (P)","Assist Fire Personnel (P)","0030XX 15TH AVE S",3,"Powderhorn Park",9,44.94746,-93.25377,-10380962.5597721,5613253.58997673,1,265640,2025,4
-10381773.2264,5615941.0825,"Crime Offenses (NIBRS)","25-087691","MP202587691",2025-04-06,"22:53:00+00","2025/04/06 22:40:00+00","Property","Group A","200","Arson","Arson","Fire - Report Only (P)","Fire - Report Only (P)","0018XX ELLIOT AVE",3,"Ventura Village",6,44.96454,-93.26106,-10381773.2264297,5615941.0824635,1,265776,2025,4
-10381090.71,5610874.217,"Crime Offenses (NIBRS)","25-137049","MP2025137049",2025-05-23,"00:01:00+00","2025/05/22 22:51:00+00","Property","Group A","200","Arson","Arson","Fire - Report Only (P)","Fire - Report Only (P)","14TH AVE S / 39TH ST E",3,"Bancroft",8,44.93233,-93.25492,-10381090.71,5610874.217,1,265796,2025,5
-10379005.7047,5615236.5392,"Crime Offenses (NIBRS)","25-138429","MP2025138429",2025-05-24,"06:08:00+00","2025/05/24 06:08:00+00","Property","Group A","200","Arson","Arson","Assault in Progress (P)","Assault in Progress (P)","0022XX 25TH AVE S",3,"Seward",6,44.96006,-93.23619,-10379005.7046638,5615236.53916974,1,265886,2025,5
-10385757.7463,5624019.3386,"Crime Offenses (NIBRS)","25-083977","MP202583977",2025-04-03,"14:54:00+00","2025/04/03 13:11:00+00","Property","Group A","200","Arson","Arson","Burglary Dwlng In Progress (P)","Burglary Dwlng In Progress (P)","0033XX GIRARD AVE N",4,"Folwell",4,45.01586,-93.29685,-10385757.7462664,5624019.33863666,1,265975,2025,4
-10386882.1617,5621220.5451,"Crime Offenses (NIBRS)","25-189566","MP2025189566",2025-07-09,"14:39:00+00","2025/07/09 03:00:00+00","Property","Group A","200","Arson","Arson","Threats (P)~PD","Damage Property-Rpt Only (P)","0018XX OLIVER AVE N",4,"Willard - Hay",5,44.99809,-93.30695,-10386882.1616911,5621220.5451388,1,266744,2025,7
-10386255.8128,5620182.905,"Crime Offenses (NIBRS)","25-103349","MP2025103349",2025-04-22,"02:30:00+00","2025/04/21 22:30:00+00","Property","Group A","200","Arson","Arson","Fire - Report Only (P)","Fire - Report Only (P)","0016XX PLYMOUTH AVE N",4,"Near - North",5,44.9915,-93.30132,-10386255.8128158,5620182.90502445,1,267018,2025,4
-10378731.2887,5613397.6946,"Crime Offenses (NIBRS)","25-113646","MP2025113646",2025-05-01,"15:44:00+00","2025/05/01 01:30:00+00","Property","Group A","200","Arson","Arson","Damage Property-Rpt Only (P)","Damage Property-Rpt Only (P)","0026XX LAKE ST E",3,"Longfellow",9,44.94837,-93.23373,-10378731.2886856,5613397.69459644,1,267867,2025,5
-10382952.6921,5620871.7815,"Crime Offenses (NIBRS)","25-166051","MP2025166051",2025-06-18,"09:36:00+00","2025/06/18 09:36:00+00","Property","Group A","200","Arson","Arson","Damage Property-Rpt Only (P)","Damage Property-Rpt Only (P)","000XX 10TH AVE NE",2,"St. Anthony West",3,44.99587,-93.27165,-10382952.6921282,5620871.78147313,1,268014,2025,6
-10379401.3656,5612007.0182,"Crime Offenses (NIBRS)","25-125989","MP2025125989",2025-05-12,"04:18:00+00","2025/05/12 04:18:00+00","Property","Group A","200","Arson","Arson","Assist Fire Personnel (P)","Assist Fire Personnel (P)","0022XX 35TH ST E",3,"Corcoran",9,44.93953,-93.23975,-10379401.3656494,5612007.01824273,1,268434,2025,5
-10384216.3693,5619483.2951,"Crime Offenses (NIBRS)","25-206966","MP2025206966",2025-07-25,"01:22:00+00","2025/07/25 01:22:00+00","Property","Group A","200","Arson","Arson","Fire Suspicious Activity (P)","Fire Suspicious Activity (P)","0009XX 5TH ST N",1,"North Loop",5,44.98705,-93.283,-10384216.3692748,5619483.295077,1,269105,2025,7
-10375509.0647,5607989.0307,"Crime Offenses (NIBRS)","25-209227","MP2025209227",2025-07-26,"01:05:00+00","2025/07/26 22:41:00+00","Property","Group A","200","Arson","Arson","F Alarm- Ringing > 30 min (F)~FIRE","Miscellaneous (P)","0051XX MINNEHAHA AVE S",3,"Hiawatha",12,44.91398,-93.20478,-10375509.064656,5607989.0307136,1,269478,2025,7
-10380252.5084,5613813.0852,"Crime Offenses (NIBRS)","25-161721","MP2025161721",2025-06-14,"07:13:00+00","2025/06/14 05:40:00+00","Property","Group A","200","Arson","Arson","Fire - Report Only (P)","Fire - Report Only (P)","0028XX CEDAR AVE S",3,"East Phillips",9,44.95101,-93.24739,-10380252.5084442,5613813.08515919,1,270127,2025,6
-10381290.7357,5624021.8712,"Crime Offenses (NIBRS)","25-135408","MP2025135408",2025-05-21,"14:24:00+00","2025/05/21 12:00:00+00","Property","Group A","200","Arson","Arson","Fire Suspicious Activity (P)","Fire Suspicious Activity (P)","0026XX WASHINGTON ST NE",2,"Holland",1,45.01588,-93.25672,-10381290.735749,5624021.87117892,1,270313,2025,5
-10382711.3729,5611161.4418,"Crime Offenses (NIBRS)","25-175191","MP2025175191",2025-06-26,"13:52:00+00","2025/06/06 19:25:00+00","Property","Group A","200","Arson","Arson","Damage Property-Rpt Only (P)","Damage Property-Rpt Only (P)","0004XX 38TH ST E",3,"Bryant",8,44.93415,-93.26948,-10382711.3728977,5611161.44183673,1,270611,2025,6
-10387307.6302,5622683.4,"Crime Offenses (NIBRS)","25-179272","MP2025179272",2025-06-30,"08:20:00+00","2025/06/30 03:00:00+00","Property","Group A","200","Arson","Arson","Damage Property-Rpt Only (P)","Damage Property-Rpt Only (P)","0026XX RUSSELL AVE N",4,"Jordan",4,45.00738,-93.31077,-10387307.6301771,5622683.39999643,1,270915,2025,6
-10387027.8845,5624317.1891,"Crime Offenses (NIBRS)","25-216205","MP2025216205",2025-08-02,"02:15:00+00","2025/08/01 23:51:00+00","Property","Group A","200","Arson","Arson","Recover Vehicle (P)","Recover Vehicle (P)","0034XX PENN AVE N",4,"Folwell",4,45.01776,-93.30826,-10387027.8844786,5624317.18912482,1,271398,2025,8
-10383838.4847,5615227.8991,"Crime Offenses (NIBRS)","25-264815","MP2025264815",2025-09-15,"07:16:00+00","2025/09/12 17:30:00+00","Property","Group A","200","Arson","Arson","Damage Property-In Progress(P)","Damage Property-In Progress(P)","0023XX BLAISDELL AVE",5,"Whittier",10,44.96001,-93.27961,-10383838.4846991,5615227.89913741,1,272176,2025,9
-10383941.5892,5613118.7114,"Crime Offenses (NIBRS)","25-195996","MP2025195996",2025-07-15,"08:07:00+00","2025/07/15 08:00:00+00","Property","Group A","200","Arson","Arson","Miscellaneous (P)","Assist Fire Personnel (P)","0001XX 31ST ST W",5,"Lyndale",8,44.9466,-93.28053,-10383941.5891992,5613118.71140784,1,272327,2025,7
-10380252.5084,5613813.0852,"Crime Offenses (NIBRS)","25-259204","MP2025259204",2025-09-10,"08:00:00+00","2025/09/10 08:00:00+00","Property","Group A","200","Arson","Arson","Fire Suspicious Activity (P)","Fire Suspicious Activity (P)","0028XX CEDAR AVE S",3,"East Phillips",9,44.95101,-93.24739,-10380252.5084442,5613813.08515919,1,272380,2025,9
-10381798.6876,5611869.5496,"Crime Offenses (NIBRS)","25-191552","MP2025191552",2025-07-11,"07:26:00+00","2025/07/11 05:49:00+00","Property","Group A","200","Arson","Arson","Fire - Report Only (P)","Fire - Report Only (P)","0035XX ELLIOT AVE",3,"Powderhorn Park",9,44.93866,-93.26128,-10381798.6875854,5611869.5495938,1,272522,2025,7
-10386208.2527,5621709.0858,"Crime Offenses (NIBRS)","25-239759","MP2025239759",2025-08-23,"11:05:00+00","2025/08/23 10:14:00+00","Property","Group A","200","Arson","Arson","Fire Suspicious Activity (P)","Fire Suspicious Activity (P)","0016XX HILLSIDE AVE N",4,"Jordan",5,45.00119,-93.3009,-10386208.2527323,5621709.08581571,1,272874,2025,8
-10380246.1142,5623736.1405,"Crime Offenses (NIBRS)","25-266418","MP2025266418",2025-09-16,"17:26:00+00","2025/09/16 16:43:00+00","Property","Group A","200","Arson","Arson","Fire Suspicious Activity (P)","Fire Suspicious Activity (P)","0025XX CENTRAL AVE NE",2,"Holland",1,45.01407,-93.24734,-10380246.1141705,5623736.14049586,1,272878,2025,9
-10386611.0512,5618704.8369,"Crime Offenses (NIBRS)","25-249533","MP2025249533",2025-09-01,"07:00:00+00","2025/09/01 01:43:00+00","Property","Group A","200","Arson","Arson","Fire - Report Only (P)","Fire - Report Only (P)","0004XX MORGAN AVE N",4,"Harrison",5,44.98211,-93.30451,-10386611.0512115,5618704.83694392,1,273301,2025,9
-10385707.8188,5621389.4071,"Crime Offenses (NIBRS)","25-210614","MP2025210614",2025-07-28,"12:01:00+00","2025/07/27 12:00:00+00","Property","Group A","200","Arson","Arson","Check the Welfare (P)","Check the Welfare (P)","0012XX WEST BROADWAY",4,"Jordan",5,44.99916,-93.2964,-10385707.8187711,5621389.40714027,1,273565,2025,7
-10376248.4173,5606496.7366,"Crime Offenses (NIBRS)","25-257067","MP2025257067",2025-09-08,"03:54:00+00","2025/09/08 01:38:00+00","Property","Group A","200","Arson","Arson","Fire - Report Only (P)","Fire - Report Only (P)","0054XX 43RD AVE S",3,"Morris Park",12,44.90448,-93.21143,-10376248.4172972,5606496.73657236,1,273629,2025,9
-10378825.17,5615660.957,"Crime Offenses (NIBRS)","25-212680","MP2025212680",2025-07-30,"09:24:00+00","2025/07/30 06:49:00+00","Property","Group A","200","Arson","Arson","Fire - Report Only (P)","Fire - Report Only (P)","26TH AVE S / FRANKLIN AVE E",3,"Seward",6,44.96276,-93.23457,-10378825.17,5615660.957,1,273734,2025,7
-10381242.8801,5613842.9996,"Crime Offenses (NIBRS)","25-219197","MP2025219197",2025-08-06,"17:52:00+00","2025/08/04 18:00:00+00","Property","Group A","200","Arson","Arson","Assist Fire Personnel (P)","Assist Fire Personnel (P)","0028XX 13TH AVE S",3,"Midtown Phillips",9,44.95121,-93.25629,-10381242.8801412,5613842.99956814,1,274203,2025,8
-10376856.767,5608609.6524,"Crime Offenses (NIBRS)","25-258036","MP2025258036",2025-09-09,"00:56:00+00","2025/09/09 00:56:00+00","Property","Group A","200","Arson","Arson","Assist Fire Personnel (P)","Assist Fire Personnel (P)","0046XX HIAWATHA AVE",3,"Hiawatha",12,44.91792,-93.21689,-10376856.7670466,5608609.65244571,1,274339,2025,9
-10377523.8969,5606565.5303,"Crime Offenses (NIBRS)","25-295275","MP2025295275",2025-10-12,"06:03:00+00","2025/10/12 03:50:00+00","Property","Group A","200","Arson","Arson","Fire - Report Only (P)","Fire - Report Only (P)","0054XX 34TH AVE S",3,"Wenonah",11,44.90492,-93.22288,-10377523.8968792,5606565.53032578,1,275415,2025,10
-10381442.061,5610876.4433,"Crime Offenses (NIBRS)","25-294563","MP2025294563",2025-10-11,"14:11:00+00","2025/10/11 03:00:00+00","Property","Group A","200","Arson","Arson","Neighbor Trouble (P)","Neighbor Trouble (P)","0011XX 39TH ST E",3,"Powderhorn Park",9,44.93234,-93.25808,-10381442.0610112,5610876.44326845,1,275525,2025,10
-10381367.7573,5617719.0878,"Crime Offenses (NIBRS)","25-284290","MP2025284290",2025-10-02,"01:25:00+00","2025/10/02 01:25:00+00","Property","Group A","200","Arson","Arson","Person with a Weapon (P)","Person with a Weapon (P)","0008XX 3RD ST S",1,"Downtown East",3,44.97584,-93.25741,-10381367.7573092,5617719.08778476,1,275911,2025,10
-10378857.026,5606485.0722,"Crime Offenses (NIBRS)","25-287735","MP2025287735",2025-10-05,"08:00:00+00","2025/10/05 02:06:00+00","Property","Group A","200","Arson","Arson","Fire - Report Only (P)","Fire - Report Only (P)","0054XX 26TH AVE S",3,"Wenonah",11,44.90441,-93.23486,-10378857.0259562,5606485.07220716,1,278510,2025,10
-10382366.394,5616046.454,"Crime Offenses (NIBRS)","25-288351","MP2025288351",2025-10-05,"23:08:00+00","2025/10/05 17:43:00+00","Property","Group A","200","Arson","Arson","Fire - Report Only (P)","Fire - Report Only (P)","0006XX 18TH ST E",3,"Ventura Village",6,44.96521,-93.26638,-10382366.3940229,5616046.45404548,1,278518,2025,10
-10387026.2469,5623750.4666,"Crime Offenses (NIBRS)","25-308168","MP2025308168",2025-10-23,"22:51:00+00","2025/10/23 22:51:00+00","Property","Group A","200","Arson","Arson","Fire Suspicious Activity (P)","Fire Suspicious Activity (P)","0032XX PENN AVE N",4,"Cleveland",4,45.01416,-93.30824,-10387026.2468659,5623750.46657605,1,279031,2025,10
-10385707.8188,5621389.4071,"Crime Offenses (NIBRS)","25-309671","MP2025309671",2025-10-25,"11:43:00+00","2025/10/25 11:40:00+00","Property","Group A","200","Arson","Arson","Assist Fire Personnel (P)","Assist Fire Personnel (P)","0012XX WEST BROADWAY",4,"Jordan",5,44.99916,-93.2964,-10385707.8187711,5621389.40714027,1,279168,2025,10
-10380247.7212,5622168.7978,"Crime Offenses (NIBRS)","25-256311","MP2025256311",2025-09-07,"08:09:00+00","2025/09/07 08:00:00+00","Property","Group A","200","Arson","Arson","Fire - Report Only (P)","Fire - Report Only (P)","0014XX CENTRAL AVE NE",2,"Northeast Park",1,45.00411,-93.24735,-10380247.721217,5622168.79776708,1,280248,2025,9
-10380347.8875,5623077.4493,"Crime Offenses (NIBRS)","25-275675","MP2025275675",2025-09-24,"23:19:00+00","2025/09/24 23:19:00+00","Property","Group A","200","Arson","Arson","Auto Theft in Progress (P)","Dead Person (P)","0009XX 22ND AVE NE",2,"Holland",1,45.00988,-93.24825,-10380347.8875263,5623077.44926864,1,280967,2025,9
-10385112.1113,5621249.7465,"Crime Offenses (NIBRS)","25-250304","MP2025250304",2025-09-01,"23:08:00+00","2025/09/01 20:10:00+00","Property","Group A","200","Arson","Arson","Fire - Report Only (P)","Fire - Report Only (P)","0018XX BRYANT AVE N",4,"Near - North",5,44.99827,-93.29105,-10385112.1112943,5621249.74649774,1,281045,2025,9
-10381790.4824,5620738.2,"Crime Offenses (NIBRS)","25-277034","MP2025277034",2025-09-26,"09:55:00+00","2025/09/24 00:30:00+00","Property","Group A","200","Arson","Arson","Damage Property-Rpt Only (P)","Damage Property-Rpt Only (P)","0006XX UNIVERSITY AVE NE",2,"St. Anthony West",3,44.99502,-93.26121,-10381790.482352,5620738.19999626,1,281831,2025,9
-10380386.022,5614949.211,"Crime Offenses (NIBRS)","25-342496","MP2025342496",2025-11-26,"17:47:00+00","2025/11/26 17:47:00+00","Property","Group A","200","Arson","Arson","Suspicious Person (P)","Suspicious Person (P)","0024XX 18TH AVE S",3,"East Phillips",9,44.95824,-93.24859,-10380386.0220257,5614949.21102248,1,282724,2025,11
-10379998.0402,5619136.8156,"Crime Offenses (NIBRS)","25-281112","MP2025281112",2025-09-29,"20:30:00+00","2025/09/29 19:19:00+00","Property","Group A","200","Arson","Arson","Fire Suspicious Activity (P)","Fire Suspicious Activity (P)","0004XX 7TH AVE SE",2,"Marcy Holmes",3,44.98485,-93.24511,-10379998.0402097,5619136.81560551,1,283082,2025,9
-10381173.6172,5619668.2133,"Crime Offenses (NIBRS)","25-303310","MP2025303310",2025-10-19,"23:51:00+00","2025/10/19 22:46:00+00","Property","Group A","200","Arson","Arson","Damage Property-In Progress(P)","Damage Property-In Progress(P)","0003XX HENNEPIN AVE E",2,"Nicollet Island - East Bank",3,44.98823,-93.25567,-10381173.6171934,5619668.21326293,1,283519,2025,10
-10381586.085,5619303.0377,"Crime Offenses (NIBRS)","25-303794","MP2025303794",2025-10-20,"12:52:00+00","2025/10/20 12:45:00+00","Property","Group A","200","Arson","Arson","Damage Property-In Progress(P)","Damage Property-In Progress(P)","0001XX MERRIAM ST",2,"Nicollet Island - East Bank",3,44.98591,-93.25937,-10381586.0849708,5619303.03767711,1,283721,2025,10
-10387026.2469,5623750.4666,"Crime Offenses (NIBRS)","25-308193","MP2025308193",2025-10-26,"08:18:00+00","2025/10/23 22:48:00+00","Property","Group A","200","Arson","Arson","Fire - Report Only (P)","Fire - Report Only (P)","0032XX PENN AVE N",4,"Cleveland",4,45.01416,-93.30824,-10387026.2468659,5623750.46657605,1,283963,2025,10
-10381619.9343,5616356.5631,"Crime Offenses (NIBRS)","25-357669","MP2025357669",2025-12-14,"05:26:00+00","2025/12/14 05:26:00+00","Property","Group A","200","Arson","Arson","Assist Fire Personnel (P)","Assist Fire Personnel (P)","0015XX 10TH AVE S",1,"Elliot Park",6,44.96718,-93.25968,-10381619.9343463,5616356.56306537,1,284395,2025,12
-10381453.3792,5616551.3281,"Crime Offenses (NIBRS)","25-357654","MP2025357654",2025-12-14,"08:53:00+00","2025/12/14 05:26:00+00","Property","Group A","200","Arson","Arson","Fire - Report Only (P)","Fire - Report Only (P)","0014XX 11TH AVE S",1,"Elliot Park",6,44.96842,-93.25818,-10381453.3792186,5616551.32811461,1,284503,2025,12
-10381934.2973,5611275.8693,"Crime Offenses (NIBRS)","25-364057","MP2025364057",2025-12-21,"12:25:00+00","2025/12/21 12:25:00+00","Property","Group A","200","Arson","Arson","Fire Suspicious Activity (P)","Fire Suspicious Activity (P)","0037XX CHICAGO AVE",3,"Central",8,44.93488,-93.2625,-10381934.2972927,5611275.86929622,1,284837,2025,12
-10382182.9233,5619134.7205,"Crime Offenses (NIBRS)","25-304724","MP2025304724",2025-10-21,"12:37:00+00","2025/10/18 17:09:00+00","Property","Group A","200","Arson","Arson","Fire - Report Only (P)","Damage Property-Rpt Only (P)","000XX HENNEPIN AVE",1,"North Loop",3,44.98484,-93.26474,-10382182.9233044,5619134.72049915,1,285113,2025,10
-10380253.9054,5613530.9338,"Crime Offenses (NIBRS)","25-337030","MP2025337030",2025-11-21,"01:53:00+00","2025/11/20 23:39:00+00","Property","Group A","200","Arson","Arson","Fire - Report Only (P)","Fire - Report Only (P)","0029XX CEDAR AVE S",3,"East Phillips",9,44.94922,-93.24741,-10380253.905443,5613530.93381885,1,286131,2025,11
-10377881.3116,5611444.2695,"Crime Offenses (NIBRS)","25-345147","MP2025345147",2025-11-29,"23:00:00+00","2025/11/29 21:06:00+00","Property","Group A","200","Arson","Arson","Fire - Report Only (P)","Fire - Report Only (P)","0032XX 37TH ST E",3,"Howe",9,44.93595,-93.22609,-10377881.3116031,5611444.26945549,1,286652,2025,11
-10382658.904,5608464.7711,"Crime Offenses (NIBRS)","25-335128","MP2025335128",2025-11-19,"04:29:00+00","2025/11/19 04:29:00+00","Property","Group A","200","Arson","Arson","Fire Suspicious Activity (P)","Fire Suspicious Activity (P)","0047XX 5TH AVE S",3,"Field",8,44.917,-93.26901,-10382658.9039871,5608464.77111185,1,286878,2025,11
-10385617.2111,5623732.7567,"Crime Offenses (NIBRS)","25-351353","MP2025351353",2025-12-07,"05:04:00+00","2025/12/07 01:15:00+00","Property","Group A","200","Arson","Arson","Fire - Report Only (P)","Fire - Report Only (P)","0032XX FREMONT AVE N",4,"Folwell",4,45.01404,-93.29559,-10385617.2110891,5623732.7566708,1,287022,2025,12
-10388167.3132,5616888.5396,"Crime Offenses (NIBRS)","25-353187","MP2025353187",2025-12-09,"04:39:00+00","2025/12/09 04:39:00+00","Property","Group A","200","Arson","Arson","Firefighter Needs Help (PF)","Firefighter Needs Help (PF)","0028XX NORTH WAYZATA BLVD",4,"Bryn - Mawr",7,44.97056,-93.31849,-10388167.3131836,5616888.53956713,1,287179,2025,12
-10385452.5451,5622192.5239,"Crime Offenses (NIBRS)","25-333216","MP2025333216",2025-11-17,"12:00:00+00","2025/11/15 21:42:00+00","Property","Group A","200","Arson","Arson","Damage Property-Rpt Only (P)","Damage Property-Rpt Only (P)","0024XX EMERSON AVE N",4,"Jordan",5,45.00426,-93.29411,-10385452.5451156,5622192.52391508,1,287637,2025,11
-10383007.3347,5624021.8491,"Crime Offenses (NIBRS)","25-342928","MP2025342928",2025-11-27,"02:44:00+00","2025/11/27 00:35:00+00","Property","Group A","200","Arson","Arson","Fire - Report Only (P)","Fire - Report Only (P)","0026XX MARSHALL ST NE",2,"Marshall Terrace",1,45.01588,-93.27214,-10383007.3346541,5624021.84906952,1,288808,2025,11
-10381793.832,5611301.948,"Crime Offenses (NIBRS)","25-354772","MP2025354772",2025-12-11,"02:49:00+00","2025/12/11 02:10:00+00","Property","Group A","200","Arson","Arson","Fire - Report Only (P)","Fire - Report Only (P)","0037XX ELLIOT AVE",3,"Powderhorn Park",9,44.93505,-93.26124,-10381793.8319956,5611301.94799334,1,289324,2025,12
-10380093.4347,5614669.598,"Crime Offenses (NIBRS)","25-354744","MP2025354744",2025-12-11,"00:34:00+00","2025/12/11 00:34:00+00","Property","Group A","200","Arson","Arson","Damage Property-In Progress(P)","Damage Property-In Progress(P)","0018XX EM STATELY ST",3,"East Phillips",9,44.95646,-93.24597,-10380093.4346873,5614669.59804375,1,289334,2025,12
-10382228.5984,5614382.6946,"Crime Offenses (NIBRS)","25-713152","MP2025713152",2025-09-02,"16:08:00+00","2025/08/02 23:30:00+00","Property","Group A","200","Arson","Arson",NA,NA,"0026XX PARK AVE",3,"Phillips West",6,44.95464,-93.26515,-10382228.5984388,5614382.69461288,1,300109,2025,9
-10382935.1223,5614664.522,"Crime Offenses (NIBRS)","26-014975","MP202614975",2026-01-18,"18:55:00+00","2026/01/18 18:55:00+00","Property","Group A","200","Arson","Arson","Fire Suspicious Activity (P)","Fire Suspicious Activity (P)","0025XX CLINTON AVE",5,"Whittier",10,44.95643,-93.27149,-10382935.1223369,5614664.52197543,1,300356,2026,1
-10386039.6916,5623455.2993,"Crime Offenses (NIBRS)","26-017450","MP202617450",2026-01-22,"09:20:00+00","2026/01/21 22:09:00+00","Property","Group A","200","Arson","Arson","Fire - Report Only (P)","Fire - Report Only (P)","0031XX IRVING AVE N",4,"Jordan",5,45.01228,-93.29938,-10386039.6916311,5623455.29932781,1,301171,2026,1
-10387176.0293,5625171.9185,"Crime Offenses (NIBRS)","26-010459","MP202610459",2026-01-13,"04:33:00+00","2026/01/13 04:33:00+00","Property","Group A","200","Arson","Arson","Fire Suspicious Activity (P)","Fire Suspicious Activity (P)","0037XX QUEEN AVE N",4,"Cleveland",4,45.02318,-93.30959,-10387176.0292639,5625171.9184829,1,302111,2026,1
-10382081.996,5616354.0764,"Crime Offenses (NIBRS)","26-015994","MP202615994",2026-01-20,"07:59:00+00","2026/01/20 05:22:00+00","Property","Group A","200","Arson","Arson","Fire - Report Only (P)","Fire - Report Only (P)","0007XX 16TH ST E",1,"Elliot Park",6,44.96717,-93.26383,-10382081.9959911,5616354.07636236,1,302457,2026,1
-10382508.0935,5616561.5317,"Crime Offenses (NIBRS)","26-039390","MP202639390",2026-02-16,"22:22:00+00","2026/02/16 19:29:00+00","Property","Group A","200","Arson","Arson","Person with a Weapon (P)","Person with a Weapon (P)","0014XX PORTLAND AVE",1,"Elliot Park",6,44.96849,-93.26766,-10382508.0935221,5616561.5317002,1,302961,2026,2
-10380390.4222,5614383.8121,"Crime Offenses (NIBRS)","26-037005","MP202637005",2026-02-14,"06:00:00+00","2026/02/14 04:21:00+00","Property","Group A","200","Arson","Arson","Fire - Report Only (P)","Fire - Report Only (P)","0026XX 18TH AVE S",3,"East Phillips",9,44.95464,-93.24863,-10380390.4222171,5614383.8121281,1,303574,2026,2
-10376976.0375,5609317.6838,"Crime Offenses (NIBRS)","26-004308","MP20264308",2026-01-06,"07:34:00+00","2026/01/05 19:52:00+00","Property","Group A","200","Arson","Arson","Fire - Report Only (P)","Fire - Report Only (P)","0044XX SNELLING AVE",3,"Hiawatha",12,44.92243,-93.21796,-10376976.0375032,5609317.68381467,1,305024,2026,1
-10378921.7277,5614811.3224,"Crime Offenses (NIBRS)","26-006528","MP20266528",2026-01-08,"15:29:00+00","2026/01/05 00:00:00+00","Property","Group A","200","Arson","Arson","Threats (P)","Damage Property-Rpt Only (P)","0025XX 25TH ST E",3,"Seward",2,44.95736,-93.23544,-10378921.727679,5614811.32238071,1,305377,2026,1
-10382937.1384,5612437.3506,"Crime Offenses (NIBRS)","26-052478","MP202652478",2026-03-03,"01:17:00+00","2026/03/02 23:07:00+00","Property","Group A","200","Arson","Arson","Fire - Report Only (P)","Fire - Report Only (P)","0033XX CLINTON AVE",3,"Central",8,44.94227,-93.27151,-10382937.1383745,5612437.3505531,1,305387,2026,3
-10385112.1113,5621249.7465,"Crime Offenses (NIBRS)","26-072002","MP202672002",2026-03-22,"23:50:00+00","2026/03/22 23:00:00+00","Property","Group A","200","Arson","Arson","Assist Fire Personnel (P)","Assist Fire Personnel (P)","0018XX BRYANT AVE N",4,"Near - North",5,44.99827,-93.29105,-10385112.1112943,5621249.74649774,1,305846,2026,3
-10387176.0293,5625171.9185,"Crime Offenses (NIBRS)","26-010237","MP202610237",2026-01-12,"20:46:00+00","2026/01/12 20:46:00+00","Property","Group A","200","Arson","Arson","Fire Suspicious Activity (P)","Fire Suspicious Activity (P)","0037XX QUEEN AVE N",4,"Cleveland",4,45.02318,-93.30959,-10387176.0292639,5625171.9184829,1,307478,2026,1
-10383223.3747,5614127.73,"Crime Offenses (NIBRS)","26-014756","MP202614756",2026-01-18,"21:00:00+00","2026/01/18 14:30:00+00","Property","Group A","200","Arson","Arson","Fire - Report Only (P)","Fire - Report Only (P)","0027XX 2ND AVE S",5,"Whittier",10,44.95302,-93.27408,-10383223.3747017,5614127.72999732,1,307709,2026,1
-10382509.5652,5612439.9312,"Crime Offenses (NIBRS)","26-040384","MP202640384",2026-02-18,"00:21:00+00","2026/02/17 20:46:00+00","Property","Group A","200","Arson","Arson","Assist Fire Personnel (P)","Fire Suspicious Activity (P)","0033XX PORTLAND AVE",3,"Central",9,44.94228,-93.26767,-10382509.5652178,5612439.93115526,1,308448,2026,2
-10380811.2544,5614666.3753,"Crime Offenses (NIBRS)","26-033344","MP202633344",2026-02-10,"06:30:00+00","2026/02/10 00:46:00+00","Property","Group A","200","Arson","Arson","Fire - Report Only (P)","Fire - Report Only (P)","0025XX BLOOMINGTON AVE",3,"Midtown Phillips",9,44.95644,-93.25241,-10380811.254353,5614666.37528062,1,308703,2026,2
-10379310.2843,5612969.4073,"Crime Offenses (NIBRS)","26-040616","MP202640616",2026-02-18,"07:27:00+00","2026/02/18 06:15:00+00","Property","Group A","200","Arson","Arson","Fire - Report Only (P)","Fire - Report Only (P)","0031XX 23RD AVE S",3,"Corcoran",9,44.94565,-93.23893,-10379310.2843344,5612969.4072938,1,308730,2026,2
-10382081.996,5616354.0764,"Crime Offenses (NIBRS)","26-034320","MP202634320",2026-02-12,"10:22:00+00","2026/02/11 06:01:00+00","Property","Group A","200","Arson","Arson","Fire - Report Only (P)","Fire - Report Only (P)","0007XX 16TH ST E",1,"Elliot Park",6,44.96717,-93.26383,-10382081.9959911,5616354.07636236,1,309087,2026,2
-10387878.1374,5622328.3397,"Crime Offenses (NIBRS)","26-050730","MP202650730",2026-03-01,"03:18:00+00","2026/03/01 01:38:00+00","Property","Group A","200","Arson","Arson","Fire - Report Only (P)","Fire - Report Only (P)","0025XX VINCENT AVE N",4,"Willard - Hay",5,45.00512,-93.3159,-10387878.1373598,5622328.33970573,1,309101,2026,3
-10383930.1254,5615368.5727,"Crime Offenses (NIBRS)","26-061181","MP202661181",2026-03-11,"18:10:00+00","2026/03/11 18:10:00+00","Property","Group A","200","Arson","Arson","Domestic Abuse-In Progress (P)","Domestic Abuse-In Progress (P)","0001XX 22ND ST W",5,"Whittier",10,44.9609,-93.28043,-10383930.1253623,5615368.57270556,1,309684,2026,3
-10383807.8375,5615768.725,"Crime Offenses (NIBRS)","26-044648","MP202644648",2026-02-22,"21:01:00+00","2026/02/22 18:09:00+00","Property","Group A","200","Arson","Arson","Fire - Report Only (P)","Fire - Report Only (P)","0019XX LASALLE AVE",5,"Steven's Square - Loring Heights",7,44.96345,-93.27933,-10383807.8374529,5615768.7250327,1,310014,2026,2
-10384489.9159,5615510.0321,"Crime Offenses (NIBRS)","26-704912","MP2026704912",2026-04-10,"13:16:00+00","2026/04/10 00:00:00+00","Property","Group A","200","Arson","Arson",NA,NA,"0020XX HARRIET AVE",5,"Steven's Square - Loring Heights",7,44.9618,-93.28546,-10384489.9158723,5615510.03214313,1,311009,2026,4
-10385767.3716,5625728.2338,"Crime Offenses (NIBRS)","26-073469","MP202673469",2026-03-24,"16:26:00+00","2026/03/24 16:26:00+00","Property","Group A","200","Arson","Arson","Damage Property-Rpt Only (P)","Damage Property-Rpt Only (P)","0039XX GIRARD AVE N",4,"Webber - Camden",4,45.02672,-93.29694,-10385767.3716068,5625728.23375364,1,311462,2026,3
-10381946.0534,5614382.7223,"Crime Offenses (NIBRS)","26-080324","MP202680324",2026-04-03,"11:04:00+00","2026/03/31 05:18:00+00","Property","Group A","200","Arson","Arson","Fire - Report Only (P)","Fire - Report Only (P)","0026XX CHICAGO AVE",3,"Phillips West",6,44.95464,-93.26261,-10381946.0533913,5614382.72232457,1,311766,2026,4
-10376720.9476,5608348.9512,"Crime Offenses (NIBRS)","26-090577","MP202690577",2026-04-10,"16:26:00+00","2026/04/10 16:26:00+00","Property","Group A","200","Arson","Arson","Assist Fire Personnel (P)","Fire Suspicious Activity (P)","0039XX EAST MINNEHAHA PKWY",3,"Minnehaha",12,44.91627,-93.21567,-10376720.9475849,5608348.95115979,1,312906,2026,4
-10385204.4055,5625722.3156,"Crime Offenses (NIBRS)","26-094270","MP202694270",2026-04-13,"23:26:00+00","2026/04/13 23:26:00+00","Property","Group A","200","Arson","Arson","Assist Fire Personnel (P)","Assist Fire Personnel (P)","0039XX COLFAX AVE N",4,"Webber - Camden",4,45.02668,-93.29188,-10385204.4054634,5625722.31555107,1,314746,2026,4
-10385757.0852,5623167.5502,"Crime Offenses (NIBRS)","19-021680","MP201921680",2019-01-23,"01:02:00+00","2019/01/23 01:02:00+00","Property","Group A","200","Arson","Arson",NA,NA,"0029XX GIRARD AVE N",4,"Jordan",5,45.01045,-93.29684,-10385757.0852173,5623167.55022327,1,370092,2019,1
-10382642.3664,5618170.9148,"Crime Offenses (NIBRS)","19-019234","MP201919234",2019-01-20,"05:00:00+00","2019/01/20 04:30:00+00","Property","Group A","200","Arson","Arson",NA,NA,"0004XX MARQUETTE AVE",1,"Downtown West",7,44.97871,-93.26886,-10382642.3664143,5618170.9148343,1,371376,2019,1
-10383884.7511,5605102.0021,"Crime Offenses (NIBRS)","19-033377","MP201933377",2019-02-04,"06:49:00+00","2019/02/04 06:49:00+00","Property","Group A","200","Arson","Arson",NA,NA,"0001XX 59TH ST W",5,"Windom",11,44.89561,-93.28002,-10383884.7511372,5605102.00212903,1,373585,2019,2
