"YTDCount","Year","Offense","PrevYTDCount","YTDPercentageChange"
39,2019,"Arson",NA,NA
63,2020,"Arson",39,61.5384615384615
57,2021,"Arson",63,-9.52380952380952
52,2022,"Arson",57,-8.77192982456141
73,2023,"Arson",52,40.3846153846154
70,2024,"Arson",73,-4.1095890410959
46,2025,"Arson",70,-34.2857142857143
