"YTDCount","Year","Offense","PrevYTDCount","YTDPercentageChange"
68,2019,"Arson",NA,NA
126,2020,"Arson",68,85.2941176470588
113,2021,"Arson",126,-10.3174603174603
104,2022,"Arson",113,-7.9646017699115
134,2023,"Arson",104,28.8461538461539
110,2024,"Arson",134,-17.910447761194
86,2025,"Arson",110,-21.8181818181818
