"YTDCount","Year","Offense","PrevYTDCount","YTDPercentageChange"
5,2019,"Arson",NA,NA
10,2020,"Arson",5,100
10,2021,"Arson",10,0
11,2022,"Arson",10,10
18,2023,"Arson",11,63.6363636363636
12,2024,"Arson",18,-33.3333333333333
5,2025,"Arson",12,-58.3333333333333
