"YTDCount","Year","Offense","PrevYTDCount","YTDPercentageChange"
12,2019,"Arson",NA,NA
23,2020,"Arson",12,91.6666666666667
27,2021,"Arson",23,17.3913043478261
30,2022,"Arson",27,11.1111111111111
43,2023,"Arson",30,43.3333333333333
41,2024,"Arson",43,-4.65116279069767
29,2025,"Arson",41,-29.2682926829268
