"YTDCount","Year","Offense","PrevYTDCount","YTDPercentageChange"
38,2019,"Arson",NA,NA
62,2020,"Arson",38,63.1578947368421
54,2021,"Arson",62,-12.9032258064516
52,2022,"Arson",54,-3.70370370370371
68,2023,"Arson",52,30.7692307692308
65,2024,"Arson",68,-4.41176470588235
