"YTDCount","Year","Offense","PrevYTDCount","YTDPercentageChange"
30,2019,"Arson",NA,NA
46,2020,"Arson",30,53.3333333333333
46,2021,"Arson",46,0
45,2022,"Arson",46,-2.17391304347826
62,2023,"Arson",45,37.7777777777778
56,2024,"Arson",62,-9.67741935483871
40,2025,"Arson",56,-28.5714285714286
