"YTDCount","Year","Offense","PrevYTDCount","YTDPercentageChange"
7,2019,"Arson",NA,NA
13,2020,"Arson",7,85.7142857142857
15,2021,"Arson",13,15.3846153846154
17,2022,"Arson",15,13.3333333333333
22,2023,"Arson",17,29.4117647058824
25,2024,"Arson",22,13.6363636363636
11,2025,"Arson",25,-56
