"YTDCount","Year","Offense","PrevYTDCount","YTDPercentageChange"
54,2019,"Arson",NA,NA
97,2020,"Arson",54,79.6296296296296
82,2021,"Arson",97,-15.4639175257732
77,2022,"Arson",82,-6.09756097560976
107,2023,"Arson",77,38.961038961039
87,2024,"Arson",107,-18.6915887850467
