"YTDCount","Year","Offense","PrevYTDCount","YTDPercentageChange"
6,2019,"Arson",NA,NA
10,2020,"Arson",6,66.6666666666667
12,2021,"Arson",10,20
11,2022,"Arson",12,-8.33333333333334
20,2023,"Arson",11,81.8181818181818
12,2024,"Arson",20,-40
5,2025,"Arson",12,-58.3333333333333
13,2026,"Arson",5,160
