"YTDCount","Year","Offense","PrevYTDCount","YTDPercentageChange"
12,2019,"Arson",NA,NA
20,2020,"Arson",12,66.6666666666667
27,2021,"Arson",20,35
30,2022,"Arson",27,11.1111111111111
41,2023,"Arson",30,36.6666666666667
41,2024,"Arson",41,0
28,2025,"Arson",41,-31.7073170731707
