"YTDCount","Year","Offense","PrevYTDCount","YTDPercentageChange"
14,2019,"Arson",NA,NA
23,2020,"Arson",14,64.2857142857143
29,2021,"Arson",23,26.0869565217391
31,2022,"Arson",29,6.89655172413792
46,2023,"Arson",31,48.3870967741936
39,2024,"Arson",46,-15.2173913043478
