"YTDCount","Year","Offense","PrevYTDCount","YTDPercentageChange"
9,2019,"Arson",NA,NA
17,2020,"Arson",9,88.8888888888889
18,2021,"Arson",17,5.88235294117647
27,2022,"Arson",18,50
30,2023,"Arson",27,11.1111111111111
32,2024,"Arson",30,6.66666666666667
24,2025,"Arson",32,-25
