"YTDCount","Year","Offense","PrevYTDCount","YTDPercentageChange"
22,2019,"Arson",NA,NA
39,2020,"Arson",22,77.2727272727273
36,2021,"Arson",39,-7.69230769230769
39,2022,"Arson",36,8.33333333333333
53,2023,"Arson",39,35.8974358974359
49,2024,"Arson",53,-7.54716981132075
