"YTDCount","Year","Offense","PrevYTDCount","YTDPercentageChange"
36,2019,"Arson",NA,NA
56,2020,"Arson",36,55.5555555555556
53,2021,"Arson",56,-5.35714285714286
52,2022,"Arson",53,-1.88679245283019
70,2023,"Arson",52,34.6153846153846
67,2024,"Arson",70,-4.28571428571428
44,2025,"Arson",67,-34.3283582089552
