"YTDCount","Year","Offense","PrevYTDCount","YTDPercentageChange"
69,2019,"Arson",NA,NA
117,2020,"Arson",69,69.5652173913043
101,2021,"Arson",117,-13.6752136752137
97,2022,"Arson",101,-3.96039603960396
125,2023,"Arson",97,28.8659793814433
100,2024,"Arson",125,-20
76,2025,"Arson",100,-24
