"YTDCount","Year","Offense","PrevYTDCount","YTDPercentageChange"
40,2019,"Arson",NA,NA
68,2020,"Arson",40,70
60,2021,"Arson",68,-11.7647058823529
55,2022,"Arson",60,-8.33333333333334
78,2023,"Arson",55,41.8181818181818
68,2024,"Arson",78,-12.8205128205128
