"YTDCount","Year","Offense","PrevYTDCount","YTDPercentageChange"
36,2019,"Arson",NA,NA
55,2020,"Arson",36,52.7777777777778
51,2021,"Arson",55,-7.27272727272728
52,2022,"Arson",51,1.96078431372548
68,2023,"Arson",52,30.7692307692308
63,2024,"Arson",68,-7.35294117647058
43,2025,"Arson",63,-31.7460317460317
