"YTDCount","Year","Offense","PrevYTDCount","YTDPercentageChange"
864,2019,"Motor Vehicle Theft",NA,NA
1332,2020,"Motor Vehicle Theft",864,54.1666666666667
1283,2021,"Motor Vehicle Theft",1332,-3.67867867867868
1542,2022,"Motor Vehicle Theft",1283,20.1870615744349
3241,2023,"Motor Vehicle Theft",1542,110.181582360571
2029,2024,"Motor Vehicle Theft",3241,-37.3958654736193
1609,2025,"Motor Vehicle Theft",2029,-20.6998521439133
