"YTDCount","Year","Offense","PrevYTDCount","YTDPercentageChange"
1603,2019,"Motor Vehicle Theft",NA,NA
2322,2020,"Motor Vehicle Theft",1603,44.8533998752339
2337,2021,"Motor Vehicle Theft",2322,0.645994832041352
3086,2022,"Motor Vehicle Theft",2337,32.0496362858365
5072,2023,"Motor Vehicle Theft",3086,64.3551523007129
3868,2024,"Motor Vehicle Theft",5072,-23.7381703470032
