"YTDCount","Year","Offense","PrevYTDCount","YTDPercentageChange"
1823,2019,"Motor Vehicle Theft",NA,NA
2642,2020,"Motor Vehicle Theft",1823,44.9259462424575
2617,2021,"Motor Vehicle Theft",2642,-0.946252838758521
3539,2022,"Motor Vehicle Theft",2617,35.2311807413068
5651,2023,"Motor Vehicle Theft",3539,59.6778751059621
4398,2024,"Motor Vehicle Theft",5651,-22.173066713856
