"YTDCount","Year","Offense","PrevYTDCount","YTDPercentageChange"
2408,2019,"Motor Vehicle Theft",NA,NA
3340,2020,"Motor Vehicle Theft",2408,38.7043189368771
3388,2021,"Motor Vehicle Theft",3340,1.43712574850299
4827,2022,"Motor Vehicle Theft",3388,42.4734356552538
6689,2023,"Motor Vehicle Theft",4827,38.5746840687798
5615,2024,"Motor Vehicle Theft",6689,-16.0562116908357
