"YTDCount","Year","Offense","PrevYTDCount","YTDPercentageChange"
1050,2019,"Motor Vehicle Theft",NA,NA
1506,2020,"Motor Vehicle Theft",1050,43.4285714285714
1500,2021,"Motor Vehicle Theft",1506,-0.398406374501992
1813,2022,"Motor Vehicle Theft",1500,20.8666666666667
3787,2023,"Motor Vehicle Theft",1813,108.880308880309
2520,2024,"Motor Vehicle Theft",3787,-33.456561922366
1898,2025,"Motor Vehicle Theft",2520,-24.6825396825397
