"YTDCount","Year","Offense","PrevYTDCount","YTDPercentageChange"
2484,2019,"Motor Vehicle Theft",NA,NA
3445,2020,"Motor Vehicle Theft",2484,38.6876006441224
3484,2021,"Motor Vehicle Theft",3445,1.13207547169811
5067,2022,"Motor Vehicle Theft",3484,45.4362801377727
6873,2023,"Motor Vehicle Theft",5067,35.6423919478982
5808,2024,"Motor Vehicle Theft",6873,-15.4954168485378
4371,2025,"Motor Vehicle Theft",5808,-24.7417355371901
