"YTDCount","Year","Offense","PrevYTDCount","YTDPercentageChange"
1920,2019,"Motor Vehicle Theft",NA,NA
2734,2020,"Motor Vehicle Theft",1920,42.3958333333333
2690,2021,"Motor Vehicle Theft",2734,-1.60936356986101
3654,2022,"Motor Vehicle Theft",2690,35.8364312267658
5795,2023,"Motor Vehicle Theft",3654,58.5933223864258
4523,2024,"Motor Vehicle Theft",5795,-21.9499568593615
3353,2025,"Motor Vehicle Theft",4523,-25.8677868671236
