"YTDCount","Year","Offense","PrevYTDCount","YTDPercentageChange"
2338,2019,"Motor Vehicle Theft",NA,NA
3222,2020,"Motor Vehicle Theft",2338,37.8100940975193
3252,2021,"Motor Vehicle Theft",3222,0.931098696461818
4522,2022,"Motor Vehicle Theft",3252,39.0528905289053
6490,2023,"Motor Vehicle Theft",4522,43.5205661211853
5453,2024,"Motor Vehicle Theft",6490,-15.9784283513097
4049,2025,"Motor Vehicle Theft",5453,-25.7472950669356
