"YTDCount","Year","Offense","PrevYTDCount","YTDPercentageChange"
2527,2019,"Motor Vehicle Theft",NA,NA
3506,2020,"Motor Vehicle Theft",2527,38.7415908191531
3551,2021,"Motor Vehicle Theft",3506,1.28351397604107
5218,2022,"Motor Vehicle Theft",3551,46.9445226696705
6979,2023,"Motor Vehicle Theft",5218,33.7485626676888
5900,2024,"Motor Vehicle Theft",6979,-15.460667717438
