"YTDCount","Year","Offense","PrevYTDCount","YTDPercentageChange"
165,2019,"Motor Vehicle Theft",NA,NA
298,2020,"Motor Vehicle Theft",165,80.6060606060606
259,2021,"Motor Vehicle Theft",298,-13.0872483221476
326,2022,"Motor Vehicle Theft",259,25.8687258687259
498,2023,"Motor Vehicle Theft",326,52.760736196319
387,2024,"Motor Vehicle Theft",498,-22.289156626506
273,2025,"Motor Vehicle Theft",387,-29.4573643410853
323,2026,"Motor Vehicle Theft",273,18.3150183150183
