"YTDCount","Year","Offense","PrevYTDCount","YTDPercentageChange"
734,2019,"Motor Vehicle Theft",NA,NA
1180,2020,"Motor Vehicle Theft",734,60.7629427792915
1145,2021,"Motor Vehicle Theft",1180,-2.96610169491526
1326,2022,"Motor Vehicle Theft",1145,15.8078602620087
2809,2023,"Motor Vehicle Theft",1326,111.84012066365
1649,2024,"Motor Vehicle Theft",2809,-41.2958348166607
1376,2025,"Motor Vehicle Theft",1649,-16.5554881746513
