"YTDCount","Year","Offense","PrevYTDCount","YTDPercentageChange"
880,2019,"Motor Vehicle Theft",NA,NA
1349,2020,"Motor Vehicle Theft",880,53.2954545454545
1311,2021,"Motor Vehicle Theft",1349,-2.8169014084507
1573,2022,"Motor Vehicle Theft",1311,19.9847444698703
3316,2023,"Motor Vehicle Theft",1573,110.807374443738
2079,2024,"Motor Vehicle Theft",3316,-37.3039806996381
1641,2025,"Motor Vehicle Theft",2079,-21.0678210678211
