"YTDCount","Year","Offense","PrevYTDCount","YTDPercentageChange"
333,2019,"Motor Vehicle Theft",NA,NA
608,2020,"Motor Vehicle Theft",333,82.5825825825826
626,2021,"Motor Vehicle Theft",608,2.96052631578947
695,2022,"Motor Vehicle Theft",626,11.0223642172524
1139,2023,"Motor Vehicle Theft",695,63.8848920863309
817,2024,"Motor Vehicle Theft",1139,-28.270412642669
584,2025,"Motor Vehicle Theft",817,-28.5189718482252
789,2026,"Motor Vehicle Theft",584,35.1027397260274
