"YTDCount","Year","Offense","PrevYTDCount","YTDPercentageChange"
2638,2019,"Motor Vehicle Theft",NA,NA
3626,2020,"Motor Vehicle Theft",2638,37.4526156178923
3665,2021,"Motor Vehicle Theft",3626,1.07556536127964
5426,2022,"Motor Vehicle Theft",3665,48.0491132332879
7138,2023,"Motor Vehicle Theft",5426,31.5517876889053
6059,2024,"Motor Vehicle Theft",7138,-15.1162790697674
4537,2025,"Motor Vehicle Theft",6059,-25.1196567090279
