"YTDCount","Year","Offense","PrevYTDCount","YTDPercentageChange"
519,2019,"Motor Vehicle Theft",NA,NA
858,2020,"Motor Vehicle Theft",519,65.3179190751445
871,2021,"Motor Vehicle Theft",858,1.51515151515151
971,2022,"Motor Vehicle Theft",871,11.4810562571757
1759,2023,"Motor Vehicle Theft",971,81.1534500514933
1178,2024,"Motor Vehicle Theft",1759,-33.0301307561114
935,2025,"Motor Vehicle Theft",1178,-20.6281833616299
1197,2026,"Motor Vehicle Theft",935,28.0213903743316
