"YTDCount","Year","Offense","PrevYTDCount","YTDPercentageChange"
1339,2019,"Motor Vehicle Theft",NA,NA
1920,2020,"Motor Vehicle Theft",1339,43.3905899925317
1967,2021,"Motor Vehicle Theft",1920,2.44791666666666
2514,2022,"Motor Vehicle Theft",1967,27.8088459583121
4432,2023,"Motor Vehicle Theft",2514,76.2927605409706
3230,2024,"Motor Vehicle Theft",4432,-27.1209386281588
2382,2025,"Motor Vehicle Theft",3230,-26.2538699690402
