"YTDCount","Year","Offense","PrevYTDCount","YTDPercentageChange"
2070,2019,"Motor Vehicle Theft",NA,NA
2878,2020,"Motor Vehicle Theft",2070,39.0338164251208
2869,2021,"Motor Vehicle Theft",2878,-0.312717164697707
3910,2022,"Motor Vehicle Theft",2869,36.2844196584176
6003,2023,"Motor Vehicle Theft",3910,53.5294117647059
4768,2024,"Motor Vehicle Theft",6003,-20.5730468099284
3489,2025,"Motor Vehicle Theft",4768,-26.8246644295302
