"YTDCount","Year","Offense","PrevYTDCount","YTDPercentageChange"
1105,2019,"Motor Vehicle Theft",NA,NA
1587,2020,"Motor Vehicle Theft",1105,43.6199095022624
1594,2021,"Motor Vehicle Theft",1587,0.441083805923115
1941,2022,"Motor Vehicle Theft",1594,21.7691342534504
3949,2023,"Motor Vehicle Theft",1941,103.451828954147
2700,2024,"Motor Vehicle Theft",3949,-31.6282603190681
2025,2025,"Motor Vehicle Theft",2700,-25
