"YTDCount","Year","Offense","PrevYTDCount","YTDPercentageChange"
1547,2019,"Motor Vehicle Theft",NA,NA
2238,2020,"Motor Vehicle Theft",1547,44.6670976082741
2248,2021,"Motor Vehicle Theft",2238,0.446827524575522
2982,2022,"Motor Vehicle Theft",2248,32.6512455516014
4937,2023,"Motor Vehicle Theft",2982,65.5600268276325
3726,2024,"Motor Vehicle Theft",4937,-24.5290662345554
