"YTDCount","Year","Offense","PrevYTDCount","YTDPercentageChange"
1380,2019,"Motor Vehicle Theft",NA,NA
1985,2020,"Motor Vehicle Theft",1380,43.8405797101449
2030,2021,"Motor Vehicle Theft",1985,2.26700251889169
2624,2022,"Motor Vehicle Theft",2030,29.2610837438424
4528,2023,"Motor Vehicle Theft",2624,72.5609756097561
3344,2024,"Motor Vehicle Theft",4528,-26.1484098939929
