"YTDCount","Year","Offense","PrevYTDCount","YTDPercentageChange"
1912,2019,"Motor Vehicle Theft",NA,NA
2726,2020,"Motor Vehicle Theft",1912,42.5732217573222
2679,2021,"Motor Vehicle Theft",2726,-1.72413793103449
3636,2022,"Motor Vehicle Theft",2679,35.7222844344905
5767,2023,"Motor Vehicle Theft",3636,58.6083608360836
4490,2024,"Motor Vehicle Theft",5767,-22.1432287151032
