"YTDCount","Year","Offense","PrevYTDCount","YTDPercentageChange"
886,2019,"Motor Vehicle Theft",NA,NA
1360,2020,"Motor Vehicle Theft",886,53.4988713318284
1322,2021,"Motor Vehicle Theft",1360,-2.79411764705882
1580,2022,"Motor Vehicle Theft",1322,19.5158850226929
3344,2023,"Motor Vehicle Theft",1580,111.645569620253
2099,2024,"Motor Vehicle Theft",3344,-37.2308612440191
1664,2025,"Motor Vehicle Theft",2099,-20.7241543592187
