"YTDCount","Year","Offense","PrevYTDCount","YTDPercentageChange"
1495,2019,"Motor Vehicle Theft",NA,NA
2166,2020,"Motor Vehicle Theft",1495,44.8829431438127
2188,2021,"Motor Vehicle Theft",2166,1.01569713758078
2884,2022,"Motor Vehicle Theft",2188,31.8098720292505
4830,2023,"Motor Vehicle Theft",2884,67.4757281553398
3640,2024,"Motor Vehicle Theft",4830,-24.6376811594203
2646,2025,"Motor Vehicle Theft",3640,-27.3076923076923
