"YTDCount","Year","Offense","PrevYTDCount","YTDPercentageChange"
1947,2019,"Motor Vehicle Theft",NA,NA
2749,2020,"Motor Vehicle Theft",1947,41.1915767847971
2713,2021,"Motor Vehicle Theft",2749,-1.30956711531466
3698,2022,"Motor Vehicle Theft",2713,36.3066715812753
5819,2023,"Motor Vehicle Theft",3698,57.355327203894
4568,2024,"Motor Vehicle Theft",5819,-21.4985392679155
3381,2025,"Motor Vehicle Theft",4568,-25.9851138353765
