"YTDCount","Year","Offense","PrevYTDCount","YTDPercentageChange"
409,2019,"Motor Vehicle Theft",NA,NA
721,2020,"Motor Vehicle Theft",409,76.2836185819071
755,2021,"Motor Vehicle Theft",721,4.71567267683772
814,2022,"Motor Vehicle Theft",755,7.81456953642383
1421,2023,"Motor Vehicle Theft",814,74.5700245700246
967,2024,"Motor Vehicle Theft",1421,-31.9493314567206
733,2025,"Motor Vehicle Theft",967,-24.1985522233713
