"YTDCount","Year","Offense","PrevYTDCount","YTDPercentageChange"
1429,2019,"Motor Vehicle Theft",NA,NA
2060,2020,"Motor Vehicle Theft",1429,44.1567529741078
2097,2021,"Motor Vehicle Theft",2060,1.79611650485436
2740,2022,"Motor Vehicle Theft",2097,30.6628516928946
4652,2023,"Motor Vehicle Theft",2740,69.7810218978102
3491,2024,"Motor Vehicle Theft",4652,-24.957007738607
2518,2025,"Motor Vehicle Theft",3491,-27.8716700085935
