"YTDCount","Year","Offense","PrevYTDCount","YTDPercentageChange"
1017,2019,"Motor Vehicle Theft",NA,NA
1479,2020,"Motor Vehicle Theft",1017,45.4277286135693
1459,2021,"Motor Vehicle Theft",1479,-1.35226504394862
1756,2022,"Motor Vehicle Theft",1459,20.3564084989719
3673,2023,"Motor Vehicle Theft",1756,109.168564920273
2439,2024,"Motor Vehicle Theft",3673,-33.5965151102641
1850,2025,"Motor Vehicle Theft",2439,-24.1492414924149
