"YTDCount","Year","Offense","PrevYTDCount","YTDPercentageChange"
1460,2019,"Motor Vehicle Theft",NA,NA
2107,2020,"Motor Vehicle Theft",1460,44.3150684931507
2137,2021,"Motor Vehicle Theft",2107,1.42382534409113
2812,2022,"Motor Vehicle Theft",2137,31.5863359850257
4750,2023,"Motor Vehicle Theft",2812,68.9189189189189
3572,2024,"Motor Vehicle Theft",4750,-24.8
2592,2025,"Motor Vehicle Theft",3572,-27.4356103023516
