"YTDCount","Year","Offense","PrevYTDCount","YTDPercentageChange"
2696,2019,"Motor Vehicle Theft",NA,NA
3707,2020,"Motor Vehicle Theft",2696,37.5
3762,2021,"Motor Vehicle Theft",3707,1.48367952522255
5588,2022,"Motor Vehicle Theft",3762,48.5380116959064
7250,2023,"Motor Vehicle Theft",5588,29.7423049391553
6163,2024,"Motor Vehicle Theft",7250,-14.9931034482759
4607,2025,"Motor Vehicle Theft",6163,-25.2474444264157
