"YTDCount","Year","Offense","PrevYTDCount","YTDPercentageChange"
1429,2019,"Motor Vehicle Theft",NA,NA
2060,2020,"Motor Vehicle Theft",1429,44.1567529741078
2096,2021,"Motor Vehicle Theft",2060,1.74757281553397
2739,2022,"Motor Vehicle Theft",2096,30.6774809160305
4652,2023,"Motor Vehicle Theft",2739,69.8430083972253
3477,2024,"Motor Vehicle Theft",4652,-25.2579535683577
