"YTDCount","Year","Offense","PrevYTDCount","YTDPercentageChange"
2430,2019,"Motor Vehicle Theft",NA,NA
3378,2020,"Motor Vehicle Theft",2430,39.0123456790123
3422,2021,"Motor Vehicle Theft",3378,1.30254588513914
4910,2022,"Motor Vehicle Theft",3422,43.4833430742256
6759,2023,"Motor Vehicle Theft",4910,37.6578411405295
5702,2024,"Motor Vehicle Theft",6759,-15.6384080485279
4277,2025,"Motor Vehicle Theft",5702,-24.991231146966
