"YTDCount","Year","Offense","PrevYTDCount","YTDPercentageChange"
1319,2019,"Motor Vehicle Theft",NA,NA
1891,2020,"Motor Vehicle Theft",1319,43.366186504928
1927,2021,"Motor Vehicle Theft",1891,1.90375462718138
2444,2022,"Motor Vehicle Theft",1927,26.8292682926829
4382,2023,"Motor Vehicle Theft",2444,79.2962356792144
3097,2024,"Motor Vehicle Theft",4382,-29.3245093564582
