"YTDCount","Year","Offense","PrevYTDCount","YTDPercentageChange"
1401,2019,"Motor Vehicle Theft",NA,NA
2012,2020,"Motor Vehicle Theft",1401,43.6117059243398
2054,2021,"Motor Vehicle Theft",2012,2.08747514910537
2657,2022,"Motor Vehicle Theft",2054,29.3573515092503
4554,2023,"Motor Vehicle Theft",2657,71.3963116296575
3402,2024,"Motor Vehicle Theft",4554,-25.296442687747
