"YTDCount","Year","Offense","PrevYTDCount","YTDPercentageChange"
2373,2019,"Motor Vehicle Theft",NA,NA
3272,2020,"Motor Vehicle Theft",2373,37.8845343447113
3324,2021,"Motor Vehicle Theft",3272,1.58924205378974
4668,2022,"Motor Vehicle Theft",3324,40.4332129963899
6593,2023,"Motor Vehicle Theft",4668,41.2382176520994
5526,2024,"Motor Vehicle Theft",6593,-16.1838313362657
