"YTDCount","Year","Offense","PrevYTDCount","YTDPercentageChange"
1464,2019,"Motor Vehicle Theft",NA,NA
2125,2020,"Motor Vehicle Theft",1464,45.1502732240437
2144,2021,"Motor Vehicle Theft",2125,0.894117647058823
2827,2022,"Motor Vehicle Theft",2144,31.8563432835821
4776,2023,"Motor Vehicle Theft",2827,68.9423417049876
3586,2024,"Motor Vehicle Theft",4776,-24.9162479061977
