"YTDCount","Year","Offense","PrevYTDCount","YTDPercentageChange"
1407,2019,"Motor Vehicle Theft",NA,NA
2026,2020,"Motor Vehicle Theft",1407,43.9943141435679
2067,2021,"Motor Vehicle Theft",2026,2.02369200394867
2677,2022,"Motor Vehicle Theft",2067,29.5113691340106
4576,2023,"Motor Vehicle Theft",2677,70.9376167351513
3436,2024,"Motor Vehicle Theft",4576,-24.9125874125874
2496,2025,"Motor Vehicle Theft",3436,-27.3573923166473
