"YTDCount","Year","Offense","PrevYTDCount","YTDPercentageChange"
1650,2019,"Motor Vehicle Theft",NA,NA
2403,2020,"Motor Vehicle Theft",1650,45.6363636363636
2414,2021,"Motor Vehicle Theft",2403,0.457761131918444
3213,2022,"Motor Vehicle Theft",2414,33.0985915492958
5176,2023,"Motor Vehicle Theft",3213,61.0955493308434
3976,2024,"Motor Vehicle Theft",5176,-23.1839258114374
2942,2025,"Motor Vehicle Theft",3976,-26.0060362173038
