"YTDCount","Year","Offense","PrevYTDCount","YTDPercentageChange"
285,2019,"Motor Vehicle Theft",NA,NA
517,2020,"Motor Vehicle Theft",285,81.4035087719298
519,2021,"Motor Vehicle Theft",517,0.386847195357842
605,2022,"Motor Vehicle Theft",519,16.5703275529865
954,2023,"Motor Vehicle Theft",605,57.6859504132231
732,2024,"Motor Vehicle Theft",954,-23.2704402515723
503,2025,"Motor Vehicle Theft",732,-31.2841530054645
