"YTDCount","Year","Offense","PrevYTDCount","YTDPercentageChange"
1358,2019,"Motor Vehicle Theft",NA,NA
1943,2020,"Motor Vehicle Theft",1358,43.0780559646539
1988,2021,"Motor Vehicle Theft",1943,2.31600617601646
2550,2022,"Motor Vehicle Theft",1988,28.2696177062374
4461,2023,"Motor Vehicle Theft",2550,74.9411764705882
3266,2024,"Motor Vehicle Theft",4461,-26.7877157587985
