"YTDCount","Year","Offense","PrevYTDCount","YTDPercentageChange"
2015,2019,"Motor Vehicle Theft",NA,NA
2820,2020,"Motor Vehicle Theft",2015,39.9503722084367
2806,2021,"Motor Vehicle Theft",2820,-0.496453900709215
3813,2022,"Motor Vehicle Theft",2806,35.8873841767641
5912,2023,"Motor Vehicle Theft",3813,55.0485182271178
4671,2024,"Motor Vehicle Theft",5912,-20.9912043301759
