"YTDCount","Year","Offense","PrevYTDCount","YTDPercentageChange"
1236,2019,"Motor Vehicle Theft",NA,NA
1771,2020,"Motor Vehicle Theft",1236,43.2847896440129
1794,2021,"Motor Vehicle Theft",1771,1.29870129870129
2190,2022,"Motor Vehicle Theft",1794,22.0735785953177
4198,2023,"Motor Vehicle Theft",2190,91.689497716895
2970,2024,"Motor Vehicle Theft",4198,-29.2520247737018
