"YTDCount","Year","Offense","PrevYTDCount","YTDPercentageChange"
1460,2019,"Motor Vehicle Theft",NA,NA
2107,2020,"Motor Vehicle Theft",1460,44.3150684931507
2136,2021,"Motor Vehicle Theft",2107,1.37636449928809
2811,2022,"Motor Vehicle Theft",2136,31.6011235955056
4734,2023,"Motor Vehicle Theft",2811,68.409818569904
3569,2024,"Motor Vehicle Theft",4734,-24.6092099704267
