"YTDCount","Year","Offense","PrevYTDCount","YTDPercentageChange"
1097,2019,"Motor Vehicle Theft",NA,NA
1574,2020,"Motor Vehicle Theft",1097,43.4822242479489
1584,2021,"Motor Vehicle Theft",1574,0.635324015247773
1922,2022,"Motor Vehicle Theft",1584,21.3383838383838
3930,2023,"Motor Vehicle Theft",1922,104.474505723205
2678,2024,"Motor Vehicle Theft",3930,-31.8575063613231
