"YTDCount","Year","Offense","PrevYTDCount","YTDPercentageChange"
360,2019,"Motor Vehicle Theft",NA,NA
643,2020,"Motor Vehicle Theft",360,78.6111111111111
668,2021,"Motor Vehicle Theft",643,3.88802488335926
721,2022,"Motor Vehicle Theft",668,7.93413173652695
1266,2023,"Motor Vehicle Theft",721,75.5894590846047
854,2024,"Motor Vehicle Theft",1266,-32.5434439178515
613,2025,"Motor Vehicle Theft",854,-28.2201405152225
855,2026,"Motor Vehicle Theft",613,39.4779771615008
