"YTDCount","Year","Offense","PrevYTDCount","YTDPercentageChange"
1709,2019,"Motor Vehicle Theft",NA,NA
2510,2020,"Motor Vehicle Theft",1709,46.8695143358689
2499,2021,"Motor Vehicle Theft",2510,-0.438247011952186
3344,2022,"Motor Vehicle Theft",2499,33.8135254101641
5397,2023,"Motor Vehicle Theft",3344,61.3935406698564
4161,2024,"Motor Vehicle Theft",5397,-22.9016120066704
