"YTDCount","Year","Offense","PrevYTDCount","YTDPercentageChange"
133,2019,"Motor Vehicle Theft",NA,NA
248,2020,"Motor Vehicle Theft",133,86.4661654135338
234,2021,"Motor Vehicle Theft",248,-5.64516129032258
275,2022,"Motor Vehicle Theft",234,17.5213675213675
412,2023,"Motor Vehicle Theft",275,49.8181818181818
329,2024,"Motor Vehicle Theft",412,-20.1456310679612
231,2025,"Motor Vehicle Theft",329,-29.7872340425532
263,2026,"Motor Vehicle Theft",231,13.8528138528138
