"YTDCount","Year","Offense","PrevYTDCount","YTDPercentageChange"
2609,2019,"Motor Vehicle Theft",NA,NA
3606,2020,"Motor Vehicle Theft",2609,38.2138750479111
3636,2021,"Motor Vehicle Theft",3606,0.831946755407653
5380,2022,"Motor Vehicle Theft",3636,47.964796479648
7096,2023,"Motor Vehicle Theft",5380,31.8959107806691
6029,2024,"Motor Vehicle Theft",7096,-15.0366403607666
4504,2025,"Motor Vehicle Theft",6029,-25.2944103499751
