"YTDCount","Year","Offense","PrevYTDCount","YTDPercentageChange"
1932,2019,"Motor Vehicle Theft",NA,NA
2741,2020,"Motor Vehicle Theft",1932,41.8737060041408
2698,2021,"Motor Vehicle Theft",2741,-1.56877052170741
3681,2022,"Motor Vehicle Theft",2698,36.4343958487769
5807,2023,"Motor Vehicle Theft",3681,57.7560445531106
4530,2024,"Motor Vehicle Theft",5807,-21.9907008782504
