"YTDCount","Year","Offense","PrevYTDCount","YTDPercentageChange"
2495,2019,"Motor Vehicle Theft",NA,NA
3466,2020,"Motor Vehicle Theft",2495,38.9178356713427
3503,2021,"Motor Vehicle Theft",3466,1.06751298326602
5106,2022,"Motor Vehicle Theft",3503,45.7607764773052
6919,2023,"Motor Vehicle Theft",5106,35.5072463768116
5823,2024,"Motor Vehicle Theft",6919,-15.8404393698511
