"YTDCount","Year","Offense","PrevYTDCount","YTDPercentageChange"
2688,2019,"Motor Vehicle Theft",NA,NA
3702,2020,"Motor Vehicle Theft",2688,37.7232142857143
3752,2021,"Motor Vehicle Theft",3702,1.35062128579146
5568,2022,"Motor Vehicle Theft",3752,48.4008528784648
7238,2023,"Motor Vehicle Theft",5568,29.992816091954
6147,2024,"Motor Vehicle Theft",7238,-15.0732246476927
4598,2025,"Motor Vehicle Theft",6147,-25.1992842036766
