"YTDCount","Year","Offense","PrevYTDCount","YTDPercentageChange"
1570,2019,"Motor Vehicle Theft",NA,NA
2279,2020,"Motor Vehicle Theft",1570,45.1592356687898
2298,2021,"Motor Vehicle Theft",2279,0.833698990785425
3037,2022,"Motor Vehicle Theft",2298,32.1583986074848
4999,2023,"Motor Vehicle Theft",3037,64.6032268686203
3799,2024,"Motor Vehicle Theft",4999,-24.004800960192
