"YTDCount","Year","Offense","PrevYTDCount","YTDPercentageChange"
563,2019,"Motor Vehicle Theft",NA,NA
946,2020,"Motor Vehicle Theft",563,68.0284191829485
939,2021,"Motor Vehicle Theft",946,-0.7399577167019
1066,2022,"Motor Vehicle Theft",939,13.5250266240682
2015,2023,"Motor Vehicle Theft",1066,89.0243902439024
1292,2024,"Motor Vehicle Theft",2015,-35.8808933002481
1039,2025,"Motor Vehicle Theft",1292,-19.5820433436533
