"YTDCount","Year","Offense","PrevYTDCount","YTDPercentageChange"
1061,2019,"Motor Vehicle Theft",NA,NA
1534,2020,"Motor Vehicle Theft",1061,44.5805843543827
1516,2021,"Motor Vehicle Theft",1534,-1.17340286831812
1843,2022,"Motor Vehicle Theft",1516,21.5699208443272
3817,2023,"Motor Vehicle Theft",1843,107.107976125882
2549,2024,"Motor Vehicle Theft",3817,-33.219806130469
