"YTDCount","Year","Offense","PrevYTDCount","YTDPercentageChange"
2275,2019,"Motor Vehicle Theft",NA,NA
3119,2020,"Motor Vehicle Theft",2275,37.0989010989011
3130,2021,"Motor Vehicle Theft",3119,0.352677140109003
4149,2022,"Motor Vehicle Theft",3130,32.555910543131
6670,2023,"Motor Vehicle Theft",4149,60.761629308267
5215,2024,"Motor Vehicle Theft",6670,-21.8140929535232
