"YTDCount","Year","Offense","PrevYTDCount","YTDPercentageChange"
1684,2019,"Motor Vehicle Theft",NA,NA
2465,2020,"Motor Vehicle Theft",1684,46.3776722090261
2482,2021,"Motor Vehicle Theft",2465,0.689655172413794
3298,2022,"Motor Vehicle Theft",2482,32.8767123287671
5319,2023,"Motor Vehicle Theft",3298,61.2795633717405
4053,2024,"Motor Vehicle Theft",5319,-23.8014664410603
