"YTDCount","Year","Offense","PrevYTDCount","YTDPercentageChange"
970,2019,"Motor Vehicle Theft",NA,NA
1431,2020,"Motor Vehicle Theft",970,47.5257731958763
1395,2021,"Motor Vehicle Theft",1431,-2.51572327044025
1680,2022,"Motor Vehicle Theft",1395,20.4301075268817
3579,2023,"Motor Vehicle Theft",1680,113.035714285714
2297,2024,"Motor Vehicle Theft",3579,-35.8200614696843
1780,2025,"Motor Vehicle Theft",2297,-22.5076186329996
