"YTDCount","Year","Offense","PrevYTDCount","YTDPercentageChange"
2175,2019,"Motor Vehicle Theft",NA,NA
2998,2020,"Motor Vehicle Theft",2175,37.8390804597701
3002,2021,"Motor Vehicle Theft",2998,0.133422281521023
4124,2022,"Motor Vehicle Theft",3002,37.3750832778148
6153,2023,"Motor Vehicle Theft",4124,49.199806013579
4957,2024,"Motor Vehicle Theft",6153,-19.4376726799935
