"YTDCount","Year","Offense","PrevYTDCount","YTDPercentageChange"
141,2019,"Motor Vehicle Theft",NA,NA
265,2020,"Motor Vehicle Theft",141,87.9432624113475
241,2021,"Motor Vehicle Theft",265,-9.0566037735849
293,2022,"Motor Vehicle Theft",241,21.5767634854772
428,2023,"Motor Vehicle Theft",293,46.0750853242321
346,2024,"Motor Vehicle Theft",428,-19.1588785046729
238,2025,"Motor Vehicle Theft",346,-31.2138728323699
278,2026,"Motor Vehicle Theft",238,16.8067226890756
