"YTDCount","Year","Offense","PrevYTDCount","YTDPercentageChange"
1645,2019,"Motor Vehicle Theft",NA,NA
2390,2020,"Motor Vehicle Theft",1645,45.2887537993921
2401,2021,"Motor Vehicle Theft",2390,0.460251046025095
3195,2022,"Motor Vehicle Theft",2401,33.0695543523532
5159,2023,"Motor Vehicle Theft",3195,61.471048513302
3952,2024,"Motor Vehicle Theft",5159,-23.3960069780965
