"YTDCount","Year","Offense","PrevYTDCount","YTDPercentageChange"
524,2019,"Motor Vehicle Theft",NA,NA
872,2020,"Motor Vehicle Theft",524,66.412213740458
881,2021,"Motor Vehicle Theft",872,1.03211009174311
979,2022,"Motor Vehicle Theft",881,11.1237230419977
1793,2023,"Motor Vehicle Theft",979,83.1460674157303
1194,2024,"Motor Vehicle Theft",1793,-33.4076965978806
918,2025,"Motor Vehicle Theft",1194,-23.1155778894472
