"YTDCount","Year","Offense","PrevYTDCount","YTDPercentageChange"
744,2019,"Motor Vehicle Theft",NA,NA
1199,2020,"Motor Vehicle Theft",744,61.1559139784946
1155,2021,"Motor Vehicle Theft",1199,-3.6697247706422
1348,2022,"Motor Vehicle Theft",1155,16.7099567099567
2846,2023,"Motor Vehicle Theft",1348,111.127596439169
1684,2024,"Motor Vehicle Theft",2846,-40.8292340126493
1411,2025,"Motor Vehicle Theft",1684,-16.2114014251782
