"YTDCount","Year","Offense","PrevYTDCount","YTDPercentageChange"
1081,2019,"Motor Vehicle Theft",NA,NA
1556,2020,"Motor Vehicle Theft",1081,43.940795559667
1548,2021,"Motor Vehicle Theft",1556,-0.514138817480725
1868,2022,"Motor Vehicle Theft",1548,20.671834625323
3858,2023,"Motor Vehicle Theft",1868,106.531049250535
2599,2024,"Motor Vehicle Theft",3858,-32.6334888543287
