"YTDCount","Year","Offense","PrevYTDCount","YTDPercentageChange"
1050,2019,"Motor Vehicle Theft",NA,NA
1506,2020,"Motor Vehicle Theft",1050,43.4285714285714
1499,2021,"Motor Vehicle Theft",1506,-0.46480743691899
1812,2022,"Motor Vehicle Theft",1499,20.8805870580387
3787,2023,"Motor Vehicle Theft",1812,108.995584988962
2504,2024,"Motor Vehicle Theft",3787,-33.8790599419065
