"YTDCount","Year","Offense","PrevYTDCount","YTDPercentageChange"
789,2019,"Motor Vehicle Theft",NA,NA
1246,2020,"Motor Vehicle Theft",789,57.9214195183777
1200,2021,"Motor Vehicle Theft",1246,-3.69181380417335
1418,2022,"Motor Vehicle Theft",1200,18.1666666666667
2999,2023,"Motor Vehicle Theft",1418,111.495063469676
1843,2024,"Motor Vehicle Theft",2999,-38.5461820606869
1481,2025,"Motor Vehicle Theft",1843,-19.6418882257189
