"YTDCount","Year","Offense","PrevYTDCount","YTDPercentageChange"
401,2019,"Motor Vehicle Theft",NA,NA
713,2020,"Motor Vehicle Theft",401,77.8054862842893
746,2021,"Motor Vehicle Theft",713,4.62833099579243
799,2022,"Motor Vehicle Theft",746,7.10455764075066
1391,2023,"Motor Vehicle Theft",799,74.0926157697121
941,2024,"Motor Vehicle Theft",1391,-32.3508267433501
730,2025,"Motor Vehicle Theft",941,-22.422954303932
953,2026,"Motor Vehicle Theft",730,30.5479452054795
