"YTDCount","Year","Offense","PrevYTDCount","YTDPercentageChange"
2303,2019,"Motor Vehicle Theft",NA,NA
3166,2020,"Motor Vehicle Theft",2303,37.4728614850195
3196,2021,"Motor Vehicle Theft",3166,0.947567909033475
4408,2022,"Motor Vehicle Theft",3196,37.9224030037547
6389,2023,"Motor Vehicle Theft",4408,44.9410163339383
5350,2024,"Motor Vehicle Theft",6389,-16.2623258725935
3922,2025,"Motor Vehicle Theft",5350,-26.6915887850467
