"YTDCount","Year","Offense","PrevYTDCount","YTDPercentageChange"
900,2019,"Motor Vehicle Theft",NA,NA
1370,2020,"Motor Vehicle Theft",900,52.2222222222222
1329,2021,"Motor Vehicle Theft",1370,-2.99270072992701
1590,2022,"Motor Vehicle Theft",1329,19.6388261851016
3375,2023,"Motor Vehicle Theft",1590,112.264150943396
2115,2024,"Motor Vehicle Theft",3375,-37.3333333333333
1673,2025,"Motor Vehicle Theft",2115,-20.8983451536643
