"YTDCount","Year","Offense","PrevYTDCount","YTDPercentageChange"
1149,2019,"Motor Vehicle Theft",NA,NA
1660,2020,"Motor Vehicle Theft",1149,44.473455178416
1671,2021,"Motor Vehicle Theft",1660,0.662650602409642
2023,2022,"Motor Vehicle Theft",1671,21.0652304009575
4037,2023,"Motor Vehicle Theft",2023,99.5551161641127
2821,2024,"Motor Vehicle Theft",4037,-30.1213772603418
