"YTDCount","Year","Offense","PrevYTDCount","YTDPercentageChange"
1176,2019,"Motor Vehicle Theft",NA,NA
1690,2020,"Motor Vehicle Theft",1176,43.7074829931973
1707,2021,"Motor Vehicle Theft",1690,1.0059171597633
2061,2022,"Motor Vehicle Theft",1707,20.7381370826011
4091,2023,"Motor Vehicle Theft",2061,98.4958757884522
2884,2024,"Motor Vehicle Theft",4091,-29.5037888046932
2114,2025,"Motor Vehicle Theft",2884,-26.6990291262136
