"YTDCount","Year","Offense","PrevYTDCount","YTDPercentageChange"
2511,2019,"Motor Vehicle Theft",NA,NA
3485,2020,"Motor Vehicle Theft",2511,38.78932696137
3529,2021,"Motor Vehicle Theft",3485,1.26255380200861
5171,2022,"Motor Vehicle Theft",3529,46.5287616888637
6952,2023,"Motor Vehicle Theft",5171,34.4420808354283
5886,2024,"Motor Vehicle Theft",6952,-15.3337169159954
4414,2025,"Motor Vehicle Theft",5886,-25.0084947332654
