"YTDCount","Year","Offense","PrevYTDCount","YTDPercentageChange"
1652,2019,"Motor Vehicle Theft",NA,NA
2069,2020,"Motor Vehicle Theft",1652,25.2421307506053
2115,2021,"Motor Vehicle Theft",2069,2.22329627839537
2826,2022,"Motor Vehicle Theft",2115,33.6170212765957
3638,2023,"Motor Vehicle Theft",2826,28.7331917905166
2920,2024,"Motor Vehicle Theft",3638,-19.736118746564
2281,2025,"Motor Vehicle Theft",2920,-21.8835616438356
