"YTDCount","Year","Offense","PrevYTDCount","YTDPercentageChange"
1815,2019,"Motor Vehicle Theft",NA,NA
2628,2020,"Motor Vehicle Theft",1815,44.7933884297521
2607,2021,"Motor Vehicle Theft",2628,-0.799086757990863
3515,2022,"Motor Vehicle Theft",2607,34.8293057153817
5627,2023,"Motor Vehicle Theft",3515,60.0853485064011
4376,2024,"Motor Vehicle Theft",5627,-22.2320952550204
