"YTDCount","Year","Offense","PrevYTDCount","YTDPercentageChange"
1183,2019,"Motor Vehicle Theft",NA,NA
1702,2020,"Motor Vehicle Theft",1183,43.8715131022823
1717,2021,"Motor Vehicle Theft",1702,0.881316098707408
2075,2022,"Motor Vehicle Theft",1717,20.8503203261503
4098,2023,"Motor Vehicle Theft",2075,97.4939759036145
2882,2024,"Motor Vehicle Theft",4098,-29.6730112249878
