"YTDCount","Year","Offense","PrevYTDCount","YTDPercentageChange"
2373,2019,"Motor Vehicle Theft",NA,NA
3272,2020,"Motor Vehicle Theft",2373,37.8845343447113
3325,2021,"Motor Vehicle Theft",3272,1.619804400978
4668,2022,"Motor Vehicle Theft",3325,40.390977443609
6593,2023,"Motor Vehicle Theft",4668,41.2382176520994
5544,2024,"Motor Vehicle Theft",6593,-15.9108145002275
4144,2025,"Motor Vehicle Theft",5544,-25.2525252525252
