"YTDCount","Year","Offense","PrevYTDCount","YTDPercentageChange"
1407,2019,"Motor Vehicle Theft",NA,NA
2026,2020,"Motor Vehicle Theft",1407,43.9943141435679
2066,2021,"Motor Vehicle Theft",2026,1.97433366238895
2676,2022,"Motor Vehicle Theft",2066,29.5256534365925
4576,2023,"Motor Vehicle Theft",2676,71.0014947683109
3425,2024,"Motor Vehicle Theft",4576,-25.152972027972
