"YTDCount","Year","Offense","PrevYTDCount","YTDPercentageChange"
2813,2019,"Motor Vehicle Theft",NA,NA
3854,2020,"Motor Vehicle Theft",2813,37.0067543547814
3950,2021,"Motor Vehicle Theft",3854,2.49091852620653
5886,2022,"Motor Vehicle Theft",3950,49.0126582278481
7506,2023,"Motor Vehicle Theft",5886,27.5229357798165
6390,2024,"Motor Vehicle Theft",7506,-14.8681055155875
4707,2025,"Motor Vehicle Theft",6390,-26.3380281690141
