"YTDCount","Year","Offense","PrevYTDCount","YTDPercentageChange"
2489,2019,"Motor Vehicle Theft",NA,NA
3451,2020,"Motor Vehicle Theft",2489,38.6500602651667
3491,2021,"Motor Vehicle Theft",3451,1.15908432338452
5083,2022,"Motor Vehicle Theft",3491,45.6029790890862
6896,2023,"Motor Vehicle Theft",5083,35.6679126500098
5830,2024,"Motor Vehicle Theft",6896,-15.4582366589327
4383,2025,"Motor Vehicle Theft",5830,-24.819897084048
