"YTDCount","Year","Offense","PrevYTDCount","YTDPercentageChange"
2147,2019,"Motor Vehicle Theft",NA,NA
2977,2020,"Motor Vehicle Theft",2147,38.6585933861202
2979,2021,"Motor Vehicle Theft",2977,0.0671817265703645
4092,2022,"Motor Vehicle Theft",2979,37.361530715005
6122,2023,"Motor Vehicle Theft",4092,49.6089931573803
4916,2024,"Motor Vehicle Theft",6122,-19.6994446259392
3600,2025,"Motor Vehicle Theft",4916,-26.7697314890155
