"YTDCount","Year","Offense","PrevYTDCount","YTDPercentageChange"
730,2019,"Motor Vehicle Theft",NA,NA
1172,2020,"Motor Vehicle Theft",730,60.5479452054795
1135,2021,"Motor Vehicle Theft",1172,-3.15699658703071
1318,2022,"Motor Vehicle Theft",1135,16.1233480176211
2792,2023,"Motor Vehicle Theft",1318,111.836115326252
1637,2024,"Motor Vehicle Theft",2792,-41.3681948424069
1349,2025,"Motor Vehicle Theft",1637,-17.5931582162492
