"YTDCount","Year","Offense","PrevYTDCount","YTDPercentageChange"
1115,2019,"Motor Vehicle Theft",NA,NA
1608,2020,"Motor Vehicle Theft",1115,44.2152466367713
1616,2021,"Motor Vehicle Theft",1608,0.497512437810954
1975,2022,"Motor Vehicle Theft",1616,22.2153465346535
3973,2023,"Motor Vehicle Theft",1975,101.164556962025
2732,2024,"Motor Vehicle Theft",3973,-31.2358419330481
