"YTDCount","Year","Offense","PrevYTDCount","YTDPercentageChange"
1622,2019,"Motor Vehicle Theft",NA,NA
2344,2020,"Motor Vehicle Theft",1622,44.5129469790382
2369,2021,"Motor Vehicle Theft",2344,1.06655290102389
3134,2022,"Motor Vehicle Theft",2369,32.2921063739975
5097,2023,"Motor Vehicle Theft",3134,62.635609444799
3908,2024,"Motor Vehicle Theft",5097,-23.3274475181479
2883,2025,"Motor Vehicle Theft",3908,-26.2282497441146
