"YTDCount","Year","Offense","PrevYTDCount","YTDPercentageChange"
297,2019,"Motor Vehicle Theft",NA,NA
533,2020,"Motor Vehicle Theft",297,79.4612794612795
536,2021,"Motor Vehicle Theft",533,0.562851782363971
617,2022,"Motor Vehicle Theft",536,15.1119402985075
978,2023,"Motor Vehicle Theft",617,58.5089141004862
750,2024,"Motor Vehicle Theft",978,-23.3128834355828
527,2025,"Motor Vehicle Theft",750,-29.7333333333333
700,2026,"Motor Vehicle Theft",527,32.8273244781784
