"YTDCount","Year","Offense","PrevYTDCount","YTDPercentageChange"
1771,2019,"Motor Vehicle Theft",NA,NA
2588,2020,"Motor Vehicle Theft",1771,46.1321287408244
2572,2021,"Motor Vehicle Theft",2588,-0.618238021638329
3466,2022,"Motor Vehicle Theft",2572,34.7589424572317
5558,2023,"Motor Vehicle Theft",3466,60.3577611079054
4336,2024,"Motor Vehicle Theft",5558,-21.9863260165527
