"YTDCount","Year","Offense","PrevYTDCount","YTDPercentageChange"
1291,2019,"Motor Vehicle Theft",NA,NA
1838,2020,"Motor Vehicle Theft",1291,42.3702556158017
1882,2021,"Motor Vehicle Theft",1838,2.39390642002175
2336,2022,"Motor Vehicle Theft",1882,24.1232731137088
4303,2023,"Motor Vehicle Theft",2336,84.2037671232877
3088,2024,"Motor Vehicle Theft",4303,-28.2361143388334
2296,2025,"Motor Vehicle Theft",3088,-25.6476683937824
