"YTDCount","Year","Offense","PrevYTDCount","YTDPercentageChange"
1071,2019,"Motor Vehicle Theft",NA,NA
1543,2020,"Motor Vehicle Theft",1071,44.0709617180205
1537,2021,"Motor Vehicle Theft",1543,-0.388852883992219
1857,2022,"Motor Vehicle Theft",1537,20.8197787898504
3830,2023,"Motor Vehicle Theft",1857,106.246634356489
2599,2024,"Motor Vehicle Theft",3830,-32.1409921671018
1963,2025,"Motor Vehicle Theft",2599,-24.4709503655252
