"YTDCount","Year","Offense","PrevYTDCount","YTDPercentageChange"
1495,2019,"Motor Vehicle Theft",NA,NA
2166,2020,"Motor Vehicle Theft",1495,44.8829431438127
2187,2021,"Motor Vehicle Theft",2166,0.969529085872578
2883,2022,"Motor Vehicle Theft",2187,31.8244170096022
4830,2023,"Motor Vehicle Theft",2883,67.5338189386056
3627,2024,"Motor Vehicle Theft",4830,-24.9068322981366
