"YTDCount","Year","Offense","PrevYTDCount","YTDPercentageChange"
1521,2019,"Motor Vehicle Theft",NA,NA
2187,2020,"Motor Vehicle Theft",1521,43.7869822485207
2215,2021,"Motor Vehicle Theft",2187,1.28029263831733
2919,2022,"Motor Vehicle Theft",2215,31.783295711061
4880,2023,"Motor Vehicle Theft",2919,67.1805412812607
3656,2024,"Motor Vehicle Theft",4880,-25.0819672131148
