"YTDCount","Year","Offense","PrevYTDCount","YTDPercentageChange"
1750,2019,"Motor Vehicle Theft",NA,NA
2566,2020,"Motor Vehicle Theft",1750,46.6285714285714
2557,2021,"Motor Vehicle Theft",2566,-0.350740452065468
3433,2022,"Motor Vehicle Theft",2557,34.2588971450919
5507,2023,"Motor Vehicle Theft",3433,60.4136323914943
4292,2024,"Motor Vehicle Theft",5507,-22.0628291265662
3168,2025,"Motor Vehicle Theft",4292,-26.18825722274
