"YTDCount","Year","Offense","PrevYTDCount","YTDPercentageChange"
631,2019,"Motor Vehicle Theft",NA,NA
1032,2020,"Motor Vehicle Theft",631,63.5499207606973
1009,2021,"Motor Vehicle Theft",1032,-2.22868217054264
1155,2022,"Motor Vehicle Theft",1009,14.4697720515362
2279,2023,"Motor Vehicle Theft",1155,97.3160173160173
1401,2024,"Motor Vehicle Theft",2279,-38.5256691531373
1155,2025,"Motor Vehicle Theft",1401,-17.558886509636
