"YTDCount","Year","Offense","PrevYTDCount","YTDPercentageChange"
1308,2019,"Motor Vehicle Theft",NA,NA
1876,2020,"Motor Vehicle Theft",1308,43.4250764525994
1919,2021,"Motor Vehicle Theft",1876,2.29211087420043
2419,2022,"Motor Vehicle Theft",1919,26.0552371026576
4364,2023,"Motor Vehicle Theft",2419,80.4051260851592
3097,2024,"Motor Vehicle Theft",4364,-29.0329972502291
