"YTDCount","Year","Offense","PrevYTDCount","YTDPercentageChange"
2119,2019,"Motor Vehicle Theft",NA,NA
2931,2020,"Motor Vehicle Theft",2119,38.3199622463426
2938,2021,"Motor Vehicle Theft",2931,0.238826339133391
4026,2022,"Motor Vehicle Theft",2938,37.0319945541185
6084,2023,"Motor Vehicle Theft",4026,51.1177347242921
4843,2024,"Motor Vehicle Theft",6084,-20.3977646285339
