"YTDCount","Year","Offense","PrevYTDCount","YTDPercentageChange"
187,2019,"Motor Vehicle Theft",NA,NA
331,2020,"Motor Vehicle Theft",187,77.0053475935829
303,2021,"Motor Vehicle Theft",331,-8.45921450151057
373,2022,"Motor Vehicle Theft",303,23.1023102310231
561,2023,"Motor Vehicle Theft",373,50.402144772118
452,2024,"Motor Vehicle Theft",561,-19.4295900178253
319,2025,"Motor Vehicle Theft",452,-29.4247787610619
333,2026,"Motor Vehicle Theft",319,4.38871473354232
