"YTDCount","Year","Offense","PrevYTDCount","YTDPercentageChange"
2740,2019,"Motor Vehicle Theft",NA,NA
3784,2020,"Motor Vehicle Theft",2740,38.1021897810219
3859,2021,"Motor Vehicle Theft",3784,1.98202959830867
5703,2022,"Motor Vehicle Theft",3859,47.7844001036538
7391,2023,"Motor Vehicle Theft",5703,29.5984569524812
6246,2024,"Motor Vehicle Theft",7391,-15.491814368827
