"YTDCount","Year","Offense","PrevYTDCount","YTDPercentageChange"
1401,2019,"Motor Vehicle Theft",NA,NA
2012,2020,"Motor Vehicle Theft",1401,43.6117059243398
2055,2021,"Motor Vehicle Theft",2012,2.13717693836979
2658,2022,"Motor Vehicle Theft",2055,29.3430656934307
4554,2023,"Motor Vehicle Theft",2658,71.3318284424379
3411,2024,"Motor Vehicle Theft",4554,-25.098814229249
2482,2025,"Motor Vehicle Theft",3411,-27.2354148343594
