"YTDCount","Year","Offense","PrevYTDCount","YTDPercentageChange"
2135,2019,"Motor Vehicle Theft",NA,NA
2965,2020,"Motor Vehicle Theft",2135,38.8758782201405
2968,2021,"Motor Vehicle Theft",2965,0.101180438448556
4079,2022,"Motor Vehicle Theft",2968,37.4326145552561
6106,2023,"Motor Vehicle Theft",4079,49.6935523412601
4884,2024,"Motor Vehicle Theft",6106,-20.013101867016
