"YTDCount","Year","Offense","PrevYTDCount","YTDPercentageChange"
1454,2019,"Motor Vehicle Theft",NA,NA
2093,2020,"Motor Vehicle Theft",1454,43.9477303988996
2128,2021,"Motor Vehicle Theft",2093,1.67224080267558
2794,2022,"Motor Vehicle Theft",2128,31.296992481203
4716,2023,"Motor Vehicle Theft",2794,68.790264853257
3550,2024,"Motor Vehicle Theft",4716,-24.724342663274
2576,2025,"Motor Vehicle Theft",3550,-27.4366197183099
