"YTDCount","Year","Offense","PrevYTDCount","YTDPercentageChange"
2203,2019,"Motor Vehicle Theft",NA,NA
3035,2020,"Motor Vehicle Theft",2203,37.7666817975488
3043,2021,"Motor Vehicle Theft",3035,0.26359143327841
4192,2022,"Motor Vehicle Theft",3043,37.7587906671048
6207,2023,"Motor Vehicle Theft",4192,48.0677480916031
5062,2024,"Motor Vehicle Theft",6207,-18.4469147736427
3694,2025,"Motor Vehicle Theft",5062,-27.0248913472936
