"YTDCount","Year","Offense","PrevYTDCount","YTDPercentageChange"
2749,2019,"Motor Vehicle Theft",NA,NA
3797,2020,"Motor Vehicle Theft",2749,38.1229538013823
3875,2021,"Motor Vehicle Theft",3797,2.05425335791414
5723,2022,"Motor Vehicle Theft",3875,47.6903225806452
7406,2023,"Motor Vehicle Theft",5723,29.4076533286738
6277,2024,"Motor Vehicle Theft",7406,-15.2443964353227
4675,2025,"Motor Vehicle Theft",6277,-25.5217460570336
