"YTDCount","Year","Offense","PrevYTDCount","YTDPercentageChange"
2772,2019,"Motor Vehicle Theft",NA,NA
3821,2020,"Motor Vehicle Theft",2772,37.8427128427128
3918,2021,"Motor Vehicle Theft",3821,2.53860246008899
5793,2022,"Motor Vehicle Theft",3918,47.8560490045942
7453,2023,"Motor Vehicle Theft",5793,28.6552736060763
6340,2024,"Motor Vehicle Theft",7453,-14.9335837917617
4684,2025,"Motor Vehicle Theft",6340,-26.1198738170347
