"YTDCount","Year","Offense","PrevYTDCount","YTDPercentageChange"
2762,2019,"Motor Vehicle Theft",NA,NA
3927,2020,"Motor Vehicle Theft",2762,42.1795800144823
4042,2021,"Motor Vehicle Theft",3927,2.92844410491468
6009,2022,"Motor Vehicle Theft",4042,48.6640277090549
7607,2023,"Motor Vehicle Theft",6009,26.5934431685805
6473,2024,"Motor Vehicle Theft",7607,-14.9073222032339
4795,2025,"Motor Vehicle Theft",6473,-25.9230650393944
