"YTDCount","Year","Offense","PrevYTDCount","YTDPercentageChange"
2070,2019,"Motor Vehicle Theft",NA,NA
2878,2020,"Motor Vehicle Theft",2070,39.0338164251208
2868,2021,"Motor Vehicle Theft",2878,-0.347463516330782
3910,2022,"Motor Vehicle Theft",2868,36.3319386331939
6003,2023,"Motor Vehicle Theft",3910,53.5294117647059
4761,2024,"Motor Vehicle Theft",6003,-20.6896551724138
