"YTDCount","Year","Offense","PrevYTDCount","YTDPercentageChange"
2408,2019,"Motor Vehicle Theft",NA,NA
3340,2020,"Motor Vehicle Theft",2408,38.7043189368771
3389,2021,"Motor Vehicle Theft",3340,1.46706586826348
4827,2022,"Motor Vehicle Theft",3389,42.4313956919445
6689,2023,"Motor Vehicle Theft",4827,38.5746840687798
5636,2024,"Motor Vehicle Theft",6689,-15.7422634175512
4211,2025,"Motor Vehicle Theft",5636,-25.2838892831796
