"YTDCount","Year","Offense","PrevYTDCount","YTDPercentageChange"
1584,2019,"Motor Vehicle Theft",NA,NA
2292,2020,"Motor Vehicle Theft",1584,44.6969696969697
2306,2021,"Motor Vehicle Theft",2292,0.610820244328103
3057,2022,"Motor Vehicle Theft",2306,32.5672159583695
5024,2023,"Motor Vehicle Theft",3057,64.3441282302911
3823,2024,"Motor Vehicle Theft",5024,-23.9052547770701
