"YTDCount","Year","Offense","PrevYTDCount","YTDPercentageChange"
2077,2019,"Motor Vehicle Theft",NA,NA
2887,2020,"Motor Vehicle Theft",2077,38.9985556090515
2884,2021,"Motor Vehicle Theft",2887,-0.103914097679247
3931,2022,"Motor Vehicle Theft",2884,36.3037447988904
6015,2023,"Motor Vehicle Theft",3931,53.0145001271941
4786,2024,"Motor Vehicle Theft",6015,-20.4322527015794
3511,2025,"Motor Vehicle Theft",4786,-26.6402005850397
