"YTDCount","Year","Offense","PrevYTDCount","YTDPercentageChange"
833,2019,"Motor Vehicle Theft",NA,NA
1295,2020,"Motor Vehicle Theft",833,55.4621848739496
1245,2021,"Motor Vehicle Theft",1295,-3.86100386100386
1501,2022,"Motor Vehicle Theft",1245,20.5622489959839
3131,2023,"Motor Vehicle Theft",1501,108.594270486342
1948,2024,"Motor Vehicle Theft",3131,-37.7834557649313
1533,2025,"Motor Vehicle Theft",1948,-21.3039014373717
