"YTDCount","Year","Offense","PrevYTDCount","YTDPercentageChange"
1750,2019,"Motor Vehicle Theft",NA,NA
2566,2020,"Motor Vehicle Theft",1750,46.6285714285714
2556,2021,"Motor Vehicle Theft",2566,-0.389711613406074
3433,2022,"Motor Vehicle Theft",2556,34.3114241001565
5507,2023,"Motor Vehicle Theft",3433,60.4136323914943
4258,2024,"Motor Vehicle Theft",5507,-22.680225167968
