"YTDCount","Year","Offense","PrevYTDCount","YTDPercentageChange"
1599,2019,"Motor Vehicle Theft",NA,NA
2306,2020,"Motor Vehicle Theft",1599,44.2151344590369
2324,2021,"Motor Vehicle Theft",2306,0.780572419774495
3074,2022,"Motor Vehicle Theft",2324,32.2719449225473
5058,2023,"Motor Vehicle Theft",3074,64.5413142485361
3865,2024,"Motor Vehicle Theft",5058,-23.586397785686
2815,2025,"Motor Vehicle Theft",3865,-27.1668822768435
