"YTDCount","Year","Offense","PrevYTDCount","YTDPercentageChange"
240,2019,"Motor Vehicle Theft",NA,NA
436,2020,"Motor Vehicle Theft",240,81.6666666666667
419,2021,"Motor Vehicle Theft",436,-3.89908256880734
494,2022,"Motor Vehicle Theft",419,17.8997613365155
779,2023,"Motor Vehicle Theft",494,57.6923076923077
621,2024,"Motor Vehicle Theft",779,-20.2824133504493
455,2025,"Motor Vehicle Theft",621,-26.7310789049919
553,2026,"Motor Vehicle Theft",455,21.5384615384615
