"YTDCount","Year","Offense","PrevYTDCount","YTDPercentageChange"
1676,2019,"Motor Vehicle Theft",NA,NA
2449,2020,"Motor Vehicle Theft",1676,46.1217183770883
2466,2021,"Motor Vehicle Theft",2449,0.694160881992656
3285,2022,"Motor Vehicle Theft",2466,33.2116788321168
5292,2023,"Motor Vehicle Theft",3285,61.0958904109589
4059,2024,"Motor Vehicle Theft",5292,-23.2993197278912
3004,2025,"Motor Vehicle Theft",4059,-25.9916235525992
