"YTDCount","Year","Offense","PrevYTDCount","YTDPercentageChange"
1686,2019,"Motor Vehicle Theft",NA,NA
2481,2020,"Motor Vehicle Theft",1686,47.153024911032
2491,2021,"Motor Vehicle Theft",2481,0.403063280935112
3313,2022,"Motor Vehicle Theft",2491,32.9987956643918
5335,2023,"Motor Vehicle Theft",3313,61.0322970117718
4124,2024,"Motor Vehicle Theft",5335,-22.6991565135895
3063,2025,"Motor Vehicle Theft",4124,-25.7274490785645
