"YTDCount","Year","Offense","PrevYTDCount","YTDPercentageChange"
2056,2019,"Motor Vehicle Theft",NA,NA
2862,2020,"Motor Vehicle Theft",2056,39.2023346303502
2859,2021,"Motor Vehicle Theft",2862,-0.104821802935007
3887,2022,"Motor Vehicle Theft",2859,35.9566281916754
5985,2023,"Motor Vehicle Theft",3887,53.974787754052
4759,2024,"Motor Vehicle Theft",5985,-20.484544695071
3473,2025,"Motor Vehicle Theft",4759,-27.0224837150662
