"YTDCount","Year","Offense","PrevYTDCount","YTDPercentageChange"
1034,2019,"Motor Vehicle Theft",NA,NA
1494,2020,"Motor Vehicle Theft",1034,44.4874274661509
1482,2021,"Motor Vehicle Theft",1494,-0.803212851405621
1786,2022,"Motor Vehicle Theft",1482,20.5128205128205
3743,2023,"Motor Vehicle Theft",1786,109.574468085106
2464,2024,"Motor Vehicle Theft",3743,-34.1704515094844
