"YTDCount","Year","Offense","PrevYTDCount","YTDPercentageChange"
1932,2019,"Motor Vehicle Theft",NA,NA
2741,2020,"Motor Vehicle Theft",1932,41.8737060041408
2699,2021,"Motor Vehicle Theft",2741,-1.53228748631886
3681,2022,"Motor Vehicle Theft",2699,36.3838458688403
5807,2023,"Motor Vehicle Theft",3681,57.7560445531106
4548,2024,"Motor Vehicle Theft",5807,-21.6807301532633
3358,2025,"Motor Vehicle Theft",4548,-26.1653474054529
