"YTDCount","Year","Offense","PrevYTDCount","YTDPercentageChange"
2253,2019,"Motor Vehicle Theft",NA,NA
3108,2020,"Motor Vehicle Theft",2253,37.9494007989348
3122,2021,"Motor Vehicle Theft",3108,0.450450450450446
4315,2022,"Motor Vehicle Theft",3122,38.2126841768097
6315,2023,"Motor Vehicle Theft",4315,46.3499420625724
5216,2024,"Motor Vehicle Theft",6315,-17.403008709422
3827,2025,"Motor Vehicle Theft",5216,-26.6296012269939
