"YTDCount","Year","Offense","PrevYTDCount","YTDPercentageChange"
486,2019,"Motor Vehicle Theft",NA,NA
797,2020,"Motor Vehicle Theft",486,63.9917695473251
822,2021,"Motor Vehicle Theft",797,3.13676286072773
889,2022,"Motor Vehicle Theft",822,8.15085158150852
1621,2023,"Motor Vehicle Theft",889,82.3397075365579
1086,2024,"Motor Vehicle Theft",1621,-33.0043183220234
851,2025,"Motor Vehicle Theft",1086,-21.6390423572744
1124,2026,"Motor Vehicle Theft",851,32.0799059929495
