"YTDCount","Year","Offense","PrevYTDCount","YTDPercentageChange"
2175,2019,"Motor Vehicle Theft",NA,NA
2998,2020,"Motor Vehicle Theft",2175,37.8390804597701
3003,2021,"Motor Vehicle Theft",2998,0.166777851901267
4124,2022,"Motor Vehicle Theft",3003,37.3293373293373
6153,2023,"Motor Vehicle Theft",4124,49.199806013579
4974,2024,"Motor Vehicle Theft",6153,-19.1613846903949
3620,2025,"Motor Vehicle Theft",4974,-27.221552070768
