"YTDCount","Year","Offense","PrevYTDCount","YTDPercentageChange"
2087,2019,"Motor Vehicle Theft",NA,NA
2899,2020,"Motor Vehicle Theft",2087,38.9075227599425
2903,2021,"Motor Vehicle Theft",2899,0.137978613314926
3958,2022,"Motor Vehicle Theft",2903,36.3417154667585
6027,2023,"Motor Vehicle Theft",3958,52.2738756947954
4805,2024,"Motor Vehicle Theft",6027,-20.2754272440684
3522,2025,"Motor Vehicle Theft",4805,-26.7013527575442
