"YTDCount","Year","Offense","PrevYTDCount","YTDPercentageChange"
548,2019,"Motor Vehicle Theft",NA,NA
906,2020,"Motor Vehicle Theft",548,65.3284671532847
914,2021,"Motor Vehicle Theft",906,0.883002207505523
1031,2022,"Motor Vehicle Theft",914,12.800875273523
1927,2023,"Motor Vehicle Theft",1031,86.905916585839
1248,2024,"Motor Vehicle Theft",1927,-35.23611831863
989,2025,"Motor Vehicle Theft",1248,-20.7532051282051
