"YTDCount","Year","Offense","PrevYTDCount","YTDPercentageChange"
1729,2019,"Motor Vehicle Theft",NA,NA
2543,2020,"Motor Vehicle Theft",1729,47.0792365529208
2544,2021,"Motor Vehicle Theft",2543,0.0393236335037406
3401,2022,"Motor Vehicle Theft",2544,33.687106918239
5454,2023,"Motor Vehicle Theft",3401,60.3645986474566
4249,2024,"Motor Vehicle Theft",5454,-22.0938760542721
3132,2025,"Motor Vehicle Theft",4249,-26.2885384796423
