"YTDCount","Year","Offense","PrevYTDCount","YTDPercentageChange"
1655,2019,"Motor Vehicle Theft",NA,NA
2421,2020,"Motor Vehicle Theft",1655,46.2839879154079
2423,2021,"Motor Vehicle Theft",2421,0.08261049153242
3232,2022,"Motor Vehicle Theft",2423,33.3883615352868
5197,2023,"Motor Vehicle Theft",3232,60.7982673267327
3987,2024,"Motor Vehicle Theft",5197,-23.2826630748509
