"YTDCount","Year","Offense","PrevYTDCount","YTDPercentageChange"
499,2019,"Motor Vehicle Theft",NA,NA
803,2020,"Motor Vehicle Theft",499,60.9218436873747
834,2021,"Motor Vehicle Theft",803,3.86052303860522
903,2022,"Motor Vehicle Theft",834,8.27338129496402
1657,2023,"Motor Vehicle Theft",903,83.499446290144
1107,2024,"Motor Vehicle Theft",1657,-33.1925165962583
850,2025,"Motor Vehicle Theft",1107,-23.2158988256549
