"YTDCount","Year","Offense","PrevYTDCount","YTDPercentageChange"
1961,2019,"Motor Vehicle Theft",NA,NA
2754,2020,"Motor Vehicle Theft",1961,40.4385517593065
2724,2021,"Motor Vehicle Theft",2754,-1.08932461873639
3711,2022,"Motor Vehicle Theft",2724,36.2334801762115
5834,2023,"Motor Vehicle Theft",3711,57.2082996496901
4572,2024,"Motor Vehicle Theft",5834,-21.6318135070278
