"YTDCount","Year","Offense","PrevYTDCount","YTDPercentageChange"
1123,2019,"Motor Vehicle Theft",NA,NA
1627,2020,"Motor Vehicle Theft",1123,44.879786286732
1628,2021,"Motor Vehicle Theft",1627,0.0614628149969265
1983,2022,"Motor Vehicle Theft",1628,21.8058968058968
3985,2023,"Motor Vehicle Theft",1983,100.95814422592
2771,2024,"Motor Vehicle Theft",3985,-30.4642409033877
2065,2025,"Motor Vehicle Theft",2771,-25.4781667268134
