"YTDCount","Year","Offense","PrevYTDCount","YTDPercentageChange"
1371,2019,"Motor Vehicle Theft",NA,NA
1971,2020,"Motor Vehicle Theft",1371,43.7636761487965
2018,2021,"Motor Vehicle Theft",1971,2.3845763571791
2613,2022,"Motor Vehicle Theft",2018,29.4846382556987
4510,2023,"Motor Vehicle Theft",2613,72.5985457328741
3330,2024,"Motor Vehicle Theft",4510,-26.1640798226164
2435,2025,"Motor Vehicle Theft",3330,-26.8768768768769
