"YTDCount","Year","Offense","PrevYTDCount","YTDPercentageChange"
1624,2019,"Motor Vehicle Theft",NA,NA
2359,2020,"Motor Vehicle Theft",1624,45.2586206896552
2382,2021,"Motor Vehicle Theft",2359,0.974989402289106
3159,2022,"Motor Vehicle Theft",2382,32.6196473551637
5118,2023,"Motor Vehicle Theft",3159,62.0132953466287
3907,2024,"Motor Vehicle Theft",5118,-23.6615865572489
