"YTDCount","Year","Offense","PrevYTDCount","YTDPercentageChange"
457,2019,"Motor Vehicle Theft",NA,NA
769,2020,"Motor Vehicle Theft",457,68.2713347921225
797,2021,"Motor Vehicle Theft",769,3.64109232769831
856,2022,"Motor Vehicle Theft",797,7.40276035131744
1531,2023,"Motor Vehicle Theft",856,78.8551401869159
1035,2024,"Motor Vehicle Theft",1531,-32.3971260613978
783,2025,"Motor Vehicle Theft",1035,-24.3478260869565
