"YTDCount","Year","Offense","PrevYTDCount","YTDPercentageChange"
2324,2019,"Motor Vehicle Theft",NA,NA
3203,2020,"Motor Vehicle Theft",2324,37.8227194492255
3228,2021,"Motor Vehicle Theft",3203,0.780518264127372
4483,2022,"Motor Vehicle Theft",3228,38.8785625774473
6439,2023,"Motor Vehicle Theft",4483,43.6314967655588
5377,2024,"Motor Vehicle Theft",6439,-16.493244292592
