"YTDCount","Year","Offense","PrevYTDCount","YTDPercentageChange"
2005,2019,"Motor Vehicle Theft",NA,NA
2806,2020,"Motor Vehicle Theft",2005,39.9501246882793
2790,2021,"Motor Vehicle Theft",2806,-0.570206699928721
3793,2022,"Motor Vehicle Theft",2790,35.9498207885305
5892,2023,"Motor Vehicle Theft",3793,55.3387819667809
4647,2024,"Motor Vehicle Theft",5892,-21.1303462321792
