date,IncidentCount,Incidents
2016-10-31,7,NA
2016-11-01,129,NA
2016-11-02,112,NA
2016-11-03,120,NA
2016-11-04,134,NA
2016-11-05,114,NA
2016-11-06,97,101.85714285714286
2016-11-07,107,116.14285714285714
2016-11-08,113,113.85714285714286
2016-11-09,119,114.85714285714286
2016-11-10,100,112
2016-11-11,147,113.85714285714286
2016-11-12,150,119
2016-11-13,115,121.57142857142857
2016-11-14,124,124
2016-11-15,126,125.85714285714286
2016-11-16,145,129.57142857142858
2016-11-17,117,132
2016-11-18,111,126.85714285714286
2016-11-19,94,118.85714285714286
2016-11-20,88,115
2016-11-21,118,114.14285714285714
2016-11-22,97,110
2016-11-23,112,105.28571428571429
2016-11-24,93,101.85714285714286
2016-11-25,114,102.28571428571429
2016-11-26,140,108.85714285714286
2016-11-27,106,111.42857142857143
2016-11-28,89,107.28571428571429
2016-11-29,113,109.57142857142857
2016-11-30,118,110.42857142857143
2016-12-01,130,115.71428571428571
2016-12-02,180,125.14285714285714
2016-12-03,139,125
2016-12-04,80,121.28571428571429
2016-12-05,110,124.28571428571429
2016-12-06,89,120.85714285714286
2016-12-07,96,117.71428571428571
2016-12-08,104,114
2016-12-09,102,102.85714285714286
2016-12-10,72,93.28571428571429
2016-12-11,56,89.85714285714286
2016-12-12,103,88.85714285714286
2016-12-13,88,88.71428571428571
2016-12-14,107,90.28571428571429
2016-12-15,71,85.57142857142857
2016-12-16,91,84
2016-12-17,103,88.42857142857143
2016-12-18,66,89.85714285714286
2016-12-19,100,89.42857142857143
2016-12-20,119,93.85714285714286
2016-12-21,136,98
2016-12-22,123,105.42857142857143
2016-12-23,135,111.71428571428571
2016-12-24,99,111.14285714285714
2016-12-25,59,110.14285714285714
2016-12-26,97,109.71428571428571
2016-12-27,131,111.42857142857143
2016-12-28,162,115.14285714285714
2016-12-29,114,113.85714285714286
2016-12-30,197,122.71428571428571
2016-12-31,140,128.57142857142858
2017-01-01,91,133.14285714285714
2017-01-02,93,132.57142857142858
2017-01-03,103,128.57142857142858
2017-01-04,119,122.42857142857143
2017-01-05,117,122.85714285714286
2017-01-06,124,112.42857142857143
2017-01-07,129,110.85714285714286
2017-01-08,104,112.71428571428571
2017-01-09,102,114
2017-01-10,120,116.42857142857143
2017-01-11,135,118.71428571428571
2017-01-12,139,121.85714285714286
2017-01-13,210,134.14285714285714
2017-01-14,134,134.85714285714286
2017-01-15,95,133.57142857142858
2017-01-16,84,131
2017-01-17,141,134
2017-01-18,143,135.14285714285714
2017-01-19,149,136.57142857142858
2017-01-20,149,127.85714285714286
2017-01-21,152,130.42857142857142
2017-01-22,123,134.42857142857142
2017-01-23,134,141.57142857142858
2017-01-24,164,144.85714285714286
2017-01-25,159,147.14285714285714
2017-01-26,131,144.57142857142858
2017-01-27,226,155.57142857142858
2017-01-28,181,159.71428571428572
2017-01-29,104,157
2017-01-30,110,153.57142857142858
2017-01-31,153,152
2017-02-01,156,151.57142857142858
2017-02-02,129,151.28571428571428
2017-02-03,188,145.85714285714286
2017-02-04,164,143.42857142857142
2017-02-05,92,141.71428571428572
2017-02-06,164,149.42857142857142
2017-02-07,165,151.14285714285714
2017-02-08,146,149.71428571428572
2017-02-09,153,153.14285714285714
2017-02-10,221,157.85714285714286
2017-02-11,195,162.28571428571428
2017-02-12,174,174
2017-02-13,191,177.85714285714286
2017-02-14,173,179
2017-02-15,174,183
2017-02-16,199,189.57142857142858
2017-02-17,239,192.14285714285714
2017-02-18,170,188.57142857142858
2017-02-19,141,183.85714285714286
2017-02-20,149,177.85714285714286
2017-02-21,176,178.28571428571428
2017-02-22,189,180.42857142857142
2017-02-23,164,175.42857142857142
2017-02-24,187,168
2017-02-25,169,167.85714285714286
2017-02-26,148,168.85714285714286
2017-02-27,177,172.85714285714286
2017-02-28,217,178.71428571428572
2017-03-01,192,179.14285714285714
2017-03-02,168,179.71428571428572
2017-03-03,157,175.42857142857142
2017-03-04,135,170.57142857142858
2017-03-05,123,167
2017-03-06,173,166.42857142857142
2017-03-07,176,160.57142857142858
2017-03-08,155,155.28571428571428
2017-03-09,195,159.14285714285714
2017-03-10,205,166
2017-03-11,115,163.14285714285714
2017-03-12,80,157
2017-03-13,168,156.28571428571428
2017-03-14,190,158.28571428571428
2017-03-15,178,161.57142857142858
2017-03-16,213,164.14285714285714
2017-03-17,219,166.14285714285714
2017-03-18,186,176.28571428571428
2017-03-19,135,184.14285714285714
2017-03-20,134,179.28571428571428
2017-03-21,152,173.85714285714286
2017-03-22,189,175.42857142857142
2017-03-23,161,168
2017-03-24,167,160.57142857142858
2017-03-25,187,160.71428571428572
2017-03-26,124,159.14285714285714
2017-03-27,212,170.28571428571428
2017-03-28,157,171
2017-03-29,207,173.57142857142858
2017-03-30,195,178.42857142857142
2017-03-31,286,195.42857142857142
2017-04-01,226,201
2017-04-02,113,199.42857142857142
2017-04-03,206,198.57142857142858
2017-04-04,209,206
2017-04-05,234,209.85714285714286
2017-04-06,228,214.57142857142858
2017-04-07,187,200.42857142857142
2017-04-08,188,195
2017-04-09,171,203.28571428571428
2017-04-10,181,199.71428571428572
2017-04-11,220,201.28571428571428
2017-04-12,180,193.57142857142858
2017-04-13,190,188.14285714285714
2017-04-14,190,188.57142857142858
2017-04-15,145,182.42857142857142
2017-04-16,113,174.14285714285714
2017-04-17,192,175.71428571428572
2017-04-18,183,170.42857142857142
2017-04-19,157,167.14285714285714
2017-04-20,163,163.28571428571428
2017-04-21,219,167.42857142857142
2017-04-22,226,179
2017-04-23,171,187.28571428571428
2017-04-24,157,182.28571428571428
2017-04-25,205,185.42857142857142
2017-04-26,163,186.28571428571428
2017-04-27,163,186.28571428571428
2017-04-28,217,186
2017-04-29,169,177.85714285714286
2017-04-30,83,165.28571428571428
2017-05-01,146,163.71428571428572
2017-05-02,188,161.28571428571428
2017-05-03,165,161.57142857142858
2017-05-04,177,163.57142857142858
2017-05-05,206,162
2017-05-06,153,159.71428571428572
2017-05-07,119,164.85714285714286
2017-05-08,130,162.57142857142858
2017-05-09,186,162.28571428571428
2017-05-10,211,168.85714285714286
2017-05-11,135,162.85714285714286
2017-05-12,206,162.85714285714286
2017-05-13,112,157
2017-05-14,118,156.85714285714286
2017-05-15,161,161.28571428571428
2017-05-16,189,161.71428571428572
2017-05-17,127,149.71428571428572
2017-05-18,145,151.14285714285714
2017-05-19,173,146.42857142857142
2017-05-20,152,152.14285714285714
2017-05-21,119,152.28571428571428
2017-05-22,121,146.57142857142858
2017-05-23,197,147.71428571428572
2017-05-24,191,156.85714285714286
2017-05-25,183,162.28571428571428
2017-05-26,212,167.85714285714286
2017-05-27,164,169.57142857142858
2017-05-28,116,169.14285714285714
2017-05-29,120,169
2017-05-30,138,160.57142857142858
2017-05-31,166,157
2017-06-01,175,155.85714285714286
2017-06-02,168,149.57142857142858
2017-06-03,159,148.85714285714286
2017-06-04,97,146.14285714285714
2017-06-05,129,147.42857142857142
2017-06-06,157,150.14285714285714
2017-06-07,195,154.28571428571428
2017-06-08,159,152
2017-06-09,179,153.57142857142858
2017-06-10,185,157.28571428571428
2017-06-11,106,158.57142857142858
2017-06-12,135,159.42857142857142
2017-06-13,175,162
2017-06-14,169,158.28571428571428
2017-06-15,178,161
2017-06-16,156,157.71428571428572
2017-06-17,114,147.57142857142858
2017-06-18,96,146.14285714285714
2017-06-19,156,149.14285714285714
2017-06-20,183,150.28571428571428
2017-06-21,176,151.28571428571428
2017-06-22,137,145.42857142857142
2017-06-23,161,146.14285714285714
2017-06-24,125,147.71428571428572
2017-06-25,102,148.57142857142858
2017-06-26,137,145.85714285714286
2017-06-27,164,143.14285714285714
2017-06-28,153,139.85714285714286
2017-06-29,173,145
2017-06-30,180,147.71428571428572
2017-07-01,142,150.14285714285714
2017-07-02,120,152.71428571428572
2017-07-03,117,149.85714285714286
2017-07-04,137,146
2017-07-05,155,146.28571428571428
2017-07-06,213,152
2017-07-07,199,154.71428571428572
2017-07-08,106,149.57142857142858
2017-07-09,80,143.85714285714286
2017-07-10,170,151.42857142857142
2017-07-11,176,157
2017-07-12,190,162
2017-07-13,163,154.85714285714286
2017-07-14,201,155.14285714285714
2017-07-15,131,158.71428571428572
2017-07-16,101,161.71428571428572
2017-07-17,136,156.85714285714286
2017-07-18,173,156.42857142857142
2017-07-19,205,158.57142857142858
2017-07-20,172,159.85714285714286
2017-07-21,226,163.42857142857142
2017-07-22,133,163.71428571428572
2017-07-23,126,167.28571428571428
2017-07-24,136,167.28571428571428
2017-07-25,159,165.28571428571428
2017-07-26,121,153.28571428571428
2017-07-27,172,153.28571428571428
2017-07-28,161,144
2017-07-29,135,144.28571428571428
2017-07-30,108,141.71428571428572
2017-07-31,145,143
2017-08-01,141,140.42857142857142
2017-08-02,158,145.71428571428572
2017-08-03,118,138
2017-08-04,143,135.42857142857142
2017-08-05,132,135
2017-08-06,102,134.14285714285714
2017-08-07,120,130.57142857142858
2017-08-08,154,132.42857142857142
2017-08-09,130,128.42857142857142
2017-08-10,140,131.57142857142858
2017-08-11,164,134.57142857142858
2017-08-12,123,133.28571428571428
2017-08-13,89,131.42857142857142
2017-08-14,133,133.28571428571428
2017-08-15,186,137.85714285714286
2017-08-16,120,136.42857142857142
2017-08-17,121,133.71428571428572
2017-08-18,151,131.85714285714286
2017-08-19,137,133.85714285714286
2017-08-20,118,138
2017-08-21,156,141.28571428571428
2017-08-22,148,135.85714285714286
2017-08-23,162,141.85714285714286
2017-08-24,189,151.57142857142858
2017-08-25,184,156.28571428571428
2017-08-26,113,152.85714285714286
2017-08-27,97,149.85714285714286
2017-08-28,156,149.85714285714286
2017-08-29,142,149
2017-08-30,166,149.57142857142858
2017-08-31,132,141.42857142857142
2017-09-01,174,140
2017-09-02,147,144.85714285714286
2017-09-03,131,149.71428571428572
2017-09-04,115,143.85714285714286
2017-09-05,164,147
2017-09-06,185,149.71428571428572
2017-09-07,190,158
2017-09-08,167,157
2017-09-09,122,153.42857142857142
2017-09-10,104,149.57142857142858
2017-09-11,132,152
2017-09-12,171,153
2017-09-13,191,153.85714285714286
2017-09-14,175,151.71428571428572
2017-09-15,184,154.14285714285714
2017-09-16,161,159.71428571428572
2017-09-17,89,157.57142857142858
2017-09-18,117,155.42857142857142
2017-09-19,153,152.85714285714286
2017-09-20,183,151.71428571428572
2017-09-21,170,151
2017-09-22,225,156.85714285714286
2017-09-23,161,156.85714285714286
2017-09-24,110,159.85714285714286
2017-09-25,109,158.71428571428572
2017-09-26,141,157
2017-09-27,194,158.57142857142858
2017-09-28,167,158.14285714285714
2017-09-29,190,153.14285714285714
2017-09-30,136,149.57142857142858
2017-10-01,103,148.57142857142858
2017-10-02,115,149.42857142857142
2017-10-03,178,154.71428571428572
2017-10-04,253,163.14285714285714
2017-10-05,152,161
2017-10-06,130,152.42857142857142
2017-10-07,114,149.28571428571428
2017-10-08,105,149.57142857142858
2017-10-09,140,153.14285714285714
2017-10-10,144,148.28571428571428
2017-10-11,191,139.42857142857142
2017-10-12,127,135.85714285714286
2017-10-13,196,145.28571428571428
2017-10-14,114,145.28571428571428
2017-10-15,91,143.28571428571428
2017-10-16,126,141.28571428571428
2017-10-17,152,142.42857142857142
2017-10-18,127,133.28571428571428
2017-10-19,163,138.42857142857142
2017-10-20,200,139
2017-10-21,122,140.14285714285714
2017-10-22,96,140.85714285714286
2017-10-23,127,141
2017-10-24,138,139
2017-10-25,145,141.57142857142858
2017-10-26,148,139.42857142857142
2017-10-27,148,132
2017-10-28,134,133.71428571428572
2017-10-29,100,134.28571428571428
2017-10-30,128,134.42857142857142
2017-10-31,129,133.14285714285714
2017-11-01,132,131.28571428571428
2017-11-02,143,130.57142857142858
2017-11-03,136,128.85714285714286
2017-11-04,116,126.28571428571429
2017-11-05,90,124.85714285714286
2017-11-06,113,122.71428571428571
2017-11-07,125,122.14285714285714
2017-11-08,122,120.71428571428571
2017-11-09,155,122.42857142857143
2017-11-10,144,123.57142857142857
2017-11-11,132,125.85714285714286
2017-11-12,85,125.14285714285714
2017-11-13,110,124.71428571428571
2017-11-14,92,120
2017-11-15,122,120
2017-11-16,132,116.71428571428571
2017-11-17,139,116
2017-11-18,110,112.85714285714286
2017-11-19,85,112.85714285714286
2017-11-20,134,116.28571428571429
2017-11-21,134,122.28571428571429
2017-11-22,178,130.28571428571428
2017-11-23,99,125.57142857142857
2017-11-24,114,122
2017-11-25,128,124.57142857142857
2017-11-26,118,129.28571428571428
2017-11-27,141,130.28571428571428
2017-11-28,202,140
2017-11-29,167,138.42857142857142
2017-11-30,119,141.28571428571428
2017-12-01,160,147.85714285714286
2017-12-02,135,148.85714285714286
2017-12-03,124,149.71428571428572
2017-12-04,95,143.14285714285714
2017-12-05,84,126.28571428571429
2017-12-06,91,115.42857142857143
2017-12-07,116,115
2017-12-08,121,109.42857142857143
2017-12-09,106,105.28571428571429
2017-12-10,106,102.71428571428571
2017-12-11,97,103
2017-12-12,94,104.42857142857143
2017-12-13,124,109.14285714285714
2017-12-14,123,110.14285714285714
2017-12-15,171,117.28571428571429
2017-12-16,166,125.85714285714286
2017-12-17,120,127.85714285714286
2017-12-18,95,127.57142857142857
2017-12-19,127,132.28571428571428
2017-12-20,121,131.85714285714286
2017-12-21,134,133.42857142857142
2017-12-22,128,127.28571428571429
2017-12-23,94,117
2017-12-24,77,110.85714285714286
2017-12-25,49,104.28571428571429
2017-12-26,99,100.28571428571429
2017-12-27,130,101.57142857142857
2017-12-28,146,103.28571428571429
2017-12-29,100,99.28571428571429
2017-12-30,97,99.71428571428571
2017-12-31,67,98.28571428571429
2018-01-01,44,97.57142857142857
2018-01-02,95,97
2018-01-03,107,93.71428571428571
2018-01-04,116,89.42857142857143
2018-01-05,120,92.28571428571429
2018-01-06,85,90.57142857142857
2018-01-07,82,92.71428571428571
2018-01-08,110,102.14285714285714
2018-01-09,103,103.28571428571429
2018-01-10,126,106
2018-01-11,88,102
2018-01-12,114,101.14285714285714
2018-01-13,105,104
2018-01-14,86,104.57142857142857
2018-01-15,69,98.71428571428571
2018-01-16,90,96.85714285714286
2018-01-17,95,92.42857142857143
2018-01-18,117,96.57142857142857
2018-01-19,159,103
2018-01-20,140,108
2018-01-21,101,110.14285714285714
2018-01-22,60,108.85714285714286
2018-01-23,78,107.14285714285714
2018-01-24,79,104.85714285714286
2018-01-25,104,103
2018-01-26,109,95.85714285714286
2018-01-27,135,95.14285714285714
2018-01-28,102,95.28571428571429
2018-01-29,83,98.57142857142857
2018-01-30,98,101.42857142857143
2018-01-31,96,103.85714285714286
2018-02-01,96,102.71428571428571
2018-02-02,125,105
2018-02-03,112,101.71428571428571
2018-02-04,119,104.14285714285714
2018-02-05,77,103.28571428571429
2018-02-06,111,105.14285714285714
2018-02-07,166,115.14285714285714
2018-02-08,170,125.71428571428571
2018-02-09,155,130
2018-02-10,120,131.14285714285714
2018-02-11,84,126.14285714285714
2018-02-12,124,132.85714285714286
2018-02-13,118,133.85714285714286
2018-02-14,174,135
2018-02-15,146,131.57142857142858
2018-02-16,132,128.28571428571428
2018-02-17,146,132
2018-02-18,119,137
2018-02-19,56,127.28571428571429
2018-02-20,135,129.71428571428572
2018-02-21,123,122.42857142857143
2018-02-22,114,117.85714285714286
2018-02-23,115,115.42857142857143
2018-02-24,101,109
2018-02-25,72,102.28571428571429
2018-02-26,144,114.85714285714286
2018-02-27,129,114
2018-02-28,160,119.28571428571429
2018-03-01,161,126
2018-03-02,164,133
2018-03-03,135,137.85714285714286
2018-03-04,133,146.57142857142858
2018-03-05,135,145.28571428571428
2018-03-06,166,150.57142857142858
2018-03-07,178,153.14285714285714
2018-03-08,146,151
2018-03-09,216,158.42857142857142
2018-03-10,134,158.28571428571428
2018-03-11,117,156
2018-03-12,158,159.28571428571428
2018-03-13,132,154.42857142857142
2018-03-14,202,157.85714285714286
2018-03-15,190,164.14285714285714
2018-03-16,128,151.57142857142858
2018-03-17,172,157
2018-03-18,177,165.57142857142858
2018-03-19,173,167.71428571428572
2018-03-20,157,171.28571428571428
2018-03-21,173,167.14285714285714
2018-03-22,205,169.28571428571428
2018-03-23,177,176.28571428571428
2018-03-24,139,171.57142857142858
2018-03-25,130,164.85714285714286
2018-03-26,129,158.57142857142858
2018-03-27,164,159.57142857142858
2018-03-28,152,156.57142857142858
2018-03-29,184,153.57142857142858
2018-03-30,161,151.28571428571428
2018-03-31,129,149.85714285714286
2018-04-01,112,147.28571428571428
2018-04-02,142,149.14285714285714
2018-04-03,83,137.57142857142858
2018-04-04,149,137.14285714285714
2018-04-05,160,133.71428571428572
2018-04-06,166,134.42857142857142
2018-04-07,136,135.42857142857142
2018-04-08,112,135.42857142857142
2018-04-09,162,138.28571428571428
2018-04-10,125,144.28571428571428
2018-04-11,149,144.28571428571428
2018-04-12,196,149.42857142857142
2018-04-13,137,145.28571428571428
2018-04-14,67,135.42857142857142
2018-04-15,51,126.71428571428571
2018-04-16,99,117.71428571428571
2018-04-17,149,121.14285714285714
2018-04-18,180,125.57142857142857
2018-04-19,165,121.14285714285714
2018-04-20,163,124.85714285714286
2018-04-21,160,138.14285714285714
2018-04-22,121,148.14285714285714
2018-04-23,113,150.14285714285714
2018-04-24,153,150.71428571428572
2018-04-25,141,145.14285714285714
2018-04-26,163,144.85714285714286
2018-04-27,156,143.85714285714286
2018-04-28,141,141.14285714285714
2018-04-29,131,142.57142857142858
2018-04-30,147,147.42857142857142
2018-05-01,174,150.42857142857142
2018-05-02,218,161.42857142857142
2018-05-03,187,164.85714285714286
2018-05-04,195,170.42857142857142
2018-05-05,141,170.42857142857142
2018-05-06,114,168
2018-05-07,192,174.42857142857142
2018-05-08,157,172
2018-05-09,201,169.57142857142858
2018-05-10,182,168.85714285714286
2018-05-11,182,167
2018-05-12,115,163.28571428571428
2018-05-13,122,164.42857142857142
2018-05-14,141,157.14285714285714
2018-05-15,186,161.28571428571428
2018-05-16,189,159.57142857142858
2018-05-17,208,163.28571428571428
2018-05-18,181,163.14285714285714
2018-05-19,154,168.71428571428572
2018-05-20,91,164.28571428571428
2018-05-21,190,171.28571428571428
2018-05-22,177,170
2018-05-23,219,174.28571428571428
2018-05-24,205,173.85714285714286
2018-05-25,175,173
2018-05-26,160,173.85714285714286
2018-05-27,97,174.71428571428572
2018-05-28,114,163.85714285714286
2018-05-29,167,162.42857142857142
2018-05-30,201,159.85714285714286
2018-05-31,218,161.71428571428572
2018-06-01,208,166.42857142857142
2018-06-02,139,163.42857142857142
2018-06-03,109,165.14285714285714
2018-06-04,129,167.28571428571428
2018-06-05,132,162.28571428571428
2018-06-06,154,155.57142857142858
2018-06-07,150,145.85714285714286
2018-06-08,137,135.71428571428572
2018-06-09,123,133.42857142857142
2018-06-10,127,136
2018-06-11,125,135.42857142857142
2018-06-12,159,139.28571428571428
2018-06-13,167,141.14285714285714
2018-06-14,198,148
2018-06-15,113,144.57142857142858
2018-06-16,136,146.42857142857142
2018-06-17,87,140.71428571428572
2018-06-18,122,140.28571428571428
2018-06-19,129,136
2018-06-20,153,134
2018-06-21,176,130.85714285714286
2018-06-22,143,135.14285714285714
2018-06-23,120,132.85714285714286
2018-06-24,93,133.71428571428572
2018-06-25,120,133.42857142857142
2018-06-26,150,136.42857142857142
2018-06-27,109,130.14285714285714
2018-06-28,124,122.71428571428571
2018-06-29,106,117.42857142857143
2018-06-30,110,116
2018-07-01,104,117.57142857142857
2018-07-02,144,121
2018-07-03,152,121.28571428571429
2018-07-04,110,121.42857142857143
2018-07-05,158,126.28571428571429
2018-07-06,215,141.85714285714286
2018-07-07,138,145.85714285714286
2018-07-08,135,150.28571428571428
2018-07-09,154,151.71428571428572
2018-07-10,139,149.85714285714286
2018-07-11,151,155.71428571428572
2018-07-12,178,158.57142857142858
2018-07-13,195,155.71428571428572
2018-07-14,153,157.85714285714286
2018-07-15,98,152.57142857142858
2018-07-16,176,155.71428571428572
2018-07-17,152,157.57142857142858
2018-07-18,130,154.57142857142858
2018-07-19,234,162.57142857142858
2018-07-20,136,154.14285714285714
2018-07-21,89,145
2018-07-22,88,143.57142857142858
2018-07-23,142,138.71428571428572
2018-07-24,187,143.71428571428572
2018-07-25,149,146.42857142857142
2018-07-26,163,136.28571428571428
2018-07-27,197,145
2018-07-28,147,153.28571428571428
2018-07-29,114,157
2018-07-30,151,158.28571428571428
2018-07-31,177,156.85714285714286
2018-08-01,160,158.42857142857142
2018-08-02,160,158
2018-08-03,136,149.28571428571428
2018-08-04,138,148
2018-08-05,122,149.14285714285714
2018-08-06,124,145.28571428571428
2018-08-07,131,138.71428571428572
2018-08-08,182,141.85714285714286
2018-08-09,164,142.42857142857142
2018-08-10,156,145.28571428571428
2018-08-11,113,141.71428571428572
2018-08-12,127,142.42857142857142
2018-08-13,160,147.57142857142858
2018-08-14,133,147.85714285714286
2018-08-15,167,145.71428571428572
2018-08-16,116,138.85714285714286
2018-08-17,155,138.71428571428572
2018-08-18,128,140.85714285714286
2018-08-19,105,137.71428571428572
2018-08-20,132,133.71428571428572
2018-08-21,174,139.57142857142858
2018-08-22,142,136
2018-08-23,122,136.85714285714286
2018-08-24,101,129.14285714285714
2018-08-25,122,128.28571428571428
2018-08-26,107,128.57142857142858
2018-08-27,134,128.85714285714286
2018-08-28,168,128
2018-08-29,132,126.57142857142857
2018-08-30,123,126.71428571428571
2018-08-31,157,134.71428571428572
2018-09-01,127,135.42857142857142
2018-09-02,133,139.14285714285714
2018-09-03,125,137.85714285714286
2018-09-04,97,127.71428571428571
2018-09-05,130,127.42857142857143
2018-09-06,100,124.14285714285714
2018-09-07,133,120.71428571428571
2018-09-08,116,119.14285714285714
2018-09-09,113,116.28571428571429
2018-09-10,110,114.14285714285714
2018-09-11,128,118.57142857142857
2018-09-12,141,120.14285714285714
2018-09-13,140,125.85714285714286
2018-09-14,144,127.42857142857143
2018-09-15,125,128.71428571428572
2018-09-16,110,128.28571428571428
2018-09-17,135,131.85714285714286
2018-09-18,187,140.28571428571428
2018-09-19,190,147.28571428571428
2018-09-20,133,146.28571428571428
2018-09-21,198,154
2018-09-22,163,159.42857142857142
2018-09-23,115,160.14285714285714
2018-09-24,87,153.28571428571428
2018-09-25,122,144
2018-09-26,123,134.42857142857142
2018-09-27,151,137
2018-09-28,165,132.28571428571428
2018-09-29,105,124
2018-09-30,85,119.71428571428571
2018-10-01,157,129.71428571428572
2018-10-02,176,137.42857142857142
2018-10-03,158,142.42857142857142
2018-10-04,130,139.42857142857142
2018-10-05,184,142.14285714285714
2018-10-06,119,144.14285714285714
2018-10-07,83,143.85714285714286
2018-10-08,105,136.42857142857142
2018-10-09,99,125.42857142857143
2018-10-10,114,119.14285714285714
2018-10-11,96,114.28571428571429
2018-10-12,130,106.57142857142857
2018-10-13,116,106.14285714285714
2018-10-14,99,108.42857142857143
2018-10-15,106,108.57142857142857
2018-10-16,152,116.14285714285714
2018-10-17,101,114.28571428571429
2018-10-18,145,121.28571428571429
2018-10-19,166,126.42857142857143
2018-10-20,115,126.28571428571429
2018-10-21,118,129
2018-10-22,154,135.85714285714286
2018-10-23,156,136.42857142857142
2018-10-24,133,141
2018-10-25,122,137.71428571428572
2018-10-26,131,132.71428571428572
2018-10-27,134,135.42857142857142
2018-10-28,103,133.28571428571428
2018-10-29,133,130.28571428571428
2018-10-30,133,127
2018-10-31,120,125.14285714285714
2018-11-01,135,127
2018-11-02,141,128.42857142857142
2018-11-03,120,126.42857142857143
2018-11-04,108,127.14285714285714
2018-11-05,114,124.42857142857143
2018-11-06,97,119.28571428571429
2018-11-07,109,117.71428571428571
2018-11-08,91,111.42857142857143
2018-11-09,99,105.42857142857143
2018-11-10,139,108.14285714285714
2018-11-11,101,107.14285714285714
2018-11-12,111,106.71428571428571
2018-11-13,126,110.85714285714286
2018-11-14,122,112.71428571428571
2018-11-15,108,115.14285714285714
2018-11-16,143,121.42857142857143
2018-11-17,123,119.14285714285714
2018-11-18,81,116.28571428571429
2018-11-19,101,114.85714285714286
2018-11-20,111,112.71428571428571
2018-11-21,89,108
2018-11-22,97,106.42857142857143
2018-11-23,73,96.42857142857143
2018-11-24,118,95.71428571428571
2018-11-25,108,99.57142857142857
2018-11-26,106,100.28571428571429
2018-11-27,114,100.71428571428571
2018-11-28,68,97.71428571428571
2018-11-29,95,97.42857142857143
2018-11-30,119,104
2018-12-01,88,99.71428571428571
2018-12-02,85,96.42857142857143
2018-12-03,90,94.14285714285714
2018-12-04,90,90.71428571428571
2018-12-05,69,90.85714285714286
2018-12-06,83,89.14285714285714
2018-12-07,111,88
2018-12-08,93,88.71428571428571
2018-12-09,77,87.57142857142857
2018-12-10,74,85.28571428571429
2018-12-11,132,91.28571428571429
2018-12-12,128,99.71428571428571
2018-12-13,137,107.42857142857143
2018-12-14,160,114.42857142857143
2018-12-15,130,119.71428571428571
2018-12-16,117,125.42857142857143
2018-12-17,105,129.85714285714286
2018-12-18,110,126.71428571428571
2018-12-19,147,129.42857142857142
2018-12-20,121,127.14285714285714
2018-12-21,170,128.57142857142858
2018-12-22,131,128.71428571428572
2018-12-23,97,125.85714285714286
2018-12-24,68,120.57142857142857
2018-12-25,76,115.71428571428571
2018-12-26,107,110
2018-12-27,105,107.71428571428571
2018-12-28,118,100.28571428571429
2018-12-29,113,97.71428571428571
2018-12-30,95,97.42857142857143
2018-12-31,93,101
2019-01-01,78,101.28571428571429
2019-01-02,101,100.42857142857143
2019-01-03,115,101.85714285714286
2019-01-04,167,108.85714285714286
2019-01-05,141,112.85714285714286
2019-01-06,93,112.57142857142857
2019-01-07,106,114.42857142857143
2019-01-08,137,122.85714285714286
2019-01-09,153,130.28571428571428
2019-01-10,149,135.14285714285714
2019-01-11,151,132.85714285714286
2019-01-12,129,131.14285714285714
2019-01-13,92,131
2019-01-14,109,131.42857142857142
2019-01-15,102,126.42857142857143
2019-01-16,128,122.85714285714286
2019-01-17,91,114.57142857142857
2019-01-18,95,106.57142857142857
2019-01-19,78,99.28571428571429
2019-01-20,86,98.42857142857143
2019-01-21,60,91.42857142857143
2019-01-22,120,94
2019-01-23,101,90.14285714285714
2019-01-24,71,87.28571428571429
2019-01-25,85,85.85714285714286
2019-01-26,101,89.14285714285714
2019-01-27,64,86
2019-01-28,46,84
2019-01-29,57,75
2019-01-30,36,65.71428571428571
2019-01-31,50,62.714285714285715
2019-02-01,94,64
2019-02-02,99,63.714285714285715
2019-02-03,98,68.57142857142857
2019-02-04,66,71.42857142857143
2019-02-05,70,73.28571428571429
2019-02-06,95,81.71428571428571
2019-02-07,56,82.57142857142857
2019-02-08,98,83.14285714285714
2019-02-09,86,81.28571428571429
2019-02-10,51,74.57142857142857
2019-02-11,85,77.28571428571429
2019-02-12,75,78
2019-02-13,107,79.71428571428571
2019-02-14,61,80.42857142857143
2019-02-15,109,82
2019-02-16,97,83.57142857142857
2019-02-17,71,86.42857142857143
2019-02-18,104,89.14285714285714
2019-02-19,105,93.42857142857143
2019-02-20,62,87
2019-02-21,88,90.85714285714286
2019-02-22,81,86.85714285714286
2019-02-23,136,92.42857142857143
2019-02-24,65,91.57142857142857
2019-02-25,63,85.71428571428571
2019-02-26,70,80.71428571428571
2019-02-27,83,83.71428571428571
2019-02-28,85,83.28571428571429
2019-03-01,92,84.85714285714286
2019-03-02,99,79.57142857142857
2019-03-03,66,79.71428571428571
2019-03-04,84,82.71428571428571
2019-03-05,104,87.57142857142857
2019-03-06,113,91.85714285714286
2019-03-07,123,97.28571428571429
2019-03-08,123,101.71428571428571
2019-03-09,92,100.71428571428571
2019-03-10,42,97.28571428571429
2019-03-11,98,99.28571428571429
2019-03-12,121,101.71428571428571
2019-03-13,113,101.71428571428571
2019-03-14,101,98.57142857142857
2019-03-15,104,95.85714285714286
2019-03-16,153,104.57142857142857
2019-03-17,135,117.85714285714286
2019-03-18,144,124.42857142857143
2019-03-19,133,126.14285714285714
2019-03-20,135,129.28571428571428
2019-03-21,139,134.71428571428572
2019-03-22,143,140.28571428571428
2019-03-23,114,134.71428571428572
2019-03-24,89,128.14285714285714
2019-03-25,126,125.57142857142857
2019-03-26,113,122.71428571428571
2019-03-27,135,122.71428571428571
2019-03-28,136,122.28571428571429
2019-03-29,163,125.14285714285714
2019-03-30,160,131.71428571428572
2019-03-31,101,133.42857142857142
2019-04-01,123,133
2019-04-02,123,134.42857142857142
2019-04-03,133,134.14285714285714
2019-04-04,134,133.85714285714286
2019-04-05,133,129.57142857142858
2019-04-06,129,125.14285714285714
2019-04-07,95,124.28571428571429
2019-04-08,117,123.42857142857143
2019-04-09,111,121.71428571428571
2019-04-10,57,110.85714285714286
2019-04-11,45,98.14285714285714
2019-04-12,71,89.28571428571429
2019-04-13,130,89.42857142857143
2019-04-14,111,91.71428571428571
2019-04-15,134,94.14285714285714
2019-04-16,198,106.57142857142857
2019-04-17,90,111.28571428571429
2019-04-18,90,117.71428571428571
2019-04-19,109,123.14285714285714
2019-04-20,119,121.57142857142857
2019-04-21,106,120.85714285714286
2019-04-22,101,116.14285714285714
2019-04-23,141,108
2019-04-24,110,110.85714285714286
2019-04-25,138,117.71428571428571
2019-04-26,95,115.71428571428571
2019-04-27,92,111.85714285714286
2019-04-28,101,111.14285714285714
2019-04-29,112,112.71428571428571
2019-04-30,86,104.85714285714286
2019-05-01,90,102
2019-05-02,110,98
2019-05-03,89,97.14285714285714
2019-05-04,114,100.28571428571429
2019-05-05,92,99
2019-05-06,125,100.85714285714286
2019-05-07,123,106.14285714285714
2019-05-08,91,106.28571428571429
2019-05-09,109,106.14285714285714
2019-05-10,145,114.14285714285714
2019-05-11,126,115.85714285714286
2019-05-12,103,117.42857142857143
2019-05-13,100,113.85714285714286
2019-05-14,128,114.57142857142857
2019-05-15,101,116
2019-05-16,134,119.57142857142857
2019-05-17,142,119.14285714285714
2019-05-18,82,112.85714285714286
2019-05-19,66,107.57142857142857
2019-05-20,152,115
2019-05-21,110,112.42857142857143
2019-05-22,116,114.57142857142857
2019-05-23,150,116.85714285714286
2019-05-24,175,121.57142857142857
2019-05-25,156,132.14285714285714
2019-05-26,110,138.42857142857142
2019-05-27,104,131.57142857142858
2019-05-28,158,138.42857142857142
2019-05-29,160,144.71428571428572
2019-05-30,158,145.85714285714286
2019-05-31,152,142.57142857142858
2019-06-01,111,136.14285714285714
2019-06-02,93,133.71428571428572
2019-06-03,129,137.28571428571428
2019-06-04,134,133.85714285714286
2019-06-05,159,133.71428571428572
2019-06-06,108,126.57142857142857
2019-06-07,140,124.85714285714286
2019-06-08,141,129.14285714285714
2019-06-09,103,130.57142857142858
2019-06-10,135,131.42857142857142
2019-06-11,93,125.57142857142857
2019-06-12,103,117.57142857142857
2019-06-13,125,120
2019-06-14,135,119.28571428571429
2019-06-15,99,113.28571428571429
2019-06-16,118,115.42857142857143
2019-06-17,100,110.42857142857143
2019-06-18,88,109.71428571428571
2019-06-19,142,115.28571428571429
2019-06-20,155,119.57142857142857
2019-06-21,187,127
2019-06-22,116,129.42857142857142
2019-06-23,87,125
2019-06-24,133,129.71428571428572
2019-06-25,161,140.14285714285714
2019-06-26,146,140.71428571428572
2019-06-27,119,135.57142857142858
2019-06-28,126,126.85714285714286
2019-06-29,112,126.28571428571429
2019-06-30,105,128.85714285714286
2019-07-01,132,128.71428571428572
2019-07-02,147,126.71428571428571
2019-07-03,191,133.14285714285714
2019-07-04,124,133.85714285714286
2019-07-05,161,138.85714285714286
2019-07-06,124,140.57142857142858
2019-07-07,100,139.85714285714286
2019-07-08,143,141.42857142857142
2019-07-09,146,141.28571428571428
2019-07-10,181,139.85714285714286
2019-07-11,204,151.28571428571428
2019-07-12,158,150.85714285714286
2019-07-13,133,152.14285714285714
2019-07-14,107,153.14285714285714
2019-07-15,132,151.57142857142858
2019-07-16,173,155.42857142857142
2019-07-17,191,156.85714285714286
2019-07-18,146,148.57142857142858
2019-07-19,206,155.42857142857142
2019-07-20,108,151.85714285714286
2019-07-21,129,155
2019-07-22,155,158.28571428571428
2019-07-23,124,151.28571428571428
2019-07-24,160,146.85714285714286
2019-07-25,138,145.71428571428572
2019-07-26,173,141
2019-07-27,122,143
2019-07-28,85,136.71428571428572
2019-07-29,151,136.14285714285714
2019-07-30,107,133.71428571428572
2019-07-31,155,133
2019-08-01,151,134.85714285714286
2019-08-02,120,127.28571428571429
2019-08-03,150,131.28571428571428
2019-08-04,135,138.42857142857142
2019-08-05,150,138.28571428571428
2019-08-06,125,140.85714285714286
2019-08-07,146,139.57142857142858
2019-08-08,132,136.85714285714286
2019-08-09,166,143.42857142857142
2019-08-10,144,142.57142857142858
2019-08-11,143,143.71428571428572
2019-08-12,122,139.71428571428572
2019-08-13,128,140.14285714285714
2019-08-14,130,137.85714285714286
2019-08-15,139,138.85714285714286
2019-08-16,142,135.42857142857142
2019-08-17,145,135.57142857142858
2019-08-18,99,129.28571428571428
2019-08-19,126,129.85714285714286
2019-08-20,160,134.42857142857142
2019-08-21,132,134.71428571428572
2019-08-22,175,139.85714285714286
2019-08-23,168,143.57142857142858
2019-08-24,145,143.57142857142858
2019-08-25,101,143.85714285714286
2019-08-26,143,146.28571428571428
2019-08-27,141,143.57142857142858
2019-08-28,159,147.42857142857142
2019-08-29,130,141
2019-08-30,145,137.71428571428572
2019-08-31,137,136.57142857142858
2019-09-01,144,142.71428571428572
2019-09-02,131,141
2019-09-03,134,140
2019-09-04,188,144.14285714285714
2019-09-05,191,152.85714285714286
2019-09-06,163,155.42857142857142
2019-09-07,103,150.57142857142858
2019-09-08,119,147
2019-09-09,116,144.85714285714286
2019-09-10,179,151.28571428571428
2019-09-11,128,142.71428571428572
2019-09-12,106,130.57142857142858
2019-09-13,142,127.57142857142857
2019-09-14,113,129
2019-09-15,95,125.57142857142857
2019-09-16,144,129.57142857142858
2019-09-17,196,132
2019-09-18,179,139.28571428571428
2019-09-19,152,145.85714285714286
2019-09-20,126,143.57142857142858
2019-09-21,113,143.57142857142858
2019-09-22,94,143.42857142857142
2019-09-23,173,147.57142857142858
2019-09-24,176,144.71428571428572
2019-09-25,162,142.28571428571428
2019-09-26,178,146
2019-09-27,181,153.85714285714286
2019-09-28,120,154.85714285714286
2019-09-29,98,155.42857142857142
2019-09-30,140,150.71428571428572
2019-10-01,148,146.71428571428572
2019-10-02,108,139
2019-10-03,151,135.14285714285714
2019-10-04,172,133.85714285714286
2019-10-05,117,133.42857142857142
2019-10-06,74,130
2019-10-07,127,128.14285714285714
2019-10-08,114,123.28571428571429
2019-10-09,127,126
2019-10-10,81,116
2019-10-11,115,107.85714285714286
2019-10-12,75,101.85714285714286
2019-10-13,88,103.85714285714286
2019-10-14,108,101.14285714285714
2019-10-15,108,100.28571428571429
2019-10-16,98,96.14285714285714
2019-10-17,132,103.42857142857143
2019-10-18,96,100.71428571428571
2019-10-19,119,107
2019-10-20,89,107.14285714285714
2019-10-21,86,104
2019-10-22,97,102.42857142857143
2019-10-23,101,102.85714285714286
2019-10-24,93,97.28571428571429
2019-10-25,104,98.42857142857143
2019-10-26,104,96.28571428571429
2019-10-27,125,101.42857142857143
2019-10-28,107,104.42857142857143
2019-10-29,106,105.71428571428571
2019-10-30,116,107.85714285714286
2019-10-31,103,109.28571428571429
2019-11-01,110,110.14285714285714
2019-11-02,109,110.85714285714286
2019-11-03,91,106
2019-11-04,133,109.71428571428571
2019-11-05,104,109.42857142857143
2019-11-06,103,107.57142857142857
2019-11-07,141,113
2019-11-08,111,113.14285714285714
2019-11-09,88,110.14285714285714
2019-11-10,92,110.28571428571429
2019-11-11,64,100.42857142857143
2019-11-12,114,101.85714285714286
2019-11-13,71,97.28571428571429
2019-11-14,119,94.14285714285714
2019-11-15,121,95.57142857142857
2019-11-16,94,96.42857142857143
2019-11-17,105,98.28571428571429
2019-11-18,104,104
2019-11-19,115,104.14285714285714
2019-11-20,125,111.85714285714286
2019-11-21,104,109.71428571428571
2019-11-22,94,105.85714285714286
2019-11-23,121,109.71428571428571
2019-11-24,88,107.28571428571429
2019-11-25,114,108.71428571428571
2019-11-26,94,105.71428571428571
2019-11-27,73,98.28571428571429
2019-11-28,64,92.57142857142857
2019-11-29,50,86.28571428571429
2019-11-30,44,75.28571428571429
2019-12-01,69,72.57142857142857
2019-12-02,57,64.42857142857143
2019-12-03,64,60.142857142857146
2019-12-04,82,61.42857142857143
2019-12-05,113,68.42857142857143
2019-12-06,119,78.28571428571429
2019-12-07,100,86.28571428571429
2019-12-08,93,89.71428571428571
2019-12-09,65,90.85714285714286
2019-12-10,63,90.71428571428571
2019-12-11,75,89.71428571428571
2019-12-12,85,85.71428571428571
2019-12-13,81,80.28571428571429
2019-12-14,77,77
2019-12-15,61,72.42857142857143
2019-12-16,85,75.28571428571429
2019-12-17,122,83.71428571428571
2019-12-18,112,89
2019-12-19,95,90.42857142857143
2019-12-20,97,92.71428571428571
2019-12-21,86,94
2019-12-22,80,96.71428571428571
2019-12-23,88,97.14285714285714
2019-12-24,60,88.28571428571429
2019-12-25,77,83.28571428571429
2019-12-26,93,83
2019-12-27,129,87.57142857142857
2019-12-28,77,86.28571428571429
2019-12-29,61,83.57142857142857
2019-12-30,71,81.14285714285714
2019-12-31,73,83
2020-01-01,64,81.14285714285714
2020-01-02,102,82.42857142857143
2020-01-03,101,78.42857142857143
2020-01-04,112,83.42857142857143
2020-01-05,102,89.28571428571429
2020-01-06,96,92.85714285714286
2020-01-07,115,98.85714285714286
2020-01-08,92,102.85714285714286
2020-01-09,110,104
2020-01-10,138,109.28571428571429
2020-01-11,119,110.28571428571429
2020-01-12,80,107.14285714285714
2020-01-13,64,102.57142857142857
2020-01-14,107,101.42857142857143
2020-01-15,134,107.42857142857143
2020-01-16,91,104.71428571428571
2020-01-17,88,97.57142857142857
2020-01-18,68,90.28571428571429
2020-01-19,100,93.14285714285714
2020-01-20,100,98.28571428571429
2020-01-21,103,97.71428571428571
2020-01-22,119,95.57142857142857
2020-01-23,106,97.71428571428571
2020-01-24,126,103.14285714285714
2020-01-25,150,114.85714285714286
2020-01-26,100,114.85714285714286
2020-01-27,92,113.71428571428571
2020-01-28,112,115
2020-01-29,155,120.14285714285714
2020-01-30,149,126.28571428571429
2020-01-31,133,127.28571428571429
2020-02-01,130,124.42857142857143
2020-02-02,110,125.85714285714286
2020-02-03,99,126.85714285714286
2020-02-04,101,125.28571428571429
2020-02-05,159,125.85714285714286
2020-02-06,135,123.85714285714286
2020-02-07,133,123.85714285714286
2020-02-08,132,124.14285714285714
2020-02-09,70,118.42857142857143
2020-02-10,109,119.85714285714286
2020-02-11,103,120.14285714285714
2020-02-12,97,111.28571428571429
2020-02-13,71,102.14285714285714
2020-02-14,104,98
2020-02-15,76,90
2020-02-16,103,94.71428571428571
2020-02-17,72,89.42857142857143
2020-02-18,81,86.28571428571429
2020-02-19,113,88.57142857142857
2020-02-20,106,93.57142857142857
2020-02-21,120,95.85714285714286
2020-02-22,151,106.57142857142857
2020-02-23,95,105.42857142857143
2020-02-24,96,108.85714285714286
2020-02-25,108,112.71428571428571
2020-02-26,115,113
2020-02-27,120,115
2020-02-28,138,117.57142857142857
2020-02-29,100,110.28571428571429
2020-03-01,87,109.14285714285714
2020-03-02,120,112.57142857142857
2020-03-03,117,113.85714285714286
2020-03-04,149,118.71428571428571
2020-03-05,157,124
2020-03-06,171,128.71428571428572
2020-03-07,119,131.42857142857142
2020-03-08,90,131.85714285714286
2020-03-09,113,130.85714285714286
2020-03-10,105,129.14285714285714
2020-03-11,119,124.85714285714286
2020-03-12,147,123.42857142857143
2020-03-13,141,119.14285714285714
2020-03-14,125,120
2020-03-15,117,123.85714285714286
2020-03-16,100,122
2020-03-17,99,121.14285714285714
2020-03-18,142,124.42857142857143
2020-03-19,123,121
2020-03-20,125,118.71428571428571
2020-03-21,84,112.85714285714286
2020-03-22,65,105.42857142857143
2020-03-23,73,101.57142857142857
2020-03-24,98,101.42857142857143
2020-03-25,80,92.57142857142857
2020-03-26,137,94.57142857142857
2020-03-27,113,92.85714285714286
2020-03-28,94,94.28571428571429
2020-03-29,73,95.42857142857143
2020-03-30,91,98
2020-03-31,111,99.85714285714286
2020-04-01,126,106.42857142857143
2020-04-02,123,104.42857142857143
2020-04-03,108,103.71428571428571
2020-04-04,83,102.14285714285714
2020-04-05,93,105
2020-04-06,96,105.71428571428571
2020-04-07,137,109.42857142857143
2020-04-08,136,110.85714285714286
2020-04-09,115,109.71428571428571
2020-04-10,95,107.85714285714286
2020-04-11,153,117.85714285714286
2020-04-12,84,116.57142857142857
2020-04-13,76,113.71428571428571
2020-04-14,83,106
2020-04-15,131,105.28571428571429
2020-04-16,142,109.14285714285714
2020-04-17,138,115.28571428571429
2020-04-18,115,109.85714285714286
2020-04-19,96,111.57142857142857
2020-04-20,104,115.57142857142857
2020-04-21,134,122.85714285714286
2020-04-22,115,120.57142857142857
2020-04-23,138,120
2020-04-24,131,119
2020-04-25,113,118.71428571428571
2020-04-26,80,116.42857142857143
2020-04-27,113,117.71428571428571
2020-04-28,117,115.28571428571429
2020-04-29,107,114.14285714285714
2020-04-30,134,113.57142857142857
2020-05-01,145,115.57142857142857
2020-05-02,127,117.57142857142857
2020-05-03,98,120.14285714285714
2020-05-04,128,122.28571428571429
2020-05-05,146,126.42857142857143
2020-05-06,137,130.71428571428572
2020-05-07,141,131.71428571428572
2020-05-08,184,137.28571428571428
2020-05-09,122,136.57142857142858
2020-05-10,97,136.42857142857142
2020-05-11,138,137.85714285714286
2020-05-12,158,139.57142857142858
2020-05-13,130,138.57142857142858
2020-05-14,154,140.42857142857142
2020-05-15,135,133.42857142857142
2020-05-16,98,130
2020-05-17,53,123.71428571428571
2020-05-18,120,121.14285714285714
2020-05-19,112,114.57142857142857
2020-05-20,113,112.14285714285714
2020-05-21,132,109
2020-05-22,163,113
2020-05-23,119,116
2020-05-24,92,121.57142857142857
2020-05-25,84,116.42857142857143
2020-05-26,72,110.71428571428571
2020-05-27,32,99.14285714285714
2020-05-28,37,85.57142857142857
2020-05-29,48,69.14285714285714
2020-05-30,93,65.42857142857143
2020-05-31,199,80.71428571428571
2020-06-01,264,106.42857142857143
2020-06-02,209,126
2020-06-03,142,141.71428571428572
2020-06-04,102,151
2020-06-05,75,154.85714285714286
2020-06-06,63,150.57142857142858
2020-06-07,47,128.85714285714286
2020-06-08,43,97.28571428571429
2020-06-09,46,74
2020-06-10,37,59
2020-06-11,30,48.714285714285715
2020-06-12,36,43.142857142857146
2020-06-13,40,39.857142857142854
2020-06-14,34,38
2020-06-15,41,37.714285714285715
2020-06-16,36,36.285714285714285
2020-06-17,36,36.142857142857146
2020-06-18,44,38.142857142857146
2020-06-19,40,38.714285714285715
2020-06-20,35,38
2020-06-21,23,36.42857142857143
2020-06-22,38,36
2020-06-23,31,35.285714285714285
2020-06-24,52,37.57142857142857
2020-06-25,62,40.142857142857146
2020-06-26,42,40.42857142857143
2020-06-27,46,42
2020-06-28,32,43.285714285714285
2020-06-29,42,43.857142857142854
2020-06-30,60,48
2020-07-01,41,46.42857142857143
2020-07-02,36,42.714285714285715
2020-07-03,43,42.857142857142854
2020-07-04,25,39.857142857142854
2020-07-05,40,41
2020-07-06,28,39
2020-07-07,39,36
2020-07-08,61,38.857142857142854
2020-07-09,60,42.285714285714285
2020-07-10,41,42
2020-07-11,51,45.714285714285715
2020-07-12,37,45.285714285714285
2020-07-13,48,48.142857142857146
2020-07-14,44,48.857142857142854
2020-07-15,78,51.285714285714285
2020-07-16,101,57.142857142857146
2020-07-17,66,60.714285714285715
2020-07-18,80,64.85714285714286
2020-07-19,51,66.85714285714286
2020-07-20,69,69.85714285714286
2020-07-21,94,77
2020-07-22,76,76.71428571428571
2020-07-23,54,70
2020-07-24,70,70.57142857142857
2020-07-25,38,64.57142857142857
2020-07-26,46,63.857142857142854
2020-07-27,90,66.85714285714286
2020-07-28,72,63.714285714285715
2020-07-29,78,64
2020-07-30,63,65.28571428571429
2020-07-31,68,65
2020-08-01,46,66.14285714285714
2020-08-02,36,64.71428571428571
2020-08-03,75,62.57142857142857
2020-08-04,70,62.285714285714285
2020-08-05,74,61.714285714285715
2020-08-06,82,64.42857142857143
2020-08-07,92,67.85714285714286
2020-08-08,70,71.28571428571429
2020-08-09,40,71.85714285714286
2020-08-10,58,69.42857142857143
2020-08-11,69,69.28571428571429
2020-08-12,73,69.14285714285714
2020-08-13,54,65.14285714285714
2020-08-14,62,60.857142857142854
2020-08-15,59,59.285714285714285
2020-08-16,56,61.57142857142857
2020-08-17,58,61.57142857142857
2020-08-18,66,61.142857142857146
2020-08-19,77,61.714285714285715
2020-08-20,84,66
2020-08-21,55,65
2020-08-22,70,66.57142857142857
2020-08-23,43,64.71428571428571
2020-08-24,70,66.42857142857143
2020-08-25,60,65.57142857142857
2020-08-26,59,63
2020-08-27,98,65
2020-08-28,68,66.85714285714286
2020-08-29,74,67.42857142857143
2020-08-30,59,69.71428571428571
2020-08-31,49,66.71428571428571
2020-09-01,65,67.42857142857143
2020-09-02,69,68.85714285714286
2020-09-03,67,64.42857142857143
2020-09-04,65,64
2020-09-05,61,62.142857142857146
2020-09-06,55,61.57142857142857
2020-09-07,29,58.714285714285715
2020-09-08,53,57
2020-09-09,61,55.857142857142854
2020-09-10,56,54.285714285714285
2020-09-11,59,53.42857142857143
2020-09-12,53,52.285714285714285
2020-09-13,52,51.857142857142854
2020-09-14,60,56.285714285714285
2020-09-15,55,56.57142857142857
2020-09-16,78,59
2020-09-17,84,63
2020-09-18,61,63.285714285714285
2020-09-19,46,62.285714285714285
2020-09-20,49,61.857142857142854
2020-09-21,70,63.285714285714285
2020-09-22,81,67
2020-09-23,71,66
2020-09-24,63,63
2020-09-25,60,62.857142857142854
2020-09-26,64,65.42857142857143
2020-09-27,54,66.14285714285714
2020-09-28,75,66.85714285714286
2020-09-29,81,66.85714285714286
2020-09-30,84,68.71428571428571
2020-10-01,71,69.85714285714286
2020-10-02,74,71.85714285714286
2020-10-03,51,70
2020-10-04,64,71.42857142857143
2020-10-05,65,70
2020-10-06,83,70.28571428571429
2020-10-07,87,70.71428571428571
2020-10-08,70,70.57142857142857
2020-10-09,72,70.28571428571429
2020-10-10,57,71.14285714285714
2020-10-11,60,70.57142857142857
2020-10-12,67,70.85714285714286
2020-10-13,70,69
2020-10-14,61,65.28571428571429
2020-10-15,58,63.57142857142857
2020-10-16,48,60.142857142857146
2020-10-17,66,61.42857142857143
2020-10-18,59,61.285714285714285
2020-10-19,79,63
2020-10-20,39,58.57142857142857
2020-10-21,58,58.142857142857146
2020-10-22,61,58.57142857142857
2020-10-23,102,66.28571428571429
2020-10-24,112,72.85714285714286
2020-10-25,49,71.42857142857143
2020-10-26,57,68.28571428571429
2020-10-27,60,71.28571428571429
2020-10-28,58,71.28571428571429
2020-10-29,48,69.42857142857143
2020-10-30,93,68.14285714285714
2020-10-31,89,64.85714285714286
2020-11-01,56,65.85714285714286
2020-11-02,39,63.285714285714285
2020-11-03,68,64.42857142857143
2020-11-04,51,63.42857142857143
2020-11-05,60,65.14285714285714
2020-11-06,60,60.42857142857143
2020-11-07,66,57.142857142857146
2020-11-08,55,57
2020-11-09,44,57.714285714285715
2020-11-10,34,52.857142857142854
2020-11-11,28,49.57142857142857
2020-11-12,37,46.285714285714285
2020-11-13,40,43.42857142857143
2020-11-14,33,38.714285714285715
2020-11-15,29,35
2020-11-16,65,38
2020-11-17,51,40.42857142857143
2020-11-18,51,43.714285714285715
2020-11-19,81,50
2020-11-20,90,57.142857142857146
2020-11-21,81,64
2020-11-22,51,67.14285714285714
2020-11-23,53,65.42857142857143
2020-11-24,56,66.14285714285714
2020-11-25,69,68.71428571428571
2020-11-26,45,63.57142857142857
2020-11-27,72,61
2020-11-28,56,57.42857142857143
2020-11-29,55,58
2020-11-30,60,59
2020-12-01,71,61.142857142857146
2020-12-02,68,61
2020-12-03,55,62.42857142857143
2020-12-04,51,59.42857142857143
2020-12-05,51,58.714285714285715
2020-12-06,48,57.714285714285715
2020-12-07,55,57
2020-12-08,75,57.57142857142857
2020-12-09,69,57.714285714285715
2020-12-10,95,63.42857142857143
2020-12-11,104,71
2020-12-12,56,71.71428571428571
2020-12-13,36,70
2020-12-14,50,69.28571428571429
2020-12-15,70,68.57142857142857
2020-12-16,67,68.28571428571429
2020-12-17,57,62.857142857142854
2020-12-18,111,63.857142857142854
2020-12-19,63,64.85714285714286
2020-12-20,59,68.14285714285714
2020-12-21,64,70.14285714285714
2020-12-22,91,73.14285714285714
2020-12-23,43,69.71428571428571
2020-12-24,34,66.42857142857143
2020-12-25,31,55
2020-12-26,40,51.714285714285715
2020-12-27,30,47.57142857142857
2020-12-28,46,45
2020-12-29,41,37.857142857142854
2020-12-30,32,36.285714285714285
2020-12-31,37,36.714285714285715
2021-01-01,36,37.42857142857143
2021-01-02,50,38.857142857142854
2021-01-03,47,41.285714285714285
2021-01-04,46,41.285714285714285
2021-01-05,40,41.142857142857146
2021-01-06,64,45.714285714285715
2021-01-07,65,49.714285714285715
2021-01-08,71,54.714285714285715
2021-01-09,57,55.714285714285715
2021-01-10,44,55.285714285714285
2021-01-11,63,57.714285714285715
2021-01-12,51,59.285714285714285
2021-01-13,46,56.714285714285715
2021-01-14,50,54.57142857142857
2021-01-15,53,52
2021-01-16,62,52.714285714285715
2021-01-17,50,53.57142857142857
2021-01-18,38,50
2021-01-19,52,50.142857142857146
2021-01-20,35,48.57142857142857
2021-01-21,46,48
2021-01-22,63,49.42857142857143
2021-01-23,47,47.285714285714285
2021-01-24,37,45.42857142857143
2021-01-25,44,46.285714285714285
2021-01-26,100,53.142857142857146
2021-01-27,69,58
2021-01-28,93,64.71428571428571
2021-01-29,53,63.285714285714285
2021-01-30,84,68.57142857142857
2021-01-31,57,71.42857142857143
2021-02-01,60,73.71428571428571
2021-02-02,66,68.85714285714286
2021-02-03,58,67.28571428571429
2021-02-04,49,61
2021-02-05,77,64.42857142857143
2021-02-06,63,61.42857142857143
2021-02-07,58,61.57142857142857
2021-02-08,35,58
2021-02-09,52,56
2021-02-10,47,54.42857142857143
2021-02-11,50,54.57142857142857
2021-02-12,55,51.42857142857143
2021-02-13,69,52.285714285714285
2021-02-14,53,51.57142857142857
2021-02-15,35,51.57142857142857
2021-02-16,53,51.714285714285715
2021-02-17,50,52.142857142857146
2021-02-18,57,53.142857142857146
2021-02-19,48,52.142857142857146
2021-02-20,82,54
2021-02-21,52,53.857142857142854
2021-02-22,60,57.42857142857143
2021-02-23,54,57.57142857142857
2021-02-24,66,59.857142857142854
2021-02-25,65,61
2021-02-26,74,64.71428571428571
2021-02-27,55,60.857142857142854
2021-02-28,55,61.285714285714285
2021-03-01,100,67
2021-03-02,87,71.71428571428571
2021-03-03,83,74.14285714285714
2021-03-04,93,78.14285714285714
2021-03-05,98,81.57142857142857
2021-03-06,58,82
2021-03-07,46,80.71428571428571
2021-03-08,53,74
2021-03-09,61,70.28571428571429
2021-03-10,72,68.71428571428571
2021-03-11,56,63.42857142857143
2021-03-12,57,57.57142857142857
2021-03-13,46,55.857142857142854
2021-03-14,37,54.57142857142857
2021-03-15,29,51.142857142857146
2021-03-16,63,51.42857142857143
2021-03-17,90,54
2021-03-18,73,56.42857142857143
2021-03-19,60,56.857142857142854
2021-03-20,56,58.285714285714285
2021-03-21,47,59.714285714285715
2021-03-22,62,64.42857142857143
2021-03-23,50,62.57142857142857
2021-03-24,54,57.42857142857143
2021-03-25,61,55.714285714285715
2021-03-26,68,56.857142857142854
2021-03-27,50,56
2021-03-28,43,55.42857142857143
2021-03-29,42,52.57142857142857
2021-03-30,41,51.285714285714285
2021-03-31,80,55
2021-04-01,70,56.285714285714285
2021-04-02,49,53.57142857142857
2021-04-03,61,55.142857142857146
2021-04-04,55,56.857142857142854
2021-04-05,51,58.142857142857146
2021-04-06,43,58.42857142857143
2021-04-07,39,52.57142857142857
2021-04-08,52,50
2021-04-09,61,51.714285714285715
2021-04-10,56,51
2021-04-11,45,49.57142857142857
2021-04-12,67,51.857142857142854
2021-04-13,72,56
2021-04-14,32,55
2021-04-15,33,52.285714285714285
2021-04-16,32,48.142857142857146
2021-04-17,58,48.42857142857143
2021-04-18,53,49.57142857142857
2021-04-19,35,45
2021-04-20,40,40.42857142857143
2021-04-21,26,39.57142857142857
2021-04-22,27,38.714285714285715
2021-04-23,35,39.142857142857146
2021-04-24,48,37.714285714285715
2021-04-25,39,35.714285714285715
2021-04-26,38,36.142857142857146
2021-04-27,37,35.714285714285715
2021-04-28,42,38
2021-04-29,37,39.42857142857143
2021-04-30,43,40.57142857142857
2021-05-01,40,39.42857142857143
2021-05-02,46,40.42857142857143
2021-05-03,46,41.57142857142857
2021-05-04,61,45
2021-05-05,37,44.285714285714285
2021-05-06,59,47.42857142857143
2021-05-07,48,48.142857142857146
2021-05-08,46,49
2021-05-09,45,48.857142857142854
2021-05-10,49,49.285714285714285
2021-05-11,37,45.857142857142854
2021-05-12,48,47.42857142857143
2021-05-13,56,47
2021-05-14,68,49.857142857142854
2021-05-15,44,49.57142857142857
2021-05-16,34,48
2021-05-17,54,48.714285714285715
2021-05-18,50,50.57142857142857
2021-05-19,52,51.142857142857146
2021-05-20,50,50.285714285714285
2021-05-21,49,47.57142857142857
2021-05-22,42,47.285714285714285
2021-05-23,47,49.142857142857146
2021-05-24,57,49.57142857142857
2021-05-25,46,49
2021-05-26,61,50.285714285714285
2021-05-27,41,49
2021-05-28,51,49.285714285714285
2021-05-29,32,47.857142857142854
2021-05-30,34,46
2021-05-31,61,46.57142857142857
2021-06-01,69,49.857142857142854
2021-06-02,51,48.42857142857143
2021-06-03,52,50
2021-06-04,41,48.57142857142857
2021-06-05,59,52.42857142857143
2021-06-06,47,54.285714285714285
2021-06-07,46,52.142857142857146
2021-06-08,54,50
2021-06-09,36,47.857142857142854
2021-06-10,55,48.285714285714285
2021-06-11,48,49.285714285714285
2021-06-12,39,46.42857142857143
2021-06-13,46,46.285714285714285
2021-06-14,36,44.857142857142854
2021-06-15,41,43
2021-06-16,40,43.57142857142857
2021-06-17,61,44.42857142857143
2021-06-18,44,43.857142857142854
2021-06-19,46,44.857142857142854
2021-06-20,36,43.42857142857143
2021-06-21,56,46.285714285714285
2021-06-22,36,45.57142857142857
2021-06-23,47,46.57142857142857
2021-06-24,51,45.142857142857146
2021-06-25,47,45.57142857142857
2021-06-26,33,43.714285714285715
2021-06-27,52,46
2021-06-28,36,43.142857142857146
2021-06-29,61,46.714285714285715
2021-06-30,44,46.285714285714285
2021-07-01,59,47.42857142857143
2021-07-02,35,45.714285714285715
2021-07-03,44,47.285714285714285
2021-07-04,32,44.42857142857143
2021-07-05,36,44.42857142857143
2021-07-06,36,40.857142857142854
2021-07-07,47,41.285714285714285
2021-07-08,38,38.285714285714285
2021-07-09,45,39.714285714285715
2021-07-10,51,40.714285714285715
2021-07-11,43,42.285714285714285
2021-07-12,38,42.57142857142857
2021-07-13,48,44.285714285714285
2021-07-14,65,46.857142857142854
2021-07-15,59,49.857142857142854
2021-07-16,44,49.714285714285715
2021-07-17,35,47.42857142857143
2021-07-18,32,45.857142857142854
2021-07-19,46,47
2021-07-20,51,47.42857142857143
2021-07-21,58,46.42857142857143
2021-07-22,42,44
2021-07-23,70,47.714285714285715
2021-07-24,54,50.42857142857143
2021-07-25,40,51.57142857142857
2021-07-26,52,52.42857142857143
2021-07-27,42,51.142857142857146
2021-07-28,61,51.57142857142857
2021-07-29,52,53
2021-07-30,45,49.42857142857143
2021-07-31,49,48.714285714285715
2021-08-01,42,49
2021-08-02,47,48.285714285714285
2021-08-03,46,48.857142857142854
2021-08-04,50,47.285714285714285
2021-08-05,38,45.285714285714285
2021-08-06,54,46.57142857142857
2021-08-07,46,46.142857142857146
2021-08-08,34,45
2021-08-09,25,41.857142857142854
2021-08-10,47,42
2021-08-11,41,40.714285714285715
2021-08-12,58,43.57142857142857
2021-08-13,56,43.857142857142854
2021-08-14,36,42.42857142857143
2021-08-15,37,42.857142857142854
2021-08-16,50,46.42857142857143
2021-08-17,63,48.714285714285715
2021-08-18,56,50.857142857142854
2021-08-19,49,49.57142857142857
2021-08-20,33,46.285714285714285
2021-08-21,57,49.285714285714285
2021-08-22,40,49.714285714285715
2021-08-23,42,48.57142857142857
2021-08-24,42,45.57142857142857
2021-08-25,55,45.42857142857143
2021-08-26,55,46.285714285714285
2021-08-27,56,49.57142857142857
2021-08-28,45,47.857142857142854
2021-08-29,42,48.142857142857146
2021-08-30,45,48.57142857142857
2021-08-31,52,50
2021-09-01,64,51.285714285714285
2021-09-02,50,50.57142857142857
2021-09-03,55,50.42857142857143
2021-09-04,42,50
2021-09-05,54,51.714285714285715
2021-09-06,40,51
2021-09-07,68,53.285714285714285
2021-09-08,59,52.57142857142857
2021-09-09,52,52.857142857142854
2021-09-10,39,50.57142857142857
2021-09-11,39,50.142857142857146
2021-09-12,44,48.714285714285715
2021-09-13,49,50
2021-09-14,40,46
2021-09-15,55,45.42857142857143
2021-09-16,68,47.714285714285715
2021-09-17,55,50
2021-09-18,49,51.42857142857143
2021-09-19,47,51.857142857142854
2021-09-20,53,52.42857142857143
2021-09-21,41,52.57142857142857
2021-09-22,35,49.714285714285715
2021-09-23,58,48.285714285714285
2021-09-24,61,49.142857142857146
2021-09-25,35,47.142857142857146
2021-09-26,50,47.57142857142857
2021-09-27,47,46.714285714285715
2021-09-28,42,46.857142857142854
2021-09-29,58,50.142857142857146
2021-09-30,58,50.142857142857146
2021-10-01,60,50
2021-10-02,45,51.42857142857143
2021-10-03,40,50
2021-10-04,36,48.42857142857143
2021-10-05,35,47.42857142857143
2021-10-06,45,45.57142857142857
2021-10-07,47,44
2021-10-08,50,42.57142857142857
2021-10-09,67,45.714285714285715
2021-10-10,46,46.57142857142857
2021-10-11,49,48.42857142857143
2021-10-12,45,49.857142857142854
2021-10-13,38,48.857142857142854
2021-10-14,53,49.714285714285715
2021-10-15,42,48.57142857142857
2021-10-16,49,46
2021-10-17,41,45.285714285714285
2021-10-18,53,45.857142857142854
2021-10-19,50,46.57142857142857
2021-10-20,50,48.285714285714285
2021-10-21,38,46.142857142857146
2021-10-22,47,46.857142857142854
2021-10-23,39,45.42857142857143
2021-10-24,39,45.142857142857146
2021-10-25,38,43
2021-10-26,29,40
2021-10-27,38,38.285714285714285
2021-10-28,42,38.857142857142854
2021-10-29,48,39
2021-10-30,51,40.714285714285715
2021-10-31,32,39.714285714285715
2021-11-01,48,41.142857142857146
2021-11-02,50,44.142857142857146
2021-11-03,46,45.285714285714285
2021-11-04,49,46.285714285714285
2021-11-05,40,45.142857142857146
2021-11-06,47,44.57142857142857
2021-11-07,52,47.42857142857143
2021-11-08,47,47.285714285714285
2021-11-09,53,47.714285714285715
2021-11-10,47,47.857142857142854
2021-11-11,34,45.714285714285715
2021-11-12,35,45
2021-11-13,38,43.714285714285715
2021-11-14,38,41.714285714285715
2021-11-15,41,40.857142857142854
2021-11-16,56,41.285714285714285
2021-11-17,54,42.285714285714285
2021-11-18,42,43.42857142857143
2021-11-19,43,44.57142857142857
2021-11-20,49,46.142857142857146
2021-11-21,30,45
2021-11-22,42,45.142857142857146
2021-11-23,42,43.142857142857146
2021-11-24,27,39.285714285714285
2021-11-25,30,37.57142857142857
2021-11-26,43,37.57142857142857
2021-11-27,39,36.142857142857146
2021-11-28,46,38.42857142857143
2021-11-29,50,39.57142857142857
2021-11-30,39,39.142857142857146
2021-12-01,76,46.142857142857146
2021-12-02,47,48.57142857142857
2021-12-03,49,49.42857142857143
2021-12-04,53,51.42857142857143
2021-12-05,45,51.285714285714285
2021-12-06,30,48.42857142857143
2021-12-07,35,47.857142857142854
2021-12-08,45,43.42857142857143
2021-12-09,34,41.57142857142857
2021-12-10,31,39
2021-12-11,39,37
2021-12-12,50,37.714285714285715
2021-12-13,44,39.714285714285715
2021-12-14,56,42.714285714285715
2021-12-15,34,41.142857142857146
2021-12-16,25,39.857142857142854
2021-12-17,42,41.42857142857143
2021-12-18,46,42.42857142857143
2021-12-19,38,40.714285714285715
2021-12-20,43,40.57142857142857
2021-12-21,31,37
2021-12-22,35,37.142857142857146
2021-12-23,27,37.42857142857143
2021-12-24,34,36.285714285714285
2021-12-25,35,34.714285714285715
2021-12-26,25,32.857142857142854
2021-12-27,21,29.714285714285715
2021-12-28,35,30.285714285714285
2021-12-29,37,30.571428571428573
2021-12-30,44,33
2021-12-31,46,34.714285714285715
2022-01-01,32,34.285714285714285
2022-01-02,26,34.42857142857143
2022-01-03,36,36.57142857142857
2022-01-04,31,36
2022-01-05,42,36.714285714285715
2022-01-06,32,35
2022-01-07,70,38.42857142857143
2022-01-08,33,38.57142857142857
2022-01-09,36,40
2022-01-10,36,40
2022-01-11,36,40.714285714285715
2022-01-12,34,39.57142857142857
2022-01-13,56,43
2022-01-14,26,36.714285714285715
2022-01-15,35,37
2022-01-16,49,38.857142857142854
2022-01-17,36,38.857142857142854
2022-01-18,41,39.57142857142857
2022-01-19,48,41.57142857142857
2022-01-20,38,39
2022-01-21,28,39.285714285714285
2022-01-22,38,39.714285714285715
2022-01-23,34,37.57142857142857
2022-01-24,34,37.285714285714285
2022-01-25,36,36.57142857142857
2022-01-26,31,34.142857142857146
2022-01-27,40,34.42857142857143
2022-01-28,43,36.57142857142857
2022-01-29,54,38.857142857142854
2022-01-30,44,40.285714285714285
2022-01-31,54,43.142857142857146
2022-02-01,36,43.142857142857146
2022-02-02,44,45
2022-02-03,38,44.714285714285715
2022-02-04,45,45
2022-02-05,39,42.857142857142854
2022-02-06,34,41.42857142857143
2022-02-07,38,39.142857142857146
2022-02-08,35,39
2022-02-09,42,38.714285714285715
2022-02-10,51,40.57142857142857
2022-02-11,51,41.42857142857143
2022-02-12,44,42.142857142857146
2022-02-13,25,40.857142857142854
2022-02-14,33,40.142857142857146
2022-02-15,51,42.42857142857143
2022-02-16,50,43.57142857142857
2022-02-17,30,40.57142857142857
2022-02-18,51,40.57142857142857
2022-02-19,48,41.142857142857146
2022-02-20,30,41.857142857142854
2022-02-21,45,43.57142857142857
2022-02-22,38,41.714285714285715
2022-02-23,40,40.285714285714285
2022-02-24,33,40.714285714285715
2022-02-25,39,39
2022-02-26,44,38.42857142857143
2022-02-27,48,41
2022-02-28,49,41.57142857142857
2022-03-01,43,42.285714285714285
2022-03-02,48,43.42857142857143
2022-03-03,43,44.857142857142854
2022-03-04,44,45.57142857142857
2022-03-05,39,44.857142857142854
2022-03-06,33,42.714285714285715
2022-03-07,36,40.857142857142854
2022-03-08,51,42
2022-03-09,37,40.42857142857143
2022-03-10,38,39.714285714285715
2022-03-11,39,39
2022-03-12,38,38.857142857142854
2022-03-13,37,39.42857142857143
2022-03-14,34,39.142857142857146
2022-03-15,54,39.57142857142857
2022-03-16,32,38.857142857142854
2022-03-17,58,41.714285714285715
2022-03-18,50,43.285714285714285
2022-03-19,51,45.142857142857146
2022-03-20,38,45.285714285714285
2022-03-21,42,46.42857142857143
2022-03-22,57,46.857142857142854
2022-03-23,50,49.42857142857143
2022-03-24,75,51.857142857142854
2022-03-25,56,52.714285714285715
2022-03-26,48,52.285714285714285
2022-03-27,51,54.142857142857146
2022-03-28,61,56.857142857142854
2022-03-29,43,54.857142857142854
2022-03-30,42,53.714285714285715
2022-03-31,67,52.57142857142857
2022-04-01,54,52.285714285714285
2022-04-02,48,52.285714285714285
2022-04-03,44,51.285714285714285
2022-04-04,45,49
2022-04-05,45,49.285714285714285
2022-04-06,35,48.285714285714285
2022-04-07,28,42.714285714285715
2022-04-08,41,40.857142857142854
2022-04-09,65,43.285714285714285
2022-04-10,63,46
2022-04-11,40,45.285714285714285
2022-04-12,44,45.142857142857146
2022-04-13,54,47.857142857142854
2022-04-14,46,50.42857142857143
2022-04-15,45,51
2022-04-16,39,47.285714285714285
2022-04-17,43,44.42857142857143
2022-04-18,50,45.857142857142854
2022-04-19,44,45.857142857142854
2022-04-20,61,46.857142857142854
2022-04-21,48,47.142857142857146
2022-04-22,51,48
2022-04-23,49,49.42857142857143
2022-04-24,48,50.142857142857146
2022-04-25,51,50.285714285714285
2022-04-26,75,54.714285714285715
2022-04-27,50,53.142857142857146
2022-04-28,36,51.42857142857143
2022-04-29,48,51
2022-04-30,57,52.142857142857146
2022-05-01,47,52
2022-05-02,32,49.285714285714285
2022-05-03,36,43.714285714285715
2022-05-04,42,42.57142857142857
2022-05-05,52,44.857142857142854
2022-05-06,51,45.285714285714285
2022-05-07,46,43.714285714285715
2022-05-08,48,43.857142857142854
2022-05-09,49,46.285714285714285
2022-05-10,43,47.285714285714285
2022-05-11,59,49.714285714285715
2022-05-12,59,50.714285714285715
2022-05-13,73,53.857142857142854
2022-05-14,52,54.714285714285715
2022-05-15,54,55.57142857142857
2022-05-16,61,57.285714285714285
2022-05-17,55,59
2022-05-18,49,57.57142857142857
2022-05-19,52,56.57142857142857
2022-05-20,67,55.714285714285715
2022-05-21,42,54.285714285714285
2022-05-22,46,53.142857142857146
2022-05-23,54,52.142857142857146
2022-05-24,58,52.57142857142857
2022-05-25,46,52.142857142857146
2022-05-26,55,52.57142857142857
2022-05-27,39,48.57142857142857
2022-05-28,52,50
2022-05-29,49,50.42857142857143
2022-05-30,44,49
2022-05-31,62,49.57142857142857
2022-06-01,51,50.285714285714285
2022-06-02,44,48.714285714285715
2022-06-03,56,51.142857142857146
2022-06-04,49,50.714285714285715
2022-06-05,54,51.42857142857143
2022-06-06,66,54.57142857142857
2022-06-07,73,56.142857142857146
2022-06-08,68,58.57142857142857
2022-06-09,42,58.285714285714285
2022-06-10,85,62.42857142857143
2022-06-11,73,65.85714285714286
2022-06-12,56,66.14285714285714
2022-06-13,42,62.714285714285715
2022-06-14,34,57.142857142857146
2022-06-15,44,53.714285714285715
2022-06-16,57,55.857142857142854
2022-06-17,42,49.714285714285715
2022-06-18,49,46.285714285714285
2022-06-19,40,44
2022-06-20,40,43.714285714285715
2022-06-21,43,45
2022-06-22,33,43.42857142857143
2022-06-23,48,42.142857142857146
2022-06-24,73,46.57142857142857
2022-06-25,35,44.57142857142857
2022-06-26,55,46.714285714285715
2022-06-27,32,45.57142857142857
2022-06-28,79,50.714285714285715
2022-06-29,61,54.714285714285715
2022-06-30,60,56.42857142857143
2022-07-01,51,53.285714285714285
2022-07-02,60,56.857142857142854
2022-07-03,34,53.857142857142854
2022-07-04,54,57
2022-07-05,32,50.285714285714285
2022-07-06,62,50.42857142857143
2022-07-07,55,49.714285714285715
2022-07-08,47,49.142857142857146
2022-07-09,62,49.42857142857143
2022-07-10,56,52.57142857142857
2022-07-11,53,52.42857142857143
2022-07-12,84,59.857142857142854
2022-07-13,55,58.857142857142854
2022-07-14,35,56
2022-07-15,55,57.142857142857146
2022-07-16,52,55.714285714285715
2022-07-17,56,55.714285714285715
2022-07-18,57,56.285714285714285
2022-07-19,72,54.57142857142857
2022-07-20,52,54.142857142857146
2022-07-21,54,56.857142857142854
2022-07-22,64,58.142857142857146
2022-07-23,71,60.857142857142854
2022-07-24,47,59.57142857142857
2022-07-25,63,60.42857142857143
2022-07-26,76,61
2022-07-27,76,64.42857142857143
2022-07-28,43,62.857142857142854
2022-07-29,68,63.42857142857143
2022-07-30,58,61.57142857142857
2022-07-31,59,63.285714285714285
2022-08-01,64,63.42857142857143
2022-08-02,58,60.857142857142854
2022-08-03,49,57
2022-08-04,64,60
2022-08-05,62,59.142857142857146
2022-08-06,54,58.57142857142857
2022-08-07,43,56.285714285714285
2022-08-08,69,57
2022-08-09,66,58.142857142857146
2022-08-10,82,62.857142857142854
2022-08-11,77,64.71428571428571
2022-08-12,65,65.14285714285714
2022-08-13,78,68.57142857142857
2022-08-14,72,72.71428571428571
2022-08-15,62,71.71428571428571
2022-08-16,58,70.57142857142857
2022-08-17,54,66.57142857142857
2022-08-18,58,63.857142857142854
2022-08-19,75,65.28571428571429
2022-08-20,56,62.142857142857146
2022-08-21,49,58.857142857142854
2022-08-22,111,65.85714285714286
2022-08-23,92,70.71428571428571
2022-08-24,108,78.42857142857143
2022-08-25,73,80.57142857142857
2022-08-26,62,78.71428571428571
2022-08-27,85,82.85714285714286
2022-08-28,51,83.14285714285714
2022-08-29,56,75.28571428571429
2022-08-30,50,69.28571428571429
2022-08-31,61,62.57142857142857
2022-09-01,58,60.42857142857143
2022-09-02,71,61.714285714285715
2022-09-03,72,59.857142857142854
2022-09-04,53,60.142857142857146
2022-09-05,69,62
2022-09-06,65,64.14285714285714
2022-09-07,57,63.57142857142857
2022-09-08,63,64.28571428571429
2022-09-09,67,63.714285714285715
2022-09-10,63,62.42857142857143
2022-09-11,75,65.57142857142857
2022-09-12,73,66.14285714285714
2022-09-13,49,63.857142857142854
2022-09-14,87,68.14285714285714
2022-09-15,52,66.57142857142857
2022-09-16,76,67.85714285714286
2022-09-17,60,67.42857142857143
2022-09-18,57,64.85714285714286
2022-09-19,63,63.42857142857143
2022-09-20,54,64.14285714285714
2022-09-21,66,61.142857142857146
2022-09-22,61,62.42857142857143
2022-09-23,56,59.57142857142857
2022-09-24,78,62.142857142857146
2022-09-25,56,62
2022-09-26,65,62.285714285714285
2022-09-27,45,61
2022-09-28,47,58.285714285714285
2022-09-29,52,57
2022-09-30,51,56.285714285714285
2022-10-01,68,54.857142857142854
2022-10-02,40,52.57142857142857
2022-10-03,60,51.857142857142854
2022-10-04,73,55.857142857142854
2022-10-05,70,59.142857142857146
2022-10-06,55,59.57142857142857
2022-10-07,61,61
2022-10-08,59,59.714285714285715
2022-10-09,41,59.857142857142854
2022-10-10,65,60.57142857142857
2022-10-11,55,58
2022-10-12,73,58.42857142857143
2022-10-13,50,57.714285714285715
2022-10-14,53,56.57142857142857
2022-10-15,48,55
2022-10-16,45,55.57142857142857
2022-10-17,65,55.57142857142857
2022-10-18,60,56.285714285714285
2022-10-19,63,54.857142857142854
2022-10-20,50,54.857142857142854
2022-10-21,86,59.57142857142857
2022-10-22,67,62.285714285714285
2022-10-23,46,62.42857142857143
2022-10-24,64,62.285714285714285
2022-10-25,72,64
2022-10-26,54,62.714285714285715
2022-10-27,59,64
2022-10-28,84,63.714285714285715
2022-10-29,73,64.57142857142857
2022-10-30,45,64.42857142857143
2022-10-31,55,63.142857142857146
2022-11-01,60,61.42857142857143
2022-11-02,58,62
2022-11-03,71,63.714285714285715
2022-11-04,63,60.714285714285715
2022-11-05,79,61.57142857142857
2022-11-06,54,62.857142857142854
2022-11-07,71,65.14285714285714
2022-11-08,33,61.285714285714285
2022-11-09,46,59.57142857142857
2022-11-10,78,60.57142857142857
2022-11-11,54,59.285714285714285
2022-11-12,50,55.142857142857146
2022-11-13,39,53
2022-11-14,44,49.142857142857146
2022-11-15,42,50.42857142857143
2022-11-16,51,51.142857142857146
2022-11-17,45,46.42857142857143
2022-11-18,85,50.857142857142854
2022-11-19,45,50.142857142857146
2022-11-20,47,51.285714285714285
2022-11-21,67,54.57142857142857
2022-11-22,45,55
2022-11-23,55,55.57142857142857
2022-11-24,38,54.57142857142857
2022-11-25,53,50
2022-11-26,57,51.714285714285715
2022-11-27,46,51.57142857142857
2022-11-28,60,50.57142857142857
2022-11-29,30,48.42857142857143
2022-11-30,50,47.714285714285715
2022-12-01,40,48
2022-12-02,63,49.42857142857143
2022-12-03,40,47
2022-12-04,41,46.285714285714285
2022-12-05,74,48.285714285714285
2022-12-06,45,50.42857142857143
2022-12-07,35,48.285714285714285
2022-12-08,40,48.285714285714285
2022-12-09,62,48.142857142857146
2022-12-10,118,59.285714285714285
2022-12-11,83,65.28571428571429
2022-12-12,57,62.857142857142854
2022-12-13,47,63.142857142857146
2022-12-14,48,65
2022-12-15,36,64.42857142857143
2022-12-16,38,61
2022-12-17,54,51.857142857142854
2022-12-18,58,48.285714285714285
2022-12-19,32,44.714285714285715
2022-12-20,34,42.857142857142854
2022-12-21,43,42.142857142857146
2022-12-22,31,41.42857142857143
2022-12-23,30,40.285714285714285
2022-12-24,37,37.857142857142854
2022-12-25,31,34
2022-12-26,47,36.142857142857146
2022-12-27,56,39.285714285714285
2022-12-28,62,42
2022-12-29,46,44.142857142857146
2022-12-30,55,47.714285714285715
2022-12-31,48,49.285714285714285
2023-01-01,35,49.857142857142854
2023-01-02,41,49
2023-01-03,32,45.57142857142857
2023-01-04,32,41.285714285714285
2023-01-05,54,42.42857142857143
2023-01-06,59,43
2023-01-07,51,43.42857142857143
2023-01-08,25,42
2023-01-09,43,42.285714285714285
2023-01-10,49,44.714285714285715
2023-01-11,40,45.857142857142854
2023-01-12,55,46
2023-01-13,51,44.857142857142854
2023-01-14,57,45.714285714285715
2023-01-15,40,47.857142857142854
2023-01-16,51,49
2023-01-17,72,52.285714285714285
2023-01-18,69,56.42857142857143
2023-01-19,55,56.42857142857143
2023-01-20,89,61.857142857142854
2023-01-21,56,61.714285714285715
2023-01-22,48,62.857142857142854
2023-01-23,71,65.71428571428571
2023-01-24,54,63.142857142857146
2023-01-25,55,61.142857142857146
2023-01-26,37,58.57142857142857
2023-01-27,43,52
2023-01-28,67,53.57142857142857
2023-01-29,42,52.714285714285715
2023-01-30,56,50.57142857142857
2023-01-31,107,58.142857142857146
2023-02-01,55,58.142857142857146
2023-02-02,58,61.142857142857146
2023-02-03,54,62.714285714285715
2023-02-04,50,60.285714285714285
2023-02-05,49,61.285714285714285
2023-02-06,59,61.714285714285715
2023-02-07,64,55.57142857142857
2023-02-08,58,56
2023-02-09,52,55.142857142857146
2023-02-10,59,55.857142857142854
2023-02-11,59,57.142857142857146
2023-02-12,66,59.57142857142857
2023-02-13,68,60.857142857142854
2023-02-14,63,60.714285714285715
2023-02-15,88,65
2023-02-16,64,66.71428571428571
2023-02-17,53,65.85714285714286
2023-02-18,57,65.57142857142857
2023-02-19,49,63.142857142857146
2023-02-20,58,61.714285714285715
2023-02-21,55,60.57142857142857
2023-02-22,50,55.142857142857146
2023-02-23,45,52.42857142857143
2023-02-24,52,52.285714285714285
2023-02-25,58,52.42857142857143
2023-02-26,47,52.142857142857146
2023-02-27,72,54.142857142857146
2023-02-28,73,56.714285714285715
2023-03-01,67,59.142857142857146
2023-03-02,76,63.57142857142857
2023-03-03,84,68.14285714285714
2023-03-04,140,79.85714285714286
2023-03-05,83,85
2023-03-06,62,83.57142857142857
2023-03-07,67,82.71428571428571
2023-03-08,65,82.42857142857143
2023-03-09,55,79.42857142857143
2023-03-10,54,75.14285714285714
2023-03-11,64,64.28571428571429
2023-03-12,52,59.857142857142854
2023-03-13,70,61
2023-03-14,82,63.142857142857146
2023-03-15,113,70
2023-03-16,65,71.42857142857143
2023-03-17,49,70.71428571428571
2023-03-18,54,69.28571428571429
2023-03-19,47,68.57142857142857
2023-03-20,76,69.42857142857143
2023-03-21,81,69.28571428571429
2023-03-22,85,65.28571428571429
2023-03-23,75,66.71428571428571
2023-03-24,67,69.28571428571429
2023-03-25,72,71.85714285714286
2023-03-26,67,74.71428571428571
2023-03-27,58,72.14285714285714
2023-03-28,84,72.57142857142857
2023-03-29,78,71.57142857142857
2023-03-30,71,71
2023-03-31,64,70.57142857142857
2023-04-01,43,66.42857142857143
2023-04-02,31,61.285714285714285
2023-04-03,82,64.71428571428571
2023-04-04,82,64.42857142857143
2023-04-05,59,61.714285714285715
2023-04-06,76,62.42857142857143
2023-04-07,88,65.85714285714286
2023-04-08,80,71.14285714285714
2023-04-09,62,75.57142857142857
2023-04-10,62,72.71428571428571
2023-04-11,102,75.57142857142857
2023-04-12,63,76.14285714285714
2023-04-13,63,74.28571428571429
2023-04-14,71,71.85714285714286
2023-04-15,62,69.28571428571429
2023-04-16,39,66
2023-04-17,48,64
2023-04-18,65,58.714285714285715
2023-04-19,100,64
2023-04-20,57,63.142857142857146
2023-04-21,96,66.71428571428571
2023-04-22,73,68.28571428571429
2023-04-23,88,75.28571428571429
2023-04-24,91,81.42857142857143
2023-04-25,73,82.57142857142857
2023-04-26,63,77.28571428571429
2023-04-27,64,78.28571428571429
2023-04-28,60,73.14285714285714
2023-04-29,62,71.57142857142857
2023-04-30,60,67.57142857142857
2023-05-01,49,61.57142857142857
2023-05-02,69,61
2023-05-03,59,60.42857142857143
2023-05-04,79,62.57142857142857
2023-05-05,98,68
2023-05-06,69,69
2023-05-07,86,72.71428571428571
2023-05-08,66,75.14285714285714
2023-05-09,72,75.57142857142857
2023-05-10,57,75.28571428571429
2023-05-11,84,76
2023-05-12,99,76.14285714285714
2023-05-13,81,77.85714285714286
2023-05-14,61,74.28571428571429
2023-05-15,75,75.57142857142857
2023-05-16,63,74.28571428571429
2023-05-17,95,79.71428571428571
2023-05-18,58,76
2023-05-19,62,70.71428571428571
2023-05-20,79,70.42857142857143
2023-05-21,69,71.57142857142857
2023-05-22,68,70.57142857142857
2023-05-23,77,72.57142857142857
2023-05-24,76,69.85714285714286
2023-05-25,62,70.42857142857143
2023-05-26,68,71.28571428571429
2023-05-27,73,70.42857142857143
2023-05-28,71,70.71428571428571
2023-05-29,53,68.57142857142857
2023-05-30,68,67.28571428571429
2023-05-31,88,69
2023-06-01,77,71.14285714285714
2023-06-02,69,71.28571428571429
2023-06-03,65,70.14285714285714
2023-06-04,50,67.14285714285714
2023-06-05,87,72
2023-06-06,80,73.71428571428571
2023-06-07,145,81.85714285714286
2023-06-08,60,79.42857142857143
2023-06-09,80,81
2023-06-10,85,83.85714285714286
2023-06-11,69,86.57142857142857
2023-06-12,68,83.85714285714286
2023-06-13,75,83.14285714285714
2023-06-14,58,70.71428571428571
2023-06-15,58,70.42857142857143
2023-06-16,69,68.85714285714286
2023-06-17,62,65.57142857142857
2023-06-18,46,62.285714285714285
2023-06-19,80,64
2023-06-20,64,62.42857142857143
2023-06-21,66,63.57142857142857
2023-06-22,58,63.57142857142857
2023-06-23,76,64.57142857142857
2023-06-24,62,64.57142857142857
2023-06-25,72,68.28571428571429
2023-06-26,89,69.57142857142857
2023-06-27,118,77.28571428571429
2023-06-28,62,76.71428571428571
2023-06-29,68,78.14285714285714
2023-06-30,92,80.42857142857143
2023-07-01,82,83.28571428571429
2023-07-02,69,82.85714285714286
2023-07-03,80,81.57142857142857
2023-07-04,56,72.71428571428571
2023-07-05,144,84.42857142857143
2023-07-06,70,84.71428571428571
2023-07-07,80,83
2023-07-08,66,80.71428571428571
2023-07-09,43,77
2023-07-10,63,74.57142857142857
2023-07-11,71,76.71428571428571
2023-07-12,67,65.71428571428571
2023-07-13,70,65.71428571428571
2023-07-14,55,62.142857142857146
2023-07-15,71,62.857142857142854
2023-07-16,37,62
2023-07-17,72,63.285714285714285
2023-07-18,70,63.142857142857146
2023-07-19,79,64.85714285714286
2023-07-20,68,64.57142857142857
2023-07-21,64,65.85714285714286
2023-07-22,77,66.71428571428571
2023-07-23,67,71
2023-07-24,98,74.71428571428571
2023-07-25,78,75.85714285714286
2023-07-26,67,74.14285714285714
2023-07-27,78,75.57142857142857
2023-07-28,63,75.42857142857143
2023-07-29,66,73.85714285714286
2023-07-30,71,74.42857142857143
2023-07-31,56,68.42857142857143
2023-08-01,62,66.14285714285714
2023-08-02,64,65.71428571428571
2023-08-03,57,62.714285714285715
2023-08-04,61,62.42857142857143
2023-08-05,72,63.285714285714285
2023-08-06,60,61.714285714285715
2023-08-07,84,65.71428571428571
2023-08-08,59,65.28571428571429
2023-08-09,64,65.28571428571429
2023-08-10,71,67.28571428571429
2023-08-11,69,68.42857142857143
2023-08-12,47,64.85714285714286
2023-08-13,54,64
2023-08-14,74,62.57142857142857
2023-08-15,76,65
2023-08-16,42,61.857142857142854
2023-08-17,70,61.714285714285715
2023-08-18,86,64.14285714285714
2023-08-19,51,64.71428571428571
2023-08-20,48,63.857142857142854
2023-08-21,56,61.285714285714285
2023-08-22,66,59.857142857142854
2023-08-23,52,61.285714285714285
2023-08-24,41,57.142857142857146
2023-08-25,43,51
2023-08-26,45,50.142857142857146
2023-08-27,108,58.714285714285715
2023-08-28,123,68.28571428571429
2023-08-29,89,71.57142857142857
2023-08-30,57,72.28571428571429
2023-08-31,71,76.57142857142857
2023-09-01,74,81
2023-09-02,52,82
2023-09-03,52,74
2023-09-04,49,63.42857142857143
2023-09-05,67,60.285714285714285
2023-09-06,52,59.57142857142857
2023-09-07,78,60.57142857142857
2023-09-08,72,60.285714285714285
2023-09-09,73,63.285714285714285
2023-09-10,45,62.285714285714285
2023-09-11,60,63.857142857142854
2023-09-12,73,64.71428571428571
2023-09-13,49,64.28571428571429
2023-09-14,77,64.14285714285714
2023-09-15,70,63.857142857142854
2023-09-16,58,61.714285714285715
2023-09-17,57,63.42857142857143
2023-09-18,61,63.57142857142857
2023-09-19,64,62.285714285714285
2023-09-20,55,63.142857142857146
2023-09-21,78,63.285714285714285
2023-09-22,71,63.42857142857143
2023-09-23,49,62.142857142857146
2023-09-24,54,61.714285714285715
2023-09-25,54,60.714285714285715
2023-09-26,77,62.57142857142857
2023-09-27,46,61.285714285714285
2023-09-28,54,57.857142857142854
2023-09-29,49,54.714285714285715
2023-09-30,58,56
2023-10-01,60,56.857142857142854
2023-10-02,64,58.285714285714285
2023-10-03,42,53.285714285714285
2023-10-04,68,56.42857142857143
2023-10-05,51,56
2023-10-06,54,56.714285714285715
2023-10-07,49,55.42857142857143
2023-10-08,46,53.42857142857143
2023-10-09,48,51.142857142857146
2023-10-10,59,53.57142857142857
2023-10-11,66,53.285714285714285
2023-10-12,56,54
2023-10-13,38,51.714285714285715
2023-10-14,38,50.142857142857146
2023-10-15,57,51.714285714285715
2023-10-16,45,51.285714285714285
2023-10-17,83,54.714285714285715
2023-10-18,59,53.714285714285715
2023-10-19,73,56.142857142857146
2023-10-20,51,58
2023-10-21,60,61.142857142857146
2023-10-22,47,59.714285714285715
2023-10-23,68,63
2023-10-24,33,55.857142857142854
2023-10-25,55,55.285714285714285
2023-10-26,66,54.285714285714285
2023-10-27,53,54.57142857142857
2023-10-28,60,54.57142857142857
2023-10-29,73,58.285714285714285
2023-10-30,48,55.42857142857143
2023-10-31,52,58.142857142857146
2023-11-01,53,57.857142857142854
2023-11-02,58,56.714285714285715
2023-11-03,61,57.857142857142854
2023-11-04,49,56.285714285714285
2023-11-05,70,55.857142857142854
2023-11-06,59,57.42857142857143
2023-11-07,64,59.142857142857146
2023-11-08,42,57.57142857142857
2023-11-09,90,62.142857142857146
2023-11-10,51,60.714285714285715
2023-11-11,56,61.714285714285715
2023-11-12,59,60.142857142857146
2023-11-13,39,57.285714285714285
2023-11-14,61,56.857142857142854
2023-11-15,76,61.714285714285715
2023-11-16,65,58.142857142857146
2023-11-17,35,55.857142857142854
2023-11-18,47,54.57142857142857
2023-11-19,102,60.714285714285715
2023-11-20,57,63.285714285714285
2023-11-21,59,63
2023-11-22,46,58.714285714285715
2023-11-23,33,54.142857142857146
2023-11-24,42,55.142857142857146
2023-11-25,42,54.42857142857143
2023-11-26,53,47.42857142857143
2023-11-27,47,46
2023-11-28,55,45.42857142857143
2023-11-29,39,44.42857142857143
2023-11-30,52,47.142857142857146
2023-12-01,49,48.142857142857146
2023-12-02,55,50
2023-12-03,37,47.714285714285715
2023-12-04,32,45.57142857142857
2023-12-05,70,47.714285714285715
2023-12-06,49,49.142857142857146
2023-12-07,40,47.42857142857143
2023-12-08,72,50.714285714285715
2023-12-09,94,56.285714285714285
2023-12-10,47,57.714285714285715
2023-12-11,30,57.42857142857143
2023-12-12,41,53.285714285714285
2023-12-13,55,54.142857142857146
2023-12-14,70,58.42857142857143
2023-12-15,46,54.714285714285715
2023-12-16,41,47.142857142857146
2023-12-17,48,47.285714285714285
2023-12-18,56,51
2023-12-19,71,55.285714285714285
2023-12-20,59,55.857142857142854
2023-12-21,61,54.57142857142857
2023-12-22,65,57.285714285714285
2023-12-23,71,61.57142857142857
2023-12-24,52,62.142857142857146
2023-12-25,23,57.42857142857143
2023-12-26,72,57.57142857142857
2023-12-27,59,57.57142857142857
2023-12-28,70,58.857142857142854
2023-12-29,56,57.57142857142857
2023-12-30,39,53
2023-12-31,46,52.142857142857146
2024-01-01,37,54.142857142857146
2024-01-02,33,48.57142857142857
2024-01-03,54,47.857142857142854
2024-01-04,49,44.857142857142854
2024-01-05,70,46.857142857142854
2024-01-06,39,46.857142857142854
2024-01-07,28,44.285714285714285
2024-01-08,52,46.42857142857143
2024-01-09,60,50.285714285714285
2024-01-10,65,51.857142857142854
2024-01-11,69,54.714285714285715
2024-01-12,60,53.285714285714285
2024-01-13,22,50.857142857142854
2024-01-14,36,52
2024-01-15,30,48.857142857142854
2024-01-16,30,44.57142857142857
2024-01-17,70,45.285714285714285
2024-01-18,50,42.57142857142857
2024-01-19,50,41.142857142857146
2024-01-20,60,46.57142857142857
2024-01-21,48,48.285714285714285
2024-01-22,43,50.142857142857146
2024-01-23,40,51.57142857142857
2024-01-24,65,50.857142857142854
2024-01-25,54,51.42857142857143
2024-01-26,80,55.714285714285715
2024-01-27,50,54.285714285714285
2024-01-28,40,53.142857142857146
2024-01-29,45,53.42857142857143
2024-01-30,53,55.285714285714285
2024-01-31,42,52
2024-02-01,49,51.285714285714285
2024-02-02,108,55.285714285714285
2024-02-03,69,58
2024-02-04,55,60.142857142857146
2024-02-05,65,63
2024-02-06,54,63.142857142857146
2024-02-07,56,65.14285714285714
2024-02-08,52,65.57142857142857
2024-02-09,55,58
2024-02-10,46,54.714285714285715
2024-02-11,46,53.42857142857143
2024-02-12,53,51.714285714285715
2024-02-13,57,52.142857142857146
2024-02-14,31,48.57142857142857
2024-02-15,55,49
2024-02-16,40,46.857142857142854
2024-02-17,48,47.142857142857146
2024-02-18,41,46.42857142857143
2024-02-19,40,44.57142857142857
2024-02-20,46,43
2024-02-21,67,48.142857142857146
2024-02-22,72,50.57142857142857
2024-02-23,60,53.42857142857143
2024-02-24,37,51.857142857142854
2024-02-25,42,52
2024-02-26,54,54
2024-02-27,40,53.142857142857146
2024-02-28,42,49.57142857142857
2024-02-29,46,45.857142857142854
2024-03-01,57,45.42857142857143
2024-03-02,74,50.714285714285715
2024-03-03,79,56
2024-03-04,48,55.142857142857146
2024-03-05,54,57.142857142857146
2024-03-06,54,58.857142857142854
2024-03-07,49,59.285714285714285
2024-03-08,62,60
2024-03-09,43,55.57142857142857
2024-03-10,36,49.42857142857143
2024-03-11,58,50.857142857142854
2024-03-12,56,51.142857142857146
2024-03-13,57,51.57142857142857
2024-03-14,72,54.857142857142854
2024-03-15,82,57.714285714285715
2024-03-16,70,61.57142857142857
2024-03-17,49,63.42857142857143
2024-03-18,37,60.42857142857143
2024-03-19,114,68.71428571428571
2024-03-20,57,68.71428571428571
2024-03-21,42,64.42857142857143
2024-03-22,49,59.714285714285715
2024-03-23,58,58
2024-03-24,34,55.857142857142854
2024-03-25,37,55.857142857142854
2024-03-26,32,44.142857142857146
2024-03-27,62,44.857142857142854
2024-03-28,52,46.285714285714285
2024-03-29,72,49.57142857142857
2024-03-30,64,50.42857142857143
2024-03-31,48,52.42857142857143
2024-04-01,66,56.57142857142857
2024-04-02,69,61.857142857142854
2024-04-03,86,65.28571428571429
2024-04-04,70,67.85714285714286
2024-04-05,75,68.28571428571429
2024-04-06,68,68.85714285714286
2024-04-07,45,68.42857142857143
2024-04-08,58,67.28571428571429
2024-04-09,40,63.142857142857146
2024-04-10,66,60.285714285714285
2024-04-11,67,59.857142857142854
2024-04-12,67,58.714285714285715
2024-04-13,118,65.85714285714286
2024-04-14,63,68.42857142857143
2024-04-15,46,66.71428571428571
2024-04-16,49,68
2024-04-17,65,67.85714285714286
2024-04-18,68,68
2024-04-19,66,67.85714285714286
2024-04-20,65,60.285714285714285
2024-04-21,55,59.142857142857146
2024-04-22,58,60.857142857142854
2024-04-23,44,60.142857142857146
2024-04-24,50,58
2024-04-25,71,58.42857142857143
2024-04-26,51,56.285714285714285
2024-04-27,58,55.285714285714285
2024-04-28,41,53.285714285714285
2024-04-29,46,51.57142857142857
2024-04-30,80,56.714285714285715
2024-05-01,70,59.57142857142857
2024-05-02,62,58.285714285714285
2024-05-03,69,60.857142857142854
2024-05-04,64,61.714285714285715
2024-05-05,46,62.42857142857143
2024-05-06,40,61.57142857142857
2024-05-07,59,58.57142857142857
2024-05-08,80,60
2024-05-09,60,59.714285714285715
2024-05-10,120,67
2024-05-11,62,66.71428571428571
2024-05-12,56,68.14285714285714
2024-05-13,62,71.28571428571429
2024-05-14,47,69.57142857142857
2024-05-15,58,66.42857142857143
2024-05-16,58,66.14285714285714
2024-05-17,57,57.142857142857146
2024-05-18,53,55.857142857142854
2024-05-19,46,54.42857142857143
2024-05-20,58,53.857142857142854
2024-05-21,31,51.57142857142857
2024-05-22,51,50.57142857142857
2024-05-23,57,50.42857142857143
2024-05-24,59,50.714285714285715
2024-05-25,77,54.142857142857146
2024-05-26,50,54.714285714285715
2024-05-27,44,52.714285714285715
2024-05-28,42,54.285714285714285
2024-05-29,68,56.714285714285715
2024-05-30,52,56
2024-05-31,31,52
2024-06-01,34,45.857142857142854
2024-06-02,43,44.857142857142854
2024-06-03,47,45.285714285714285
2024-06-04,38,44.714285714285715
2024-06-05,44,41.285714285714285
2024-06-06,53,41.42857142857143
2024-06-07,56,45
2024-06-08,57,48.285714285714285
2024-06-09,56,50.142857142857146
2024-06-10,38,48.857142857142854
2024-06-11,41,49.285714285714285
2024-06-12,49,50
2024-06-13,53,50
2024-06-14,45,48.42857142857143
2024-06-15,35,45.285714285714285
2024-06-16,31,41.714285714285715
2024-06-17,39,41.857142857142854
2024-06-18,48,42.857142857142854
2024-06-19,66,45.285714285714285
2024-06-20,53,45.285714285714285
2024-06-21,44,45.142857142857146
2024-06-22,73,50.57142857142857
2024-06-23,71,56.285714285714285
2024-06-24,45,57.142857142857146
2024-06-25,62,59.142857142857146
2024-06-26,54,57.42857142857143
2024-06-27,57,58
2024-06-28,57,59.857142857142854
2024-06-29,62,58.285714285714285
2024-06-30,46,54.714285714285715
2024-07-01,60,56.857142857142854
2024-07-02,57,56.142857142857146
2024-07-03,58,56.714285714285715
2024-07-04,59,57
2024-07-05,126,66.85714285714286
2024-07-06,67,67.57142857142857
2024-07-07,49,68
2024-07-08,46,66
2024-07-09,54,65.57142857142857
2024-07-10,81,68.85714285714286
2024-07-11,55,68.28571428571429
2024-07-12,63,59.285714285714285
2024-07-13,50,56.857142857142854
2024-07-14,69,59.714285714285715
2024-07-15,65,62.42857142857143
2024-07-16,65,64
2024-07-17,55,60.285714285714285
2024-07-18,76,63.285714285714285
2024-07-19,62,63.142857142857146
2024-07-20,67,65.57142857142857
2024-07-21,53,63.285714285714285
2024-07-22,70,64
2024-07-23,73,65.14285714285714
2024-07-24,70,67.28571428571429
2024-07-25,46,63
2024-07-26,66,63.57142857142857
2024-07-27,49,61
2024-07-28,57,61.57142857142857
2024-07-29,106,66.71428571428571
2024-07-30,127,74.42857142857143
2024-07-31,124,82.14285714285714
2024-08-01,66,85
2024-08-02,165,99.14285714285714
2024-08-03,134,111.28571428571429
2024-08-04,80,114.57142857142857
2024-08-05,43,105.57142857142857
2024-08-06,69,97.28571428571429
2024-08-07,62,88.42857142857143
2024-08-08,69,88.85714285714286
2024-08-09,83,77.14285714285714
2024-08-10,70,68
2024-08-11,66,66
2024-08-12,57,68
2024-08-13,81,69.71428571428571
2024-08-14,62,69.71428571428571
2024-08-15,52,67.28571428571429
2024-08-16,80,66.85714285714286
2024-08-17,62,65.71428571428571
2024-08-18,41,62.142857142857146
2024-08-19,71,64.14285714285714
2024-08-20,76,63.42857142857143
2024-08-21,50,61.714285714285715
2024-08-22,52,61.714285714285715
2024-08-23,80,61.714285714285715
2024-08-24,43,59
2024-08-25,68,62.857142857142854
2024-08-26,49,59.714285714285715
2024-08-27,56,56.857142857142854
2024-08-28,37,55
2024-08-29,47,54.285714285714285
2024-08-30,61,51.57142857142857
2024-08-31,59,53.857142857142854
2024-09-01,60,52.714285714285715
2024-09-02,67,55.285714285714285
2024-09-03,77,58.285714285714285
2024-09-04,43,59.142857142857146
2024-09-05,61,61.142857142857146
2024-09-06,78,63.57142857142857
2024-09-07,67,64.71428571428571
2024-09-08,56,64.14285714285714
2024-09-09,70,64.57142857142857
2024-09-10,77,64.57142857142857
2024-09-11,63,67.42857142857143
2024-09-12,56,66.71428571428571
2024-09-13,52,63
2024-09-14,78,64.57142857142857
2024-09-15,47,63.285714285714285
2024-09-16,50,60.42857142857143
2024-09-17,68,59.142857142857146
2024-09-18,59,58.57142857142857
2024-09-19,71,60.714285714285715
2024-09-20,85,65.42857142857143
2024-09-21,50,61.42857142857143
2024-09-22,58,63
2024-09-23,66,65.28571428571429
2024-09-24,65,64.85714285714286
2024-09-25,66,65.85714285714286
2024-09-26,61,64.42857142857143
2024-09-27,76,63.142857142857146
2024-09-28,77,67
2024-09-29,58,67
2024-09-30,48,64.42857142857143
2024-10-01,68,64.85714285714286
2024-10-02,62,64.28571428571429
2024-10-03,60,64.14285714285714
2024-10-04,72,63.57142857142857
2024-10-05,53,60.142857142857146
2024-10-06,75,62.57142857142857
2024-10-07,57,63.857142857142854
2024-10-08,73,64.57142857142857
2024-10-09,66,65.14285714285714
2024-10-10,62,65.42857142857143
2024-10-11,61,63.857142857142854
2024-10-12,72,66.57142857142857
2024-10-13,59,64.28571428571429
2024-10-14,75,66.85714285714286
2024-10-15,75,67.14285714285714
2024-10-16,59,66.14285714285714
2024-10-17,63,66.28571428571429
2024-10-18,79,68.85714285714286
2024-10-19,80,70
2024-10-20,71,71.71428571428571
2024-10-21,65,70.28571428571429
2024-10-22,86,71.85714285714286
2024-10-23,62,72.28571428571429
2024-10-24,65,72.57142857142857
2024-10-25,72,71.57142857142857
2024-10-26,52,67.57142857142857
2024-10-27,47,64.14285714285714
2024-10-28,73,65.28571428571429
2024-10-29,85,65.14285714285714
2024-10-30,77,67.28571428571429
2024-10-31,62,66.85714285714286
2024-11-01,59,65
2024-11-02,75,68.28571428571429
2024-11-03,55,69.42857142857143
2024-11-04,61,67.71428571428571
2024-11-05,68,65.28571428571429
2024-11-06,56,62.285714285714285
2024-11-07,84,65.42857142857143
2024-11-08,72,67.28571428571429
2024-11-09,58,64.85714285714286
2024-11-10,55,64.85714285714286
2024-11-11,53,63.714285714285715
2024-11-12,66,63.42857142857143
2024-11-13,55,63.285714285714285
2024-11-14,61,60
2024-11-15,62,58.57142857142857
2024-11-16,62,59.142857142857146
2024-11-17,52,58.714285714285715
2024-11-18,51,58.42857142857143
2024-11-19,53,56.57142857142857
2024-11-20,122,66.14285714285714
2024-11-21,44,63.714285714285715
2024-11-22,56,62.857142857142854
2024-11-23,66,63.42857142857143
2024-11-24,56,64
2024-11-25,59,65.14285714285714
2024-11-26,88,70.14285714285714
2024-11-27,58,61
2024-11-28,40,60.42857142857143
2024-11-29,36,57.57142857142857
2024-11-30,33,52.857142857142854
2024-12-01,38,50.285714285714285
2024-12-02,38,47.285714285714285
2024-12-03,71,44.857142857142854
2024-12-04,45,43
2024-12-05,52,44.714285714285715
2024-12-06,72,49.857142857142854
2024-12-07,51,52.42857142857143
2024-12-08,40,52.714285714285715
2024-12-09,62,56.142857142857146
2024-12-10,61,54.714285714285715
2024-12-11,46,54.857142857142854
2024-12-12,68,57.142857142857146
2024-12-13,31,51.285714285714285
2024-12-14,49,51
2024-12-15,55,53.142857142857146
2024-12-16,54,52
2024-12-17,127,61.42857142857143
2024-12-18,54,62.57142857142857
2024-12-19,45,59.285714285714285
2024-12-20,51,62.142857142857146
2024-12-21,54,62.857142857142854
2024-12-22,31,59.42857142857143
2024-12-23,70,61.714285714285715
2024-12-24,43,49.714285714285715
2024-12-25,39,47.57142857142857
2024-12-26,55,49
2024-12-27,44,48
2024-12-28,62,49.142857142857146
2024-12-29,56,52.714285714285715
2024-12-30,100,57
2024-12-31,56,58.857142857142854
2025-01-01,45,59.714285714285715
2025-01-02,42,57.857142857142854
2025-01-03,60,60.142857142857146
2025-01-04,58,59.57142857142857
2025-01-05,45,58
2025-01-06,55,51.57142857142857
2025-01-07,49,50.57142857142857
2025-01-08,50,51.285714285714285
2025-01-09,51,52.57142857142857
2025-01-10,37,49.285714285714285
2025-01-11,45,47.42857142857143
2025-01-12,40,46.714285714285715
2025-01-13,36,44
2025-01-14,43,43.142857142857146
2025-01-15,62,44.857142857142854
2025-01-16,46,44.142857142857146
2025-01-17,56,46.857142857142854
2025-01-18,42,46.42857142857143
2025-01-19,49,47.714285714285715
2025-01-20,33,47.285714285714285
2025-01-21,25,44.714285714285715
2025-01-22,62,44.714285714285715
2025-01-23,33,42.857142857142854
2025-01-24,55,42.714285714285715
2025-01-25,152,58.42857142857143
2025-01-26,44,57.714285714285715
2025-01-27,46,59.57142857142857
2025-01-28,77,67
2025-01-29,51,65.42857142857143
2025-01-30,67,70.28571428571429
2025-01-31,66,71.85714285714286
2025-02-01,69,60
2025-02-02,60,62.285714285714285
2025-02-03,47,62.42857142857143
2025-02-04,44,57.714285714285715
2025-02-05,63,59.42857142857143
2025-02-06,44,56.142857142857146
2025-02-07,35,51.714285714285715
2025-02-08,40,47.57142857142857
2025-02-09,26,42.714285714285715
2025-02-10,44,42.285714285714285
2025-02-11,58,44.285714285714285
2025-02-12,132,54.142857142857146
2025-02-13,60,56.42857142857143
2025-02-14,43,57.57142857142857
2025-02-15,55,59.714285714285715
2025-02-16,40,61.714285714285715
2025-02-17,35,60.42857142857143
2025-02-18,51,59.42857142857143
2025-02-19,38,46
2025-02-20,51,44.714285714285715
2025-02-21,67,48.142857142857146
2025-02-22,59,48.714285714285715
2025-02-23,53,50.57142857142857
2025-02-24,69,55.42857142857143
2025-02-25,66,57.57142857142857
2025-02-26,107,67.42857142857143
2025-02-27,69,70
2025-02-28,60,69
2025-03-01,72,70.85714285714286
2025-03-02,58,71.57142857142857
2025-03-03,61,70.42857142857143
2025-03-04,79,72.28571428571429
2025-03-05,43,63.142857142857146
2025-03-06,59,61.714285714285715
2025-03-07,62,62
2025-03-08,51,59
2025-03-09,47,57.42857142857143
2025-03-10,89,61.42857142857143
2025-03-11,69,60
2025-03-12,59,62.285714285714285
2025-03-13,59,62.285714285714285
2025-03-14,68,63.142857142857146
2025-03-15,55,63.714285714285715
2025-03-16,52,64.42857142857143
2025-03-17,59,60.142857142857146
2025-03-18,60,58.857142857142854
2025-03-19,166,74.14285714285714
2025-03-20,75,76.42857142857143
2025-03-21,61,75.42857142857143
2025-03-22,53,75.14285714285714
2025-03-23,64,76.85714285714286
2025-03-24,64,77.57142857142857
2025-03-25,67,78.57142857142857
2025-03-26,61,63.57142857142857
2025-03-27,98,66.85714285714286
2025-03-28,90,71
2025-03-29,85,75.57142857142857
2025-03-30,56,74.42857142857143
2025-03-31,59,73.71428571428571
2025-04-01,53,71.71428571428571
2025-04-02,57,71.14285714285714
2025-04-03,99,71.28571428571429
2025-04-04,84,70.42857142857143
2025-04-05,73,68.71428571428571
2025-04-06,54,68.42857142857143
2025-04-07,70,70
2025-04-08,86,74.71428571428571
2025-04-09,77,77.57142857142857
2025-04-10,50,70.57142857142857
2025-04-11,74,69.14285714285714
2025-04-12,80,70.14285714285714
2025-04-13,65,71.71428571428571
2025-04-14,61,70.42857142857143
2025-04-15,92,71.28571428571429
2025-04-16,121,77.57142857142857
2025-04-17,90,83.28571428571429
2025-04-18,60,81.28571428571429
2025-04-19,74,80.42857142857143
2025-04-20,47,77.85714285714286
2025-04-21,63,78.14285714285714
2025-04-22,89,77.71428571428571
2025-04-23,69,70.28571428571429
2025-04-24,84,69.42857142857143
2025-04-25,77,71.85714285714286
2025-04-26,65,70.57142857142857
2025-04-27,57,72
2025-04-28,86,75.28571428571429
2025-04-29,95,76.14285714285714
2025-04-30,68,76
2025-05-01,62,72.85714285714286
2025-05-02,79,73.14285714285714
2025-05-03,70,73.85714285714286
2025-05-04,88,78.28571428571429
2025-05-05,67,75.57142857142857
2025-05-06,70,72
2025-05-07,218,93.42857142857143
2025-05-08,64,93.71428571428571
2025-05-09,66,91.85714285714286
2025-05-10,58,90.14285714285714
2025-05-11,70,87.57142857142857
2025-05-12,56,86
2025-05-13,70,86
2025-05-14,64,64
2025-05-15,76,65.71428571428571
2025-05-16,65,65.57142857142857
2025-05-17,66,66.71428571428571
2025-05-18,71,66.85714285714286
2025-05-19,75,69.57142857142857
2025-05-20,47,66.28571428571429
2025-05-21,46,63.714285714285715
2025-05-22,65,62.142857142857146
2025-05-23,72,63.142857142857146
2025-05-24,82,65.42857142857143
2025-05-25,71,65.42857142857143
2025-05-26,39,60.285714285714285
2025-05-27,90,66.42857142857143
2025-05-28,84,71.85714285714286
2025-05-29,67,72.14285714285714
2025-05-30,68,71.57142857142857
2025-05-31,79,71.14285714285714
2025-06-01,50,68.14285714285714
2025-06-02,110,78.28571428571429
2025-06-03,134,84.57142857142857
2025-06-04,146,93.42857142857143
2025-06-05,58,92.14285714285714
2025-06-06,167,106.28571428571429
2025-06-07,176,120.14285714285714
2025-06-08,78,124.14285714285714
2025-06-09,68,118.14285714285714
2025-06-10,69,108.85714285714286
2025-06-11,88,100.57142857142857
2025-06-12,77,103.28571428571429
2025-06-13,54,87.14285714285714
2025-06-14,57,70.14285714285714
2025-06-15,67,68.57142857142857
2025-06-16,67,68.42857142857143
2025-06-17,82,70.28571428571429
2025-06-18,77,68.71428571428571
2025-06-19,52,65.14285714285714
2025-06-20,68,67.14285714285714
2025-06-21,61,67.71428571428571
2025-06-22,46,64.71428571428571
2025-06-23,59,63.57142857142857
2025-06-24,69,61.714285714285715
2025-06-25,52,58.142857142857146
2025-06-26,60,59.285714285714285
2025-06-27,78,60.714285714285715
2025-06-28,71,62.142857142857146
2025-06-29,51,62.857142857142854
2025-06-30,106,69.57142857142857
2025-07-01,69,69.57142857142857
2025-07-02,71,72.28571428571429
2025-07-03,87,76.14285714285714
2025-07-04,59,73.42857142857143
2025-07-05,76,74.14285714285714
2025-07-06,73,77.28571428571429
2025-07-07,66,71.57142857142857
2025-07-08,66,71.14285714285714
2025-07-09,51,68.28571428571429
2025-07-10,92,69
2025-07-11,64,69.71428571428571
2025-07-12,53,66.42857142857143
2025-07-13,64,65.14285714285714
2025-07-14,63,64.71428571428571
2025-07-15,56,63.285714285714285
2025-07-16,83,67.85714285714286
2025-07-17,76,65.57142857142857
2025-07-18,58,64.71428571428571
2025-07-19,54,64.85714285714286
2025-07-20,67,65.28571428571429
2025-07-21,61,65
2025-07-22,126,75
2025-07-23,65,72.42857142857143
2025-07-24,66,71
2025-07-25,61,71.42857142857143
2025-07-26,62,72.57142857142857
2025-07-27,42,69
2025-07-28,57,68.42857142857143
2025-07-29,76,61.285714285714285
2025-07-30,72,62.285714285714285
2025-07-31,56,60.857142857142854
2025-08-01,56,60.142857142857146
2025-08-02,56,59.285714285714285
2025-08-03,62,62.142857142857146
2025-08-04,67,63.57142857142857
2025-08-05,79,64
2025-08-06,60,62.285714285714285
2025-08-07,54,62
2025-08-08,62,62.857142857142854
2025-08-09,51,62.142857142857146
2025-08-10,44,59.57142857142857
2025-08-11,60,58.57142857142857
2025-08-12,65,56.57142857142857
2025-08-13,70,58
2025-08-14,69,60.142857142857146
2025-08-15,68,61
2025-08-16,56,61.714285714285715
2025-08-17,57,63.57142857142857
2025-08-18,60,63.57142857142857
2025-08-19,108,69.71428571428571
2025-08-20,59,68.14285714285714
2025-08-21,59,66.71428571428571
2025-08-22,66,66.42857142857143
2025-08-23,63,67.42857142857143
2025-08-24,52,66.71428571428571
2025-08-25,73,68.57142857142857
2025-08-26,57,61.285714285714285
2025-08-27,43,59
2025-08-28,86,62.857142857142854
2025-08-29,61,62.142857142857146
2025-08-30,60,61.714285714285715
2025-08-31,75,65
2025-09-01,65,63.857142857142854
2025-09-02,61,64.42857142857143
2025-09-03,60,66.85714285714286
2025-09-04,41,60.42857142857143
2025-09-05,73,62.142857142857146
2025-09-06,57,61.714285714285715
2025-09-07,54,58.714285714285715
2025-09-08,55,57.285714285714285
2025-09-09,53,56.142857142857146
2025-09-10,62,56.42857142857143
2025-09-11,68,60.285714285714285
2025-09-12,64,59
2025-09-13,63,59.857142857142854
2025-09-14,79,63.42857142857143
2025-09-15,70,65.57142857142857
2025-09-16,58,66.28571428571429
2025-09-17,57,65.57142857142857
2025-09-18,71,66
2025-09-19,74,67.42857142857143
2025-09-20,69,68.28571428571429
2025-09-21,60,65.57142857142857
2025-09-22,74,66.14285714285714
2025-09-23,69,67.71428571428571
2025-09-24,136,79
2025-09-25,44,75.14285714285714
2025-09-26,94,78
2025-09-27,63,77.14285714285714
2025-09-28,56,76.57142857142857
2025-09-29,67,75.57142857142857
2025-09-30,90,78.57142857142857
2025-10-01,105,74.14285714285714
2025-10-02,65,77.14285714285714
2025-10-03,81,75.28571428571429
2025-10-04,65,75.57142857142857
2025-10-05,52,75
2025-10-06,72,75.71428571428571
2025-10-07,86,75.14285714285714
2025-10-08,85,72.28571428571429
2025-10-09,66,72.42857142857143
2025-10-10,73,71.28571428571429
2025-10-11,62,70.85714285714286
2025-10-12,50,70.57142857142857
2025-10-13,79,71.57142857142857
2025-10-14,109,74.85714285714286
2025-10-15,69,72.57142857142857
2025-10-16,97,77
2025-10-17,68,76.28571428571429
2025-10-18,68,77.14285714285714
2025-10-19,60,78.57142857142857
2025-10-20,80,78.71428571428571
2025-10-21,82,74.85714285714286
2025-10-22,69,74.85714285714286
2025-10-23,94,74.42857142857143
2025-10-24,61,73.42857142857143
2025-10-25,62,72.57142857142857
2025-10-26,65,73.28571428571429
2025-10-27,60,70.42857142857143
2025-10-28,108,74.14285714285714
2025-10-29,89,77
2025-10-30,56,71.57142857142857
2025-10-31,55,70.71428571428571
2025-11-01,57,70
2025-11-02,79,72
2025-11-03,93,76.71428571428571
2025-11-04,76,72.14285714285714
2025-11-05,84,71.42857142857143
2025-11-06,81,75
2025-11-07,69,77
2025-11-08,80,80.28571428571429
2025-11-09,71,79.14285714285714
2025-11-10,67,75.42857142857143
2025-11-11,82,76.28571428571429
2025-11-12,71,74.42857142857143
2025-11-13,70,72.85714285714286
2025-11-14,67,72.57142857142857
2025-11-15,78,72.28571428571429
2025-11-16,69,72
2025-11-17,66,71.85714285714286
2025-11-18,154,82.14285714285714
2025-11-19,75,82.71428571428571
2025-11-20,68,82.42857142857143
2025-11-21,69,82.71428571428571
2025-11-22,64,80.71428571428571
2025-11-23,76,81.71428571428571
2025-11-24,80,83.71428571428571
2025-11-25,41,67.57142857142857
2025-11-26,48,63.714285714285715
2025-11-27,42,60
2025-11-28,58,58.42857142857143
2025-11-29,51,56.57142857142857
2025-11-30,59,54.142857142857146
2025-12-01,43,48.857142857142854
2025-12-02,56,51
2025-12-03,63,53.142857142857146
2025-12-04,62,56
2025-12-05,51,55
2025-12-06,32,52.285714285714285
2025-12-07,58,52.142857142857146
2025-12-08,61,54.714285714285715
2025-12-09,33,51.42857142857143
2025-12-10,52,49.857142857142854
2025-12-11,54,48.714285714285715
2025-12-12,41,47.285714285714285
2025-12-13,65,52
2025-12-14,52,51.142857142857146
2025-12-15,58,50.714285714285715
2025-12-16,61,54.714285714285715
2025-12-17,62,56.142857142857146
2025-12-18,56,56.42857142857143
2025-12-19,62,59.42857142857143
2025-12-20,52,57.57142857142857
2025-12-21,53,57.714285714285715
2025-12-22,59,57.857142857142854
2025-12-23,66,58.57142857142857
2025-12-24,32,54.285714285714285
2025-12-25,39,51.857142857142854
2025-12-26,65,52.285714285714285
2025-12-27,71,55
2025-12-28,35,52.42857142857143
2025-12-29,50,51.142857142857146
2025-12-30,62,50.57142857142857
2025-12-31,59,54.42857142857143
2026-01-01,53,56.42857142857143
2026-01-02,54,54.857142857142854
2026-01-03,53,52.285714285714285
2026-01-04,54,55
2026-01-05,50,55
2026-01-06,52,53.57142857142857
2026-01-07,45,51.57142857142857
2026-01-08,28,48
2026-01-09,33,45
2026-01-10,41,43.285714285714285
2026-01-11,39,41.142857142857146
2026-01-12,50,41.142857142857146
2026-01-13,42,39.714285714285715
2026-01-14,39,38.857142857142854
2026-01-15,40,40.57142857142857
2026-01-16,42,41.857142857142854
2026-01-17,45,42.42857142857143
2026-01-18,24,40.285714285714285
2026-01-19,48,40
2026-01-20,43,40.142857142857146
2026-01-21,50,41.714285714285715
2026-01-22,45,42.42857142857143
2026-01-23,31,40.857142857142854
2026-01-24,29,38.57142857142857
2026-01-25,36,40.285714285714285
2026-01-26,44,39.714285714285715
2026-01-27,44,39.857142857142854
2026-01-28,34,37.57142857142857
2026-01-29,49,38.142857142857146
2026-01-30,41,39.57142857142857
2026-01-31,41,41.285714285714285
2026-02-01,40,41.857142857142854
2026-02-02,54,43.285714285714285
2026-02-03,42,43
2026-02-04,74,48.714285714285715
2026-02-05,62,50.57142857142857
2026-02-06,64,53.857142857142854
2026-02-07,54,55.714285714285715
2026-02-08,66,59.42857142857143
2026-02-09,57,59.857142857142854
2026-02-10,55,61.714285714285715
2026-02-11,62,60
2026-02-12,65,60.42857142857143
2026-02-13,53,58.857142857142854
2026-02-14,47,57.857142857142854
2026-02-15,73,58.857142857142854
2026-02-16,69,60.57142857142857
2026-02-17,57,60.857142857142854
2026-02-18,46,58.57142857142857
2026-02-19,50,56.42857142857143
2026-02-20,64,58
2026-02-21,63,60.285714285714285
2026-02-22,58,58.142857142857146
2026-02-23,51,55.57142857142857
2026-02-24,60,56
2026-02-25,50,56.57142857142857
2026-02-26,91,62.42857142857143
2026-02-27,62,62.142857142857146
2026-02-28,92,66.28571428571429
2026-03-01,68,67.71428571428571
2026-03-02,61,69.14285714285714
2026-03-03,81,72.14285714285714
2026-03-04,73,75.42857142857143
2026-03-05,93,75.71428571428571
2026-03-06,75,77.57142857142857
2026-03-07,56,72.42857142857143
2026-03-08,58,71
2026-03-09,80,73.71428571428571
2026-03-10,76,73
2026-03-11,73,73
2026-03-12,87,72.14285714285714
2026-03-13,82,73.14285714285714
2026-03-14,55,73
2026-03-15,29,68.85714285714286
2026-03-16,48,64.28571428571429
2026-03-17,63,62.42857142857143
2026-03-18,62,60.857142857142854
2026-03-19,81,60
2026-03-20,97,62.142857142857146
2026-03-21,70,64.28571428571429
2026-03-22,87,72.57142857142857
2026-03-23,67,75.28571428571429
2026-03-24,80,77.71428571428571
2026-03-25,68,78.57142857142857
2026-03-26,108,82.42857142857143
2026-03-27,90,81.42857142857143
2026-03-28,83,83.28571428571429
2026-03-29,76,81.71428571428571
2026-03-30,88,84.71428571428571
2026-03-31,76,84.14285714285714
2026-04-01,77,85.42857142857143
2026-04-02,80,81.42857142857143
2026-04-03,12,70.28571428571429
