"YTDCount","Year","Offense","PrevYTDCount","YTDPercentageChange"
277,2019,"Sex Offenses",NA,NA
249,2020,"Sex Offenses",277,-10.1083032490975
225,2021,"Sex Offenses",249,-9.63855421686747
205,2022,"Sex Offenses",225,-8.88888888888889
233,2023,"Sex Offenses",205,13.6585365853658
230,2024,"Sex Offenses",233,-1.28755364806867
