"YTDCount","Year","Offense","PrevYTDCount","YTDPercentageChange"
9,2019,"Arson",NA,NA
17,2020,"Arson",9,88.8888888888889
22,2021,"Arson",17,29.4117647058824
27,2022,"Arson",22,22.7272727272727
33,2023,"Arson",27,22.2222222222222
31,2024,"Arson",33,-6.06060606060606
