"YTDCount","Year","Offense","PrevYTDCount","YTDPercentageChange"
821,2019,"Sex Offenses",NA,NA
721,2020,"Sex Offenses",821,-12.1802679658953
688,2021,"Sex Offenses",721,-4.57697642163661
646,2022,"Sex Offenses",688,-6.1046511627907
719,2023,"Sex Offenses",646,11.3003095975232
717,2024,"Sex Offenses",719,-0.278164116828927
702,2025,"Sex Offenses",717,-2.09205020920502
