"YTDCount","Year","Offense","PrevYTDCount","YTDPercentageChange"
85,2019,"Sex Offenses",NA,NA
86,2020,"Sex Offenses",85,1.17647058823529
94,2021,"Sex Offenses",86,9.30232558139534
71,2022,"Sex Offenses",94,-24.468085106383
74,2023,"Sex Offenses",71,4.22535211267605
93,2024,"Sex Offenses",74,25.6756756756757
78,2025,"Sex Offenses",93,-16.1290322580645
86,2026,"Sex Offenses",78,10.2564102564103
