"YTDCount","Year","Offense","PrevYTDCount","YTDPercentageChange"
482,2019,"Sex Offenses",NA,NA
384,2020,"Sex Offenses",482,-20.3319502074689
370,2021,"Sex Offenses",384,-3.64583333333334
371,2022,"Sex Offenses",370,0.270270270270268
424,2023,"Sex Offenses",371,14.2857142857143
410,2024,"Sex Offenses",424,-3.30188679245284
358,2025,"Sex Offenses",410,-12.6829268292683
