"YTDCount","Year","Offense","PrevYTDCount","YTDPercentageChange"
496,2019,"Sex Offenses",NA,NA
405,2020,"Sex Offenses",496,-18.3467741935484
377,2021,"Sex Offenses",405,-6.91358024691358
380,2022,"Sex Offenses",377,0.795755968169765
433,2023,"Sex Offenses",380,13.9473684210526
389,2024,"Sex Offenses",433,-10.161662817552
