"YTDCount","Year","Offense","PrevYTDCount","YTDPercentageChange"
596,2019,"Sex Offenses",NA,NA
488,2020,"Sex Offenses",596,-18.1208053691275
453,2021,"Sex Offenses",488,-7.17213114754098
451,2022,"Sex Offenses",453,-0.441501103752762
520,2023,"Sex Offenses",451,15.2993348115299
486,2024,"Sex Offenses",520,-6.53846153846154
