"YTDCount","Year","Offense","PrevYTDCount","YTDPercentageChange"
485,2019,"Sex Offenses",NA,NA
389,2020,"Sex Offenses",485,-19.7938144329897
372,2021,"Sex Offenses",389,-4.37017994858612
373,2022,"Sex Offenses",372,0.268817204301075
425,2023,"Sex Offenses",373,13.941018766756
389,2024,"Sex Offenses",425,-8.47058823529412
