"YTDCount","Year","Offense","PrevYTDCount","YTDPercentageChange"
808,2019,"Sex Offenses",NA,NA
709,2020,"Sex Offenses",808,-12.2524752475248
682,2021,"Sex Offenses",709,-3.80818053596615
637,2022,"Sex Offenses",682,-6.59824046920822
708,2023,"Sex Offenses",637,11.1459968602826
675,2024,"Sex Offenses",708,-4.66101694915254
