"YTDCount","Year","Offense","PrevYTDCount","YTDPercentageChange"
640,2019,"Sex Offenses",NA,NA
541,2020,"Sex Offenses",640,-15.46875
500,2021,"Sex Offenses",541,-7.57855822550831
489,2022,"Sex Offenses",500,-2.2
562,2023,"Sex Offenses",489,14.9284253578732
544,2024,"Sex Offenses",562,-3.20284697508897
503,2025,"Sex Offenses",544,-7.53676470588235
