"YTDCount","Year","Offense","PrevYTDCount","YTDPercentageChange"
686,2019,"Sex Offenses",NA,NA
586,2020,"Sex Offenses",686,-14.5772594752187
556,2021,"Sex Offenses",586,-5.11945392491467
529,2022,"Sex Offenses",556,-4.85611510791367
602,2023,"Sex Offenses",529,13.7996219281663
596,2024,"Sex Offenses",602,-0.996677740863783
556,2025,"Sex Offenses",596,-6.71140939597316
