"YTDCount","Year","Offense","PrevYTDCount","YTDPercentageChange"
349,2019,"Sex Offenses",NA,NA
279,2020,"Sex Offenses",349,-20.0573065902579
265,2021,"Sex Offenses",279,-5.01792114695341
255,2022,"Sex Offenses",265,-3.77358490566038
293,2023,"Sex Offenses",255,14.9019607843137
291,2024,"Sex Offenses",293,-0.682593856655289
