"YTDCount","Year","Offense","PrevYTDCount","YTDPercentageChange"
131,2019,"Sex Offenses",NA,NA
133,2020,"Sex Offenses",131,1.52671755725191
133,2021,"Sex Offenses",133,0
102,2022,"Sex Offenses",133,-23.3082706766917
125,2023,"Sex Offenses",102,22.5490196078431
134,2024,"Sex Offenses",125,7.20000000000001
99,2025,"Sex Offenses",134,-26.1194029850746
