"YTDCount","Year","Offense","PrevYTDCount","YTDPercentageChange"
367,2019,"Sex Offenses",NA,NA
352,2020,"Sex Offenses",367,-4.08719346049047
291,2021,"Sex Offenses",352,-17.3295454545455
349,2022,"Sex Offenses",291,19.9312714776632
490,2023,"Sex Offenses",349,40.4011461318052
571,2024,"Sex Offenses",490,16.530612244898
549,2025,"Sex Offenses",571,-3.85288966725044
