"YTDCount","Year","Offense","PrevYTDCount","YTDPercentageChange"
181,2019,"Sex Offenses",NA,NA
202,2020,"Sex Offenses",181,11.6022099447514
178,2021,"Sex Offenses",202,-11.8811881188119
150,2022,"Sex Offenses",178,-15.7303370786517
174,2023,"Sex Offenses",150,16
190,2024,"Sex Offenses",174,9.19540229885058
133,2025,"Sex Offenses",190,-30
