"YTDCount","Year","Offense","PrevYTDCount","YTDPercentageChange"
734,2019,"Sex Offenses",NA,NA
622,2020,"Sex Offenses",734,-15.2588555858311
593,2021,"Sex Offenses",622,-4.66237942122186
566,2022,"Sex Offenses",593,-4.5531197301855
633,2023,"Sex Offenses",566,11.8374558303887
608,2024,"Sex Offenses",633,-3.94944707740916
