"YTDCount","Year","Offense","PrevYTDCount","YTDPercentageChange"
717,2019,"Sex Offenses",NA,NA
611,2020,"Sex Offenses",717,-14.7838214783822
578,2021,"Sex Offenses",611,-5.40098199672667
555,2022,"Sex Offenses",578,-3.97923875432526
618,2023,"Sex Offenses",555,11.3513513513513
618,2024,"Sex Offenses",618,0
585,2025,"Sex Offenses",618,-5.33980582524272
