"YTDCount","Year","Offense","PrevYTDCount","YTDPercentageChange"
721,2019,"Sex Offenses",NA,NA
616,2020,"Sex Offenses",721,-14.5631067961165
579,2021,"Sex Offenses",616,-6.0064935064935
558,2022,"Sex Offenses",579,-3.62694300518135
619,2023,"Sex Offenses",558,10.9318996415771
620,2024,"Sex Offenses",619,0.161550888529893
590,2025,"Sex Offenses",620,-4.83870967741935
