"YTDCount","Year","Offense","PrevYTDCount","YTDPercentageChange"
382,2019,"Sex Offenses",NA,NA
291,2020,"Sex Offenses",382,-23.8219895287958
289,2021,"Sex Offenses",291,-0.687285223367695
273,2022,"Sex Offenses",289,-5.53633217993079
316,2023,"Sex Offenses",273,15.7509157509158
316,2024,"Sex Offenses",316,0
