"YTDCount","Year","Offense","PrevYTDCount","YTDPercentageChange"
679,2019,"Sex Offenses",NA,NA
574,2020,"Sex Offenses",679,-15.4639175257732
551,2021,"Sex Offenses",574,-4.00696864111498
523,2022,"Sex Offenses",551,-5.08166969147006
593,2023,"Sex Offenses",523,13.3843212237094
568,2024,"Sex Offenses",593,-4.21585160202361
