"YTDCount","Year","Offense","PrevYTDCount","YTDPercentageChange"
154,2019,"Sex Offenses",NA,NA
157,2020,"Sex Offenses",154,1.94805194805194
151,2021,"Sex Offenses",157,-3.82165605095541
119,2022,"Sex Offenses",151,-21.1920529801324
140,2023,"Sex Offenses",119,17.6470588235294
162,2024,"Sex Offenses",140,15.7142857142857
112,2025,"Sex Offenses",162,-30.8641975308642
