"YTDCount","Year","Offense","PrevYTDCount","YTDPercentageChange"
651,2019,"Sex Offenses",NA,NA
547,2020,"Sex Offenses",651,-15.9754224270353
508,2021,"Sex Offenses",547,-7.12979890310787
496,2022,"Sex Offenses",508,-2.36220472440944
567,2023,"Sex Offenses",496,14.3145161290323
523,2024,"Sex Offenses",567,-7.76014109347443
