"YTDCount","Year","Offense","PrevYTDCount","YTDPercentageChange"
606,2019,"Sex Offenses",NA,NA
506,2020,"Sex Offenses",606,-16.5016501650165
466,2021,"Sex Offenses",506,-7.90513833992095
459,2022,"Sex Offenses",466,-1.50214592274678
534,2023,"Sex Offenses",459,16.3398692810458
491,2024,"Sex Offenses",534,-8.05243445692884
