"YTDCount","Year","Offense","PrevYTDCount","YTDPercentageChange"
690,2019,"Sex Offenses",NA,NA
591,2020,"Sex Offenses",690,-14.3478260869565
557,2021,"Sex Offenses",591,-5.75296108291032
532,2022,"Sex Offenses",557,-4.48833034111311
602,2023,"Sex Offenses",532,13.1578947368421
572,2024,"Sex Offenses",602,-4.98338870431894
