"YTDCount","Year","Offense","PrevYTDCount","YTDPercentageChange"
607,2019,"Sex Offenses",NA,NA
508,2020,"Sex Offenses",607,-16.3097199341021
468,2021,"Sex Offenses",508,-7.87401574803149
460,2022,"Sex Offenses",468,-1.70940170940171
535,2023,"Sex Offenses",460,16.304347826087
518,2024,"Sex Offenses",535,-3.17757009345795
486,2025,"Sex Offenses",518,-6.17760617760618
