"YTDCount","Year","Offense","PrevYTDCount","YTDPercentageChange"
781,2019,"Sex Offenses",NA,NA
686,2020,"Sex Offenses",781,-12.1638924455826
653,2021,"Sex Offenses",686,-4.81049562682215
607,2022,"Sex Offenses",653,-7.04441041347627
689,2023,"Sex Offenses",607,13.5090609555189
683,2024,"Sex Offenses",689,-0.870827285921627
669,2025,"Sex Offenses",683,-2.04978038067349
