"YTDCount","Year","Offense","PrevYTDCount","YTDPercentageChange"
591,2019,"Sex Offenses",NA,NA
485,2020,"Sex Offenses",591,-17.9357021996616
447,2021,"Sex Offenses",485,-7.83505154639176
450,2022,"Sex Offenses",447,0.671140939597326
518,2023,"Sex Offenses",450,15.1111111111111
474,2024,"Sex Offenses",518,-8.4942084942085
