"YTDCount","Year","Offense","PrevYTDCount","YTDPercentageChange"
764,2019,"Sex Offenses",NA,NA
661,2020,"Sex Offenses",764,-13.4816753926702
639,2021,"Sex Offenses",661,-3.32829046898638
591,2022,"Sex Offenses",639,-7.51173708920188
674,2023,"Sex Offenses",591,14.0439932318105
674,2024,"Sex Offenses",674,0
647,2025,"Sex Offenses",674,-4.00593471810089
