"YTDCount","Year","Offense","PrevYTDCount","YTDPercentageChange"
920,2019,"Sex Offenses",NA,NA
779,2020,"Sex Offenses",920,-15.3260869565217
773,2021,"Sex Offenses",779,-0.770218228498076
727,2022,"Sex Offenses",773,-5.95084087968952
788,2023,"Sex Offenses",727,8.39064649243466
798,2024,"Sex Offenses",788,1.26903553299493
