"YTDCount","Year","Offense","PrevYTDCount","YTDPercentageChange"
772,2019,"Sex Offenses",NA,NA
668,2020,"Sex Offenses",772,-13.4715025906736
641,2021,"Sex Offenses",668,-4.04191616766467
544,2022,"Sex Offenses",641,-15.1326053042122
713,2023,"Sex Offenses",544,31.0661764705882
649,2024,"Sex Offenses",713,-8.97615708274895
