"YTDCount","Year","Offense","PrevYTDCount","YTDPercentageChange"
739,2019,"Sex Offenses",NA,NA
638,2020,"Sex Offenses",739,-13.6671177266576
604,2021,"Sex Offenses",638,-5.32915360501567
568,2022,"Sex Offenses",604,-5.96026490066225
646,2023,"Sex Offenses",568,13.7323943661972
641,2024,"Sex Offenses",646,-0.773993808049533
608,2025,"Sex Offenses",641,-5.14820592823713
