"YTDCount","Year","Offense","PrevYTDCount","YTDPercentageChange"
274,2019,"Sex Offenses",NA,NA
247,2020,"Sex Offenses",274,-9.85401459854015
220,2021,"Sex Offenses",247,-10.9311740890688
195,2022,"Sex Offenses",220,-11.3636363636364
228,2023,"Sex Offenses",195,16.9230769230769
238,2024,"Sex Offenses",228,4.38596491228069
187,2025,"Sex Offenses",238,-21.4285714285714
