"YTDCount","Year","Offense","PrevYTDCount","YTDPercentageChange"
682,2019,"Sex Offenses",NA,NA
581,2020,"Sex Offenses",682,-14.8093841642229
555,2021,"Sex Offenses",581,-4.4750430292599
528,2022,"Sex Offenses",555,-4.86486486486486
598,2023,"Sex Offenses",528,13.2575757575758
592,2024,"Sex Offenses",598,-1.00334448160535
552,2025,"Sex Offenses",592,-6.75675675675675
