"YTDCount","Year","Offense","PrevYTDCount","YTDPercentageChange"
842,2019,"Sex Offenses",NA,NA
737,2020,"Sex Offenses",842,-12.4703087885986
723,2021,"Sex Offenses",737,-1.89959294436907
683,2022,"Sex Offenses",723,-5.53250345781466
737,2023,"Sex Offenses",683,7.90629575402635
744,2024,"Sex Offenses",737,0.949796472184539
732,2025,"Sex Offenses",744,-1.61290322580645
