"YTDCount","Year","Offense","PrevYTDCount","YTDPercentageChange"
92,2019,"Sex Offenses",NA,NA
94,2020,"Sex Offenses",92,2.17391304347827
102,2021,"Sex Offenses",94,8.51063829787233
73,2022,"Sex Offenses",102,-28.4313725490196
72,2023,"Sex Offenses",73,-1.36986301369864
103,2024,"Sex Offenses",72,43.0555555555556
74,2025,"Sex Offenses",103,-28.1553398058252
