"YTDCount","Year","Offense","PrevYTDCount","YTDPercentageChange"
161,2019,"Sex Offenses",NA,NA
164,2020,"Sex Offenses",161,1.86335403726707
156,2021,"Sex Offenses",164,-4.87804878048781
128,2022,"Sex Offenses",156,-17.948717948718
153,2023,"Sex Offenses",128,19.53125
168,2024,"Sex Offenses",153,9.80392156862746
117,2025,"Sex Offenses",168,-30.3571428571429
