"YTDCount","Year","Offense","PrevYTDCount","YTDPercentageChange"
163,2019,"Sex Offenses",NA,NA
178,2020,"Sex Offenses",163,9.20245398773005
162,2021,"Sex Offenses",178,-8.98876404494382
134,2022,"Sex Offenses",162,-17.283950617284
161,2023,"Sex Offenses",134,20.1492537313433
176,2024,"Sex Offenses",161,9.31677018633541
118,2025,"Sex Offenses",176,-32.9545454545455
