"YTDCount","Year","Offense","PrevYTDCount","YTDPercentageChange"
789,2019,"Sex Offenses",NA,NA
698,2020,"Sex Offenses",789,-11.5335868187579
667,2021,"Sex Offenses",698,-4.44126074498568
619,2022,"Sex Offenses",667,-7.19640179910045
700,2023,"Sex Offenses",619,13.0856219709208
688,2024,"Sex Offenses",700,-1.71428571428571
683,2025,"Sex Offenses",688,-0.726744186046513
