"YTDCount","Year","Offense","PrevYTDCount","YTDPercentageChange"
82,2019,"Sex Offenses",NA,NA
77,2020,"Sex Offenses",82,-6.09756097560976
87,2021,"Sex Offenses",77,12.987012987013
66,2022,"Sex Offenses",87,-24.1379310344828
71,2023,"Sex Offenses",66,7.57575757575757
86,2024,"Sex Offenses",71,21.1267605633803
74,2025,"Sex Offenses",86,-13.953488372093
77,2026,"Sex Offenses",74,4.05405405405406
