"YTDCount","Year","Offense","PrevYTDCount","YTDPercentageChange"
151,2019,"Sex Offenses",NA,NA
154,2020,"Sex Offenses",151,1.98675496688743
150,2021,"Sex Offenses",154,-2.5974025974026
119,2022,"Sex Offenses",150,-20.6666666666667
140,2023,"Sex Offenses",119,17.6470588235294
161,2024,"Sex Offenses",140,15
131,2025,"Sex Offenses",161,-18.6335403726708
156,2026,"Sex Offenses",131,19.0839694656489
