"YTDCount","Year","Offense","PrevYTDCount","YTDPercentageChange"
27,2019,"Sex Offenses",NA,NA
30,2020,"Sex Offenses",27,11.1111111111111
37,2021,"Sex Offenses",30,23.3333333333333
30,2022,"Sex Offenses",37,-18.9189189189189
34,2023,"Sex Offenses",30,13.3333333333333
40,2024,"Sex Offenses",34,17.6470588235294
23,2025,"Sex Offenses",40,-42.5
