"YTDCount","Year","Offense","PrevYTDCount","YTDPercentageChange"
40,2019,"Sex Offenses",NA,NA
36,2020,"Sex Offenses",40,-10
47,2021,"Sex Offenses",36,30.5555555555556
37,2022,"Sex Offenses",47,-21.2765957446808
43,2023,"Sex Offenses",37,16.2162162162162
47,2024,"Sex Offenses",43,9.30232558139534
41,2025,"Sex Offenses",47,-12.7659574468085
46,2026,"Sex Offenses",41,12.1951219512195
