"YTDCount","Year","Offense","PrevYTDCount","YTDPercentageChange"
858,2019,"Sex Offenses",NA,NA
753,2020,"Sex Offenses",858,-12.2377622377622
735,2021,"Sex Offenses",753,-2.39043824701195
695,2022,"Sex Offenses",735,-5.4421768707483
746,2023,"Sex Offenses",695,7.33812949640287
733,2024,"Sex Offenses",746,-1.74262734584451
