"YTDCount","Year","Offense","PrevYTDCount","YTDPercentageChange"
593,2019,"Sex Offenses",NA,NA
487,2020,"Sex Offenses",593,-17.8752107925801
451,2021,"Sex Offenses",487,-7.39219712525667
451,2022,"Sex Offenses",451,0
519,2023,"Sex Offenses",451,15.0776053215078
499,2024,"Sex Offenses",519,-3.85356454720617
460,2025,"Sex Offenses",499,-7.81563126252505
