"YTDCount","Year","Offense","PrevYTDCount","YTDPercentageChange"
977,2019,"Sex Offenses",NA,NA
823,2020,"Sex Offenses",977,-15.7625383828045
814,2021,"Sex Offenses",823,-1.09356014580801
790,2022,"Sex Offenses",814,-2.94840294840295
836,2023,"Sex Offenses",790,5.82278481012659
824,2024,"Sex Offenses",836,-1.43540669856459
