"YTDCount","Year","Offense","PrevYTDCount","YTDPercentageChange"
50,2019,"Sex Offenses",NA,NA
46,2020,"Sex Offenses",50,-8
58,2021,"Sex Offenses",46,26.0869565217391
39,2022,"Sex Offenses",58,-32.7586206896552
46,2023,"Sex Offenses",39,17.948717948718
53,2024,"Sex Offenses",46,15.2173913043478
47,2025,"Sex Offenses",53,-11.3207547169811
52,2026,"Sex Offenses",47,10.6382978723404
