"YTDCount","Year","Offense","PrevYTDCount","YTDPercentageChange"
621,2019,"Sex Offenses",NA,NA
535,2020,"Sex Offenses",621,-13.8486312399356
490,2021,"Sex Offenses",535,-8.41121495327103
478,2022,"Sex Offenses",490,-2.44897959183673
552,2023,"Sex Offenses",478,15.4811715481171
530,2024,"Sex Offenses",552,-3.98550724637681
492,2025,"Sex Offenses",530,-7.16981132075472
