"YTDCount","Year","Offense","PrevYTDCount","YTDPercentageChange"
223,2019,"Sex Offenses",NA,NA
220,2020,"Sex Offenses",223,-1.34529147982063
196,2021,"Sex Offenses",220,-10.9090909090909
171,2022,"Sex Offenses",196,-12.7551020408163
182,2023,"Sex Offenses",171,6.4327485380117
211,2024,"Sex Offenses",182,15.9340659340659
154,2025,"Sex Offenses",211,-27.0142180094787
