"YTDCount","Year","Offense","PrevYTDCount","YTDPercentageChange"
644,2019,"Sex Offenses",NA,NA
544,2020,"Sex Offenses",644,-15.527950310559
503,2021,"Sex Offenses",544,-7.53676470588235
491,2022,"Sex Offenses",503,-2.38568588469185
566,2023,"Sex Offenses",491,15.2749490835031
520,2024,"Sex Offenses",566,-8.12720848056537
