"YTDCount","Year","Offense","PrevYTDCount","YTDPercentageChange"
650,2019,"Sex Offenses",NA,NA
547,2020,"Sex Offenses",650,-15.8461538461538
508,2021,"Sex Offenses",547,-7.12979890310787
496,2022,"Sex Offenses",508,-2.36220472440944
567,2023,"Sex Offenses",496,14.3145161290323
549,2024,"Sex Offenses",567,-3.17460317460317
516,2025,"Sex Offenses",549,-6.01092896174863
