"YTDCount","Year","Offense","PrevYTDCount","YTDPercentageChange"
729,2019,"Sex Offenses",NA,NA
619,2020,"Sex Offenses",729,-15.0891632373114
590,2021,"Sex Offenses",619,-4.68497576736672
564,2022,"Sex Offenses",590,-4.40677966101695
629,2023,"Sex Offenses",564,11.5248226950355
604,2024,"Sex Offenses",629,-3.97456279809221
