"YTDCount","Year","Offense","PrevYTDCount","YTDPercentageChange"
718,2019,"Sex Offenses",NA,NA
611,2020,"Sex Offenses",718,-14.9025069637883
578,2021,"Sex Offenses",611,-5.40098199672667
555,2022,"Sex Offenses",578,-3.97923875432526
618,2023,"Sex Offenses",555,11.3513513513513
589,2024,"Sex Offenses",618,-4.69255663430421
