"YTDCount","Year","Offense","PrevYTDCount","YTDPercentageChange"
885,2019,"Sex Offenses",NA,NA
766,2020,"Sex Offenses",885,-13.4463276836158
748,2021,"Sex Offenses",766,-2.34986945169713
704,2022,"Sex Offenses",748,-5.88235294117647
762,2023,"Sex Offenses",704,8.23863636363635
782,2024,"Sex Offenses",762,2.6246719160105
767,2025,"Sex Offenses",782,-1.91815856777494
