"YTDCount","Year","Offense","PrevYTDCount","YTDPercentageChange"
442,2019,"Sex Offenses",NA,NA
332,2020,"Sex Offenses",442,-24.8868778280543
323,2021,"Sex Offenses",332,-2.71084337349398
312,2022,"Sex Offenses",323,-3.40557275541795
375,2023,"Sex Offenses",312,20.1923076923077
374,2024,"Sex Offenses",375,-0.266666666666671
297,2025,"Sex Offenses",374,-20.5882352941177
