"YTDCount","Year","Offense","PrevYTDCount","YTDPercentageChange"
660,2019,"Sex Offenses",NA,NA
556,2020,"Sex Offenses",660,-15.7575757575758
534,2021,"Sex Offenses",556,-3.9568345323741
506,2022,"Sex Offenses",534,-5.2434456928839
578,2023,"Sex Offenses",506,14.2292490118577
542,2024,"Sex Offenses",578,-6.22837370242214
