"YTDCount","Year","Offense","PrevYTDCount","YTDPercentageChange"
148,2019,"Sex Offenses",NA,NA
150,2020,"Sex Offenses",148,1.35135135135136
144,2021,"Sex Offenses",150,-4
113,2022,"Sex Offenses",144,-21.5277777777778
134,2023,"Sex Offenses",113,18.5840707964602
153,2024,"Sex Offenses",134,14.1791044776119
126,2025,"Sex Offenses",153,-17.6470588235294
144,2026,"Sex Offenses",126,14.2857142857143
