"YTDCount","Year","Offense","PrevYTDCount","YTDPercentageChange"
881,2019,"Sex Offenses",NA,NA
764,2020,"Sex Offenses",881,-13.2803632236095
744,2021,"Sex Offenses",764,-2.61780104712042
704,2022,"Sex Offenses",744,-5.3763440860215
761,2023,"Sex Offenses",704,8.09659090909092
777,2024,"Sex Offenses",761,2.10249671484888
759,2025,"Sex Offenses",777,-2.31660231660231
