"YTDCount","Year","Offense","PrevYTDCount","YTDPercentageChange"
341,2019,"Sex Offenses",NA,NA
278,2020,"Sex Offenses",341,-18.475073313783
263,2021,"Sex Offenses",278,-5.39568345323741
242,2022,"Sex Offenses",263,-7.98479087452472
288,2023,"Sex Offenses",242,19.0082644628099
285,2024,"Sex Offenses",288,-1.04166666666666
