"YTDCount","Year","Offense","PrevYTDCount","YTDPercentageChange"
537,2019,"Sex Offenses",NA,NA
444,2020,"Sex Offenses",537,-17.3184357541899
406,2021,"Sex Offenses",444,-8.55855855855856
415,2022,"Sex Offenses",406,2.21674876847291
471,2023,"Sex Offenses",415,13.4939759036145
441,2024,"Sex Offenses",471,-6.36942675159236
410,2025,"Sex Offenses",441,-7.02947845804989
