"YTDCount","Year","Offense","PrevYTDCount","YTDPercentageChange"
584,2019,"Sex Offenses",NA,NA
482,2020,"Sex Offenses",584,-17.4657534246575
437,2021,"Sex Offenses",482,-9.33609958506224
450,2022,"Sex Offenses",437,2.97482837528604
517,2023,"Sex Offenses",450,14.8888888888889
472,2024,"Sex Offenses",517,-8.70406189555126
