"YTDCount","Year","Offense","PrevYTDCount","YTDPercentageChange"
724,2019,"Sex Offenses",NA,NA
616,2020,"Sex Offenses",724,-14.9171270718232
581,2021,"Sex Offenses",616,-5.68181818181818
559,2022,"Sex Offenses",581,-3.78657487091222
621,2023,"Sex Offenses",559,11.0912343470483
623,2024,"Sex Offenses",621,0.32206119162641
590,2025,"Sex Offenses",623,-5.29695024077047
