"YTDCount","Year","Offense","PrevYTDCount","YTDPercentageChange"
841,2019,"Sex Offenses",NA,NA
734,2020,"Sex Offenses",841,-12.7229488703924
717,2021,"Sex Offenses",734,-2.31607629427792
681,2022,"Sex Offenses",717,-5.02092050209205
735,2023,"Sex Offenses",681,7.9295154185022
742,2024,"Sex Offenses",735,0.952380952380949
726,2025,"Sex Offenses",742,-2.15633423180593
