"YTDCount","Year","Offense","PrevYTDCount","YTDPercentageChange"
529,2019,"Sex Offenses",NA,NA
436,2020,"Sex Offenses",529,-17.5803402646503
405,2021,"Sex Offenses",436,-7.11009174311926
407,2022,"Sex Offenses",405,0.49382716049382
462,2023,"Sex Offenses",407,13.5135135135135
413,2024,"Sex Offenses",462,-10.6060606060606
