"YTDCount","Year","Offense","PrevYTDCount","YTDPercentageChange"
529,2019,"Sex Offenses",NA,NA
436,2020,"Sex Offenses",529,-17.5803402646503
405,2021,"Sex Offenses",436,-7.11009174311926
407,2022,"Sex Offenses",405,0.49382716049382
462,2023,"Sex Offenses",407,13.5135135135135
436,2024,"Sex Offenses",462,-5.62770562770563
392,2025,"Sex Offenses",436,-10.091743119266
