"YTDCount","Year","Offense","PrevYTDCount","YTDPercentageChange"
403,2019,"Sex Offenses",NA,NA
307,2020,"Sex Offenses",403,-23.8213399503722
303,2021,"Sex Offenses",307,-1.30293159609121
286,2022,"Sex Offenses",303,-5.61056105610561
336,2023,"Sex Offenses",286,17.4825174825175
334,2024,"Sex Offenses",336,-0.595238095238093
283,2025,"Sex Offenses",334,-15.2694610778443
