"YTDCount","Year","Offense","PrevYTDCount","YTDPercentageChange"
620,2019,"Sex Offenses",NA,NA
528,2020,"Sex Offenses",620,-14.8387096774194
487,2021,"Sex Offenses",528,-7.76515151515151
475,2022,"Sex Offenses",487,-2.46406570841889
551,2023,"Sex Offenses",475,16
505,2024,"Sex Offenses",551,-8.34845735027223
