"YTDCount","Year","Offense","PrevYTDCount","YTDPercentageChange"
610,2019,"Sex Offenses",NA,NA
513,2020,"Sex Offenses",610,-15.9016393442623
474,2021,"Sex Offenses",513,-7.60233918128655
465,2022,"Sex Offenses",474,-1.89873417721519
540,2023,"Sex Offenses",465,16.1290322580645
499,2024,"Sex Offenses",540,-7.5925925925926
