"YTDCount","Year","Offense","PrevYTDCount","YTDPercentageChange"
822,2019,"Sex Offenses",NA,NA
721,2020,"Sex Offenses",822,-12.287104622871
688,2021,"Sex Offenses",721,-4.57697642163661
646,2022,"Sex Offenses",688,-6.1046511627907
719,2023,"Sex Offenses",646,11.3003095975232
693,2024,"Sex Offenses",719,-3.61613351877608
