"YTDCount","Year","Offense","PrevYTDCount","YTDPercentageChange"
84,2019,"Sex Offenses",NA,NA
81,2020,"Sex Offenses",84,-3.57142857142857
90,2021,"Sex Offenses",81,11.1111111111111
70,2022,"Sex Offenses",90,-22.2222222222222
73,2023,"Sex Offenses",70,4.28571428571429
87,2024,"Sex Offenses",73,19.1780821917808
67,2025,"Sex Offenses",87,-22.9885057471264
