"YTDCount","Year","Offense","PrevYTDCount","YTDPercentageChange"
543,2019,"Sex Offenses",NA,NA
457,2020,"Sex Offenses",543,-15.8379373848987
415,2021,"Sex Offenses",457,-9.19037199124726
424,2022,"Sex Offenses",415,2.16867469879518
483,2023,"Sex Offenses",424,13.9150943396226
456,2024,"Sex Offenses",483,-5.59006211180124
424,2025,"Sex Offenses",456,-7.01754385964912
