"YTDCount","Year","Offense","PrevYTDCount","YTDPercentageChange"
679,2019,"Sex Offenses",NA,NA
578,2020,"Sex Offenses",679,-14.8748159057437
553,2021,"Sex Offenses",578,-4.32525951557093
525,2022,"Sex Offenses",553,-5.06329113924051
598,2023,"Sex Offenses",525,13.9047619047619
592,2024,"Sex Offenses",598,-1.00334448160535
551,2025,"Sex Offenses",592,-6.92567567567568
