"YTDCount","Year","Offense","PrevYTDCount","YTDPercentageChange"
118,2019,"Sex Offenses",NA,NA
118,2020,"Sex Offenses",118,0
116,2021,"Sex Offenses",118,-1.69491525423728
93,2022,"Sex Offenses",116,-19.8275862068966
108,2023,"Sex Offenses",93,16.1290322580645
124,2024,"Sex Offenses",108,14.8148148148148
95,2025,"Sex Offenses",124,-23.3870967741936
