"YTDCount","Year","Offense","PrevYTDCount","YTDPercentageChange"
825,2019,"Sex Offenses",NA,NA
725,2020,"Sex Offenses",825,-12.1212121212121
693,2021,"Sex Offenses",725,-4.41379310344827
658,2022,"Sex Offenses",693,-5.05050505050505
723,2023,"Sex Offenses",658,9.87841945288754
725,2024,"Sex Offenses",723,0.276625172890732
714,2025,"Sex Offenses",725,-1.51724137931034
