"YTDCount","Year","Offense","PrevYTDCount","YTDPercentageChange"
410,2019,"Sex Offenses",NA,NA
313,2020,"Sex Offenses",410,-23.6585365853659
305,2021,"Sex Offenses",313,-2.55591054313099
288,2022,"Sex Offenses",305,-5.57377049180328
342,2023,"Sex Offenses",288,18.75
330,2024,"Sex Offenses",342,-3.50877192982456
