"YTDCount","Year","Offense","PrevYTDCount","YTDPercentageChange"
93,2019,"Sex Offenses",NA,NA
98,2020,"Sex Offenses",93,5.3763440860215
106,2021,"Sex Offenses",98,8.16326530612246
77,2022,"Sex Offenses",106,-27.3584905660377
87,2023,"Sex Offenses",77,12.987012987013
105,2024,"Sex Offenses",87,20.6896551724138
75,2025,"Sex Offenses",105,-28.5714285714286
