"YTDCount","Year","Offense","PrevYTDCount","YTDPercentageChange"
148,2019,"Sex Offenses",NA,NA
150,2020,"Sex Offenses",148,1.35135135135136
144,2021,"Sex Offenses",150,-4
113,2022,"Sex Offenses",144,-21.5277777777778
134,2023,"Sex Offenses",113,18.5840707964602
153,2024,"Sex Offenses",134,14.1791044776119
108,2025,"Sex Offenses",153,-29.4117647058823
