"YTDCount","Year","Offense","PrevYTDCount","YTDPercentageChange"
511,2019,"Sex Offenses",NA,NA
421,2020,"Sex Offenses",511,-17.6125244618395
390,2021,"Sex Offenses",421,-7.36342042755345
388,2022,"Sex Offenses",390,-0.512820512820511
443,2023,"Sex Offenses",388,14.1752577319588
398,2024,"Sex Offenses",443,-10.1580135440181
