"YTDCount","Year","Offense","PrevYTDCount","YTDPercentageChange"
458,2019,"Sex Offenses",NA,NA
350,2020,"Sex Offenses",458,-23.5807860262009
346,2021,"Sex Offenses",350,-1.14285714285715
330,2022,"Sex Offenses",346,-4.6242774566474
393,2023,"Sex Offenses",330,19.0909090909091
375,2024,"Sex Offenses",393,-4.58015267175572
