"YTDCount","Year","Offense","PrevYTDCount","YTDPercentageChange"
939,2019,"Sex Offenses",NA,NA
796,2020,"Sex Offenses",939,-15.2289669861555
785,2021,"Sex Offenses",796,-1.38190954773869
745,2022,"Sex Offenses",785,-5.09554140127388
806,2023,"Sex Offenses",745,8.18791946308726
837,2024,"Sex Offenses",806,3.84615384615385
824,2025,"Sex Offenses",837,-1.5531660692951
