"YTDCount","Year","Offense","PrevYTDCount","YTDPercentageChange"
397,2019,"Sex Offenses",NA,NA
302,2020,"Sex Offenses",397,-23.9294710327456
299,2021,"Sex Offenses",302,-0.993377483443714
282,2022,"Sex Offenses",299,-5.68561872909699
332,2023,"Sex Offenses",282,17.7304964539007
320,2024,"Sex Offenses",332,-3.6144578313253
