"YTDCount","Year","Offense","PrevYTDCount","YTDPercentageChange"
561,2019,"Sex Offenses",NA,NA
465,2020,"Sex Offenses",561,-17.1122994652406
427,2021,"Sex Offenses",465,-8.17204301075268
445,2022,"Sex Offenses",427,4.21545667447307
505,2023,"Sex Offenses",445,13.4831460674157
449,2024,"Sex Offenses",505,-11.0891089108911
