"YTDCount","Year","Offense","PrevYTDCount","YTDPercentageChange"
948,2019,"Sex Offenses",NA,NA
801,2020,"Sex Offenses",948,-15.5063291139241
793,2021,"Sex Offenses",801,-0.998751560549316
759,2022,"Sex Offenses",793,-4.2875157629256
812,2023,"Sex Offenses",759,6.9828722002635
843,2024,"Sex Offenses",812,3.81773399014778
836,2025,"Sex Offenses",843,-0.830367734282322
