"YTDCount","Year","Offense","PrevYTDCount","YTDPercentageChange"
716,2019,"Sex Offenses",NA,NA
607,2020,"Sex Offenses",716,-15.2234636871508
574,2021,"Sex Offenses",607,-5.43657331136738
554,2022,"Sex Offenses",574,-3.48432055749129
618,2023,"Sex Offenses",554,11.5523465703971
614,2024,"Sex Offenses",618,-0.647249190938515
584,2025,"Sex Offenses",614,-4.88599348534202
