"YTDCount","Year","Offense","PrevYTDCount","YTDPercentageChange"
906,2019,"Sex Offenses",NA,NA
773,2020,"Sex Offenses",906,-14.6799116997792
761,2021,"Sex Offenses",773,-1.55239327296248
712,2022,"Sex Offenses",761,-6.43889618922471
771,2023,"Sex Offenses",712,8.28651685393258
801,2024,"Sex Offenses",771,3.8910505836576
784,2025,"Sex Offenses",801,-2.1223470661673
