"YTDCount","Year","Offense","PrevYTDCount","YTDPercentageChange"
426,2019,"Sex Offenses",NA,NA
325,2020,"Sex Offenses",426,-23.7089201877934
315,2021,"Sex Offenses",325,-3.07692307692308
308,2022,"Sex Offenses",315,-2.22222222222223
367,2023,"Sex Offenses",308,19.1558441558442
344,2024,"Sex Offenses",367,-6.26702997275205
