"YTDCount","Year","Offense","PrevYTDCount","YTDPercentageChange"
670,2019,"Sex Offenses",NA,NA
566,2020,"Sex Offenses",670,-15.5223880597015
545,2021,"Sex Offenses",566,-3.71024734982333
518,2022,"Sex Offenses",545,-4.95412844036697
589,2023,"Sex Offenses",518,13.7065637065637
555,2024,"Sex Offenses",589,-5.77249575551783
