"YTDCount","Year","Offense","PrevYTDCount","YTDPercentageChange"
573,2019,"Sex Offenses",NA,NA
473,2020,"Sex Offenses",573,-17.4520069808028
431,2021,"Sex Offenses",473,-8.87949260042283
447,2022,"Sex Offenses",431,3.7122969837587
509,2023,"Sex Offenses",447,13.8702460850112
455,2024,"Sex Offenses",509,-10.6090373280943
