"YTDCount","Year","Offense","PrevYTDCount","YTDPercentageChange"
450,2019,"Sex Offenses",NA,NA
338,2020,"Sex Offenses",450,-24.8888888888889
332,2021,"Sex Offenses",338,-1.77514792899408
319,2022,"Sex Offenses",332,-3.91566265060241
386,2023,"Sex Offenses",319,21.0031347962383
358,2024,"Sex Offenses",386,-7.2538860103627
