"YTDCount","Year","Offense","PrevYTDCount","YTDPercentageChange"
601,2019,"Sex Offenses",NA,NA
494,2020,"Sex Offenses",601,-17.8036605657238
457,2021,"Sex Offenses",494,-7.48987854251012
456,2022,"Sex Offenses",457,-0.218818380743979
528,2023,"Sex Offenses",456,15.7894736842105
510,2024,"Sex Offenses",528,-3.40909090909091
466,2025,"Sex Offenses",510,-8.62745098039216
