"YTDCount","Year","Offense","PrevYTDCount","YTDPercentageChange"
274,2019,"Sex Offenses",NA,NA
249,2020,"Sex Offenses",274,-9.12408759124088
222,2021,"Sex Offenses",249,-10.8433734939759
198,2022,"Sex Offenses",222,-10.8108108108108
229,2023,"Sex Offenses",198,15.6565656565657
240,2024,"Sex Offenses",229,4.80349344978166
189,2025,"Sex Offenses",240,-21.25
