"YTDCount","Year","Offense","PrevYTDCount","YTDPercentageChange"
419,2019,"Sex Offenses",NA,NA
321,2020,"Sex Offenses",419,-23.3890214797136
310,2021,"Sex Offenses",321,-3.42679127725857
302,2022,"Sex Offenses",310,-2.58064516129032
355,2023,"Sex Offenses",302,17.5496688741722
350,2024,"Sex Offenses",355,-1.40845070422535
301,2025,"Sex Offenses",350,-14
