"YTDCount","Year","Offense","PrevYTDCount","YTDPercentageChange"
922,2019,"Sex Offenses",NA,NA
780,2020,"Sex Offenses",922,-15.4013015184382
774,2021,"Sex Offenses",780,-0.769230769230766
728,2022,"Sex Offenses",774,-5.94315245478036
792,2023,"Sex Offenses",728,8.79120879120878
823,2024,"Sex Offenses",792,3.91414141414141
805,2025,"Sex Offenses",823,-2.18712029161604
