"YTDCount","Year","Offense","PrevYTDCount","YTDPercentageChange"
343,2019,"Sex Offenses",NA,NA
278,2020,"Sex Offenses",343,-18.9504373177843
263,2021,"Sex Offenses",278,-5.39568345323741
247,2022,"Sex Offenses",263,-6.08365019011407
291,2023,"Sex Offenses",247,17.8137651821862
297,2024,"Sex Offenses",291,2.06185567010309
248,2025,"Sex Offenses",297,-16.4983164983165
