"YTDCount","Year","Offense","PrevYTDCount","YTDPercentageChange"
420,2019,"Sex Offenses",NA,NA
324,2020,"Sex Offenses",420,-22.8571428571429
312,2021,"Sex Offenses",324,-3.70370370370371
305,2022,"Sex Offenses",312,-2.24358974358975
358,2023,"Sex Offenses",305,17.3770491803279
327,2024,"Sex Offenses",358,-8.65921787709497
