"YTDCount","Year","Offense","PrevYTDCount","YTDPercentageChange"
526,2019,"Sex Offenses",NA,NA
432,2020,"Sex Offenses",526,-17.8707224334601
402,2021,"Sex Offenses",432,-6.94444444444444
404,2022,"Sex Offenses",402,0.497512437810954
457,2023,"Sex Offenses",404,13.1188118811881
407,2024,"Sex Offenses",457,-10.9409190371991
