"YTDCount","Year","Offense","PrevYTDCount","YTDPercentageChange"
662,2019,"Sex Offenses",NA,NA
560,2020,"Sex Offenses",662,-15.4078549848943
536,2021,"Sex Offenses",560,-4.28571428571428
513,2022,"Sex Offenses",536,-4.2910447761194
581,2023,"Sex Offenses",513,13.2553606237817
544,2024,"Sex Offenses",581,-6.36833046471601
