"YTDCount","Year","Offense","PrevYTDCount","YTDPercentageChange"
705,2019,"Sex Offenses",NA,NA
601,2020,"Sex Offenses",705,-14.7517730496454
566,2021,"Sex Offenses",601,-5.82362728785357
545,2022,"Sex Offenses",566,-3.71024734982333
614,2023,"Sex Offenses",545,12.6605504587156
583,2024,"Sex Offenses",614,-5.04885993485342
