"YTDCount","Year","Offense","PrevYTDCount","YTDPercentageChange"
173,2019,"Sex Offenses",NA,NA
197,2020,"Sex Offenses",173,13.8728323699422
168,2021,"Sex Offenses",197,-14.7208121827411
144,2022,"Sex Offenses",168,-14.2857142857143
169,2023,"Sex Offenses",144,17.3611111111111
186,2024,"Sex Offenses",169,10.0591715976331
126,2025,"Sex Offenses",186,-32.258064516129
