"YTDCount","Year","Offense","PrevYTDCount","YTDPercentageChange"
61,2019,"Sex Offenses",NA,NA
55,2020,"Sex Offenses",61,-9.83606557377049
62,2021,"Sex Offenses",55,12.7272727272727
45,2022,"Sex Offenses",62,-27.4193548387097
50,2023,"Sex Offenses",45,11.1111111111111
58,2024,"Sex Offenses",50,16
56,2025,"Sex Offenses",58,-3.44827586206896
54,2026,"Sex Offenses",56,-3.57142857142857
