"YTDCount","Year","Offense","PrevYTDCount","YTDPercentageChange"
909,2019,"Sex Offenses",NA,NA
774,2020,"Sex Offenses",909,-14.8514851485149
761,2021,"Sex Offenses",774,-1.67958656330749
713,2022,"Sex Offenses",761,-6.30749014454665
774,2023,"Sex Offenses",713,8.55539971949508
803,2024,"Sex Offenses",774,3.74677002583979
786,2025,"Sex Offenses",803,-2.11706102117061
