"YTDCount","Year","Offense","PrevYTDCount","YTDPercentageChange"
494,2019,"Sex Offenses",NA,NA
403,2020,"Sex Offenses",494,-18.421052631579
376,2021,"Sex Offenses",403,-6.69975186104218
377,2022,"Sex Offenses",376,0.265957446808507
432,2023,"Sex Offenses",377,14.5888594164456
389,2024,"Sex Offenses",432,-9.95370370370371
