"YTDCount","Year","Offense","PrevYTDCount","YTDPercentageChange"
111,2019,"Sex Offenses",NA,NA
110,2020,"Sex Offenses",111,-0.900900900900903
113,2021,"Sex Offenses",110,2.72727272727273
90,2022,"Sex Offenses",113,-20.353982300885
105,2023,"Sex Offenses",90,16.6666666666667
111,2024,"Sex Offenses",105,5.71428571428572
90,2025,"Sex Offenses",111,-18.9189189189189
