"YTDCount","Year","Offense","PrevYTDCount","YTDPercentageChange"
931,2019,"Sex Offenses",NA,NA
788,2020,"Sex Offenses",931,-15.359828141783
779,2021,"Sex Offenses",788,-1.14213197969543
735,2022,"Sex Offenses",779,-5.64826700898587
800,2023,"Sex Offenses",735,8.843537414966
827,2024,"Sex Offenses",800,3.37499999999999
813,2025,"Sex Offenses",827,-1.69286577992744
