"YTDCount","Year","Offense","PrevYTDCount","YTDPercentageChange"
733,2019,"Sex Offenses",NA,NA
626,2020,"Sex Offenses",733,-14.5975443383356
598,2021,"Sex Offenses",626,-4.47284345047924
567,2022,"Sex Offenses",598,-5.18394648829431
641,2023,"Sex Offenses",567,13.0511463844797
633,2024,"Sex Offenses",641,-1.24804992199687
604,2025,"Sex Offenses",633,-4.58135860979463
