"YTDCount","Year","Offense","PrevYTDCount","YTDPercentageChange"
29,2019,"Sex Offenses",NA,NA
32,2020,"Sex Offenses",29,10.3448275862069
39,2021,"Sex Offenses",32,21.875
33,2022,"Sex Offenses",39,-15.3846153846154
35,2023,"Sex Offenses",33,6.06060606060606
44,2024,"Sex Offenses",35,25.7142857142857
23,2025,"Sex Offenses",44,-47.7272727272727
