"YTDCount","Year","Offense","PrevYTDCount","YTDPercentageChange"
526,2019,"Sex Offenses",NA,NA
432,2020,"Sex Offenses",526,-17.8707224334601
402,2021,"Sex Offenses",432,-6.94444444444444
404,2022,"Sex Offenses",402,0.497512437810954
457,2023,"Sex Offenses",404,13.1188118811881
435,2024,"Sex Offenses",457,-4.81400437636762
388,2025,"Sex Offenses",435,-10.8045977011494
