"YTDCount","Year","Offense","PrevYTDCount","YTDPercentageChange"
740,2019,"Sex Offenses",NA,NA
638,2020,"Sex Offenses",740,-13.7837837837838
604,2021,"Sex Offenses",638,-5.32915360501567
568,2022,"Sex Offenses",604,-5.96026490066225
646,2023,"Sex Offenses",568,13.7323943661972
614,2024,"Sex Offenses",646,-4.95356037151703
