"YTDCount","Year","Offense","PrevYTDCount","YTDPercentageChange"
504,2019,"Sex Offenses",NA,NA
415,2020,"Sex Offenses",504,-17.6587301587302
387,2021,"Sex Offenses",415,-6.74698795180723
384,2022,"Sex Offenses",387,-0.775193798449614
438,2023,"Sex Offenses",384,14.0625
421,2024,"Sex Offenses",438,-3.88127853881278
371,2025,"Sex Offenses",421,-11.8764845605701
