"YTDCount","Year","Offense","PrevYTDCount","YTDPercentageChange"
456,2019,"Sex Offenses",NA,NA
346,2020,"Sex Offenses",456,-24.1228070175439
341,2021,"Sex Offenses",346,-1.44508670520231
330,2022,"Sex Offenses",341,-3.2258064516129
390,2023,"Sex Offenses",330,18.1818181818182
393,2024,"Sex Offenses",390,0.769230769230766
314,2025,"Sex Offenses",393,-20.1017811704835
