"YTDCount","Year","Offense","PrevYTDCount","YTDPercentageChange"
700,2019,"Sex Offenses",NA,NA
598,2020,"Sex Offenses",700,-14.5714285714286
565,2021,"Sex Offenses",598,-5.51839464882943
542,2022,"Sex Offenses",565,-4.070796460177
613,2023,"Sex Offenses",542,13.09963099631
580,2024,"Sex Offenses",613,-5.38336052202284
