"YTDCount","Year","Offense","PrevYTDCount","YTDPercentageChange"
467,2019,"Sex Offenses",NA,NA
368,2020,"Sex Offenses",467,-21.1991434689508
354,2021,"Sex Offenses",368,-3.80434782608695
355,2022,"Sex Offenses",354,0.282485875706207
415,2023,"Sex Offenses",355,16.9014084507042
381,2024,"Sex Offenses",415,-8.19277108433735
