"YTDCount","Year","Offense","PrevYTDCount","YTDPercentageChange"
116,2019,"Sex Offenses",NA,NA
118,2020,"Sex Offenses",116,1.72413793103448
115,2021,"Sex Offenses",118,-2.54237288135594
92,2022,"Sex Offenses",115,-20
108,2023,"Sex Offenses",92,17.3913043478261
119,2024,"Sex Offenses",108,10.1851851851852
101,2025,"Sex Offenses",119,-15.1260504201681
122,2026,"Sex Offenses",101,20.7920792079208
