"YTDCount","Year","Offense","PrevYTDCount","YTDPercentageChange"
130,2019,"Sex Offenses",NA,NA
129,2020,"Sex Offenses",130,-0.769230769230766
129,2021,"Sex Offenses",129,0
100,2022,"Sex Offenses",129,-22.4806201550388
124,2023,"Sex Offenses",100,24
132,2024,"Sex Offenses",124,6.4516129032258
117,2025,"Sex Offenses",132,-11.3636363636364
135,2026,"Sex Offenses",117,15.3846153846154
