"YTDCount","Year","Offense","PrevYTDCount","YTDPercentageChange"
909,2019,"Sex Offenses",NA,NA
807,2020,"Sex Offenses",909,-11.2211221122112
795,2021,"Sex Offenses",807,-1.48698884758365
764,2022,"Sex Offenses",795,-3.89937106918239
814,2023,"Sex Offenses",764,6.54450261780104
850,2024,"Sex Offenses",814,4.42260442260443
841,2025,"Sex Offenses",850,-1.05882352941177
