"YTDCount","Year","Offense","PrevYTDCount","YTDPercentageChange"
807,2019,"Sex Offenses",NA,NA
709,2020,"Sex Offenses",807,-12.1437422552664
682,2021,"Sex Offenses",709,-3.80818053596615
637,2022,"Sex Offenses",682,-6.59824046920822
708,2023,"Sex Offenses",637,11.1459968602826
708,2024,"Sex Offenses",708,0
694,2025,"Sex Offenses",708,-1.9774011299435
