"YTDCount","Year","Offense","PrevYTDCount","YTDPercentageChange"
547,2019,"Sex Offenses",NA,NA
457,2020,"Sex Offenses",547,-16.4533820840951
416,2021,"Sex Offenses",457,-8.97155361050328
424,2022,"Sex Offenses",416,1.92307692307692
484,2023,"Sex Offenses",424,14.1509433962264
438,2024,"Sex Offenses",484,-9.50413223140496
