"YTDCount","Year","Offense","PrevYTDCount","YTDPercentageChange"
542,2019,"Sex Offenses",NA,NA
455,2020,"Sex Offenses",542,-16.0516605166052
414,2021,"Sex Offenses",455,-9.01098901098901
420,2022,"Sex Offenses",414,1.44927536231885
481,2023,"Sex Offenses",420,14.5238095238095
453,2024,"Sex Offenses",481,-5.82120582120582
422,2025,"Sex Offenses",453,-6.84326710816777
