"YTDCount","Year","Offense","PrevYTDCount","YTDPercentageChange"
358,2019,"Sex Offenses",NA,NA
282,2020,"Sex Offenses",358,-21.2290502793296
270,2021,"Sex Offenses",282,-4.25531914893616
258,2022,"Sex Offenses",270,-4.44444444444444
299,2023,"Sex Offenses",258,15.8914728682171
303,2024,"Sex Offenses",299,1.33779264214047
