"YTDCount","Year","Offense","PrevYTDCount","YTDPercentageChange"
786,2019,"Sex Offenses",NA,NA
695,2020,"Sex Offenses",786,-11.5776081424936
664,2021,"Sex Offenses",695,-4.46043165467626
615,2022,"Sex Offenses",664,-7.37951807228916
696,2023,"Sex Offenses",615,13.1707317073171
659,2024,"Sex Offenses",696,-5.31609195402298
