"YTDCount","Year","Offense","PrevYTDCount","YTDPercentageChange"
753,2019,"Sex Offenses",NA,NA
644,2020,"Sex Offenses",753,-14.4754316069057
613,2021,"Sex Offenses",644,-4.81366459627329
575,2022,"Sex Offenses",613,-6.19902120717781
653,2023,"Sex Offenses",575,13.5652173913043
655,2024,"Sex Offenses",653,0.306278713629404
619,2025,"Sex Offenses",655,-5.49618320610687
