"YTDCount","Year","Offense","PrevYTDCount","YTDPercentageChange"
910,2019,"Sex Offenses",NA,NA
774,2020,"Sex Offenses",910,-14.9450549450549
761,2021,"Sex Offenses",774,-1.67958656330749
713,2022,"Sex Offenses",761,-6.30749014454665
774,2023,"Sex Offenses",713,8.55539971949508
782,2024,"Sex Offenses",774,1.03359173126616
