"YTDCount","Year","Offense","PrevYTDCount","YTDPercentageChange"
557,2019,"Sex Offenses",NA,NA
461,2020,"Sex Offenses",557,-17.2351885098743
422,2021,"Sex Offenses",461,-8.45986984815619
431,2022,"Sex Offenses",422,2.13270142180095
498,2023,"Sex Offenses",431,15.5452436194896
446,2024,"Sex Offenses",498,-10.4417670682731
