"YTDCount","Year","Offense","PrevYTDCount","YTDPercentageChange"
371,2019,"Sex Offenses",NA,NA
284,2020,"Sex Offenses",371,-23.4501347708895
276,2021,"Sex Offenses",284,-2.8169014084507
268,2022,"Sex Offenses",276,-2.89855072463768
307,2023,"Sex Offenses",268,14.5522388059701
311,2024,"Sex Offenses",307,1.30293159609121
