"YTDCount","Year","Offense","PrevYTDCount","YTDPercentageChange"
614,2019,"Sex Offenses",NA,NA
522,2020,"Sex Offenses",614,-14.9837133550489
481,2021,"Sex Offenses",522,-7.8544061302682
471,2022,"Sex Offenses",481,-2.07900207900208
547,2023,"Sex Offenses",471,16.135881104034
525,2024,"Sex Offenses",547,-4.02193784277879
484,2025,"Sex Offenses",525,-7.80952380952381
