"YTDCount","Year","Offense","PrevYTDCount","YTDPercentageChange"
848,2019,"Sex Offenses",NA,NA
738,2020,"Sex Offenses",848,-12.9716981132076
726,2021,"Sex Offenses",738,-1.6260162601626
685,2022,"Sex Offenses",726,-5.64738292011019
738,2023,"Sex Offenses",685,7.73722627737226
728,2024,"Sex Offenses",738,-1.3550135501355
