"YTDCount","Year","Offense","PrevYTDCount","YTDPercentageChange"
518,2019,"Sex Offenses",NA,NA
424,2020,"Sex Offenses",518,-18.1467181467181
396,2021,"Sex Offenses",424,-6.60377358490566
391,2022,"Sex Offenses",396,-1.26262626262627
448,2023,"Sex Offenses",391,14.5780051150895
426,2024,"Sex Offenses",448,-4.91071428571429
381,2025,"Sex Offenses",426,-10.5633802816901
