"YTDCount","Year","Offense","PrevYTDCount","YTDPercentageChange"
643,2019,"Sex Offenses",NA,NA
544,2020,"Sex Offenses",643,-15.3965785381026
503,2021,"Sex Offenses",544,-7.53676470588235
491,2022,"Sex Offenses",503,-2.38568588469185
566,2023,"Sex Offenses",491,15.2749490835031
546,2024,"Sex Offenses",566,-3.53356890459364
504,2025,"Sex Offenses",546,-7.69230769230769
