"YTDCount","Year","Offense","PrevYTDCount","YTDPercentageChange"
683,2019,"Sex Offenses",NA,NA
581,2020,"Sex Offenses",683,-14.9341142020498
555,2021,"Sex Offenses",581,-4.4750430292599
528,2022,"Sex Offenses",555,-4.86486486486486
598,2023,"Sex Offenses",528,13.2575757575758
569,2024,"Sex Offenses",598,-4.84949832775919
