"YTDCount","Year","Offense","PrevYTDCount","YTDPercentageChange"
44,2019,"Sex Offenses",NA,NA
37,2020,"Sex Offenses",44,-15.9090909090909
55,2021,"Sex Offenses",37,48.6486486486486
38,2022,"Sex Offenses",55,-30.9090909090909
45,2023,"Sex Offenses",38,18.4210526315789
49,2024,"Sex Offenses",45,8.88888888888888
42,2025,"Sex Offenses",49,-14.2857142857143
48,2026,"Sex Offenses",42,14.2857142857143
