"YTDCount","Year","Offense","PrevYTDCount","YTDPercentageChange"
633,2019,"Sex Offenses",NA,NA
538,2020,"Sex Offenses",633,-15.0078988941548
496,2021,"Sex Offenses",538,-7.80669144981413
483,2022,"Sex Offenses",496,-2.62096774193549
556,2023,"Sex Offenses",483,15.1138716356108
511,2024,"Sex Offenses",556,-8.09352517985612
