"YTDCount","Year","Offense","PrevYTDCount","YTDPercentageChange"
429,2019,"Sex Offenses",NA,NA
328,2020,"Sex Offenses",429,-23.5431235431235
318,2021,"Sex Offenses",328,-3.04878048780488
310,2022,"Sex Offenses",318,-2.51572327044025
370,2023,"Sex Offenses",310,19.3548387096774
367,2024,"Sex Offenses",370,-0.810810810810814
290,2025,"Sex Offenses",367,-20.9809264305177
