"YTDCount","Year","Offense","PrevYTDCount","YTDPercentageChange"
94,2019,"Sex Offenses",NA,NA
98,2020,"Sex Offenses",94,4.25531914893618
109,2021,"Sex Offenses",98,11.2244897959184
77,2022,"Sex Offenses",109,-29.3577981651376
89,2023,"Sex Offenses",77,15.5844155844156
107,2024,"Sex Offenses",89,20.2247191011236
84,2025,"Sex Offenses",107,-21.4953271028037
99,2026,"Sex Offenses",84,17.8571428571429
