"YTDCount","Year","Offense","PrevYTDCount","YTDPercentageChange"
408,2019,"Sex Offenses",NA,NA
311,2020,"Sex Offenses",408,-23.7745098039216
304,2021,"Sex Offenses",311,-2.2508038585209
288,2022,"Sex Offenses",304,-5.26315789473685
339,2023,"Sex Offenses",288,17.7083333333333
327,2024,"Sex Offenses",339,-3.53982300884956
