"YTDCount","Year","Offense","PrevYTDCount","YTDPercentageChange"
414,2019,"Sex Offenses",NA,NA
314,2020,"Sex Offenses",414,-24.1545893719807
306,2021,"Sex Offenses",314,-2.54777070063694
297,2022,"Sex Offenses",306,-2.94117647058824
347,2023,"Sex Offenses",297,16.8350168350168
346,2024,"Sex Offenses",347,-0.288184438040351
296,2025,"Sex Offenses",346,-14.4508670520231
