"YTDCount","Year","Offense","PrevYTDCount","YTDPercentageChange"
722,2019,"Sex Offenses",NA,NA
616,2020,"Sex Offenses",722,-14.6814404432133
579,2021,"Sex Offenses",616,-6.0064935064935
558,2022,"Sex Offenses",579,-3.62694300518135
619,2023,"Sex Offenses",558,10.9318996415771
592,2024,"Sex Offenses",619,-4.36187399030694
