"YTDCount","Year","Offense","PrevYTDCount","YTDPercentageChange"
602,2019,"Sex Offenses",NA,NA
497,2020,"Sex Offenses",602,-17.4418604651163
459,2021,"Sex Offenses",497,-7.64587525150905
457,2022,"Sex Offenses",459,-0.435729847494548
530,2023,"Sex Offenses",457,15.9737417943107
490,2024,"Sex Offenses",530,-7.54716981132075
