"YTDCount","Year","Offense","PrevYTDCount","YTDPercentageChange"
312,2019,"Sex Offenses",NA,NA
266,2020,"Sex Offenses",312,-14.7435897435897
246,2021,"Sex Offenses",266,-7.5187969924812
224,2022,"Sex Offenses",246,-8.94308943089431
259,2023,"Sex Offenses",224,15.625
273,2024,"Sex Offenses",259,5.40540540540539
223,2025,"Sex Offenses",273,-18.3150183150183
