"YTDCount","Year","Offense","PrevYTDCount","YTDPercentageChange"
857,2019,"Sex Offenses",NA,NA
750,2020,"Sex Offenses",857,-12.485414235706
734,2021,"Sex Offenses",750,-2.13333333333333
694,2022,"Sex Offenses",734,-5.44959128065395
745,2023,"Sex Offenses",694,7.34870317002883
733,2024,"Sex Offenses",745,-1.61073825503356
