"YTDCount","Year","Offense","PrevYTDCount","YTDPercentageChange"
319,2019,"Sex Offenses",NA,NA
269,2020,"Sex Offenses",319,-15.6739811912226
252,2021,"Sex Offenses",269,-6.31970260223048
228,2022,"Sex Offenses",252,-9.52380952380952
270,2023,"Sex Offenses",228,18.4210526315789
264,2024,"Sex Offenses",270,-2.22222222222223
