"YTDCount","Year","Offense","PrevYTDCount","YTDPercentageChange"
520,2019,"Sex Offenses",NA,NA
426,2020,"Sex Offenses",520,-18.0769230769231
399,2021,"Sex Offenses",426,-6.33802816901409
395,2022,"Sex Offenses",399,-1.00250626566416
454,2023,"Sex Offenses",395,14.9367088607595
403,2024,"Sex Offenses",454,-11.2334801762115
