"YTDCount","Year","Offense","PrevYTDCount","YTDPercentageChange"
163,2019,"Sex Offenses",NA,NA
178,2020,"Sex Offenses",163,9.20245398773005
161,2021,"Sex Offenses",178,-9.55056179775281
133,2022,"Sex Offenses",161,-17.3913043478261
160,2023,"Sex Offenses",133,20.3007518796992
171,2024,"Sex Offenses",160,6.87500000000001
139,2025,"Sex Offenses",171,-18.7134502923977
168,2026,"Sex Offenses",139,20.863309352518
