"YTDCount","Year","Offense","PrevYTDCount","YTDPercentageChange"
439,2019,"Sex Offenses",NA,NA
332,2020,"Sex Offenses",439,-24.373576309795
322,2021,"Sex Offenses",332,-3.01204819277109
311,2022,"Sex Offenses",322,-3.41614906832298
373,2023,"Sex Offenses",311,19.935691318328
347,2024,"Sex Offenses",373,-6.97050938337802
