"YTDCount","Year","Offense","PrevYTDCount","YTDPercentageChange"
853,2019,"Sex Offenses",NA,NA
743,2020,"Sex Offenses",853,-12.8956623681125
728,2021,"Sex Offenses",743,-2.01884253028264
690,2022,"Sex Offenses",728,-5.21978021978022
742,2023,"Sex Offenses",690,7.53623188405796
749,2024,"Sex Offenses",742,0.943396226415105
738,2025,"Sex Offenses",749,-1.46862483311081
