"YTDCount","Year","Offense","PrevYTDCount","YTDPercentageChange"
107,2019,"Sex Offenses",NA,NA
109,2020,"Sex Offenses",107,1.86915887850467
113,2021,"Sex Offenses",109,3.6697247706422
86,2022,"Sex Offenses",113,-23.8938053097345
101,2023,"Sex Offenses",86,17.4418604651163
111,2024,"Sex Offenses",101,9.90099009900991
95,2025,"Sex Offenses",111,-14.4144144144144
116,2026,"Sex Offenses",95,22.1052631578947
