"YTDCount","Year","Offense","PrevYTDCount","YTDPercentageChange"
654,2019,"Sex Offenses",NA,NA
549,2020,"Sex Offenses",654,-16.0550458715596
522,2021,"Sex Offenses",549,-4.91803278688525
501,2022,"Sex Offenses",522,-4.02298850574713
571,2023,"Sex Offenses",501,13.9720558882235
534,2024,"Sex Offenses",571,-6.47985989492119
