"YTDCount","Year","Offense","PrevYTDCount","YTDPercentageChange"
756,2019,"Robbery",NA,NA
959,2020,"Robbery",756,26.8518518518519
1096,2021,"Robbery",959,14.2857142857143
1137,2022,"Robbery",1096,3.74087591240877
855,2023,"Robbery",1137,-24.802110817942
998,2024,"Robbery",855,16.7251461988304
