"YTDCount","Year","Offense","PrevYTDCount","YTDPercentageChange"
34,2019,"Robbery",NA,NA
41,2020,"Robbery",34,20.5882352941176
59,2021,"Robbery",41,43.9024390243902
62,2022,"Robbery",59,5.08474576271187
46,2023,"Robbery",62,-25.8064516129032
42,2024,"Robbery",46,-8.69565217391305
31,2025,"Robbery",42,-26.1904761904762
19,2026,"Robbery",31,-38.7096774193548
