"YTDCount","Year","Offense","PrevYTDCount","YTDPercentageChange"
302,2019,"Robbery",NA,NA
436,2020,"Robbery",302,44.3708609271523
523,2021,"Robbery",436,19.954128440367
518,2022,"Robbery",523,-0.956022944550672
404,2023,"Robbery",518,-22.007722007722
476,2024,"Robbery",404,17.8217821782178
306,2025,"Robbery",476,-35.7142857142857
