"YTDCount","Year","Offense","PrevYTDCount","YTDPercentageChange"
80,2019,"Robbery",NA,NA
124,2020,"Robbery",80,55
195,2021,"Robbery",124,57.258064516129
175,2022,"Robbery",195,-10.2564102564103
122,2023,"Robbery",175,-30.2857142857143
144,2024,"Robbery",122,18.0327868852459
98,2025,"Robbery",144,-31.9444444444444
75,2026,"Robbery",98,-23.469387755102
