"YTDCount","Year","Offense","PrevYTDCount","YTDPercentageChange"
866,2019,"Robbery",NA,NA
1121,2020,"Robbery",866,29.445727482679
1206,2021,"Robbery",1121,7.58251561106156
1254,2022,"Robbery",1206,3.98009950248757
937,2023,"Robbery",1254,-25.2791068580542
1117,2024,"Robbery",937,19.2102454642476
716,2025,"Robbery",1117,-35.8997314234557
