"YTDCount","Year","Offense","PrevYTDCount","YTDPercentageChange"
782,2019,"Robbery",NA,NA
991,2020,"Robbery",782,26.7263427109975
1127,2021,"Robbery",991,13.72351160444
1175,2022,"Robbery",1127,4.25909494232475
871,2023,"Robbery",1175,-25.8723404255319
1033,2024,"Robbery",871,18.5993111366246
