"YTDCount","Year","Offense","PrevYTDCount","YTDPercentageChange"
704,2019,"Robbery",NA,NA
923,2020,"Robbery",704,31.1079545454545
1050,2021,"Robbery",923,13.759479956663
1072,2022,"Robbery",1050,2.09523809523811
822,2023,"Robbery",1072,-23.3208955223881
972,2024,"Robbery",822,18.2481751824818
622,2025,"Robbery",972,-36.0082304526749
