"YTDCount","Year","Offense","PrevYTDCount","YTDPercentageChange"
939,2019,"Robbery",NA,NA
1227,2020,"Robbery",939,30.6709265175719
1284,2021,"Robbery",1227,4.64547677261613
1352,2022,"Robbery",1284,5.29595015576323
1008,2023,"Robbery",1352,-25.4437869822485
1165,2024,"Robbery",1008,15.5753968253968
770,2025,"Robbery",1165,-33.9055793991416
