"YTDCount","Year","Offense","PrevYTDCount","YTDPercentageChange"
1252,2019,"Robbery",NA,NA
1756,2020,"Robbery",1252,40.2555910543131
2078,2021,"Robbery",1756,18.3371298405467
1722,2022,"Robbery",2078,-17.1318575553417
1361,2023,"Robbery",1722,-20.9639953542393
1530,2024,"Robbery",1361,12.417340191036
1029,2025,"Robbery",1530,-32.7450980392157
