"YTDCount","Year","Offense","PrevYTDCount","YTDPercentageChange"
1225,2019,"Robbery",NA,NA
1679,2020,"Robbery",1225,37.0612244897959
1978,2021,"Robbery",1679,17.8082191780822
1662,2022,"Robbery",1978,-15.9757330637007
1323,2023,"Robbery",1662,-20.3971119133574
1486,2024,"Robbery",1323,12.3204837490552
1006,2025,"Robbery",1486,-32.3014804845222
