"YTDCount","Year","Offense","PrevYTDCount","YTDPercentageChange"
77,2019,"Robbery",NA,NA
114,2020,"Robbery",77,48.0519480519481
190,2021,"Robbery",114,66.6666666666667
160,2022,"Robbery",190,-15.7894736842105
120,2023,"Robbery",160,-25
138,2024,"Robbery",120,15
94,2025,"Robbery",138,-31.8840579710145
67,2026,"Robbery",94,-28.7234042553192
