"YTDCount","Year","Offense","PrevYTDCount","YTDPercentageChange"
894,2019,"Robbery",NA,NA
1176,2020,"Robbery",894,31.5436241610738
1238,2021,"Robbery",1176,5.27210884353742
1290,2022,"Robbery",1238,4.20032310177707
980,2023,"Robbery",1290,-24.031007751938
1134,2024,"Robbery",980,15.7142857142857
