"YTDCount","Year","Offense","PrevYTDCount","YTDPercentageChange"
934,2019,"Robbery",NA,NA
1220,2020,"Robbery",934,30.6209850107066
1279,2021,"Robbery",1220,4.8360655737705
1349,2022,"Robbery",1279,5.47302580140734
1006,2023,"Robbery",1349,-25.4262416604892
1154,2024,"Robbery",1006,14.7117296222664
