"YTDCount","Year","Offense","PrevYTDCount","YTDPercentageChange"
288,2019,"Robbery",NA,NA
432,2020,"Robbery",288,50
512,2021,"Robbery",432,18.5185185185185
504,2022,"Robbery",512,-1.5625
395,2023,"Robbery",504,-21.6269841269841
467,2024,"Robbery",395,18.2278481012658
300,2025,"Robbery",467,-35.7601713062099
