"YTDCount","Year","Offense","PrevYTDCount","YTDPercentageChange"
94,2019,"Robbery",NA,NA
151,2020,"Robbery",94,60.6382978723404
231,2021,"Robbery",151,52.9801324503311
221,2022,"Robbery",231,-4.32900432900433
144,2023,"Robbery",221,-34.841628959276
216,2024,"Robbery",144,50
125,2025,"Robbery",216,-42.1296296296296
99,2026,"Robbery",125,-20.8
