"YTDCount","Year","Offense","PrevYTDCount","YTDPercentageChange"
219,2019,"Robbery",NA,NA
365,2020,"Robbery",219,66.6666666666667
419,2021,"Robbery",365,14.7945205479452
426,2022,"Robbery",419,1.67064439140812
300,2023,"Robbery",426,-29.5774647887324
393,2024,"Robbery",300,31
250,2025,"Robbery",393,-36.3867684478371
