"YTDCount","Year","Offense","PrevYTDCount","YTDPercentageChange"
1154,2019,"Robbery",NA,NA
1585,2020,"Robbery",1154,37.3483535528596
1765,2021,"Robbery",1585,11.3564668769716
1588,2022,"Robbery",1765,-10.028328611898
1250,2023,"Robbery",1588,-21.2846347607053
1384,2024,"Robbery",1250,10.72
