"YTDCount","Year","Offense","PrevYTDCount","YTDPercentageChange"
294,2019,"Robbery",NA,NA
433,2020,"Robbery",294,47.2789115646258
518,2021,"Robbery",433,19.6304849884527
511,2022,"Robbery",518,-1.35135135135135
400,2023,"Robbery",511,-21.7221135029354
471,2024,"Robbery",400,17.75
304,2025,"Robbery",471,-35.4564755838641
