"YTDCount","Year","Offense","PrevYTDCount","YTDPercentageChange"
359,2019,"Robbery",NA,NA
462,2020,"Robbery",359,28.6908077994429
638,2021,"Robbery",462,38.0952380952381
597,2022,"Robbery",638,-6.42633228840125
480,2023,"Robbery",597,-19.5979899497487
538,2024,"Robbery",480,12.0833333333333
