"YTDCount","Year","Offense","PrevYTDCount","YTDPercentageChange"
163,2019,"Robbery",NA,NA
279,2020,"Robbery",163,71.1656441717791
331,2021,"Robbery",279,18.6379928315412
340,2022,"Robbery",331,2.71903323262841
227,2023,"Robbery",340,-33.2352941176471
328,2024,"Robbery",227,44.4933920704846
181,2025,"Robbery",328,-44.8170731707317
