"YTDCount","Year","Offense","PrevYTDCount","YTDPercentageChange"
738,2019,"Robbery",NA,NA
950,2020,"Robbery",738,28.7262872628726
1086,2021,"Robbery",950,14.3157894736842
1125,2022,"Robbery",1086,3.59116022099448
845,2023,"Robbery",1125,-24.8888888888889
996,2024,"Robbery",845,17.8698224852071
648,2025,"Robbery",996,-34.9397590361446
