"YTDCount","Year","Offense","PrevYTDCount","YTDPercentageChange"
1317,2019,"Robbery",NA,NA
1817,2020,"Robbery",1317,37.965072133637
2207,2021,"Robbery",1817,21.4639515685195
1789,2022,"Robbery",2207,-18.9397371998188
1440,2023,"Robbery",1789,-19.5081050866406
1581,2024,"Robbery",1440,9.79166666666666
