"YTDCount","Year","Offense","PrevYTDCount","YTDPercentageChange"
39,2019,"Robbery",NA,NA
53,2020,"Robbery",39,35.8974358974359
94,2021,"Robbery",53,77.3584905660377
76,2022,"Robbery",94,-19.1489361702128
68,2023,"Robbery",76,-10.5263157894737
54,2024,"Robbery",68,-20.5882352941177
33,2025,"Robbery",54,-38.8888888888889
