"YTDCount","Year","Offense","PrevYTDCount","YTDPercentageChange"
117,2019,"Robbery",NA,NA
179,2020,"Robbery",117,52.991452991453
263,2021,"Robbery",179,46.927374301676
263,2022,"Robbery",263,0
176,2023,"Robbery",263,-33.0798479087453
264,2024,"Robbery",176,50
141,2025,"Robbery",264,-46.5909090909091
