"YTDCount","Year","Offense","PrevYTDCount","YTDPercentageChange"
250,2019,"Robbery",NA,NA
389,2020,"Robbery",250,55.6
453,2021,"Robbery",389,16.452442159383
448,2022,"Robbery",453,-1.10375275938189
342,2023,"Robbery",448,-23.6607142857143
432,2024,"Robbery",342,26.3157894736842
272,2025,"Robbery",432,-37.037037037037
