"YTDCount","Year","Offense","PrevYTDCount","YTDPercentageChange"
276,2019,"Robbery",NA,NA
418,2020,"Robbery",276,51.4492753623188
503,2021,"Robbery",418,20.3349282296651
494,2022,"Robbery",503,-1.78926441351889
378,2023,"Robbery",494,-23.4817813765182
458,2024,"Robbery",378,21.1640211640212
292,2025,"Robbery",458,-36.2445414847162
