"YTDCount","Year","Offense","PrevYTDCount","YTDPercentageChange"
355,2019,"Robbery",NA,NA
460,2020,"Robbery",355,29.5774647887324
631,2021,"Robbery",460,37.1739130434783
595,2022,"Robbery",631,-5.70522979397782
472,2023,"Robbery",595,-20.672268907563
538,2024,"Robbery",472,13.9830508474576
354,2025,"Robbery",538,-34.2007434944238
