"YTDCount","Year","Offense","PrevYTDCount","YTDPercentageChange"
1221,2019,"Robbery",NA,NA
1677,2020,"Robbery",1221,37.3464373464373
1968,2021,"Robbery",1677,17.3524150268336
1656,2022,"Robbery",1968,-15.8536585365854
1320,2023,"Robbery",1656,-20.2898550724638
1483,2024,"Robbery",1320,12.3484848484849
1003,2025,"Robbery",1483,-32.3668240053945
