"YTDCount","Year","Offense","PrevYTDCount","YTDPercentageChange"
764,2019,"Robbery",NA,NA
968,2020,"Robbery",764,26.7015706806283
1113,2021,"Robbery",968,14.9793388429752
1155,2022,"Robbery",1113,3.77358490566038
862,2023,"Robbery",1155,-25.3679653679654
1024,2024,"Robbery",862,18.7935034802784
659,2025,"Robbery",1024,-35.64453125
