"YTDCount","Year","Offense","PrevYTDCount","YTDPercentageChange"
827,2019,"Robbery",NA,NA
1040,2020,"Robbery",827,25.7557436517533
1161,2021,"Robbery",1040,11.6346153846154
1203,2022,"Robbery",1161,3.61757105943152
896,2023,"Robbery",1203,-25.5195344970906
1075,2024,"Robbery",896,19.9776785714286
