"YTDCount","Year","Offense","PrevYTDCount","YTDPercentageChange"
996,2019,"Robbery",NA,NA
1302,2020,"Robbery",996,30.7228915662651
1382,2021,"Robbery",1302,6.14439324116745
1402,2022,"Robbery",1382,1.44717800289436
1072,2023,"Robbery",1402,-23.5378031383737
1211,2024,"Robbery",1072,12.9664179104478
815,2025,"Robbery",1211,-32.7002477291495
