"YTDCount","Year","Offense","PrevYTDCount","YTDPercentageChange"
609,2019,"Robbery",NA,NA
739,2020,"Robbery",609,21.3464696223317
929,2021,"Robbery",739,25.7104194857916
905,2022,"Robbery",929,-2.58342303552207
709,2023,"Robbery",905,-21.6574585635359
832,2024,"Robbery",709,17.3483779971791
