"YTDCount","Year","Offense","PrevYTDCount","YTDPercentageChange"
261,2019,"Robbery",NA,NA
403,2020,"Robbery",261,54.4061302681992
487,2021,"Robbery",403,20.8436724565757
473,2022,"Robbery",487,-2.8747433264887
357,2023,"Robbery",473,-24.5243128964059
447,2024,"Robbery",357,25.2100840336134
