"YTDCount","Year","Offense","PrevYTDCount","YTDPercentageChange"
629,2019,"Robbery",NA,NA
787,2020,"Robbery",629,25.1192368839428
955,2021,"Robbery",787,21.3468869123253
942,2022,"Robbery",955,-1.36125654450262
737,2023,"Robbery",942,-21.7622080679405
875,2024,"Robbery",737,18.7245590230665
553,2025,"Robbery",875,-36.8
