"YTDCount","Year","Offense","PrevYTDCount","YTDPercentageChange"
151,2019,"Robbery",NA,NA
255,2020,"Robbery",151,68.8741721854305
321,2021,"Robbery",255,25.8823529411765
316,2022,"Robbery",321,-1.55763239875389
215,2023,"Robbery",316,-31.9620253164557
323,2024,"Robbery",215,50.2325581395349
176,2025,"Robbery",323,-45.5108359133127
