"YTDCount","Year","Offense","PrevYTDCount","YTDPercentageChange"
494,2019,"Robbery",NA,NA
601,2020,"Robbery",494,21.6599190283401
821,2021,"Robbery",601,36.6056572379368
770,2022,"Robbery",821,-6.21193666260658
607,2023,"Robbery",770,-21.1688311688312
729,2024,"Robbery",607,20.0988467874794
482,2025,"Robbery",729,-33.8820301783265
