"YTDCount","Year","Offense","PrevYTDCount","YTDPercentageChange"
634,2019,"Robbery",NA,NA
817,2020,"Robbery",634,28.8643533123028
968,2021,"Robbery",817,18.4822521419829
954,2022,"Robbery",968,-1.44628099173554
754,2023,"Robbery",954,-20.9643605870021
873,2024,"Robbery",754,15.7824933687003
