"YTDCount","Year","Offense","PrevYTDCount","YTDPercentageChange"
225,2019,"Robbery",NA,NA
366,2020,"Robbery",225,62.6666666666667
424,2021,"Robbery",366,15.8469945355191
429,2022,"Robbery",424,1.17924528301887
307,2023,"Robbery",429,-28.4382284382284
394,2024,"Robbery",307,28.3387622149837
253,2025,"Robbery",394,-35.7868020304569
