"YTDCount","Year","Offense","PrevYTDCount","YTDPercentageChange"
58,2019,"Robbery",NA,NA
84,2020,"Robbery",58,44.8275862068966
138,2021,"Robbery",84,64.2857142857143
117,2022,"Robbery",138,-15.2173913043478
95,2023,"Robbery",117,-18.8034188034188
88,2024,"Robbery",95,-7.36842105263158
64,2025,"Robbery",88,-27.2727272727273
52,2026,"Robbery",64,-18.75
