"YTDCount","Year","Offense","PrevYTDCount","YTDPercentageChange"
258,2019,"Robbery",NA,NA
395,2020,"Robbery",258,53.1007751937985
478,2021,"Robbery",395,21.0126582278481
465,2022,"Robbery",478,-2.71966527196653
352,2023,"Robbery",465,-24.3010752688172
430,2024,"Robbery",352,22.1590909090909
