"YTDCount","Year","Offense","PrevYTDCount","YTDPercentageChange"
956,2019,"Robbery",NA,NA
1241,2020,"Robbery",956,29.8117154811715
1309,2021,"Robbery",1241,5.47945205479452
1365,2022,"Robbery",1309,4.27807486631016
1029,2023,"Robbery",1365,-24.6153846153846
1173,2024,"Robbery",1029,13.9941690962099
