"YTDCount","Year","Offense","PrevYTDCount","YTDPercentageChange"
410,2019,"Robbery",NA,NA
515,2020,"Robbery",410,25.609756097561
708,2021,"Robbery",515,37.4757281553398
655,2022,"Robbery",708,-7.48587570621468
538,2023,"Robbery",655,-17.8625954198473
620,2024,"Robbery",538,15.2416356877323
400,2025,"Robbery",620,-35.4838709677419
