"YTDCount","Year","Offense","PrevYTDCount","YTDPercentageChange"
926,2019,"Robbery",NA,NA
1214,2020,"Robbery",926,31.1015118790497
1273,2021,"Robbery",1214,4.85996705107083
1345,2022,"Robbery",1273,5.65593087195602
1001,2023,"Robbery",1345,-25.5762081784387
1156,2024,"Robbery",1001,15.4845154845155
764,2025,"Robbery",1156,-33.9100346020761
