"YTDCount","Year","Offense","PrevYTDCount","YTDPercentageChange"
395,2019,"Robbery",NA,NA
502,2020,"Robbery",395,27.0886075949367
692,2021,"Robbery",502,37.8486055776893
645,2022,"Robbery",692,-6.79190751445087
522,2023,"Robbery",645,-19.0697674418605
610,2024,"Robbery",522,16.8582375478927
391,2025,"Robbery",610,-35.9016393442623
