"YTDCount","Year","Offense","PrevYTDCount","YTDPercentageChange"
685,2019,"Robbery",NA,NA
908,2020,"Robbery",685,32.5547445255474
1032,2021,"Robbery",908,13.6563876651982
1045,2022,"Robbery",1032,1.25968992248062
799,2023,"Robbery",1045,-23.5406698564593
957,2024,"Robbery",799,19.7747183979975
609,2025,"Robbery",957,-36.3636363636364
