"YTDCount","Year","Offense","PrevYTDCount","YTDPercentageChange"
1084,2019,"Robbery",NA,NA
1491,2020,"Robbery",1084,37.5461254612546
1604,2021,"Robbery",1491,7.57880617035547
1510,2022,"Robbery",1604,-5.86034912718204
1164,2023,"Robbery",1510,-22.9139072847682
1305,2024,"Robbery",1164,12.1134020618557
889,2025,"Robbery",1305,-31.8773946360153
