"YTDCount","Year","Offense","PrevYTDCount","YTDPercentageChange"
664,2019,"Robbery",NA,NA
874,2020,"Robbery",664,31.6265060240964
1014,2021,"Robbery",874,16.0183066361556
1008,2022,"Robbery",1014,-0.591715976331364
770,2023,"Robbery",1008,-23.6111111111111
919,2024,"Robbery",770,19.3506493506493
