"YTDCount","Year","Offense","PrevYTDCount","YTDPercentageChange"
771,2019,"Robbery",NA,NA
975,2020,"Robbery",771,26.4591439688716
1117,2021,"Robbery",975,14.5641025641026
1158,2022,"Robbery",1117,3.6705461056401
863,2023,"Robbery",1158,-25.4749568221071
1027,2024,"Robbery",863,19.0034762456547
662,2025,"Robbery",1027,-35.5404089581305
