"YTDCount","Year","Offense","PrevYTDCount","YTDPercentageChange"
697,2019,"Robbery",NA,NA
920,2020,"Robbery",697,31.9942611190818
1046,2021,"Robbery",920,13.695652173913
1068,2022,"Robbery",1046,2.10325047801148
813,2023,"Robbery",1068,-23.876404494382
961,2024,"Robbery",813,18.2041820418204
