"YTDCount","Year","Offense","PrevYTDCount","YTDPercentageChange"
362,2019,"Robbery",NA,NA
465,2020,"Robbery",362,28.4530386740331
645,2021,"Robbery",465,38.7096774193548
604,2022,"Robbery",645,-6.35658914728682
484,2023,"Robbery",604,-19.8675496688742
543,2024,"Robbery",484,12.1900826446281
