"YTDCount","Year","Offense","PrevYTDCount","YTDPercentageChange"
570,2019,"Robbery",NA,NA
702,2020,"Robbery",570,23.1578947368421
897,2021,"Robbery",702,27.7777777777778
868,2022,"Robbery",897,-3.2329988851728
679,2023,"Robbery",868,-21.7741935483871
801,2024,"Robbery",679,17.9675994108984
523,2025,"Robbery",801,-34.7066167290886
