"YTDCount","Year","Offense","PrevYTDCount","YTDPercentageChange"
275,2019,"Robbery",NA,NA
409,2020,"Robbery",275,48.7272727272727
491,2021,"Robbery",409,20.0488997555012
487,2022,"Robbery",491,-0.814663951120165
370,2023,"Robbery",487,-24.0246406570842
454,2024,"Robbery",370,22.7027027027027
