"YTDCount","Year","Offense","PrevYTDCount","YTDPercentageChange"
131,2019,"Robbery",NA,NA
216,2020,"Robbery",131,64.8854961832061
296,2021,"Robbery",216,37.037037037037
281,2022,"Robbery",296,-5.06756756756757
197,2023,"Robbery",281,-29.8932384341637
297,2024,"Robbery",197,50.761421319797
158,2025,"Robbery",297,-46.8013468013468
