"YTDCount","Year","Offense","PrevYTDCount","YTDPercentageChange"
1033,2019,"Robbery",NA,NA
1385,2020,"Robbery",1033,34.0755082284608
1456,2021,"Robbery",1385,5.12635379061372
1377,2022,"Robbery",1456,-5.42582417582418
1166,2023,"Robbery",1377,-15.3231663035585
1238,2024,"Robbery",1166,6.17495711835334
