"YTDCount","Year","Offense","PrevYTDCount","YTDPercentageChange"
381,2019,"Robbery",NA,NA
492,2020,"Robbery",381,29.1338582677165
679,2021,"Robbery",492,38.0081300813008
627,2022,"Robbery",679,-7.65832106038291
509,2023,"Robbery",627,-18.8197767145136
579,2024,"Robbery",509,13.7524557956778
