"YTDCount","Year","Offense","PrevYTDCount","YTDPercentageChange"
1235,2019,"Robbery",NA,NA
1731,2020,"Robbery",1235,40.1619433198381
2025,2021,"Robbery",1731,16.9844020797227
1678,2022,"Robbery",2025,-17.1358024691358
1342,2023,"Robbery",1678,-20.0238379022646
1508,2024,"Robbery",1342,12.3695976154993
