"YTDCount","Year","Offense","PrevYTDCount","YTDPercentageChange"
36,2019,"Robbery",NA,NA
46,2020,"Robbery",36,27.7777777777778
73,2021,"Robbery",46,58.695652173913
64,2022,"Robbery",73,-12.3287671232877
54,2023,"Robbery",64,-15.625
46,2024,"Robbery",54,-14.8148148148148
33,2025,"Robbery",46,-28.2608695652174
27,2026,"Robbery",33,-18.1818181818182
