"YTDCount","Year","Offense","PrevYTDCount","YTDPercentageChange"
1122,2019,"Robbery",NA,NA
1537,2020,"Robbery",1122,36.9875222816399
1677,2021,"Robbery",1537,9.10865322055954
1555,2022,"Robbery",1677,-7.27489564698867
1211,2023,"Robbery",1555,-22.1221864951769
1341,2024,"Robbery",1211,10.7349298100743
914,2025,"Robbery",1341,-31.8419090231171
