"YTDCount","Year","Offense","PrevYTDCount","YTDPercentageChange"
1145,2019,"Robbery",NA,NA
1567,2020,"Robbery",1145,36.8558951965066
1737,2021,"Robbery",1567,10.8487555839183
1582,2022,"Robbery",1737,-8.92343120322395
1239,2023,"Robbery",1582,-21.6814159292035
1372,2024,"Robbery",1239,10.7344632768362
929,2025,"Robbery",1372,-32.2886297376093
