"YTDCount","Year","Offense","PrevYTDCount","YTDPercentageChange"
583,2019,"Robbery",NA,NA
641,2020,"Robbery",583,9.94854202401372
726,2021,"Robbery",641,13.2605304212168
664,2022,"Robbery",726,-8.53994490358127
874,2023,"Robbery",664,31.6265060240964
930,2024,"Robbery",874,6.40732265446224
799,2025,"Robbery",930,-14.0860215053763
