"YTDCount","Year","Offense","PrevYTDCount","YTDPercentageChange"
552,2019,"Robbery",NA,NA
666,2020,"Robbery",552,20.6521739130435
883,2021,"Robbery",666,32.5825825825826
849,2022,"Robbery",883,-3.85050962627407
667,2023,"Robbery",849,-21.4369846878681
778,2024,"Robbery",667,16.6416791604198
512,2025,"Robbery",778,-34.1902313624679
