"YTDCount","Year","Offense","PrevYTDCount","YTDPercentageChange"
674,2019,"Robbery",NA,NA
895,2020,"Robbery",674,32.7893175074184
1027,2021,"Robbery",895,14.7486033519553
1032,2022,"Robbery",1027,0.486854917234658
786,2023,"Robbery",1032,-23.8372093023256
942,2024,"Robbery",786,19.8473282442748
