"YTDCount","Year","Offense","PrevYTDCount","YTDPercentageChange"
268,2019,"Robbery",NA,NA
404,2020,"Robbery",268,50.7462686567164
488,2021,"Robbery",404,20.7920792079208
478,2022,"Robbery",488,-2.04918032786885
360,2023,"Robbery",478,-24.6861924686193
453,2024,"Robbery",360,25.8333333333333
278,2025,"Robbery",453,-38.6313465783664
