"YTDCount","Year","Offense","PrevYTDCount","YTDPercentageChange"
79,2019,"Robbery",NA,NA
119,2020,"Robbery",79,50.6329113924051
191,2021,"Robbery",119,60.5042016806723
166,2022,"Robbery",191,-13.0890052356021
121,2023,"Robbery",166,-27.1084337349398
143,2024,"Robbery",121,18.1818181818182
92,2025,"Robbery",143,-35.6643356643357
