"YTDCount","Year","Offense","PrevYTDCount","YTDPercentageChange"
690,2019,"Robbery",NA,NA
909,2020,"Robbery",690,31.7391304347826
1041,2021,"Robbery",909,14.5214521452145
1050,2022,"Robbery",1041,0.86455331412103
802,2023,"Robbery",1050,-23.6190476190476
954,2024,"Robbery",802,18.9526184538653
