"YTDCount","Year","Offense","PrevYTDCount","YTDPercentageChange"
1207,2019,"Robbery",NA,NA
1780,2020,"Robbery",1207,47.4730737365369
2118,2021,"Robbery",1780,18.9887640449438
1747,2022,"Robbery",2118,-17.5165250236072
1380,2023,"Robbery",1747,-21.0074413279908
1544,2024,"Robbery",1380,11.8840579710145
1050,2025,"Robbery",1544,-31.9948186528497
