"YTDCount","Year","Offense","PrevYTDCount","YTDPercentageChange"
564,2019,"Robbery",NA,NA
693,2020,"Robbery",564,22.8723404255319
897,2021,"Robbery",693,29.4372294372294
861,2022,"Robbery",897,-4.0133779264214
676,2023,"Robbery",861,-21.486643437863
799,2024,"Robbery",676,18.1952662721893
516,2025,"Robbery",799,-35.4192740926158
