"YTDCount","Year","Offense","PrevYTDCount","YTDPercentageChange"
537,2019,"Robbery",NA,NA
649,2020,"Robbery",537,20.8566108007449
866,2021,"Robbery",649,33.4360554699538
839,2022,"Robbery",866,-3.11778290993071
655,2023,"Robbery",839,-21.9308700834327
759,2024,"Robbery",655,15.8778625954199
