"YTDCount","Year","Offense","PrevYTDCount","YTDPercentageChange"
650,2019,"Robbery",NA,NA
835,2020,"Robbery",650,28.4615384615385
1000,2021,"Robbery",835,19.7604790419162
986,2022,"Robbery",1000,-1.4
762,2023,"Robbery",986,-22.7180527383367
896,2024,"Robbery",762,17.5853018372703
