"YTDCount","Year","Offense","PrevYTDCount","YTDPercentageChange"
1159,2019,"Robbery",NA,NA
1599,2020,"Robbery",1159,37.9637618636756
1791,2021,"Robbery",1599,12.0075046904315
1591,2022,"Robbery",1791,-11.1669458403127
1259,2023,"Robbery",1591,-20.8673790069139
1408,2024,"Robbery",1259,11.8347895154885
941,2025,"Robbery",1408,-33.1676136363636
