"YTDCount","Year","Offense","PrevYTDCount","YTDPercentageChange"
424,2019,"Robbery",NA,NA
522,2020,"Robbery",424,23.1132075471698
734,2021,"Robbery",522,40.6130268199234
675,2022,"Robbery",734,-8.03814713896458
550,2023,"Robbery",675,-18.5185185185185
638,2024,"Robbery",550,16
