"YTDCount","Year","Offense","PrevYTDCount","YTDPercentageChange"
557,2019,"Robbery",NA,NA
675,2020,"Robbery",557,21.1849192100539
891,2021,"Robbery",675,32
852,2022,"Robbery",891,-4.37710437710438
671,2023,"Robbery",852,-21.2441314553991
776,2024,"Robbery",671,15.6482861400894
