"YTDCount","Year","Offense","PrevYTDCount","YTDPercentageChange"
475,2019,"Robbery",NA,NA
572,2020,"Robbery",475,20.4210526315789
778,2021,"Robbery",572,36.013986013986
733,2022,"Robbery",778,-5.78406169665809
577,2023,"Robbery",733,-21.2824010914052
686,2024,"Robbery",577,18.8908145580589
