"YTDCount","Year","Offense","PrevYTDCount","YTDPercentageChange"
48,2019,"Robbery",NA,NA
64,2020,"Robbery",48,33.3333333333333
117,2021,"Robbery",64,82.8125
92,2022,"Robbery",117,-21.3675213675214
79,2023,"Robbery",92,-14.1304347826087
64,2024,"Robbery",79,-18.9873417721519
45,2025,"Robbery",64,-29.6875
42,2026,"Robbery",45,-6.66666666666667
