"YTDCount","Year","Offense","PrevYTDCount","YTDPercentageChange"
24,2019,"Robbery",NA,NA
29,2020,"Robbery",24,20.8333333333333
48,2021,"Robbery",29,65.5172413793103
43,2022,"Robbery",48,-10.4166666666667
32,2023,"Robbery",43,-25.5813953488372
28,2024,"Robbery",32,-12.5
23,2025,"Robbery",28,-17.8571428571429
13,2026,"Robbery",23,-43.4782608695652
