"YTDCount","Year","Offense","PrevYTDCount","YTDPercentageChange"
126,2019,"Robbery",NA,NA
195,2020,"Robbery",126,54.7619047619048
279,2021,"Robbery",195,43.0769230769231
271,2022,"Robbery",279,-2.86738351254481
182,2023,"Robbery",271,-32.8413284132841
280,2024,"Robbery",182,53.8461538461539
153,2025,"Robbery",280,-45.3571428571429
125,2026,"Robbery",153,-18.3006535947712
