"YTDCount","Year","Offense","PrevYTDCount","YTDPercentageChange"
790,2019,"Robbery",NA,NA
1004,2020,"Robbery",790,27.0886075949367
1138,2021,"Robbery",1004,13.3466135458167
1186,2022,"Robbery",1138,4.21792618629173
880,2023,"Robbery",1186,-25.8010118043845
1052,2024,"Robbery",880,19.5454545454546
