"YTDCount","Year","Offense","PrevYTDCount","YTDPercentageChange"
116,2019,"Robbery",NA,NA
176,2020,"Robbery",116,51.7241379310345
262,2021,"Robbery",176,48.8636363636364
261,2022,"Robbery",262,-0.381679389312972
169,2023,"Robbery",261,-35.2490421455939
245,2024,"Robbery",169,44.9704142011834
139,2025,"Robbery",245,-43.265306122449
115,2026,"Robbery",139,-17.2661870503597
