"YTDCount","Year","Offense","PrevYTDCount","YTDPercentageChange"
332,2019,"Robbery",NA,NA
448,2020,"Robbery",332,34.9397590361446
578,2021,"Robbery",448,29.0178571428571
575,2022,"Robbery",578,-0.519031141868509
447,2023,"Robbery",575,-22.2608695652174
505,2024,"Robbery",447,12.9753914988814
333,2025,"Robbery",505,-34.0594059405941
