"YTDCount","Year","Offense","PrevYTDCount","YTDPercentageChange"
1261,2019,"Robbery",NA,NA
1772,2020,"Robbery",1261,40.5233941316415
2112,2021,"Robbery",1772,19.1873589164786
1737,2022,"Robbery",2112,-17.7556818181818
1372,2023,"Robbery",1737,-21.0132412204951
1536,2024,"Robbery",1372,11.9533527696793
1032,2025,"Robbery",1536,-32.8125
