"YTDCount","Year","Offense","PrevYTDCount","YTDPercentageChange"
85,2019,"Robbery",NA,NA
133,2020,"Robbery",85,56.4705882352941
208,2021,"Robbery",133,56.390977443609
196,2022,"Robbery",208,-5.76923076923077
132,2023,"Robbery",196,-32.6530612244898
175,2024,"Robbery",132,32.5757575757576
106,2025,"Robbery",175,-39.4285714285714
