"YTDCount","Year","Offense","PrevYTDCount","YTDPercentageChange"
513,2019,"Robbery",NA,NA
626,2020,"Robbery",513,22.0272904483431
837,2021,"Robbery",626,33.7060702875399
809,2022,"Robbery",837,-3.3452807646356
624,2023,"Robbery",809,-22.8677379480841
723,2024,"Robbery",624,15.8653846153846
