"YTDCount","Year","Offense","PrevYTDCount","YTDPercentageChange"
923,2019,"Robbery",NA,NA
1203,2020,"Robbery",923,30.3358613217768
1262,2021,"Robbery",1203,4.90440565253534
1340,2022,"Robbery",1262,6.18066561014263
998,2023,"Robbery",1340,-25.5223880597015
1155,2024,"Robbery",998,15.7314629258517
762,2025,"Robbery",1155,-34.025974025974
