"YTDCount","Year","Offense","PrevYTDCount","YTDPercentageChange"
732,2019,"Robbery",NA,NA
945,2020,"Robbery",732,29.0983606557377
1085,2021,"Robbery",945,14.8148148148148
1113,2022,"Robbery",1085,2.58064516129033
842,2023,"Robbery",1113,-24.3486073674753
984,2024,"Robbery",842,16.8646080760095
