"YTDCount","Year","Offense","PrevYTDCount","YTDPercentageChange"
587,2019,"Robbery",NA,NA
719,2020,"Robbery",587,22.4872231686542
915,2021,"Robbery",719,27.260083449235
892,2022,"Robbery",915,-2.51366120218579
692,2023,"Robbery",892,-22.4215246636771
822,2024,"Robbery",692,18.7861271676301
532,2025,"Robbery",822,-35.2798053527981
