"YTDCount","Year","Offense","PrevYTDCount","YTDPercentageChange"
530,2019,"Robbery",NA,NA
640,2020,"Robbery",530,20.7547169811321
856,2021,"Robbery",640,33.75
825,2022,"Robbery",856,-3.62149532710281
643,2023,"Robbery",825,-22.0606060606061
744,2024,"Robbery",643,15.7076205287714
