"YTDCount","Year","Offense","PrevYTDCount","YTDPercentageChange"
98,2019,"Robbery",NA,NA
155,2020,"Robbery",98,58.1632653061225
233,2021,"Robbery",155,50.3225806451613
225,2022,"Robbery",233,-3.43347639484979
151,2023,"Robbery",225,-32.8888888888889
216,2024,"Robbery",151,43.046357615894
121,2025,"Robbery",216,-43.9814814814815
