"YTDCount","Year","Offense","PrevYTDCount","YTDPercentageChange"
979,2019,"Robbery",NA,NA
1268,2020,"Robbery",979,29.5199182839632
1343,2021,"Robbery",1268,5.91482649842272
1383,2022,"Robbery",1343,2.97840655249442
1058,2023,"Robbery",1383,-23.4996384671005
1193,2024,"Robbery",1058,12.7599243856333
800,2025,"Robbery",1193,-32.9421626152557
