"YTDCount","Year","Offense","PrevYTDCount","YTDPercentageChange"
50,2019,"Robbery",NA,NA
78,2020,"Robbery",50,56
126,2021,"Robbery",78,61.5384615384615
103,2022,"Robbery",126,-18.2539682539683
86,2023,"Robbery",103,-16.504854368932
72,2024,"Robbery",86,-16.2790697674419
47,2025,"Robbery",72,-34.7222222222222
50,2026,"Robbery",47,6.38297872340425
