"YTDCount","Year","Offense","PrevYTDCount","YTDPercentageChange"
1065,2019,"Robbery",NA,NA
1453,2020,"Robbery",1065,36.4319248826291
1563,2021,"Robbery",1453,7.57054370268411
1483,2022,"Robbery",1563,-5.11836212412028
1139,2023,"Robbery",1483,-23.1962238705327
1278,2024,"Robbery",1139,12.2036874451273
871,2025,"Robbery",1278,-31.8466353677621
