"YTDCount","Year","Offense","PrevYTDCount","YTDPercentageChange"
873,2019,"Robbery",NA,NA
1136,2020,"Robbery",873,30.1260022909507
1217,2021,"Robbery",1136,7.13028169014085
1268,2022,"Robbery",1217,4.19063270336895
956,2023,"Robbery",1268,-24.6056782334385
1123,2024,"Robbery",956,17.4686192468619
