"YTDCount","Year","Offense","PrevYTDCount","YTDPercentageChange"
614,2019,"Robbery",NA,NA
752,2020,"Robbery",614,22.4755700325733
933,2021,"Robbery",752,24.0691489361702
914,2022,"Robbery",933,-2.03644158628081
715,2023,"Robbery",914,-21.7724288840263
838,2024,"Robbery",715,17.2027972027972
