"YTDCount","Year","Offense","PrevYTDCount","YTDPercentageChange"
967,2019,"Robbery",NA,NA
1254,2020,"Robbery",967,29.6794208893485
1328,2021,"Robbery",1254,5.90111642743221
1374,2022,"Robbery",1328,3.46385542168675
1038,2023,"Robbery",1374,-24.4541484716157
1183,2024,"Robbery",1038,13.9691714836224
