"YTDCount","Year","Offense","PrevYTDCount","YTDPercentageChange"
82,2019,"Robbery",NA,NA
130,2020,"Robbery",82,58.5365853658537
203,2021,"Robbery",130,56.1538461538462
190,2022,"Robbery",203,-6.40394088669951
116,2023,"Robbery",190,-38.9473684210526
164,2024,"Robbery",116,41.3793103448276
105,2025,"Robbery",164,-35.9756097560976
