"YTDCount","Year","Offense","PrevYTDCount","YTDPercentageChange"
838,2019,"Robbery",NA,NA
1066,2020,"Robbery",838,27.2076372315036
1175,2021,"Robbery",1066,10.2251407129456
1221,2022,"Robbery",1175,3.91489361702129
914,2023,"Robbery",1221,-25.1433251433251
1086,2024,"Robbery",914,18.8183807439825
