"YTDCount","Year","Offense","PrevYTDCount","YTDPercentageChange"
350,2019,"Robbery",NA,NA
456,2020,"Robbery",350,30.2857142857143
613,2021,"Robbery",456,34.4298245614035
586,2022,"Robbery",613,-4.40456769983687
459,2023,"Robbery",586,-21.6723549488055
517,2024,"Robbery",459,12.636165577342
