"YTDCount","Year","Offense","PrevYTDCount","YTDPercentageChange"
858,2019,"Robbery",NA,NA
1096,2020,"Robbery",858,27.7389277389277
1193,2021,"Robbery",1096,8.85036496350364
1243,2022,"Robbery",1193,4.19111483654653
927,2023,"Robbery",1243,-25.4223652453741
1098,2024,"Robbery",927,18.4466019417476
