"YTDCount","Year","Offense","PrevYTDCount","YTDPercentageChange"
64,2019,"Robbery",NA,NA
92,2020,"Robbery",64,43.75
153,2021,"Robbery",92,66.304347826087
127,2022,"Robbery",153,-16.9934640522876
97,2023,"Robbery",127,-23.6220472440945
107,2024,"Robbery",97,10.3092783505155
59,2025,"Robbery",107,-44.8598130841122
