"YTDCount","Year","Offense","PrevYTDCount","YTDPercentageChange"
502,2019,"Robbery",NA,NA
605,2020,"Robbery",502,20.5179282868526
824,2021,"Robbery",605,36.198347107438
778,2022,"Robbery",824,-5.58252427184466
613,2023,"Robbery",778,-21.2082262210797
723,2024,"Robbery",613,17.9445350734095
