"YTDCount","Year","Offense","PrevYTDCount","YTDPercentageChange"
135,2019,"Robbery",NA,NA
223,2020,"Robbery",135,65.1851851851852
303,2021,"Robbery",223,35.8744394618834
293,2022,"Robbery",303,-3.3003300330033
200,2023,"Robbery",293,-31.740614334471
303,2024,"Robbery",200,51.5
163,2025,"Robbery",303,-46.2046204620462
