"YTDCount","Year","Offense","PrevYTDCount","YTDPercentageChange"
178,2019,"Robbery",NA,NA
315,2020,"Robbery",178,76.9662921348315
353,2021,"Robbery",315,12.0634920634921
373,2022,"Robbery",353,5.66572237960339
252,2023,"Robbery",373,-32.4396782841823
353,2024,"Robbery",252,40.0793650793651
215,2025,"Robbery",353,-39.0934844192635
