"YTDCount","Year","Offense","PrevYTDCount","YTDPercentageChange"
1149,2019,"Robbery",NA,NA
1578,2020,"Robbery",1149,37.3368146214099
1750,2021,"Robbery",1578,10.8998732572877
1585,2022,"Robbery",1750,-9.42857142857143
1244,2023,"Robbery",1585,-21.5141955835962
1382,2024,"Robbery",1244,11.0932475884244
933,2025,"Robbery",1382,-32.4891461649783
