"YTDCount","Year","Offense","PrevYTDCount","YTDPercentageChange"
1170,2019,"Robbery",NA,NA
1615,2020,"Robbery",1170,38.034188034188
1817,2021,"Robbery",1615,12.5077399380805
1603,2022,"Robbery",1817,-11.7776554760594
1278,2023,"Robbery",1603,-20.2744853399875
1423,2024,"Robbery",1278,11.3458528951487
