"YTDCount","Year","Offense","PrevYTDCount","YTDPercentageChange"
377,2019,"Robbery",NA,NA
484,2020,"Robbery",377,28.3819628647215
666,2021,"Robbery",484,37.603305785124
623,2022,"Robbery",666,-6.45645645645646
496,2023,"Robbery",623,-20.3852327447833
571,2024,"Robbery",496,15.1209677419355
