"YTDCount","Year","Offense","PrevYTDCount","YTDPercentageChange"
1249,2019,"Robbery",NA,NA
1748,2020,"Robbery",1249,39.9519615692554
2054,2021,"Robbery",1748,17.5057208237986
1693,2022,"Robbery",2054,-17.5754625121714
1349,2023,"Robbery",1693,-20.3189604252806
1524,2024,"Robbery",1349,12.9725722757598
1023,2025,"Robbery",1524,-32.8740157480315
