"YTDCount","Year","Offense","PrevYTDCount","YTDPercentageChange"
1201,2019,"Robbery",NA,NA
1643,2020,"Robbery",1201,36.8026644462948
1888,2021,"Robbery",1643,14.9117468046257
1635,2022,"Robbery",1888,-13.4004237288136
1307,2023,"Robbery",1635,-20.0611620795107
1471,2024,"Robbery",1307,12.5478194338179
985,2025,"Robbery",1471,-33.0387491502379
