"YTDCount","Year","Offense","PrevYTDCount","YTDPercentageChange"
570,2019,"Robbery",NA,NA
702,2020,"Robbery",570,23.1578947368421
897,2021,"Robbery",702,27.7777777777778
868,2022,"Robbery",897,-3.2329988851728
679,2023,"Robbery",868,-21.7741935483871
797,2024,"Robbery",679,17.3784977908689
