"YTDCount","Year","Offense","PrevYTDCount","YTDPercentageChange"
379,2019,"Robbery",NA,NA
485,2020,"Robbery",379,27.9683377308707
671,2021,"Robbery",485,38.3505154639175
624,2022,"Robbery",671,-7.00447093889717
503,2023,"Robbery",624,-19.3910256410256
581,2024,"Robbery",503,15.506958250497
380,2025,"Robbery",581,-34.5955249569707
