"YTDCount","Year","Offense","PrevYTDCount","YTDPercentageChange"
872,2019,"Robbery",NA,NA
1127,2020,"Robbery",872,29.243119266055
1214,2021,"Robbery",1127,7.71960958296363
1262,2022,"Robbery",1214,3.95387149917628
941,2023,"Robbery",1262,-25.4358161648177
1120,2024,"Robbery",941,19.0223166843783
719,2025,"Robbery",1120,-35.8035714285714
