"YTDCount","Year","Offense","PrevYTDCount","YTDPercentageChange"
666,2019,"Robbery",NA,NA
879,2020,"Robbery",666,31.981981981982
1019,2021,"Robbery",879,15.9271899886234
1015,2022,"Robbery",1019,-0.392541707556426
775,2023,"Robbery",1015,-23.6453201970443
932,2024,"Robbery",775,20.258064516129
