"YTDCount","Year","Offense","PrevYTDCount","YTDPercentageChange"
725,2019,"Robbery",NA,NA
941,2020,"Robbery",725,29.7931034482759
1075,2021,"Robbery",941,14.240170031881
1105,2022,"Robbery",1075,2.7906976744186
838,2023,"Robbery",1105,-24.1628959276018
988,2024,"Robbery",838,17.8997613365155
638,2025,"Robbery",988,-35.4251012145749
