"YTDCount","Year","Offense","PrevYTDCount","YTDPercentageChange"
530,2019,"Robbery",NA,NA
640,2020,"Robbery",530,20.7547169811321
856,2021,"Robbery",640,33.75
825,2022,"Robbery",856,-3.62149532710281
643,2023,"Robbery",825,-22.0606060606061
756,2024,"Robbery",643,17.5738724727838
502,2025,"Robbery",756,-33.5978835978836
