"YTDCount","Year","Offense","PrevYTDCount","YTDPercentageChange"
670,2019,"Robbery",NA,NA
886,2020,"Robbery",670,32.2388059701493
1024,2021,"Robbery",886,15.5756207674943
1020,2022,"Robbery",1024,-0.390625
779,2023,"Robbery",1020,-23.6274509803922
945,2024,"Robbery",779,21.3093709884467
601,2025,"Robbery",945,-36.4021164021164
