"YTDCount","Year","Offense","PrevYTDCount","YTDPercentageChange"
35,2019,"Robbery",NA,NA
44,2020,"Robbery",35,25.7142857142857
64,2021,"Robbery",44,45.4545454545455
63,2022,"Robbery",64,-1.5625
49,2023,"Robbery",63,-22.2222222222222
43,2024,"Robbery",49,-12.2448979591837
28,2025,"Robbery",43,-34.8837209302326
