"YTDCount","Year","Offense","PrevYTDCount","YTDPercentageChange"
614,2019,"Robbery",NA,NA
752,2020,"Robbery",614,22.4755700325733
933,2021,"Robbery",752,24.0691489361702
914,2022,"Robbery",933,-2.03644158628081
714,2023,"Robbery",914,-21.8818380743983
845,2024,"Robbery",714,18.3473389355742
538,2025,"Robbery",845,-36.3313609467456
