"YTDCount","Year","Offense","PrevYTDCount","YTDPercentageChange"
87,2019,"Robbery",NA,NA
136,2020,"Robbery",87,56.3218390804598
213,2021,"Robbery",136,56.6176470588235
204,2022,"Robbery",213,-4.22535211267606
135,2023,"Robbery",204,-33.8235294117647
192,2024,"Robbery",135,42.2222222222222
114,2025,"Robbery",192,-40.625
89,2026,"Robbery",114,-21.9298245614035
