"YTDCount","Year","Offense","PrevYTDCount","YTDPercentageChange"
108,2019,"Robbery",NA,NA
160,2020,"Robbery",108,48.1481481481481
250,2021,"Robbery",160,56.25
242,2022,"Robbery",250,-3.2
162,2023,"Robbery",242,-33.0578512396694
227,2024,"Robbery",162,40.1234567901235
126,2025,"Robbery",227,-44.4933920704846
