"YTDCount","Year","Offense","PrevYTDCount","YTDPercentageChange"
710,2019,"Robbery",NA,NA
926,2020,"Robbery",710,30.4225352112676
1060,2021,"Robbery",926,14.4708423326134
1079,2022,"Robbery",1060,1.79245283018867
826,2023,"Robbery",1079,-23.4476367006487
968,2024,"Robbery",826,17.1912832929782
