"YTDCount","Year","Offense","PrevYTDCount","YTDPercentageChange"
615,2019,"Robbery",NA,NA
761,2020,"Robbery",615,23.739837398374
945,2021,"Robbery",761,24.1787122207622
919,2022,"Robbery",945,-2.75132275132275
724,2023,"Robbery",919,-21.2187159956474
845,2024,"Robbery",724,16.7127071823205
