"YTDCount","Year","Offense","PrevYTDCount","YTDPercentageChange"
1194,2019,"Robbery",NA,NA
1639,2020,"Robbery",1194,37.2696817420435
1875,2021,"Robbery",1639,14.399023794997
1629,2022,"Robbery",1875,-13.12
1303,2023,"Robbery",1629,-20.012277470841
1461,2024,"Robbery",1303,12.1258633921719
979,2025,"Robbery",1461,-32.9911019849418
