"YTDCount","Year","Offense","PrevYTDCount","YTDPercentageChange"
1111,2019,"Robbery",NA,NA
1509,2020,"Robbery",1111,35.8235823582358
1650,2021,"Robbery",1509,9.34393638170974
1546,2022,"Robbery",1650,-6.3030303030303
1185,2023,"Robbery",1546,-23.3505821474774
1323,2024,"Robbery",1185,11.6455696202532
900,2025,"Robbery",1323,-31.9727891156463
