"YTDCount","Year","Offense","PrevYTDCount","YTDPercentageChange"
231,2019,"Robbery",NA,NA
372,2020,"Robbery",231,61.038961038961
431,2021,"Robbery",372,15.8602150537634
430,2022,"Robbery",431,-0.232018561484915
313,2023,"Robbery",430,-27.2093023255814
406,2024,"Robbery",313,29.7124600638978
258,2025,"Robbery",406,-36.4532019704434
