"YTDCount","Year","Offense","PrevYTDCount","YTDPercentageChange"
969,2019,"Robbery",NA,NA
1260,2020,"Robbery",969,30.030959752322
1336,2021,"Robbery",1260,6.03174603174603
1377,2022,"Robbery",1336,3.06886227544909
1045,2023,"Robbery",1377,-24.1103848946986
1187,2024,"Robbery",1045,13.5885167464115
795,2025,"Robbery",1187,-33.0244313395114
