"YTDCount","Year","Offense","PrevYTDCount","YTDPercentageChange"
1044,2019,"Robbery",NA,NA
1423,2020,"Robbery",1044,36.3026819923372
1511,2021,"Robbery",1423,6.18411806043571
1462,2022,"Robbery",1511,-3.24288550628723
1120,2023,"Robbery",1462,-23.3926128590971
1256,2024,"Robbery",1120,12.1428571428571
853,2025,"Robbery",1256,-32.0859872611465
