"YTDCount","Year","Offense","PrevYTDCount","YTDPercentageChange"
302,2019,"Robbery",NA,NA
436,2020,"Robbery",302,44.3708609271523
523,2021,"Robbery",436,19.954128440367
518,2022,"Robbery",523,-0.956022944550672
404,2023,"Robbery",518,-22.007722007722
473,2024,"Robbery",404,17.0792079207921
