"YTDCount","Year","Offense","PrevYTDCount","YTDPercentageChange"
309,2019,"Robbery",NA,NA
441,2020,"Robbery",309,42.7184466019417
544,2021,"Robbery",441,23.3560090702948
530,2022,"Robbery",544,-2.57352941176471
422,2023,"Robbery",530,-20.377358490566
479,2024,"Robbery",422,13.5071090047393
