"YTDCount","Year","Offense","PrevYTDCount","YTDPercentageChange"
449,2019,"Robbery",NA,NA
548,2020,"Robbery",449,22.0489977728285
749,2021,"Robbery",548,36.6788321167883
700,2022,"Robbery",749,-6.54205607476636
563,2023,"Robbery",700,-19.5714285714286
662,2024,"Robbery",563,17.5843694493783
