"YTDCount","Year","Offense","PrevYTDCount","YTDPercentageChange"
368,2019,"Robbery",NA,NA
474,2020,"Robbery",368,28.804347826087
657,2021,"Robbery",474,38.6075949367089
616,2022,"Robbery",657,-6.24048706240488
492,2023,"Robbery",616,-20.1298701298701
568,2024,"Robbery",492,15.4471544715447
365,2025,"Robbery",568,-35.7394366197183
