"YTDCount","Year","Offense","PrevYTDCount","YTDPercentageChange"
900,2019,"Robbery",NA,NA
1181,2020,"Robbery",900,31.2222222222222
1242,2021,"Robbery",1181,5.16511430990685
1298,2022,"Robbery",1242,4.50885668276972
981,2023,"Robbery",1298,-24.42218798151
1139,2024,"Robbery",981,16.1060142711519
