"YTDCount","Year","Offense","PrevYTDCount","YTDPercentageChange"
814,2019,"Robbery",NA,NA
1033,2020,"Robbery",814,26.9041769041769
1158,2021,"Robbery",1033,12.1006776379477
1201,2022,"Robbery",1158,3.713298791019
889,2023,"Robbery",1201,-25.9783513738551
1068,2024,"Robbery",889,20.1349831271091
