"YTDCount","Year","Offense","PrevYTDCount","YTDPercentageChange"
1237,2019,"Robbery",NA,NA
1738,2020,"Robbery",1237,40.501212611156
2032,2021,"Robbery",1738,16.9159953970081
1681,2022,"Robbery",2032,-17.2736220472441
1343,2023,"Robbery",1681,-20.1070791195717
1511,2024,"Robbery",1343,12.5093075204765
1019,2025,"Robbery",1511,-32.5612177365983
