"YTDCount","Year","Offense","PrevYTDCount","YTDPercentageChange"
403,2019,"Robbery",NA,NA
509,2020,"Robbery",403,26.302729528536
706,2021,"Robbery",509,38.7033398821218
652,2022,"Robbery",706,-7.64872521246459
531,2023,"Robbery",652,-18.558282208589
615,2024,"Robbery",531,15.819209039548
