"YTDCount","Year","Offense","PrevYTDCount","YTDPercentageChange"
104,2019,"Robbery",NA,NA
158,2020,"Robbery",104,51.9230769230769
246,2021,"Robbery",158,55.6962025316456
239,2022,"Robbery",246,-2.84552845528455
155,2023,"Robbery",239,-35.1464435146444
222,2024,"Robbery",155,43.2258064516129
125,2025,"Robbery",222,-43.6936936936937
