"YTDCount","Year","Offense","PrevYTDCount","YTDPercentageChange"
37,2019,"Robbery",NA,NA
51,2020,"Robbery",37,37.8378378378378
88,2021,"Robbery",51,72.5490196078431
74,2022,"Robbery",88,-15.9090909090909
61,2023,"Robbery",74,-17.5675675675676
52,2024,"Robbery",61,-14.7540983606557
33,2025,"Robbery",52,-36.5384615384615
