"YTDCount","Year","Offense","PrevYTDCount","YTDPercentageChange"
1024,2019,"Robbery",NA,NA
1375,2020,"Robbery",1024,34.27734375
1458,2021,"Robbery",1375,6.03636363636364
1440,2022,"Robbery",1458,-1.23456790123457
1103,2023,"Robbery",1440,-23.4027777777778
1235,2024,"Robbery",1103,11.9673617407072
837,2025,"Robbery",1235,-32.2267206477733
