"YTDCount","Year","Offense","PrevYTDCount","YTDPercentageChange"
859,2019,"Robbery",NA,NA
1111,2020,"Robbery",859,29.3364377182771
1199,2021,"Robbery",1111,7.92079207920793
1250,2022,"Robbery",1199,4.2535446205171
931,2023,"Robbery",1250,-25.52
1107,2024,"Robbery",931,18.9044038668099
714,2025,"Robbery",1107,-35.5013550135501
