"YTDCount","Year","Offense","PrevYTDCount","YTDPercentageChange"
1169,2019,"Robbery",NA,NA
1610,2020,"Robbery",1169,37.7245508982036
1808,2021,"Robbery",1610,12.2981366459627
1602,2022,"Robbery",1808,-11.3938053097345
1277,2023,"Robbery",1602,-20.2871410736579
1416,2024,"Robbery",1277,10.8848864526233
