"YTDCount","Year","Offense","PrevYTDCount","YTDPercentageChange"
129,2019,"Robbery",NA,NA
211,2020,"Robbery",129,63.5658914728682
293,2021,"Robbery",211,38.8625592417062
279,2022,"Robbery",293,-4.77815699658704
195,2023,"Robbery",279,-30.1075268817204
291,2024,"Robbery",195,49.2307692307692
158,2025,"Robbery",291,-45.7044673539519
138,2026,"Robbery",158,-12.6582278481013
