"YTDCount","Year","Offense","PrevYTDCount","YTDPercentageChange"
1052,2019,"Robbery",NA,NA
1436,2020,"Robbery",1052,36.5019011406844
1546,2021,"Robbery",1436,7.66016713091922
1471,2022,"Robbery",1546,-4.85122897800776
1129,2023,"Robbery",1471,-23.24949014276
1261,2024,"Robbery",1129,11.6917626217892
