"YTDCount","Year","Offense","PrevYTDCount","YTDPercentageChange"
142,2019,"Robbery",NA,NA
237,2020,"Robbery",142,66.9014084507042
314,2021,"Robbery",237,32.4894514767932
305,2022,"Robbery",314,-2.86624203821656
206,2023,"Robbery",305,-32.4590163934426
312,2024,"Robbery",206,51.4563106796116
167,2025,"Robbery",312,-46.474358974359
