"YTDCount","Year","Offense","PrevYTDCount","YTDPercentageChange"
390,2019,"Robbery",NA,NA
500,2020,"Robbery",390,28.2051282051282
689,2021,"Robbery",500,37.8
640,2022,"Robbery",689,-7.11175616835994
517,2023,"Robbery",640,-19.21875
603,2024,"Robbery",517,16.6344294003868
