"YTDCount","Year","Offense","PrevYTDCount","YTDPercentageChange"
508,2019,"Robbery",NA,NA
617,2020,"Robbery",508,21.4566929133858
834,2021,"Robbery",617,35.1701782820097
799,2022,"Robbery",834,-4.19664268585132
619,2023,"Robbery",799,-22.5281602002503
723,2024,"Robbery",619,16.8012924071082
