"YTDCount","Year","Offense","PrevYTDCount","YTDPercentageChange"
443,2019,"Robbery",NA,NA
543,2020,"Robbery",443,22.5733634311512
747,2021,"Robbery",543,37.5690607734807
699,2022,"Robbery",747,-6.42570281124498
561,2023,"Robbery",699,-19.7424892703863
668,2024,"Robbery",561,19.0730837789661
427,2025,"Robbery",668,-36.0778443113772
