"YTDCount","Year","Offense","PrevYTDCount","YTDPercentageChange"
48,2019,"Robbery",NA,NA
63,2020,"Robbery",48,31.25
110,2021,"Robbery",63,74.6031746031746
88,2022,"Robbery",110,-20
78,2023,"Robbery",88,-11.3636363636364
63,2024,"Robbery",78,-19.2307692307692
44,2025,"Robbery",63,-30.1587301587302
37,2026,"Robbery",44,-15.9090909090909
