"YTDCount","Year","Offense","PrevYTDCount","YTDPercentageChange"
140,2019,"Robbery",NA,NA
230,2020,"Robbery",140,64.2857142857143
311,2021,"Robbery",230,35.2173913043478
300,2022,"Robbery",311,-3.53697749196141
204,2023,"Robbery",300,-32
309,2024,"Robbery",204,51.4705882352941
169,2025,"Robbery",309,-45.3074433656958
144,2026,"Robbery",169,-14.792899408284
