"YTDCount","Year","Offense","PrevYTDCount","YTDPercentageChange"
317,2019,"Robbery",NA,NA
446,2020,"Robbery",317,40.6940063091483
561,2021,"Robbery",446,25.7847533632287
554,2022,"Robbery",561,-1.24777183600713
435,2023,"Robbery",554,-21.4801444043321
497,2024,"Robbery",435,14.2528735632184
319,2025,"Robbery",497,-35.8148893360161
