"YTDCount","Year","Offense","PrevYTDCount","YTDPercentageChange"
360,2019,"Aggravated Assault",NA,NA
393,2020,"Aggravated Assault",360,9.16666666666666
354,2021,"Aggravated Assault",393,-9.92366412213741
504,2022,"Aggravated Assault",354,42.3728813559322
440,2023,"Aggravated Assault",504,-12.6984126984127
499,2024,"Aggravated Assault",440,13.4090909090909
444,2025,"Aggravated Assault",499,-11.0220440881764
521,2026,"Aggravated Assault",444,17.3423423423423
