"YTDCount","Year","Offense","PrevYTDCount","YTDPercentageChange"
1429,2019,"Aggravated Assault",NA,NA
1735,2020,"Aggravated Assault",1429,21.4135759272218
1803,2021,"Aggravated Assault",1735,3.9193083573487
1966,2022,"Aggravated Assault",1803,9.04048807542983
1803,2023,"Aggravated Assault",1966,-8.2909460834181
1823,2024,"Aggravated Assault",1803,1.10926234054354
1676,2025,"Aggravated Assault",1823,-8.06363137685134
