"YTDCount","Year","Offense","PrevYTDCount","YTDPercentageChange"
1480,2019,"Aggravated Assault",NA,NA
1802,2020,"Aggravated Assault",1480,21.7567567567568
1860,2021,"Aggravated Assault",1802,3.21864594894561
2033,2022,"Aggravated Assault",1860,9.3010752688172
1848,2023,"Aggravated Assault",2033,-9.09985243482538
1879,2024,"Aggravated Assault",1848,1.67748917748918
1749,2025,"Aggravated Assault",1879,-6.91857370941991
