"YTDCount","Year","Offense","PrevYTDCount","YTDPercentageChange"
1918,2019,"Aggravated Assault",NA,NA
2404,2020,"Aggravated Assault",1918,25.3388946819604
2553,2021,"Aggravated Assault",2404,6.19800332778702
2620,2022,"Aggravated Assault",2553,2.62436349392872
2391,2023,"Aggravated Assault",2620,-8.74045801526717
2483,2024,"Aggravated Assault",2391,3.84776244249267
2340,2025,"Aggravated Assault",2483,-5.75916230366492
