"YTDCount","Year","Offense","PrevYTDCount","YTDPercentageChange"
1251,2019,"Aggravated Assault",NA,NA
1480,2020,"Aggravated Assault",1251,18.3053557154277
1584,2021,"Aggravated Assault",1480,7.02702702702702
1730,2022,"Aggravated Assault",1584,9.21717171717171
1616,2023,"Aggravated Assault",1730,-6.58959537572255
1626,2024,"Aggravated Assault",1616,0.618811881188108
