"YTDCount","Year","Offense","PrevYTDCount","YTDPercentageChange"
1784,2019,"Aggravated Assault",NA,NA
2228,2020,"Aggravated Assault",1784,24.8878923766816
2336,2021,"Aggravated Assault",2228,4.84739676840216
2442,2022,"Aggravated Assault",2336,4.53767123287672
2235,2023,"Aggravated Assault",2442,-8.47665847665847
2323,2024,"Aggravated Assault",2235,3.93736017897093
2198,2025,"Aggravated Assault",2323,-5.38097287989668
