"YTDCount","Year","Offense","PrevYTDCount","YTDPercentageChange"
1151,2019,"Aggravated Assault",NA,NA
1333,2020,"Aggravated Assault",1151,15.8123370981755
1457,2021,"Aggravated Assault",1333,9.30232558139534
1587,2022,"Aggravated Assault",1457,8.92244337680164
1500,2023,"Aggravated Assault",1587,-5.4820415879017
1528,2024,"Aggravated Assault",1500,1.86666666666666
1391,2025,"Aggravated Assault",1528,-8.96596858638743
