"YTDCount","Year","Offense","PrevYTDCount","YTDPercentageChange"
1460,2019,"Aggravated Assault",NA,NA
1776,2020,"Aggravated Assault",1460,21.6438356164384
1830,2021,"Aggravated Assault",1776,3.04054054054055
2012,2022,"Aggravated Assault",1830,9.94535519125683
1835,2023,"Aggravated Assault",2012,-8.79721669980119
1849,2024,"Aggravated Assault",1835,0.762942779291542
1720,2025,"Aggravated Assault",1849,-6.97674418604651
