"YTDCount","Year","Offense","PrevYTDCount","YTDPercentageChange"
1214,2019,"Aggravated Assault",NA,NA
1438,2020,"Aggravated Assault",1214,18.4514003294893
1514,2021,"Aggravated Assault",1438,5.28511821974966
1674,2022,"Aggravated Assault",1514,10.5680317040951
1563,2023,"Aggravated Assault",1674,-6.63082437275986
1581,2024,"Aggravated Assault",1563,1.15163147792707
