"YTDCount","Year","Offense","PrevYTDCount","YTDPercentageChange"
815,2019,"Aggravated Assault",NA,NA
862,2020,"Aggravated Assault",815,5.76687116564416
985,2021,"Aggravated Assault",862,14.2691415313225
1126,2022,"Aggravated Assault",985,14.3147208121827
1101,2023,"Aggravated Assault",1126,-2.2202486678508
1124,2024,"Aggravated Assault",1101,2.08900999091735
1006,2025,"Aggravated Assault",1124,-10.4982206405694
