"YTDCount","Year","Offense","PrevYTDCount","YTDPercentageChange"
1335,2019,"Aggravated Assault",NA,NA
1607,2020,"Aggravated Assault",1335,20.374531835206
1696,2021,"Aggravated Assault",1607,5.53827006845053
1835,2022,"Aggravated Assault",1696,8.19575471698113
1700,2023,"Aggravated Assault",1835,-7.35694822888283
1731,2024,"Aggravated Assault",1700,1.82352941176471
