"YTDCount","Year","Offense","PrevYTDCount","YTDPercentageChange"
1197,2019,"Aggravated Assault",NA,NA
1391,2020,"Aggravated Assault",1197,16.2071846282373
1489,2021,"Aggravated Assault",1391,7.04529115744068
1636,2022,"Aggravated Assault",1489,9.87239758226999
1541,2023,"Aggravated Assault",1636,-5.80684596577017
1557,2024,"Aggravated Assault",1541,1.03828682673588
1410,2025,"Aggravated Assault",1557,-9.4412331406551
