"YTDCount","Year","Offense","PrevYTDCount","YTDPercentageChange"
1717,2019,"Aggravated Assault",NA,NA
2112,2020,"Aggravated Assault",1717,23.0052417006406
2186,2021,"Aggravated Assault",2112,3.50378787878789
2336,2022,"Aggravated Assault",2186,6.86184812442818
2151,2023,"Aggravated Assault",2336,-7.9195205479452
2210,2024,"Aggravated Assault",2151,2.74291027429103
2096,2025,"Aggravated Assault",2210,-5.15837104072399
