"YTDCount","Year","Offense","PrevYTDCount","YTDPercentageChange"
1805,2019,"Aggravated Assault",NA,NA
2237,2020,"Aggravated Assault",1805,23.9335180055402
2339,2021,"Aggravated Assault",2237,4.55967814036655
2338,2022,"Aggravated Assault",2339,-0.0427533133817826
2389,2023,"Aggravated Assault",2338,2.1813515825492
2324,2024,"Aggravated Assault",2389,-2.7208036835496
