"YTDCount","Year","Offense","PrevYTDCount","YTDPercentageChange"
105,2019,"Aggravated Assault",NA,NA
116,2020,"Aggravated Assault",105,10.4761904761905
111,2021,"Aggravated Assault",116,-4.31034482758621
156,2022,"Aggravated Assault",111,40.5405405405405
139,2023,"Aggravated Assault",156,-10.8974358974359
130,2024,"Aggravated Assault",139,-6.4748201438849
115,2025,"Aggravated Assault",130,-11.5384615384615
150,2026,"Aggravated Assault",115,30.4347826086957
