"YTDCount","Year","Offense","PrevYTDCount","YTDPercentageChange"
1487,2019,"Aggravated Assault",NA,NA
1825,2020,"Aggravated Assault",1487,22.7303295225286
1884,2021,"Aggravated Assault",1825,3.23287671232877
2052,2022,"Aggravated Assault",1884,8.9171974522293
1879,2023,"Aggravated Assault",2052,-8.4307992202729
1887,2024,"Aggravated Assault",1879,0.425758382118158
