"YTDCount","Year","Offense","PrevYTDCount","YTDPercentageChange"
1151,2019,"Aggravated Assault",NA,NA
1333,2020,"Aggravated Assault",1151,15.8123370981755
1457,2021,"Aggravated Assault",1333,9.30232558139534
1586,2022,"Aggravated Assault",1457,8.85380919698009
1499,2023,"Aggravated Assault",1586,-5.48549810844893
1516,2024,"Aggravated Assault",1499,1.13408939292863
