"YTDCount","Year","Offense","PrevYTDCount","YTDPercentageChange"
715,2019,"Aggravated Assault",NA,NA
750,2020,"Aggravated Assault",715,4.8951048951049
821,2021,"Aggravated Assault",750,9.46666666666667
984,2022,"Aggravated Assault",821,19.8538367844093
966,2023,"Aggravated Assault",984,-1.82926829268293
1017,2024,"Aggravated Assault",966,5.27950310559007
908,2025,"Aggravated Assault",1017,-10.7177974434612
