"YTDCount","Year","Offense","PrevYTDCount","YTDPercentageChange"
1997,2019,"Aggravated Assault",NA,NA
2536,2020,"Aggravated Assault",1997,26.9904857285929
2667,2021,"Aggravated Assault",2536,5.16561514195584
2735,2022,"Aggravated Assault",2667,2.54968128983877
2487,2023,"Aggravated Assault",2735,-9.06764168190128
2608,2024,"Aggravated Assault",2487,4.86529955770003
2441,2025,"Aggravated Assault",2608,-6.40337423312883
