"YTDCount","Year","Offense","PrevYTDCount","YTDPercentageChange"
2084,2019,"Aggravated Assault",NA,NA
2661,2020,"Aggravated Assault",2084,27.6871401151632
2800,2021,"Aggravated Assault",2661,5.22360015031942
2855,2022,"Aggravated Assault",2800,1.96428571428571
2653,2023,"Aggravated Assault",2855,-7.0753064798599
2731,2024,"Aggravated Assault",2653,2.94006784771956
2581,2025,"Aggravated Assault",2731,-5.49249359209081
