"YTDCount","Year","Offense","PrevYTDCount","YTDPercentageChange"
1874,2019,"Aggravated Assault",NA,NA
2357,2020,"Aggravated Assault",1874,25.7737459978655
2510,2021,"Aggravated Assault",2357,6.49130250318202
2573,2022,"Aggravated Assault",2510,2.50996015936256
2353,2023,"Aggravated Assault",2573,-8.55033035367275
2426,2024,"Aggravated Assault",2353,3.10242243943901
