"YTDCount","Year","Offense","PrevYTDCount","YTDPercentageChange"
1068,2019,"Aggravated Assault",NA,NA
1252,2020,"Aggravated Assault",1068,17.2284644194757
1367,2021,"Aggravated Assault",1252,9.18530351437701
1483,2022,"Aggravated Assault",1367,8.48573518653988
1409,2023,"Aggravated Assault",1483,-4.98988536749831
1450,2024,"Aggravated Assault",1409,2.90986515259049
1325,2025,"Aggravated Assault",1450,-8.62068965517241
