"YTDCount","Year","Offense","PrevYTDCount","YTDPercentageChange"
1661,2019,"Aggravated Assault",NA,NA
2059,2020,"Aggravated Assault",1661,23.9614689945816
2133,2021,"Aggravated Assault",2059,3.5939776590578
2265,2022,"Aggravated Assault",2133,6.18846694796062
2100,2023,"Aggravated Assault",2265,-7.28476821192053
2148,2024,"Aggravated Assault",2100,2.28571428571429
2031,2025,"Aggravated Assault",2148,-5.44692737430168
