"YTDCount","Year","Offense","PrevYTDCount","YTDPercentageChange"
260,2019,"Aggravated Assault",NA,NA
262,2020,"Aggravated Assault",260,0.769230769230766
229,2021,"Aggravated Assault",262,-12.5954198473282
354,2022,"Aggravated Assault",229,54.585152838428
304,2023,"Aggravated Assault",354,-14.1242937853107
312,2024,"Aggravated Assault",304,2.63157894736843
279,2025,"Aggravated Assault",312,-10.5769230769231
333,2026,"Aggravated Assault",279,19.3548387096774
