"YTDCount","Year","Offense","PrevYTDCount","YTDPercentageChange"
2128,2019,"Aggravated Assault",NA,NA
2717,2020,"Aggravated Assault",2128,27.6785714285714
2870,2021,"Aggravated Assault",2717,5.6312108943688
2911,2022,"Aggravated Assault",2870,1.42857142857142
2727,2023,"Aggravated Assault",2911,-6.32085194091377
2781,2024,"Aggravated Assault",2727,1.98019801980198
