"YTDCount","Year","Offense","PrevYTDCount","YTDPercentageChange"
1709,2019,"Aggravated Assault",NA,NA
2103,2020,"Aggravated Assault",1709,23.0544177881802
2181,2021,"Aggravated Assault",2103,3.7089871611983
2314,2022,"Aggravated Assault",2181,6.09812012838147
2136,2023,"Aggravated Assault",2314,-7.69230769230769
2194,2024,"Aggravated Assault",2136,2.71535580524345
