"YTDCount","Year","Offense","PrevYTDCount","YTDPercentageChange"
1616,2019,"Aggravated Assault",NA,NA
1986,2020,"Aggravated Assault",1616,22.8960396039604
2075,2021,"Aggravated Assault",1986,4.48136958710976
2205,2022,"Aggravated Assault",2075,6.26506024096385
2038,2023,"Aggravated Assault",2205,-7.57369614512472
2061,2024,"Aggravated Assault",2038,1.12855740922473
