"YTDCount","Year","Offense","PrevYTDCount","YTDPercentageChange"
2007,2019,"Aggravated Assault",NA,NA
2556,2020,"Aggravated Assault",2007,27.3542600896861
2680,2021,"Aggravated Assault",2556,4.85133020344288
2750,2022,"Aggravated Assault",2680,2.61194029850746
2496,2023,"Aggravated Assault",2750,-9.23636363636363
2621,2024,"Aggravated Assault",2496,5.00801282051282
