"YTDCount","Year","Offense","PrevYTDCount","YTDPercentageChange"
1289,2019,"Aggravated Assault",NA,NA
1545,2020,"Aggravated Assault",1289,19.8603568657874
1630,2021,"Aggravated Assault",1545,5.50161812297734
1778,2022,"Aggravated Assault",1630,9.07975460122699
1649,2023,"Aggravated Assault",1778,-7.25534308211474
1676,2024,"Aggravated Assault",1649,1.63735597331716
