"YTDCount","Year","Offense","PrevYTDCount","YTDPercentageChange"
1840,2019,"Aggravated Assault",NA,NA
2305,2020,"Aggravated Assault",1840,25.2717391304348
2435,2021,"Aggravated Assault",2305,5.63991323210413
2508,2022,"Aggravated Assault",2435,2.99794661190964
2308,2023,"Aggravated Assault",2508,-7.97448165869219
2384,2024,"Aggravated Assault",2308,3.29289428076256
