"YTDCount","Year","Offense","PrevYTDCount","YTDPercentageChange"
1918,2019,"Aggravated Assault",NA,NA
2405,2020,"Aggravated Assault",1918,25.3910323253389
2553,2021,"Aggravated Assault",2405,6.15384615384615
2619,2022,"Aggravated Assault",2553,2.58519388954173
2390,2023,"Aggravated Assault",2619,-8.74379534173348
2481,2024,"Aggravated Assault",2390,3.80753138075314
