"YTDCount","Year","Offense","PrevYTDCount","YTDPercentageChange"
101,2019,"Aggravated Assault",NA,NA
111,2020,"Aggravated Assault",101,9.90099009900991
109,2021,"Aggravated Assault",111,-1.80180180180181
147,2022,"Aggravated Assault",109,34.8623853211009
134,2023,"Aggravated Assault",147,-8.84353741496598
121,2024,"Aggravated Assault",134,-9.70149253731343
109,2025,"Aggravated Assault",121,-9.91735537190083
148,2026,"Aggravated Assault",109,35.7798165137615
