"YTDCount","Year","Offense","PrevYTDCount","YTDPercentageChange"
335,2019,"Aggravated Assault",NA,NA
364,2020,"Aggravated Assault",335,8.65671641791044
318,2021,"Aggravated Assault",364,-12.6373626373626
473,2022,"Aggravated Assault",318,48.7421383647799
406,2023,"Aggravated Assault",473,-14.1649048625793
438,2024,"Aggravated Assault",406,7.88177339901477
390,2025,"Aggravated Assault",438,-10.958904109589
471,2026,"Aggravated Assault",390,20.7692307692308
