"YTDCount","Year","Offense","PrevYTDCount","YTDPercentageChange"
1197,2019,"Aggravated Assault",NA,NA
1391,2020,"Aggravated Assault",1197,16.2071846282373
1489,2021,"Aggravated Assault",1391,7.04529115744068
1635,2022,"Aggravated Assault",1489,9.80523841504366
1540,2023,"Aggravated Assault",1635,-5.81039755351682
1549,2024,"Aggravated Assault",1540,0.584415584415576
