"YTDCount","Year","Offense","PrevYTDCount","YTDPercentageChange"
2010,2019,"Aggravated Assault",NA,NA
2559,2020,"Aggravated Assault",2010,27.3134328358209
2685,2021,"Aggravated Assault",2559,4.92379835873389
2755,2022,"Aggravated Assault",2685,2.60707635009312
2511,2023,"Aggravated Assault",2755,-8.85662431941924
2626,2024,"Aggravated Assault",2511,4.57984866587018
