"YTDCount","Year","Offense","PrevYTDCount","YTDPercentageChange"
2175,2019,"Aggravated Assault",NA,NA
2782,2020,"Aggravated Assault",2175,27.9080459770115
2938,2021,"Aggravated Assault",2782,5.60747663551402
2978,2022,"Aggravated Assault",2938,1.36147038801906
2819,2023,"Aggravated Assault",2978,-5.33915379449295
2847,2024,"Aggravated Assault",2819,0.993260021284148
2688,2025,"Aggravated Assault",2847,-5.58482613277134
