"YTDCount","Year","Offense","PrevYTDCount","YTDPercentageChange"
1468,2019,"Aggravated Assault",NA,NA
1783,2020,"Aggravated Assault",1468,21.4577656675749
1849,2021,"Aggravated Assault",1783,3.7016264722378
2018,2022,"Aggravated Assault",1849,9.14007571660358
1836,2023,"Aggravated Assault",2018,-9.01883052527255
1861,2024,"Aggravated Assault",1836,1.36165577342049
1727,2025,"Aggravated Assault",1861,-7.20042987641053
