"YTDCount","Year","Offense","PrevYTDCount","YTDPercentageChange"
1654,2019,"Aggravated Assault",NA,NA
2048,2020,"Aggravated Assault",1654,23.8210399032648
2117,2021,"Aggravated Assault",2048,3.369140625
2257,2022,"Aggravated Assault",2117,6.61313179026926
2091,2023,"Aggravated Assault",2257,-7.35489587948605
2138,2024,"Aggravated Assault",2091,2.24772835963654
2023,2025,"Aggravated Assault",2138,-5.37885874649204
