"YTDCount","Year","Offense","PrevYTDCount","YTDPercentageChange"
1978,2019,"Aggravated Assault",NA,NA
2492,2020,"Aggravated Assault",1978,25.9858442871588
2617,2021,"Aggravated Assault",2492,5.01605136436598
2705,2022,"Aggravated Assault",2617,3.36262896446313
2456,2023,"Aggravated Assault",2705,-9.20517560073937
2569,2024,"Aggravated Assault",2456,4.60097719869708
2410,2025,"Aggravated Assault",2569,-6.1891786687427
