"YTDCount","Year","Offense","PrevYTDCount","YTDPercentageChange"
1346,2019,"Aggravated Assault",NA,NA
1636,2020,"Aggravated Assault",1346,21.5453194650817
1712,2021,"Aggravated Assault",1636,4.64547677261613
1875,2022,"Aggravated Assault",1712,9.52102803738317
1714,2023,"Aggravated Assault",1875,-8.58666666666666
1748,2024,"Aggravated Assault",1714,1.98366394399065
1611,2025,"Aggravated Assault",1748,-7.83752860411899
