"YTDCount","Year","Offense","PrevYTDCount","YTDPercentageChange"
1068,2019,"Aggravated Assault",NA,NA
1252,2020,"Aggravated Assault",1068,17.2284644194757
1367,2021,"Aggravated Assault",1252,9.18530351437701
1482,2022,"Aggravated Assault",1367,8.41258229700072
1408,2023,"Aggravated Assault",1482,-4.99325236167342
1446,2024,"Aggravated Assault",1408,2.69886363636365
