"YTDCount","Year","Offense","PrevYTDCount","YTDPercentageChange"
669,2019,"Aggravated Assault",NA,NA
706,2020,"Aggravated Assault",669,5.53064275037369
751,2021,"Aggravated Assault",706,6.37393767705383
898,2022,"Aggravated Assault",751,19.5739014647137
890,2023,"Aggravated Assault",898,-0.890868596881955
908,2024,"Aggravated Assault",890,2.02247191011236
815,2025,"Aggravated Assault",908,-10.2422907488987
