"YTDCount","Year","Offense","PrevYTDCount","YTDPercentageChange"
1571,2019,"Aggravated Assault",NA,NA
1920,2020,"Aggravated Assault",1571,22.2151495862508
1993,2021,"Aggravated Assault",1920,3.80208333333334
2137,2022,"Aggravated Assault",1993,7.22528850978426
1965,2023,"Aggravated Assault",2137,-8.04866635470285
1994,2024,"Aggravated Assault",1965,1.47582697201019
1905,2025,"Aggravated Assault",1994,-4.46339017051154
