"YTDCount","Year","Offense","PrevYTDCount","YTDPercentageChange"
1978,2019,"Aggravated Assault",NA,NA
2502,2020,"Aggravated Assault",1978,26.4914054600607
2630,2021,"Aggravated Assault",2502,5.11590727418065
2709,2022,"Aggravated Assault",2630,3.00380228136883
2461,2023,"Aggravated Assault",2709,-9.15466961978589
2578,2024,"Aggravated Assault",2461,4.75416497358798
2423,2025,"Aggravated Assault",2578,-6.01241272304112
