"YTDCount","Year","Offense","PrevYTDCount","YTDPercentageChange"
840,2019,"Aggravated Assault",NA,NA
911,2020,"Aggravated Assault",840,8.45238095238095
1049,2021,"Aggravated Assault",911,15.1481888035126
1188,2022,"Aggravated Assault",1049,13.2507149666349
1152,2023,"Aggravated Assault",1188,-3.03030303030303
1154,2024,"Aggravated Assault",1152,0.173611111111116
1061,2025,"Aggravated Assault",1154,-8.05892547660312
