"YTDCount","Year","Offense","PrevYTDCount","YTDPercentageChange"
2149,2019,"Aggravated Assault",NA,NA
2740,2020,"Aggravated Assault",2149,27.5011633317822
2904,2021,"Aggravated Assault",2740,5.98540145985402
2930,2022,"Aggravated Assault",2904,0.895316804407709
2760,2023,"Aggravated Assault",2930,-5.80204778156996
2807,2024,"Aggravated Assault",2760,1.70289855072463
2646,2025,"Aggravated Assault",2807,-5.7356608478803
