"YTDCount","Year","Offense","PrevYTDCount","YTDPercentageChange"
1113,2019,"Aggravated Assault",NA,NA
1296,2020,"Aggravated Assault",1113,16.4420485175202
1436,2021,"Aggravated Assault",1296,10.8024691358025
1565,2022,"Aggravated Assault",1436,8.98328690807799
1470,2023,"Aggravated Assault",1565,-6.0702875399361
1488,2024,"Aggravated Assault",1470,1.22448979591836
1356,2025,"Aggravated Assault",1488,-8.87096774193549
