"YTDCount","Year","Offense","PrevYTDCount","YTDPercentageChange"
1468,2019,"Aggravated Assault",NA,NA
1783,2020,"Aggravated Assault",1468,21.4577656675749
1849,2021,"Aggravated Assault",1783,3.7016264722378
2017,2022,"Aggravated Assault",1849,9.08599242833965
1835,2023,"Aggravated Assault",2017,-9.0233019335647
1852,2024,"Aggravated Assault",1835,0.926430517711174
