"YTDCount","Year","Offense","PrevYTDCount","YTDPercentageChange"
1442,2019,"Aggravated Assault",NA,NA
1753,2020,"Aggravated Assault",1442,21.5672676837725
1819,2021,"Aggravated Assault",1753,3.76497432972047
1986,2022,"Aggravated Assault",1819,9.1808686091259
1814,2023,"Aggravated Assault",1986,-8.66062437059416
1841,2024,"Aggravated Assault",1814,1.48842337375965
