"YTDCount","Year","Offense","PrevYTDCount","YTDPercentageChange"
204,2019,"Aggravated Assault",NA,NA
208,2020,"Aggravated Assault",204,1.96078431372548
179,2021,"Aggravated Assault",208,-13.9423076923077
269,2022,"Aggravated Assault",179,50.2793296089386
248,2023,"Aggravated Assault",269,-7.80669144981413
251,2024,"Aggravated Assault",248,1.20967741935485
215,2025,"Aggravated Assault",251,-14.3426294820717
261,2026,"Aggravated Assault",215,21.3953488372093
