"YTDCount","Year","Offense","PrevYTDCount","YTDPercentageChange"
1874,2019,"Aggravated Assault",NA,NA
2356,2020,"Aggravated Assault",1874,25.7203842049093
2510,2021,"Aggravated Assault",2356,6.53650254668929
2574,2022,"Aggravated Assault",2510,2.54980079681275
2354,2023,"Aggravated Assault",2574,-8.54700854700855
2435,2024,"Aggravated Assault",2354,3.44095157179269
2306,2025,"Aggravated Assault",2435,-5.29774127310062
