"YTDCount","Year","Offense","PrevYTDCount","YTDPercentageChange"
1827,2019,"Aggravated Assault",NA,NA
2284,2020,"Aggravated Assault",1827,25.0136836343733
2399,2021,"Aggravated Assault",2284,5.03502626970227
2498,2022,"Aggravated Assault",2399,4.12671946644436
2284,2023,"Aggravated Assault",2498,-8.56685348278623
2374,2024,"Aggravated Assault",2284,3.94045534150613
2240,2025,"Aggravated Assault",2374,-5.64448188711036
