"YTDCount","Year","Offense","PrevYTDCount","YTDPercentageChange"
1039,2019,"Aggravated Assault",NA,NA
1216,2020,"Aggravated Assault",1039,17.0356111645813
1335,2021,"Aggravated Assault",1216,9.7861842105263
1452,2022,"Aggravated Assault",1335,8.76404494382022
1378,2023,"Aggravated Assault",1452,-5.09641873278237
1397,2024,"Aggravated Assault",1378,1.37880986937591
