"YTDCount","Year","Offense","PrevYTDCount","YTDPercentageChange"
1265,2019,"Aggravated Assault",NA,NA
1504,2020,"Aggravated Assault",1265,18.8932806324111
1611,2021,"Aggravated Assault",1504,7.11436170212767
1751,2022,"Aggravated Assault",1611,8.69025450031036
1624,2023,"Aggravated Assault",1751,-7.25299828669331
1641,2024,"Aggravated Assault",1624,1.04679802955665
