"YTDCount","Year","Offense","PrevYTDCount","YTDPercentageChange"
1554,2019,"Aggravated Assault",NA,NA
1890,2020,"Aggravated Assault",1554,21.6216216216216
1954,2021,"Aggravated Assault",1890,3.38624338624338
2100,2022,"Aggravated Assault",1954,7.47185261003072
1937,2023,"Aggravated Assault",2100,-7.76190476190476
1932,2024,"Aggravated Assault",1937,-0.258131130614347
