"YTDCount","Year","Offense","PrevYTDCount","YTDPercentageChange"
1842,2019,"Aggravated Assault",NA,NA
2317,2020,"Aggravated Assault",1842,25.7871878393051
2462,2021,"Aggravated Assault",2317,6.25809236081138
2529,2022,"Aggravated Assault",2462,2.72136474411049
2327,2023,"Aggravated Assault",2529,-7.98734677738237
2405,2024,"Aggravated Assault",2327,3.35195530726258
2268,2025,"Aggravated Assault",2405,-5.69646569646569
