"YTDCount","Year","Offense","PrevYTDCount","YTDPercentageChange"
1377,2019,"Aggravated Assault",NA,NA
1663,2020,"Aggravated Assault",1377,20.7697893972404
1745,2021,"Aggravated Assault",1663,4.93084786530367
1907,2022,"Aggravated Assault",1745,9.2836676217765
1748,2023,"Aggravated Assault",1907,-8.33770319874148
1779,2024,"Aggravated Assault",1748,1.77345537757436
1640,2025,"Aggravated Assault",1779,-7.81337830241708
