"YTDCount","Year","Offense","PrevYTDCount","YTDPercentageChange"
2271,2019,"Aggravated Assault",NA,NA
2860,2020,"Aggravated Assault",2271,25.9357111404668
3033,2021,"Aggravated Assault",2860,6.04895104895105
3064,2022,"Aggravated Assault",3033,1.02209033959775
2941,2023,"Aggravated Assault",3064,-4.01436031331592
2928,2024,"Aggravated Assault",2941,-0.442026521591299
