"YTDCount","Year","Offense","PrevYTDCount","YTDPercentageChange"
1008,2019,"Aggravated Assault",NA,NA
1166,2020,"Aggravated Assault",1008,15.6746031746032
1299,2021,"Aggravated Assault",1166,11.4065180102916
1403,2022,"Aggravated Assault",1299,8.00615858352578
1333,2023,"Aggravated Assault",1403,-4.98930862437633
1385,2024,"Aggravated Assault",1333,3.90097524381094
1271,2025,"Aggravated Assault",1385,-8.23104693140794
