"YTDCount","Year","Offense","PrevYTDCount","YTDPercentageChange"
1941,2019,"Aggravated Assault",NA,NA
2434,2020,"Aggravated Assault",1941,25.3992787223081
2563,2021,"Aggravated Assault",2434,5.29991783073132
2651,2022,"Aggravated Assault",2563,3.43347639484979
2408,2023,"Aggravated Assault",2651,-9.16635231987929
2516,2024,"Aggravated Assault",2408,4.48504983388704
2381,2025,"Aggravated Assault",2516,-5.36565977742448
