"YTDCount","Year","Offense","PrevYTDCount","YTDPercentageChange"
1330,2019,"Aggravated Assault",NA,NA
1584,2020,"Aggravated Assault",1330,19.0977443609023
1667,2021,"Aggravated Assault",1584,5.23989898989898
1813,2022,"Aggravated Assault",1667,8.75824835032994
1679,2023,"Aggravated Assault",1813,-7.39106453392168
1719,2024,"Aggravated Assault",1679,2.38237045860632
