"YTDCount","Year","Offense","PrevYTDCount","YTDPercentageChange"
1332,2019,"Aggravated Assault",NA,NA
1592,2020,"Aggravated Assault",1332,19.5195195195195
1674,2021,"Aggravated Assault",1592,5.15075376884422
1825,2022,"Aggravated Assault",1674,9.02031063321387
1689,2023,"Aggravated Assault",1825,-7.45205479452055
1727,2024,"Aggravated Assault",1689,2.24985198342214
1592,2025,"Aggravated Assault",1727,-7.81702374059062
