"YTDCount","Year","Offense","PrevYTDCount","YTDPercentageChange"
1570,2019,"Aggravated Assault",NA,NA
1911,2020,"Aggravated Assault",1570,21.7197452229299
1986,2021,"Aggravated Assault",1911,3.92464678178963
2127,2022,"Aggravated Assault",1986,7.09969788519638
1959,2023,"Aggravated Assault",2127,-7.8984485190409
1967,2024,"Aggravated Assault",1959,0.408371618172532
