"YTDCount","Year","Offense","PrevYTDCount","YTDPercentageChange"
864,2019,"Aggravated Assault",NA,NA
936,2020,"Aggravated Assault",864,8.33333333333333
1091,2021,"Aggravated Assault",936,16.5598290598291
1227,2022,"Aggravated Assault",1091,12.4656278643446
1179,2023,"Aggravated Assault",1227,-3.9119804400978
1184,2024,"Aggravated Assault",1179,0.424088210347762
1093,2025,"Aggravated Assault",1184,-7.68581081081081
