"YTDCount","Year","Offense","PrevYTDCount","YTDPercentageChange"
1731,2019,"Aggravated Assault",NA,NA
2133,2020,"Aggravated Assault",1731,23.2235701906413
2200,2021,"Aggravated Assault",2133,3.14111579934364
2351,2022,"Aggravated Assault",2200,6.86363636363636
2163,2023,"Aggravated Assault",2351,-7.99659719268396
2229,2024,"Aggravated Assault",2163,3.05131761442441
