"YTDCount","Year","Offense","PrevYTDCount","YTDPercentageChange"
2134,2019,"Aggravated Assault",NA,NA
2723,2020,"Aggravated Assault",2134,27.6007497656982
2880,2021,"Aggravated Assault",2723,5.76569959603379
2917,2022,"Aggravated Assault",2880,1.28472222222222
2738,2023,"Aggravated Assault",2917,-6.1364415495372
2793,2024,"Aggravated Assault",2738,2.00876552227904
2624,2025,"Aggravated Assault",2793,-6.05084138918726
