"YTDCount","Year","Offense","PrevYTDCount","YTDPercentageChange"
1515,2019,"Aggravated Assault",NA,NA
1851,2020,"Aggravated Assault",1515,22.1782178217822
1918,2021,"Aggravated Assault",1851,3.61966504592113
2071,2022,"Aggravated Assault",1918,7.97705943691345
1909,2023,"Aggravated Assault",2071,-7.82230806373733
1901,2024,"Aggravated Assault",1909,-0.419067574646415
