"YTDCount","Year","Offense","PrevYTDCount","YTDPercentageChange"
557,2019,"Aggravated Assault",NA,NA
584,2020,"Aggravated Assault",557,4.84739676840216
585,2021,"Aggravated Assault",584,0.171232876712324
751,2022,"Aggravated Assault",585,28.3760683760684
714,2023,"Aggravated Assault",751,-4.92676431424767
757,2024,"Aggravated Assault",714,6.02240896358543
672,2025,"Aggravated Assault",757,-11.2285336856011
