"YTDCount","Year","Offense","PrevYTDCount","YTDPercentageChange"
1410,2019,"Aggravated Assault",NA,NA
1702,2020,"Aggravated Assault",1410,20.709219858156
1793,2021,"Aggravated Assault",1702,5.34665099882492
1953,2022,"Aggravated Assault",1793,8.92359174567763
1789,2023,"Aggravated Assault",1953,-8.3973374295955
1808,2024,"Aggravated Assault",1789,1.06204583566238
1658,2025,"Aggravated Assault",1808,-8.29646017699115
