"YTDCount","Year","Offense","PrevYTDCount","YTDPercentageChange"
280,2019,"Aggravated Assault",NA,NA
279,2020,"Aggravated Assault",280,-0.357142857142856
241,2021,"Aggravated Assault",279,-13.6200716845878
374,2022,"Aggravated Assault",241,55.1867219917012
333,2023,"Aggravated Assault",374,-10.9625668449198
325,2024,"Aggravated Assault",333,-2.4024024024024
298,2025,"Aggravated Assault",325,-8.3076923076923
367,2026,"Aggravated Assault",298,23.1543624161074
