"YTDCount","Year","Offense","PrevYTDCount","YTDPercentageChange"
1587,2019,"Aggravated Assault",NA,NA
1940,2020,"Aggravated Assault",1587,22.2432262129805
2029,2021,"Aggravated Assault",1940,4.58762886597939
2161,2022,"Aggravated Assault",2029,6.50566781665844
1992,2023,"Aggravated Assault",2161,-7.82045349375289
2001,2024,"Aggravated Assault",1992,0.451807228915668
