"YTDCount","Year","Offense","PrevYTDCount","YTDPercentageChange"
1576,2019,"Aggravated Assault",NA,NA
1928,2020,"Aggravated Assault",1576,22.3350253807107
2007,2021,"Aggravated Assault",1928,4.09751037344399
2148,2022,"Aggravated Assault",2007,7.02541106128549
1981,2023,"Aggravated Assault",2148,-7.77467411545624
2001,2024,"Aggravated Assault",1981,1.00959111559817
1910,2025,"Aggravated Assault",2001,-4.54772613693153
