"YTDCount","Year","Offense","PrevYTDCount","YTDPercentageChange"
1760,2019,"Aggravated Assault",NA,NA
2165,2020,"Aggravated Assault",1760,23.0113636363636
2246,2021,"Aggravated Assault",2165,3.74133949191686
2392,2022,"Aggravated Assault",2246,6.50044523597506
2185,2023,"Aggravated Assault",2392,-8.65384615384616
2270,2024,"Aggravated Assault",2185,3.89016018306636
2149,2025,"Aggravated Assault",2270,-5.33039647577093
