"YTDCount","Year","Offense","PrevYTDCount","YTDPercentageChange"
1017,2019,"Aggravated Assault",NA,NA
1181,2020,"Aggravated Assault",1017,16.125860373648
1305,2021,"Aggravated Assault",1181,10.4995766299746
1409,2022,"Aggravated Assault",1305,7.96934865900383
1345,2023,"Aggravated Assault",1409,-4.54222853087296
1397,2024,"Aggravated Assault",1345,3.86617100371747
