"YTDCount","Year","Offense","PrevYTDCount","YTDPercentageChange"
1383,2019,"Aggravated Assault",NA,NA
1678,2020,"Aggravated Assault",1383,21.3304410701374
1758,2021,"Aggravated Assault",1678,4.76758045292014
1917,2022,"Aggravated Assault",1758,9.04436860068258
1762,2023,"Aggravated Assault",1917,-8.08555033907147
1790,2024,"Aggravated Assault",1762,1.58910329171396
