"YTDCount","Year","Offense","PrevYTDCount","YTDPercentageChange"
1358,2019,"Aggravated Assault",NA,NA
1651,2020,"Aggravated Assault",1358,21.5758468335788
1723,2021,"Aggravated Assault",1651,4.3609933373713
1883,2022,"Aggravated Assault",1723,9.28612884503772
1721,2023,"Aggravated Assault",1883,-8.60329261816251
1758,2024,"Aggravated Assault",1721,2.14991284137129
