"YTDCount","Year","Offense","PrevYTDCount","YTDPercentageChange"
2094,2019,"Aggravated Assault",NA,NA
2673,2020,"Aggravated Assault",2094,27.6504297994269
2808,2021,"Aggravated Assault",2673,5.05050505050506
2865,2022,"Aggravated Assault",2808,2.02991452991452
2662,2023,"Aggravated Assault",2865,-7.08551483420593
2733,2024,"Aggravated Assault",2662,2.6671675432006
