"YTDCount","Year","Offense","PrevYTDCount","YTDPercentageChange"
1534,2019,"Aggravated Assault",NA,NA
1863,2020,"Aggravated Assault",1534,21.4471968709257
1926,2021,"Aggravated Assault",1863,3.38164251207729
2076,2022,"Aggravated Assault",1926,7.78816199376946
1918,2023,"Aggravated Assault",2076,-7.61078998073218
1912,2024,"Aggravated Assault",1918,-0.312825860271115
