"YTDCount","Year","Offense","PrevYTDCount","YTDPercentageChange"
915,2019,"Aggravated Assault",NA,NA
995,2020,"Aggravated Assault",915,8.74316939890711
1150,2021,"Aggravated Assault",995,15.5778894472362
1275,2022,"Aggravated Assault",1150,10.8695652173913
1228,2023,"Aggravated Assault",1275,-3.68627450980392
1261,2024,"Aggravated Assault",1228,2.6872964169381
1143,2025,"Aggravated Assault",1261,-9.35765265662173
