"YTDCount","Year","Offense","PrevYTDCount","YTDPercentageChange"
2161,2019,"Aggravated Assault",NA,NA
2760,2020,"Aggravated Assault",2161,27.7186487737159
2915,2021,"Aggravated Assault",2760,5.6159420289855
2959,2022,"Aggravated Assault",2915,1.50943396226415
2791,2023,"Aggravated Assault",2959,-5.677593781683
2823,2024,"Aggravated Assault",2791,1.1465424579004
2663,2025,"Aggravated Assault",2823,-5.66772936592278
