"YTDCount","Year","Offense","PrevYTDCount","YTDPercentageChange"
1694,2019,"Aggravated Assault",NA,NA
2084,2020,"Aggravated Assault",1694,23.0224321133412
2171,2021,"Aggravated Assault",2084,4.17466410748562
2296,2022,"Aggravated Assault",2171,5.75771533855367
2127,2023,"Aggravated Assault",2296,-7.36062717770035
2171,2024,"Aggravated Assault",2127,2.06864127879642
