"YTDCount","Year","Offense","PrevYTDCount","YTDPercentageChange"
1612,2019,"Aggravated Assault",NA,NA
1976,2020,"Aggravated Assault",1612,22.5806451612903
2068,2021,"Aggravated Assault",1976,4.65587044534412
2196,2022,"Aggravated Assault",2068,6.18955512572534
2028,2023,"Aggravated Assault",2196,-7.65027322404371
2048,2024,"Aggravated Assault",2028,0.986193293885607
