"YTDCount","Year","Offense","PrevYTDCount","YTDPercentageChange"
1158,2019,"Aggravated Assault",NA,NA
1349,2020,"Aggravated Assault",1158,16.4939550949914
1467,2021,"Aggravated Assault",1349,8.74722016308376
1603,2022,"Aggravated Assault",1467,9.27062031356509
1507,2023,"Aggravated Assault",1603,-5.98877105427323
1523,2024,"Aggravated Assault",1507,1.06171201061711
