"YTDCount","Year","Offense","PrevYTDCount","YTDPercentageChange"
2052,2019,"Aggravated Assault",NA,NA
2605,2020,"Aggravated Assault",2052,26.9493177387914
2750,2021,"Aggravated Assault",2605,5.5662188099808
2808,2022,"Aggravated Assault",2750,2.1090909090909
2588,2023,"Aggravated Assault",2808,-7.83475783475783
2689,2024,"Aggravated Assault",2588,3.90262751159196
2537,2025,"Aggravated Assault",2689,-5.65265898103384
