"YTDCount","Year","Offense","PrevYTDCount","YTDPercentageChange"
2175,2019,"Aggravated Assault",NA,NA
2783,2020,"Aggravated Assault",2175,27.9540229885058
2937,2021,"Aggravated Assault",2783,5.53359683794465
2978,2022,"Aggravated Assault",2937,1.39598229485869
2818,2023,"Aggravated Assault",2978,-5.37273337810611
2836,2024,"Aggravated Assault",2818,0.638750887154016
