"YTDCount","Year","Offense","PrevYTDCount","YTDPercentageChange"
1319,2019,"Aggravated Assault",NA,NA
1571,2020,"Aggravated Assault",1319,19.1053828658074
1657,2021,"Aggravated Assault",1571,5.47422024188415
1809,2022,"Aggravated Assault",1657,9.17320458660229
1671,2023,"Aggravated Assault",1809,-7.62852404643449
1710,2024,"Aggravated Assault",1671,2.33393177737882
