"YTDCount","Year","Offense","PrevYTDCount","YTDPercentageChange"
1158,2019,"Aggravated Assault",NA,NA
1349,2020,"Aggravated Assault",1158,16.4939550949914
1467,2021,"Aggravated Assault",1349,8.74722016308376
1604,2022,"Aggravated Assault",1467,9.33878663940013
1508,2023,"Aggravated Assault",1604,-5.9850374064838
1533,2024,"Aggravated Assault",1508,1.657824933687
1394,2025,"Aggravated Assault",1533,-9.06718851924332
