"YTDCount","Year","Offense","PrevYTDCount","YTDPercentageChange"
2042,2019,"Aggravated Assault",NA,NA
2597,2020,"Aggravated Assault",2042,27.179236043095
2735,2021,"Aggravated Assault",2597,5.31382364266462
2793,2022,"Aggravated Assault",2735,2.12065813528337
2570,2023,"Aggravated Assault",2793,-7.98424633011099
2673,2024,"Aggravated Assault",2570,4.00778210116732
2506,2025,"Aggravated Assault",2673,-6.24766180321736
