"YTDCount","Year","Offense","PrevYTDCount","YTDPercentageChange"
1645,2019,"Aggravated Assault",NA,NA
2040,2020,"Aggravated Assault",1645,24.0121580547112
2110,2021,"Aggravated Assault",2040,3.43137254901962
2252,2022,"Aggravated Assault",2110,6.7298578199052
2087,2023,"Aggravated Assault",2252,-7.32682060390764
2130,2024,"Aggravated Assault",2087,2.06037374221371
2013,2025,"Aggravated Assault",2130,-5.49295774647888
