"YTDCount","Year","Offense","PrevYTDCount","YTDPercentageChange"
1418,2019,"Aggravated Assault",NA,NA
1719,2020,"Aggravated Assault",1418,21.2270803949224
1798,2021,"Aggravated Assault",1719,4.5956951716114
1955,2022,"Aggravated Assault",1798,8.73192436040044
1798,2023,"Aggravated Assault",1955,-8.0306905370844
1814,2024,"Aggravated Assault",1798,0.889877641824244
