"YTDCount","Year","Offense","PrevYTDCount","YTDPercentageChange"
2094,2019,"Aggravated Assault",NA,NA
2672,2020,"Aggravated Assault",2094,27.6026743075454
2809,2021,"Aggravated Assault",2672,5.12724550898203
2865,2022,"Aggravated Assault",2809,1.9935920256319
2663,2023,"Aggravated Assault",2865,-7.05061082024433
2738,2024,"Aggravated Assault",2663,2.81637251220428
2588,2025,"Aggravated Assault",2738,-5.47845142439737
