"YTDCount","Year","Offense","PrevYTDCount","YTDPercentageChange"
914,2019,"Aggravated Assault",NA,NA
971,2020,"Aggravated Assault",914,6.2363238512035
905,2021,"Aggravated Assault",971,-6.79711637487127
978,2022,"Aggravated Assault",905,8.06629834254144
1701,2023,"Aggravated Assault",978,73.9263803680982
2001,2024,"Aggravated Assault",1701,17.636684303351
2278,2025,"Aggravated Assault",2001,13.8430784607696
