"YTDCount","Year","Offense","PrevYTDCount","YTDPercentageChange"
783,2019,"Aggravated Assault",NA,NA
832,2020,"Aggravated Assault",783,6.25798212005109
950,2021,"Aggravated Assault",832,14.1826923076923
1097,2022,"Aggravated Assault",950,15.4736842105263
1074,2023,"Aggravated Assault",1097,-2.09662716499545
1093,2024,"Aggravated Assault",1074,1.76908752327747
975,2025,"Aggravated Assault",1093,-10.7959743824337
