"YTDCount","Year","Offense","PrevYTDCount","YTDPercentageChange"
117,2019,"Aggravated Assault",NA,NA
124,2020,"Aggravated Assault",117,5.98290598290598
117,2021,"Aggravated Assault",124,-5.64516129032258
168,2022,"Aggravated Assault",117,43.5897435897436
151,2023,"Aggravated Assault",168,-10.1190476190476
143,2024,"Aggravated Assault",151,-5.29801324503312
129,2025,"Aggravated Assault",143,-9.79020979020979
155,2026,"Aggravated Assault",129,20.1550387596899
