"YTDCount","Year","Offense","PrevYTDCount","YTDPercentageChange"
1731,2019,"Aggravated Assault",NA,NA
2133,2020,"Aggravated Assault",1731,23.2235701906413
2200,2021,"Aggravated Assault",2133,3.14111579934364
2352,2022,"Aggravated Assault",2200,6.90909090909091
2164,2023,"Aggravated Assault",2352,-7.99319727891157
2230,2024,"Aggravated Assault",2164,3.04990757855823
2112,2025,"Aggravated Assault",2230,-5.2914798206278
