"YTDCount","Year","Offense","PrevYTDCount","YTDPercentageChange"
1584,2019,"Aggravated Assault",NA,NA
1938,2020,"Aggravated Assault",1584,22.3484848484848
2015,2021,"Aggravated Assault",1938,3.97316821465428
2156,2022,"Aggravated Assault",2015,6.99751861042184
1988,2023,"Aggravated Assault",2156,-7.7922077922078
2009,2024,"Aggravated Assault",1988,1.05633802816902
1918,2025,"Aggravated Assault",2009,-4.52961672473867
