"YTDCount","Year","Offense","PrevYTDCount","YTDPercentageChange"
2085,2019,"Aggravated Assault",NA,NA
2794,2020,"Aggravated Assault",2085,34.0047961630695
2948,2021,"Aggravated Assault",2794,5.51181102362204
2989,2022,"Aggravated Assault",2948,1.39077340569878
2838,2023,"Aggravated Assault",2989,-5.05185680829708
2859,2024,"Aggravated Assault",2838,0.7399577167019
2726,2025,"Aggravated Assault",2859,-4.65197621545995
