"YTDCount","Year","Offense","PrevYTDCount","YTDPercentageChange"
1645,2019,"Aggravated Assault",NA,NA
2040,2020,"Aggravated Assault",1645,24.0121580547112
2110,2021,"Aggravated Assault",2040,3.43137254901962
2251,2022,"Aggravated Assault",2110,6.68246445497631
2086,2023,"Aggravated Assault",2251,-7.33007552199023
2121,2024,"Aggravated Assault",2086,1.67785234899329
