"YTDCount","Year","Offense","PrevYTDCount","YTDPercentageChange"
1214,2019,"Aggravated Assault",NA,NA
1438,2020,"Aggravated Assault",1214,18.4514003294893
1514,2021,"Aggravated Assault",1438,5.28511821974966
1675,2022,"Aggravated Assault",1514,10.6340819022457
1564,2023,"Aggravated Assault",1675,-6.62686567164179
1606,2024,"Aggravated Assault",1564,2.68542199488491
1436,2025,"Aggravated Assault",1606,-10.585305105853
