"YTDCount","Year","Offense","PrevYTDCount","YTDPercentageChange"
1251,2019,"Aggravated Assault",NA,NA
1480,2020,"Aggravated Assault",1251,18.3053557154277
1584,2021,"Aggravated Assault",1480,7.02702702702702
1731,2022,"Aggravated Assault",1584,9.28030303030303
1617,2023,"Aggravated Assault",1731,-6.58578856152513
1640,2024,"Aggravated Assault",1617,1.42238713667284
1470,2025,"Aggravated Assault",1640,-10.3658536585366
