"YTDCount","Year","Offense","PrevYTDCount","YTDPercentageChange"
1032,2019,"Aggravated Assault",NA,NA
1202,2020,"Aggravated Assault",1032,16.4728682170543
1330,2021,"Aggravated Assault",1202,10.648918469218
1440,2022,"Aggravated Assault",1330,8.27067669172932
1372,2023,"Aggravated Assault",1440,-4.72222222222223
1397,2024,"Aggravated Assault",1372,1.82215743440233
