"YTDCount","Year","Offense","PrevYTDCount","YTDPercentageChange"
1217,2019,"Aggravated Assault",NA,NA
1447,2020,"Aggravated Assault",1217,18.898931799507
1524,2021,"Aggravated Assault",1447,5.32135452660678
1685,2022,"Aggravated Assault",1524,10.5643044619423
1575,2023,"Aggravated Assault",1685,-6.52818991097923
1613,2024,"Aggravated Assault",1575,2.41269841269842
1439,2025,"Aggravated Assault",1613,-10.7873527588345
