"X","Y","Type","DID","Case_Number","Case_NumberAlt","Date","Timestamp","Occurred_Date","NIBRS_Crime_Against","NIBRS_Group","NIBRS_Code","Offense_Category","Offense","Problem_Initial","Problem_Final","Address","Precinct","Neighborhood","Ward","Latitude","Longitude","wgsXAnon","wgsYAnon","Crime_Count","OBJECTID","Year","Month"
-10383995.6361,5621926.0497,"Gunshot Wound Victims",NA,"19-011017","MP201911017",2019-01-11,"23:22:00+00","2019/01/11 21:36:00+00","Non NIBRS Data","Non NIBRS Data","Non NIBRS Data","Gunshot Wound Victims","Gunshot Wound Victims",NA,NA,"0002XX 23RD AVE N",4,"Hawthorne",5,45.00257,-93.28102,-10383995.6360887,5621926.04972424,1,308599,2019,1
-10381857.9567,5615652.1446,"Gunshot Wound Victims",NA,"19-019856","MP201919856",2019-01-21,"03:08:00+00","2019/01/21 01:39:00+00","Non NIBRS Data","Non NIBRS Data","Non NIBRS Data","Gunshot Wound Victims","Gunshot Wound Victims",NA,NA,"0008XX FRANKLIN AVE E",3,"Ventura Village",6,44.96271,-93.26182,-10381857.9566926,5615652.14456797,1,308600,2019,1
-10379535.0809,5626017.0565,"Gunshot Wound Victims",NA,"19-040066","MP201940066",2019-02-11,"02:14:00+00","2019/02/10 22:50:00+00","Non NIBRS Data","Non NIBRS Data","Non NIBRS Data","Gunshot Wound Victims","Gunshot Wound Victims",NA,NA,"0033XX PIERCE ST NE",2,"Waite Park",1,45.02855,-93.24095,-10379535.0808743,5626017.05654729,1,308601,2019,2
-10384601.7695,5621841.0781,"Gunshot Wound Victims",NA,"19-046561","MP201946561",2019-02-17,"03:42:00+00","2019/02/17 02:33:00+00","Non NIBRS Data","Non NIBRS Data","Non NIBRS Data","Gunshot Wound Victims","Gunshot Wound Victims",NA,NA,"0022XX 6TH ST N",4,"Hawthorne",5,45.00203,-93.28646,-10384601.7695253,5621841.07813462,1,308602,2019,2
-10387026.2469,5623750.4666,"Gunshot Wound Victims",NA,"19-066395","MP201966395",2019-03-08,"16:32:00+00","2019/03/08 14:20:00+00","Non NIBRS Data","Non NIBRS Data","Non NIBRS Data","Gunshot Wound Victims","Gunshot Wound Victims",NA,NA,"0032XX PENN AVE N",4,"Folwell",4,45.01416,-93.30824,-10387026.2468659,5623750.46657605,1,308603,2019,3
-10383995.6361,5621926.0497,"Gunshot Wound Victims",NA,"19-139256","MP2019139256",2019-05-17,"03:04:00+00","2019/05/17 02:00:00+00","Non NIBRS Data","Non NIBRS Data","Non NIBRS Data","Gunshot Wound Victims","Gunshot Wound Victims",NA,NA,"0002XX 23RD AVE N",4,"Hawthorne",5,45.00257,-93.28102,-10383995.6360887,5621926.04972424,1,308612,2019,5
-10381659.4071,5614947.4383,"Gunshot Wound Victims",NA,"19-379363","MP2019379363",2019-12-29,"18:51:00+00","2019/12/29 16:50:00+00","Non NIBRS Data","Non NIBRS Data","Non NIBRS Data","Gunshot Wound Victims","Gunshot Wound Victims",NA,NA,"0024XX 10TH AVE S",3,"Midtown Phillips",9,44.95823,-93.26003,-10381659.4071488,5614947.43826967,1,308614,2019,12
-10386033.2389,5628294.1422,"Gunshot Wound Victims",NA,"19-381291","MP2019381291",2019-12-31,"18:08:00+00","2019/12/31 17:40:00+00","Non NIBRS Data","Non NIBRS Data","Non NIBRS Data","Gunshot Wound Victims","Gunshot Wound Victims",NA,NA,"0048XX HUMBOLDT AVE N",4,"Lind - Bohanon",4,45.043,-93.29932,-10386033.2388925,5628294.14224549,1,308616,2019,12
-10384793.0371,5612144.4091,"Gunshot Wound Victims",NA,"20-000035","MP202035",2020-01-01,"01:34:00+00","2019/12/31 23:00:00+00","Non NIBRS Data","Non NIBRS Data","Non NIBRS Data","Gunshot Wound Victims","Gunshot Wound Victims",NA,NA,"0034XX LYNDALE AVE S",5,"South Uptown",10,44.94041,-93.28818,-10384793.0370756,5612144.4090834,1,308618,2020,1
-10387805.4491,5622755.1666,"Gunshot Wound Victims",NA,"20-066071","MP202066071",2020-03-11,"22:14:00+00","2020/03/11 22:14:00+00","Non NIBRS Data","Non NIBRS Data","Non NIBRS Data","Gunshot Wound Victims","Gunshot Wound Victims",NA,NA,"0027XX 27TH AVE N",4,"Jordan",4,45.00784,-93.31524,-10387805.4491499,5622755.1666322,1,308620,2020,3
-10387450.0402,5621739.4677,"Gunshot Wound Victims",NA,"20-081243","MP202081243",2020-03-27,"23:45:00+00","2020/03/27 22:00:00+00","Non NIBRS Data","Non NIBRS Data","Non NIBRS Data","Gunshot Wound Victims","Gunshot Wound Victims",NA,NA,"0022XX SHERIDAN AVE N",4,"Willard - Hay",5,45.00138,-93.31205,-10387450.0401647,5621739.46772072,1,308622,2020,3
-10386602.689,5622257.6523,"Gunshot Wound Victims",NA,"20-095749","MP202095749",2020-04-12,"01:56:00+00","2020/04/11 23:37:00+00","Non NIBRS Data","Non NIBRS Data","Non NIBRS Data","Gunshot Wound Victims","Gunshot Wound Victims",NA,NA,"0024XX MORGAN AVE N",4,"Willard - Hay",5,45.00468,-93.30444,-10386602.6890487,5622257.65229245,1,308624,2020,4
-10381941.2915,5615440.2167,"Gunshot Wound Victims",NA,"20-110770","MP2020110770",2020-04-27,"17:57:00+00","2020/04/27 15:10:00+00","Non NIBRS Data","Non NIBRS Data","Non NIBRS Data","Gunshot Wound Victims","Gunshot Wound Victims",NA,NA,"0021XX CHICAGO AVE",3,"Ventura Village",6,44.96136,-93.26257,-10381941.2914788,5615440.21670984,1,308625,2020,4
-10384941.9664,5621657.1554,"Gunshot Wound Victims",NA,"20-113073","MP2020113073",2020-04-29,"18:23:00+00","2020/04/29 18:23:00+00","Non NIBRS Data","Non NIBRS Data","Non NIBRS Data","Gunshot Wound Victims","Gunshot Wound Victims",NA,NA,"0021XX ALDRICH AVE N",4,"Hawthorne",5,45.00086,-93.28952,-10384941.9664195,5621657.15536339,1,308628,2020,4
-10385905.5797,5625729.0971,"Gunshot Wound Victims",NA,"19-286736","MP2019286736",2019-09-21,"02:40:00+00","2019/09/21 00:56:00+00","Non NIBRS Data","Non NIBRS Data","Non NIBRS Data","Gunshot Wound Victims","Gunshot Wound Victims",NA,NA,"0039XX HUMBOLDT AVE N",4,"Webber - Camden",4,45.02672,-93.29818,-10385905.5796565,5625729.09711041,1,308629,2019,9
-10387307.6302,5622683.4,"Gunshot Wound Victims",NA,"19-296927","MP2019296927",2019-09-30,"10:51:00+00","2019/09/30 09:00:00+00","Non NIBRS Data","Non NIBRS Data","Non NIBRS Data","Gunshot Wound Victims","Gunshot Wound Victims",NA,NA,"0026XX RUSSELL AVE N",4,"Jordan",5,45.00738,-93.31077,-10387307.6301771,5622683.39999643,1,308631,2019,9
-10387022.2108,5621184.1038,"Gunshot Wound Victims",NA,"20-175686","MP2020175686",2020-07-03,"16:28:00+00","2020/07/03 16:26:00+00","Non NIBRS Data","Non NIBRS Data","Non NIBRS Data","Gunshot Wound Victims","Gunshot Wound Victims",NA,NA,"0018XX PENN AVE N",4,"Willard - Hay",5,44.99786,-93.30821,-10387022.210831,5621184.10378961,1,308634,2020,7
-10380386.022,5614949.211,"Gunshot Wound Victims","No","20-179008","MP2020179008",2020-07-07,"21:13:00+00","2020/07/07 21:13:00+00","Non NIBRS Data","Non NIBRS Data","Non NIBRS Data","Gunshot Wound Victims","Gunshot Wound Victims","Assault in Progress (P)","Shooting (PFE)","0024XX 18TH AVE S",3,"East Phillips",9,44.95824,-93.24859,-10380386.0220257,5614949.21102248,1,308635,2020,7
-10385452.2137,5621659.6605,"Gunshot Wound Victims","No","20-179271","MP2020179271",2020-07-08,"00:45:00+00","2020/07/07 23:18:00+00","Non NIBRS Data","Non NIBRS Data","Non NIBRS Data","Gunshot Wound Victims","Gunshot Wound Victims","Sound of Shots Fired (P)","Shooting (PFE)","0021XX EMERSON AVE N",4,"Jordan",5,45.00088,-93.2941,-10385452.2137213,5621659.66051984,2,308636,2020,7
-10384941.9664,5621657.1554,"Gunshot Wound Victims","No","20-180871","MP2020180871",2020-07-10,"05:35:00+00","2020/07/09 21:35:00+00","Non NIBRS Data","Non NIBRS Data","Non NIBRS Data","Gunshot Wound Victims","Gunshot Wound Victims","Shooting (PFE)","Shooting (PFE)","0021XX ALDRICH AVE N",4,"Hawthorne",5,45.00086,-93.28952,-10384941.9664195,5621657.15536339,1,308637,2020,7
-10385616.9136,5623166.0261,"Gunshot Wound Victims",NA,"20-149851","MP2020149851",2020-06-02,"05:19:00+00","2020/06/02 01:59:00+00","Non NIBRS Data","Non NIBRS Data","Non NIBRS Data","Gunshot Wound Victims","Gunshot Wound Victims",NA,NA,"0029XX FREMONT AVE N",4,"Jordan",5,45.01045,-93.29558,-10385616.9136033,5623166.02610572,1,308639,2020,6
-10382302.3659,5616835.3798,"Gunshot Wound Victims",NA,"20-152438","MP2020152438",2020-06-04,"22:58:00+00","2020/06/04 21:43:00+00","Non NIBRS Data","Non NIBRS Data","Non NIBRS Data","Gunshot Wound Victims","Gunshot Wound Victims",NA,NA,"0006XX 10TH ST S",1,"Elliot Park",6,44.97023,-93.26581,-10382302.365936,5616835.37977745,1,308641,2020,6
-10386432.5707,5621799.3839,"Gunshot Wound Victims",NA,"20-156292","MP2020156292",2020-06-10,"00:53:00+00","2020/06/09 22:00:00+00","Non NIBRS Data","Non NIBRS Data","Non NIBRS Data","Gunshot Wound Victims","Gunshot Wound Victims",NA,NA,"0022XX ILION AVE N",4,"Jordan",5,45.00177,-93.30291,-10386432.5706513,5621799.38385658,1,308644,2020,6
-10385778.5414,5612970.8131,"Gunshot Wound Victims",NA,"20-157995","MP2020157995",2020-06-12,"01:40:00+00","2020/06/12 01:40:00+00","Non NIBRS Data","Non NIBRS Data","Non NIBRS Data","Gunshot Wound Victims","Gunshot Wound Victims",NA,NA,"0031XX GIRARD AVE S",5,"Lowry Hill East",10,44.94566,-93.29704,-10385778.541385,5612970.81314588,1,308645,2020,6
-10382147.5146,5611446.5668,"Gunshot Wound Victims",NA,"20-159756","MP2020159756",2020-06-14,"05:15:00+00","2020/06/14 04:34:00+00","Non NIBRS Data","Non NIBRS Data","Non NIBRS Data","Gunshot Wound Victims","Gunshot Wound Victims",NA,NA,"0007XX 37TH ST E",3,"Powderhorn Park",8,44.93597,-93.26442,-10382147.5146303,5611446.56681588,1,308648,2020,6
-10385624.0001,5620344.1409,"Gunshot Wound Victims",NA,"20-160981","MP2020160981",2020-06-15,"21:13:00+00","2020/06/15 21:13:00+00","Non NIBRS Data","Non NIBRS Data","Non NIBRS Data","Gunshot Wound Victims","Gunshot Wound Victims",NA,NA,"0013XX FREMONT AVE N",4,"Near - North",5,44.99252,-93.29565,-10385624.0001087,5620344.14089733,1,308649,2020,6
-10384941.9664,5621657.1554,"Gunshot Wound Victims",NA,"20-161930","MP2020161930",2020-06-17,"04:02:00+00","2020/06/16 23:32:00+00","Non NIBRS Data","Non NIBRS Data","Non NIBRS Data","Gunshot Wound Victims","Gunshot Wound Victims",NA,NA,"0021XX ALDRICH AVE N",4,"Near - North",5,45.00086,-93.28952,-10384941.9664195,5621657.15536339,2,308651,2020,6
-10384806.5592,5605334.0866,"Gunshot Wound Victims",NA,"20-162955","MP2020162955",2020-06-18,"05:24:00+00","2020/06/18 04:05:00+00","Non NIBRS Data","Non NIBRS Data","Non NIBRS Data","Gunshot Wound Victims","Gunshot Wound Victims",NA,NA,"0058XX LYNDALE AVE S",5,"Windom",11,44.89708,-93.2883,-10384806.5591751,5605334.08662561,1,308653,2020,6
-10386747.4699,5624883.2796,"Gunshot Wound Victims","No","20-245852","MP2020245852",2020-09-23,"01:34:00+00","2020/09/22 23:00:00+00","Non NIBRS Data","Non NIBRS Data","Non NIBRS Data","Gunshot Wound Victims","Gunshot Wound Victims","Shooting (PFE)","Shooting (PFE)","0036XX NEWTON AVE N",4,"Folwell",4,45.02135,-93.30574,-10386747.4698802,5624883.27956364,1,308655,2020,9
-10386921.906,5618488.418,"Gunshot Wound Victims",NA,"19-069857","MP201969857",2019-03-11,"21:46:00+00","2019/03/11 18:11:00+00","Non NIBRS Data","Non NIBRS Data","Non NIBRS Data","Gunshot Wound Victims","Gunshot Wound Victims",NA,NA,"0020XX GLENWOOD AVE",4,"Harrison",5,44.98073,-93.30731,-10386921.9060465,5618488.41802456,1,308894,2019,3
-10387167.2091,5623464.2984,"Gunshot Wound Victims",NA,"19-080671","MP201980671",2019-03-22,"00:19:00+00","2019/03/21 20:06:00+00","Non NIBRS Data","Non NIBRS Data","Non NIBRS Data","Gunshot Wound Victims","Gunshot Wound Victims",NA,NA,"0031XX QUEEN AVE N",4,"Jordan",5,45.01234,-93.30951,-10387167.2091087,5623464.29840075,1,308895,2019,3
-10385098.7178,5619440.6582,"Gunshot Wound Victims",NA,"19-090938","MP201990938",2019-03-31,"17:45:00+00","2019/03/31 14:10:00+00","Non NIBRS Data","Non NIBRS Data","Non NIBRS Data","Gunshot Wound Victims","Gunshot Wound Victims",NA,NA,"0008XX ALDRICH AVE N",4,"Sumner - Glenwood",5,44.98678,-93.29093,-10385098.7178136,5619440.65820941,2,308896,2019,3
-10380245.4502,5614880.0102,"Gunshot Wound Victims",NA,"19-120761","MP2019120761",2019-04-30,"00:14:00+00","2019/04/29 19:14:00+00","Non NIBRS Data","Non NIBRS Data","Non NIBRS Data","Gunshot Wound Victims","Gunshot Wound Victims",NA,NA,"0024XX CEDAR AVE S",3,"East Phillips",9,44.9578,-93.24733,-10380245.4502011,5614880.0101725,1,308897,2019,4
-10381516.8973,5611868.785,"Gunshot Wound Victims",NA,"19-125557","MP2019125557",2019-05-04,"21:14:00+00","2019/05/03 01:00:00+00","Non NIBRS Data","Non NIBRS Data","Non NIBRS Data","Gunshot Wound Victims","Gunshot Wound Victims",NA,NA,"0035XX 11TH AVE S",3,"Powderhorn Park",9,44.93865,-93.25875,-10381516.8972906,5611868.78500113,1,308898,2019,5
-10385847.4132,5613536.7803,"Gunshot Wound Victims",NA,"19-127062","MP2019127062",2019-05-05,"23:59:00+00","2019/05/05 21:39:00+00","Non NIBRS Data","Non NIBRS Data","Non NIBRS Data","Gunshot Wound Victims","Gunshot Wound Victims",NA,NA,"0014XX LAGOON AVE",5,"Lowry Hill East",10,44.94926,-93.29765,-10385847.413223,5613536.7803243,1,308899,2019,5
-10383644.3348,5614664.6009,"Gunshot Wound Victims",NA,"19-127533","MP2019127533",2019-05-06,"13:25:00+00","2019/05/06 02:00:00+00","Non NIBRS Data","Non NIBRS Data","Non NIBRS Data","Gunshot Wound Victims","Gunshot Wound Victims",NA,NA,"0025XX NICOLLET AVE",5,"Whittier",10,44.95643,-93.27786,-10383644.3348237,5614664.60086643,1,308900,2019,5
-10386391.7707,5623601.0203,"Gunshot Wound Victims",NA,"19-136724","MP2019136724",2019-05-14,"23:17:00+00","2019/05/14 21:19:00+00","Non NIBRS Data","Non NIBRS Data","Non NIBRS Data","Gunshot Wound Victims","Gunshot Wound Victims",NA,NA,"0018XX LOWRY AVE N",4,"Folwell",4,45.01321,-93.30254,-10386391.770734,5623601.02025032,1,308901,2019,5
-10384056.3995,5620861.677,"Gunshot Wound Victims",NA,"19-034151","MP201934151",2019-02-05,"01:50:00+00","2019/02/04 22:13:00+00","Non NIBRS Data","Non NIBRS Data","Non NIBRS Data","Gunshot Wound Victims","Gunshot Wound Victims",NA,NA,"0016XX WASHINGTON AVE N",4,"Hawthorne",5,44.99581,-93.28157,-10384056.3995044,5620861.67704219,1,308903,2019,2
-10380882.3396,5619432.4788,"Gunshot Wound Victims",NA,"19-039256","MP201939256",2019-02-10,"01:47:00+00","2019/02/09 22:28:00+00","Non NIBRS Data","Non NIBRS Data","Non NIBRS Data","Gunshot Wound Victims","Gunshot Wound Victims",NA,NA,"0003XX 2ND AVE SE",2,"Marcy Holmes",3,44.98673,-93.25305,-10380882.3396364,5619432.47880326,2,308904,2019,2
-10386044.5238,5620683.7077,"Gunshot Wound Victims",NA,"19-046402","MP201946402",2019-02-17,"00:36:00+00","2019/02/16 23:27:00+00","Non NIBRS Data","Non NIBRS Data","Non NIBRS Data","Gunshot Wound Victims","Gunshot Wound Victims",NA,NA,"0015XX IRVING AVE N",4,"Near - North",5,44.99468,-93.29943,-10386044.5237874,5620683.70765332,1,308905,2019,2
-10385273.7694,5625580.1884,"Gunshot Wound Victims",NA,"19-082203","MP201982203",2019-03-23,"04:02:00+00","2019/03/23 04:02:00+00","Non NIBRS Data","Non NIBRS Data","Non NIBRS Data","Gunshot Wound Victims","Gunshot Wound Victims",NA,NA,"0010XX 39TH AVE N",4,"Webber - Camden",4,45.02578,-93.2925,-10385273.7694199,5625580.18842391,1,308906,2019,3
-10384941.7424,5622190.1583,"Gunshot Wound Victims",NA,"19-087147","MP201987147",2019-03-28,"01:39:00+00","2019/03/27 23:31:00+00","Non NIBRS Data","Non NIBRS Data","Non NIBRS Data","Gunshot Wound Victims","Gunshot Wound Victims",NA,NA,"0024XX ALDRICH AVE N",4,"Hawthorne",5,45.00425,-93.28952,-10384941.742382,5622190.15826781,1,308907,2019,3
-10387035.0613,5625171.6591,"Gunshot Wound Victims",NA,"19-098164","MP201998164",2019-04-07,"20:45:00+00","2019/04/07 18:14:00+00","Non NIBRS Data","Non NIBRS Data","Non NIBRS Data","Gunshot Wound Victims","Gunshot Wound Victims",NA,NA,"0037XX PENN AVE N",4,"Folwell",4,45.02318,-93.30832,-10387035.061271,5625171.65910864,2,308908,2019,4
-10385451.8237,5619293.5141,"Gunshot Wound Victims",NA,"19-124204","MP2019124204",2019-05-03,"12:32:00+00","2019/05/03 08:51:00+00","Non NIBRS Data","Non NIBRS Data","Non NIBRS Data","Gunshot Wound Victims","Gunshot Wound Victims",NA,NA,"0007XX EMERSON AVE N",4,"Near - North",5,44.98585,-93.2941,-10385451.8237295,5619293.51414964,1,308933,2019,5
-10380179.0632,5614242.9212,"Gunshot Wound Victims",NA,"19-132571","MP2019132571",2019-05-11,"01:17:00+00","2019/05/10 23:00:00+00","Non NIBRS Data","Non NIBRS Data","Non NIBRS Data","Gunshot Wound Victims","Gunshot Wound Victims",NA,NA,"0018XX 27TH ST E",3,"East Phillips",9,44.95375,-93.24674,-10380179.0631507,5614242.92122461,1,308943,2019,5
-10378832.0656,5615989.204,"Gunshot Wound Victims",NA,"19-140251","MP2019140251",2019-05-17,"22:39:00+00","2019/05/17 22:39:00+00","Non NIBRS Data","Non NIBRS Data","Non NIBRS Data","Gunshot Wound Victims","Gunshot Wound Victims",NA,NA,"0025XX RIVERSIDE AVE",1,"Cedar Riverside",2,44.96485,-93.23463,-10378832.0655999,5615989.20397969,1,308944,2019,5
-10381941.2915,5615440.2167,"Gunshot Wound Victims",NA,"19-146212","MP2019146212",2019-05-23,"20:23:00+00","2019/05/23 20:23:00+00","Non NIBRS Data","Non NIBRS Data","Non NIBRS Data","Gunshot Wound Victims","Gunshot Wound Victims",NA,NA,"0021XX CHICAGO AVE",3,"Ventura Village",6,44.96136,-93.26257,-10381941.2914788,5615440.21670984,1,308945,2019,5
-10384696.3221,5627730.8676,"Gunshot Wound Victims",NA,"19-157537","MP2019157537",2019-06-03,"01:37:00+00","2019/06/02 21:46:00+00","Non NIBRS Data","Non NIBRS Data","Non NIBRS Data","Gunshot Wound Victims","Gunshot Wound Victims",NA,NA,"0046XX LYNDALE AVE N",4,"Lind - Bohanon",4,45.03943,-93.28731,-10384696.322144,5627730.86758852,1,308946,2019,6
-10382858.1194,5611444.6478,"Gunshot Wound Victims",NA,"19-172194","MP2019172194",2019-06-15,"05:57:00+00","2019/06/15 05:23:00+00","Non NIBRS Data","Non NIBRS Data","Non NIBRS Data","Gunshot Wound Victims","Gunshot Wound Victims",NA,NA,"0003XX 37TH ST E",3,"Central",8,44.93596,-93.2708,-10382858.1194379,5611444.64777239,1,308947,2019,6
-10382003.0331,5617172.4506,"Gunshot Wound Victims",NA,"19-178572","MP2019178572",2019-06-20,"22:54:00+00","2019/06/20 00:30:00+00","Non NIBRS Data","Non NIBRS Data","Non NIBRS Data","Gunshot Wound Victims","Gunshot Wound Victims",NA,NA,"0007XX PARK AVE",1,"Elliot Park",6,44.97237,-93.26312,-10382003.0331279,5617172.45057924,1,308948,2019,6
-10385988.1649,5613396.0783,"Gunshot Wound Victims",NA,"19-197976","MP2019197976",2019-07-07,"02:21:00+00","2019/07/07 02:21:00+00","Non NIBRS Data","Non NIBRS Data","Non NIBRS Data","Gunshot Wound Victims","Gunshot Wound Victims",NA,NA,"0014XX LAKE ST W",5,"East Isles",10,44.94836,-93.29892,-10385988.1649107,5613396.0782963,2,308949,2019,7
-10381941.2915,5615440.2167,"Gunshot Wound Victims",NA,"19-201303","MP2019201303",2019-07-10,"05:15:00+00","2019/07/10 03:50:00+00","Non NIBRS Data","Non NIBRS Data","Non NIBRS Data","Gunshot Wound Victims","Gunshot Wound Victims",NA,NA,"0021XX CHICAGO AVE",3,"Ventura Village",6,44.96136,-93.26257,-10381941.2914788,5615440.21670984,1,308950,2019,7
-10385617.9,5624300.752,"Gunshot Wound Victims",NA,"19-154070","MP2019154070",2019-05-30,"23:49:00+00","2019/05/30 22:39:00+00","Non NIBRS Data","Non NIBRS Data","Non NIBRS Data","Gunshot Wound Victims","Gunshot Wound Victims",NA,NA,"0034XX FREMONT AVE N",4,"Folwell",4,45.01765,-93.29559,-10385617.9000235,5624300.75200263,2,308951,2019,5
-10383114.7845,5618760.8578,"Gunshot Wound Victims",NA,"19-164314","MP2019164314",2019-06-08,"07:46:00+00","2019/06/08 06:25:00+00","Non NIBRS Data","Non NIBRS Data","Non NIBRS Data","Gunshot Wound Victims","Gunshot Wound Victims",NA,NA,"0003XX 2ND AVE N",1,"Downtown West",3,44.98246,-93.27311,-10383114.7844795,5618760.85782532,1,308952,2019,6
-10386743.8822,5620515.7235,"Gunshot Wound Victims",NA,"19-166825","MP2019166825",2019-06-10,"17:12:00+00","2019/06/10 14:51:00+00","Non NIBRS Data","Non NIBRS Data","Non NIBRS Data","Gunshot Wound Victims","Gunshot Wound Victims",NA,NA,"0014XX NEWTON AVE N",4,"Willard - Hay",5,44.99361,-93.30571,-10386743.8822039,5620515.72354414,2,308953,2019,6
-10385282.5494,5622367.8627,"Gunshot Wound Victims",NA,"19-169471","MP2019169471",2019-06-12,"22:42:00+00","2019/06/12 20:55:00+00","Non NIBRS Data","Non NIBRS Data","Non NIBRS Data","Gunshot Wound Victims","Gunshot Wound Victims",NA,NA,"0025XX DUPONT AVE N",4,"Hawthorne",5,45.00538,-93.29258,-10385282.5493949,5622367.86268932,2,308954,2019,6
-10387307.3698,5621757.8171,"Gunshot Wound Victims",NA,"19-184630","MP2019184630",2019-06-26,"01:45:00+00","2019/06/26 01:04:00+00","Non NIBRS Data","Non NIBRS Data","Non NIBRS Data","Gunshot Wound Victims","Gunshot Wound Victims",NA,NA,"0022XX RUSSELL AVE N",4,"Willard - Hay",5,45.0015,-93.31077,-10387307.3697963,5621757.81707668,1,308955,2019,6
-10385012.6388,5628293.8367,"Gunshot Wound Victims",NA,"19-187119","MP2019187119",2019-06-28,"00:58:00+00","2019/06/28 00:55:00+00","Non NIBRS Data","Non NIBRS Data","Non NIBRS Data","Gunshot Wound Victims","Gunshot Wound Victims",NA,NA,"0048XX ALDRICH AVE N",4,"Lind - Bohanon",4,45.043,-93.29016,-10385012.638782,5628293.83670934,1,308956,2019,6
-10385850.8593,5626772.4022,"Gunshot Wound Victims",NA,"19-192201","MP2019192201",2019-07-02,"15:29:00+00","2019/07/02 13:55:00+00","Non NIBRS Data","Non NIBRS Data","Non NIBRS Data","Gunshot Wound Victims","Gunshot Wound Victims",NA,NA,"0014XX 43RD AVE N",4,"Webber - Camden",4,45.03334,-93.29769,-10385850.8593363,5626772.40216969,1,308958,2019,7
-10382090.9415,5612977.2355,"Gunshot Wound Victims",NA,"19-219006","MP2019219006",2019-07-25,"01:58:00+00","2019/07/25 00:14:00+00","Non NIBRS Data","Non NIBRS Data","Non NIBRS Data","Gunshot Wound Victims","Gunshot Wound Victims",NA,NA,"0031XX COLUMBUS AVE",3,"Central",9,44.9457,-93.26391,-10382090.9414771,5612977.23553847,1,308960,2019,7
-10384941.9664,5621657.1554,"Gunshot Wound Victims",NA,"19-005213","MP20195213",2019-01-06,"05:27:00+00","2019/01/06 02:13:00+00","Non NIBRS Data","Non NIBRS Data","Non NIBRS Data","Gunshot Wound Victims","Gunshot Wound Victims",NA,NA,"0021XX ALDRICH AVE N",4,"Hawthorne",5,45.00086,-93.28952,-10384941.9664195,5621657.15536339,1,308976,2019,1
-10384432.2292,5621657.2143,"Gunshot Wound Victims",NA,"19-240282","MP2019240282",2019-08-12,"08:40:00+00","2019/08/12 06:36:00+00","Non NIBRS Data","Non NIBRS Data","Non NIBRS Data","Gunshot Wound Victims","Gunshot Wound Victims",NA,NA,"0021XX 4TH ST N",4,"Hawthorne",5,45.00086,-93.28494,-10384432.229173,5621657.21431922,1,308978,2019,8
-10382858.1194,5611444.6478,"Gunshot Wound Victims",NA,"19-254911","MP2019254911",2019-08-24,"22:31:00+00","2019/08/24 18:01:00+00","Non NIBRS Data","Non NIBRS Data","Non NIBRS Data","Gunshot Wound Victims","Gunshot Wound Victims",NA,NA,"0003XX 37TH ST E",3,"Central",8,44.93596,-93.2708,-10382858.1194379,5611444.64777239,1,309002,2019,8
-10378312.7605,5613822.4551,"Gunshot Wound Victims",NA,"19-264258","MP2019264258",2019-09-02,"00:32:00+00","2019/09/01 23:52:00+00","Non NIBRS Data","Non NIBRS Data","Non NIBRS Data","Gunshot Wound Victims","Gunshot Wound Victims",NA,NA,"0028XX 29TH AVE S",3,"Longfellow",9,44.95107,-93.22997,-10378312.760471,5613822.45513482,1,309003,2019,9
-10385067.2153,5626315.6705,"Gunshot Wound Victims",NA,"19-278857","MP2019278857",2019-09-14,"16:55:00+00","2019/09/14 16:00:00+00","Non NIBRS Data","Non NIBRS Data","Non NIBRS Data","Gunshot Wound Victims","Gunshot Wound Victims",NA,NA,"0041XX BRYANT AVE N",4,"Webber - Camden",4,45.03044,-93.29065,-10385067.2152712,5626315.67047776,1,309004,2019,9
-10386460.8419,5622255.1762,"Gunshot Wound Victims",NA,"19-294169","MP2019294169",2019-09-27,"23:08:00+00","2019/09/27 16:19:00+00","Non NIBRS Data","Non NIBRS Data","Non NIBRS Data","Gunshot Wound Victims","Gunshot Wound Victims",NA,NA,"0024XX LOGAN AVE N",4,"Jordan",5,45.00466,-93.30317,-10386460.8418694,5622255.17622478,1,309005,2019,9
-10385054.2078,5623162.3236,"Gunshot Wound Victims",NA,"19-309154","MP2019309154",2019-10-12,"04:18:00+00","2019/10/12 03:48:00+00","Non NIBRS Data","Non NIBRS Data","Non NIBRS Data","Gunshot Wound Victims","Gunshot Wound Victims",NA,NA,"0029XX BRYANT AVE N",4,"Hawthorne",5,45.01042,-93.29053,-10385054.2077601,5623162.32364997,1,309006,2019,10
-10384056.3995,5620861.677,"Gunshot Wound Victims",NA,"19-323847","MP2019323847",2019-10-27,"23:55:00+00","2019/10/27 23:55:00+00","Non NIBRS Data","Non NIBRS Data","Non NIBRS Data","Gunshot Wound Victims","Gunshot Wound Victims",NA,NA,"0016XX WASHINGTON AVE N",4,"Hawthorne",5,44.99581,-93.28157,-10384056.3995044,5620861.67704219,1,309007,2019,10
-10381184.4938,5616474.3222,"Gunshot Wound Victims",NA,"19-361835","MP2019361835",2019-12-08,"03:26:00+00","2019/12/08 02:32:00+00","Non NIBRS Data","Non NIBRS Data","Non NIBRS Data","Gunshot Wound Victims","Gunshot Wound Victims",NA,NA,"0008XX 13TH AVE S",1,"Elliot Park",6,44.96793,-93.25577,-10381184.4938317,5616474.32216328,1,309008,2019,12
-10385194.7103,5623164.4039,"Gunshot Wound Victims",NA,"19-212895","MP2019212895",2019-07-19,"22:42:00+00","2019/07/19 17:21:00+00","Non NIBRS Data","Non NIBRS Data","Non NIBRS Data","Gunshot Wound Victims","Gunshot Wound Victims",NA,NA,"0029XX COLFAX AVE N",4,"Hawthorne",5,45.01043,-93.29179,-10385194.7102942,5623164.40394368,1,309009,2019,7
-10382671.0233,5618296.181,"Gunshot Wound Victims",NA,"19-221464","MP2019221464",2019-07-27,"03:31:00+00","2019/07/27 01:17:00+00","Non NIBRS Data","Non NIBRS Data","Non NIBRS Data","Gunshot Wound Victims","Gunshot Wound Victims",NA,NA,"000XX 4TH ST S",1,"Downtown West",7,44.97951,-93.26912,-10382671.0232541,5618296.18104789,2,309010,2019,7
-10385027.4056,5621559.2772,"Gunshot Wound Victims",NA,"19-223086","MP2019223086",2019-07-28,"14:44:00+00","2019/07/28 14:05:00+00","Non NIBRS Data","Non NIBRS Data","Non NIBRS Data","Gunshot Wound Victims","Gunshot Wound Victims",NA,NA,"0008XX 21ST AVE N",4,"Hawthorne",5,45.00024,-93.29029,-10385027.405574,5621559.27717654,1,309011,2019,7
-10384924.6856,5626314.705,"Gunshot Wound Victims",NA,"19-229410","MP2019229410",2019-08-03,"01:12:00+00","2019/08/02 23:20:00+00","Non NIBRS Data","Non NIBRS Data","Non NIBRS Data","Gunshot Wound Victims","Gunshot Wound Victims",NA,NA,"0041XX ALDRICH AVE N",4,"Webber - Camden",4,45.03044,-93.28937,-10384924.6855542,5626314.70496867,1,309012,2019,8
-10385777.6013,5626025.0049,"Gunshot Wound Victims",NA,"19-235527","MP2019235527",2019-08-08,"03:25:00+00","2019/08/07 23:33:00+00","Non NIBRS Data","Non NIBRS Data","Non NIBRS Data","Gunshot Wound Victims","Gunshot Wound Victims",NA,NA,"0040XX GIRARD AVE N",4,"Webber - Camden",4,45.0286,-93.29703,-10385777.601261,5626025.00485464,1,309013,2019,8
-10383115.8042,5618632.7353,"Gunshot Wound Victims",NA,"19-254344","MP2019254344",2019-08-24,"03:50:00+00","2019/08/24 02:44:00+00","Non NIBRS Data","Non NIBRS Data","Non NIBRS Data","Gunshot Wound Victims","Gunshot Wound Victims",NA,NA,"0001XX 4TH ST N",1,"Downtown West",7,44.98165,-93.27312,-10383115.8041633,5618632.73525554,1,309014,2019,8
-10383751.7703,5617954.2495,"Gunshot Wound Victims",NA,"19-271184","MP2019271184",2019-09-07,"23:09:00+00","2019/09/07 19:28:00+00","Non NIBRS Data","Non NIBRS Data","Non NIBRS Data","Gunshot Wound Victims","Gunshot Wound Victims",NA,NA,"000XX 10TH ST N",1,"Downtown West",7,44.97734,-93.27883,-10383751.7703008,5617954.24949095,1,309015,2019,9
-10385414.5183,5625581.7584,"Gunshot Wound Victims",NA,"19-272271","MP2019272271",2019-09-08,"21:34:00+00","2019/09/08 19:26:00+00","Non NIBRS Data","Non NIBRS Data","Non NIBRS Data","Gunshot Wound Victims","Gunshot Wound Victims",NA,NA,"0011XX 39TH AVE N",4,"Webber - Camden",4,45.02579,-93.29377,-10385414.5183006,5625581.75843585,1,309016,2019,9
-10387172.2167,5624886.4743,"Gunshot Wound Victims",NA,"19-018888","MP201918888",2019-01-19,"22:11:00+00","2019/01/19 22:11:00+00","Non NIBRS Data","Non NIBRS Data","Non NIBRS Data","Gunshot Wound Victims","Gunshot Wound Victims",NA,NA,"0036XX QUEEN AVE N",4,"Cleveland",4,45.02137,-93.30956,-10387172.2166545,5624886.4742783,1,309017,2019,1
-10382799.732,5614079.1192,"Gunshot Wound Victims",NA,"19-034016","MP201934016",2019-02-04,"21:23:00+00","2019/02/04 19:05:00+00","Non NIBRS Data","Non NIBRS Data","Non NIBRS Data","Gunshot Wound Victims","Gunshot Wound Victims",NA,NA,"0026XX WELLS FARGO WAY",3,"Phillips West",6,44.95271,-93.27028,-10382799.73202,5614079.11917445,1,309018,2019,2
-10380266.7315,5619594.601,"Gunshot Wound Victims",NA,"19-045882","MP201945882",2019-02-16,"17:53:00+00","2019/02/16 12:26:00+00","Non NIBRS Data","Non NIBRS Data","Non NIBRS Data","Gunshot Wound Victims","Gunshot Wound Victims",NA,NA,"0004XX 6TH ST SE",2,"Marcy Holmes",3,44.98776,-93.24752,-10380266.7314617,5619594.6010038,1,309019,2019,2
-10381383.0139,5614028.8324,"Gunshot Wound Victims",NA,"19-050462","MP201950462",2019-02-21,"10:16:00+00","2019/02/21 08:55:00+00","Non NIBRS Data","Non NIBRS Data","Non NIBRS Data","Gunshot Wound Victims","Gunshot Wound Victims",NA,NA,"0027XX 12TH AVE S",3,"Midtown Phillips",9,44.95239,-93.25755,-10381383.0138669,5614028.83244177,1,309020,2019,2
-10386607.1858,5619757.2797,"Gunshot Wound Victims",NA,"19-093185","MP201993185",2019-04-03,"00:52:00+00","2019/04/03 00:52:00+00","Non NIBRS Data","Non NIBRS Data","Non NIBRS Data","Gunshot Wound Victims","Gunshot Wound Victims",NA,NA,"0010XX MORGAN AVE N",4,"Near - North",5,44.98879,-93.30448,-10386607.1858,5619757.27966767,1,309021,2019,4
-10384483.5595,5625860.8754,"Gunshot Wound Victims",NA,"19-096138","MP201996138",2019-04-05,"23:19:00+00","2019/04/05 21:33:00+00","Non NIBRS Data","Non NIBRS Data","Non NIBRS Data","Gunshot Wound Victims","Gunshot Wound Victims",NA,NA,"0004XX 40TH AVE N",4,"Webber - Camden",4,45.02756,-93.2854,-10384483.5595457,5625860.87542079,1,309022,2019,4
-10384056.3995,5620861.677,"Gunshot Wound Victims",NA,"19-126314","MP2019126314",2019-05-05,"02:51:00+00","2019/05/05 02:51:00+00","Non NIBRS Data","Non NIBRS Data","Non NIBRS Data","Gunshot Wound Victims","Gunshot Wound Victims",NA,NA,"0016XX WASHINGTON AVE N",4,"Near - North",5,44.99581,-93.28157,-10384056.3995044,5620861.67704219,1,309023,2019,5
-10380237.3112,5616638.499,"Gunshot Wound Victims",NA,"19-308907","MP2019308907",2019-10-11,"23:57:00+00","2019/10/11 22:40:00+00","Non NIBRS Data","Non NIBRS Data","Non NIBRS Data","Gunshot Wound Victims","Gunshot Wound Victims",NA,NA,"0004XX CEDAR AVE S",1,"Cedar Riverside",6,44.96897,-93.24726,-10380237.3112106,5616638.4990028,1,309024,2019,10
-10380245.4502,5614880.0102,"Gunshot Wound Victims",NA,"19-327554","MP2019327554",2019-11-01,"03:03:00+00","2019/11/01 00:14:00+00","Non NIBRS Data","Non NIBRS Data","Non NIBRS Data","Gunshot Wound Victims","Gunshot Wound Victims",NA,NA,"0024XX CEDAR AVE S",3,"East Phillips",9,44.9578,-93.24733,-10380245.4502011,5614880.0101725,1,309026,2019,11
-10386530.5617,5622749.7909,"Gunshot Wound Victims",NA,"19-353971","MP2019353971",2019-11-28,"23:29:00+00","2019/11/28 21:54:00+00","Non NIBRS Data","Non NIBRS Data","Non NIBRS Data","Gunshot Wound Victims","Gunshot Wound Victims",NA,NA,"0019XX 27TH AVE N",4,"Jordan",5,45.0078,-93.30379,-10386530.5617065,5622749.79089494,1,309027,2019,11
-10386882.0305,5621468.9049,"Gunshot Wound Victims",NA,"19-359906","MP2019359906",2019-12-06,"03:24:00+00","2019/12/06 03:24:00+00","Non NIBRS Data","Non NIBRS Data","Non NIBRS Data","Gunshot Wound Victims","Gunshot Wound Victims",NA,NA,"0019XX OLIVER AVE N",4,"Willard - Hay",5,44.99967,-93.30695,-10386882.0305308,5621468.90492363,1,309030,2019,12
-10387165.4913,5621185.8498,"Gunshot Wound Victims",NA,"19-371533","MP2019371533",2019-12-19,"18:32:00+00","2019/12/19 18:32:00+00","Non NIBRS Data","Non NIBRS Data","Non NIBRS Data","Gunshot Wound Victims","Gunshot Wound Victims",NA,NA,"0018XX QUEEN AVE N",4,"Willard - Hay",5,44.99787,-93.3095,-10387165.4913162,5621185.84976537,1,309032,2019,12
-10384513.8975,5623017.8124,"Gunshot Wound Victims",NA,"19-376573","MP2019376573",2019-12-26,"05:49:00+00","2019/12/26 04:40:00+00","Non NIBRS Data","Non NIBRS Data","Non NIBRS Data","Gunshot Wound Victims","Gunshot Wound Victims",NA,NA,"0004XX 29TH AVE N",4,"Hawthorne",5,45.0095,-93.28568,-10384513.8974673,5623017.81243766,1,309033,2019,12
-10383179.7933,5617255.2059,"Gunshot Wound Victims",NA,"19-140467","MP2019140467",2019-05-18,"04:32:00+00","2019/05/18 03:00:00+00","Non NIBRS Data","Non NIBRS Data","Non NIBRS Data","Gunshot Wound Victims","Gunshot Wound Victims",NA,NA,"0010XX MARQUETTE AVE",1,"Downtown West",7,44.97289,-93.27369,-10383179.7932715,5617255.20588514,2,309035,2019,5
-10385477.369,5624015.3504,"Gunshot Wound Victims",NA,"19-148614","MP2019148614",2019-05-26,"00:26:00+00","2019/05/25 22:55:00+00","Non NIBRS Data","Non NIBRS Data","Non NIBRS Data","Gunshot Wound Victims","Gunshot Wound Victims",NA,NA,"0033XX EMERSON AVE N",4,"Folwell",4,45.01584,-93.29433,-10385477.3689667,5624015.35035861,2,309038,2019,5
-10382671.0233,5618296.181,"Gunshot Wound Victims",NA,"19-197948","MP2019197948",2019-07-07,"21:27:00+00","2019/07/07 01:49:00+00","Non NIBRS Data","Non NIBRS Data","Non NIBRS Data","Gunshot Wound Victims","Gunshot Wound Victims",NA,NA,"000XX 4TH ST S",1,"North Loop",3,44.97951,-93.26912,-10382671.0232541,5618296.18104789,2,309040,2019,7
-10386744.8963,5624030.1724,"Gunshot Wound Victims",NA,"19-210622","MP2019210622",2019-07-17,"22:31:00+00","2019/07/17 21:11:00+00","Non NIBRS Data","Non NIBRS Data","Non NIBRS Data","Gunshot Wound Victims","Gunshot Wound Victims",NA,NA,"0033XX NEWTON AVE N",4,"Folwell",4,45.01593,-93.30572,-10386744.8963446,5624030.1724301,1,309042,2019,7
-10384854.8762,5619568.8353,"Gunshot Wound Victims",NA,"19-221570","MP2019221570",2019-07-27,"04:13:00+00","2019/07/27 04:13:00+00","Non NIBRS Data","Non NIBRS Data","Non NIBRS Data","Gunshot Wound Victims","Gunshot Wound Victims",NA,NA,"0009XX 7TH ST N",4,"Sumner - Glenwood",5,44.9876,-93.28874,-10384854.8762111,5619568.83531485,2,309044,2019,7
-10382671.0233,5618296.181,"Gunshot Wound Victims",NA,"19-239171","MP2019239171",2019-08-11,"03:46:00+00","2019/08/11 02:16:00+00","Non NIBRS Data","Non NIBRS Data","Non NIBRS Data","Gunshot Wound Victims","Gunshot Wound Victims",NA,NA,"000XX 4TH ST S",1,"Downtown West",7,44.97951,-93.26912,-10382671.0232541,5618296.18104789,1,309046,2019,8
-10383501.4329,5615748.8076,"Gunshot Wound Victims",NA,"19-247718","MP2019247718",2019-08-19,"00:04:00+00","2019/08/18 16:07:00+00","Non NIBRS Data","Non NIBRS Data","Non NIBRS Data","Gunshot Wound Victims","Gunshot Wound Victims",NA,NA,"0019XX 1ST AVE S",5,"Steven's Square - Loring Heights",6,44.96332,-93.27658,-10383501.4329081,5615748.80760743,1,309070,2019,8
-10384942.083,5621472.2357,"Gunshot Wound Victims",NA,"19-255074","MP2019255074",2019-08-24,"23:41:00+00","2019/08/24 20:19:00+00","Non NIBRS Data","Non NIBRS Data","Non NIBRS Data","Gunshot Wound Victims","Gunshot Wound Victims",NA,NA,"0020XX ALDRICH AVE N",4,"Hawthorne",5,44.99969,-93.28952,-10384942.0829762,5621472.23571042,1,309071,2019,8
-10384056.3995,5620861.677,"Gunshot Wound Victims",NA,"20-129770","MP2020129770",2020-05-16,"03:10:00+00","2020/05/15 18:29:00+00","Non NIBRS Data","Non NIBRS Data","Non NIBRS Data","Gunshot Wound Victims","Gunshot Wound Victims",NA,NA,"0016XX WASHINGTON AVE N",4,"Near - North",5,44.99581,-93.28157,-10384056.3995044,5620861.67704219,2,309072,2020,5
-10385708.2099,5621932.3709,"Gunshot Wound Victims",NA,"20-140741","MP2020140741",2020-05-26,"00:39:00+00","2020/05/25 21:36:00+00","Non NIBRS Data","Non NIBRS Data","Non NIBRS Data","Gunshot Wound Victims","Gunshot Wound Victims",NA,NA,"0012XX 23RD AVE N",4,"Near - North",5,45.00261,-93.2964,-10385708.2098747,5621932.37089891,1,309073,2020,5
-10385350.9272,5626021.3045,"Gunshot Wound Victims",NA,"20-149663","MP2020149663",2020-06-02,"02:12:00+00","2020/06/01 23:53:00+00","Non NIBRS Data","Non NIBRS Data","Non NIBRS Data","Gunshot Wound Victims","Gunshot Wound Victims",NA,NA,"0040XX DUPONT AVE N",4,"Webber - Camden",4,45.02858,-93.29319,-10385350.9272326,5626021.30451731,1,309074,2020,6
-10385547.5684,5624443.0434,"Gunshot Wound Victims",NA,"20-152372","MP2020152372",2020-06-04,"20:28:00+00","2020/06/04 20:00:00+00","Non NIBRS Data","Non NIBRS Data","Non NIBRS Data","Gunshot Wound Victims","Gunshot Wound Victims",NA,NA,"0012XX 35TH AVE N",4,"McKinley",4,45.01855,-93.29496,-10385547.5684425,5624443.04340198,1,309075,2020,6
-10386432.5707,5621799.3839,"Gunshot Wound Victims",NA,"20-154857","MP2020154857",2020-06-08,"01:17:00+00","2020/06/07 23:29:00+00","Non NIBRS Data","Non NIBRS Data","Non NIBRS Data","Gunshot Wound Victims","Gunshot Wound Victims",NA,NA,"0022XX ILION AVE N",4,"Jordan",5,45.00177,-93.30291,-10386432.5706513,5621799.38385658,1,309076,2020,6
-10382092.3994,5613676.6806,"Gunshot Wound Victims",NA,"20-161855","MP2020161855",2020-06-16,"23:23:00+00","2020/06/16 22:04:00+00","Non NIBRS Data","Non NIBRS Data","Non NIBRS Data","Gunshot Wound Victims","Gunshot Wound Victims",NA,NA,"0028XX COLUMBUS AVE",3,"Phillips West",6,44.95015,-93.26392,-10382092.3994341,5613676.68063662,1,309077,2020,6
-10384941.9664,5621657.1554,"Gunshot Wound Victims",NA,"20-164418","MP2020164418",2020-06-20,"01:02:00+00","2020/06/19 21:40:00+00","Non NIBRS Data","Non NIBRS Data","Non NIBRS Data","Gunshot Wound Victims","Gunshot Wound Victims",NA,NA,"0021XX ALDRICH AVE N",4,"Hawthorne",5,45.00086,-93.28952,-10384941.9664195,5621657.15536339,2,309078,2020,6
0,0,"Gunshot Wound Victims",NA,"20-165581","MP2020165581",2020-06-21,"06:27:00+00","2020/06/21 00:01:00+00","Non NIBRS Data","Non NIBRS Data","Non NIBRS Data","Gunshot Wound Victims","Gunshot Wound Victims",NA,NA,"No Address",NA,NA,NA,0,0,0,0,2,309079,2020,6
-10386179.8697,5623176.4643,"Gunshot Wound Victims",NA,"19-290436","MP2019290436",2019-09-24,"14:43:00+00","2019/09/24 14:30:00+00","Non NIBRS Data","Non NIBRS Data","Non NIBRS Data","Gunshot Wound Victims","Gunshot Wound Victims",NA,NA,"0029XX JAMES AVE N",4,"Jordan",5,45.01051,-93.30064,-10386179.8697265,5623176.46434001,1,309080,2019,9
-10384941.9664,5621657.1554,"Gunshot Wound Victims",NA,"19-308674","MP2019308674",2019-10-11,"19:00:00+00","2019/10/11 18:25:00+00","Non NIBRS Data","Non NIBRS Data","Non NIBRS Data","Gunshot Wound Victims","Gunshot Wound Victims",NA,NA,"0021XX ALDRICH AVE N",4,"Hawthorne",5,45.00086,-93.28952,-10384941.9664195,5621657.15536339,2,309081,2019,10
-10385617.8544,5624585.7532,"Gunshot Wound Victims",NA,"19-320490","MP2019320490",2019-10-24,"15:29:00+00","2019/10/24 14:50:00+00","Non NIBRS Data","Non NIBRS Data","Non NIBRS Data","Gunshot Wound Victims","Gunshot Wound Victims",NA,NA,"0035XX FREMONT AVE N",4,"Folwell",4,45.01946,-93.29559,-10385617.8543754,5624585.75323435,1,309082,2019,10
-10384781.4802,5625717.7472,"Gunshot Wound Victims",NA,"19-326574","MP2019326574",2019-10-31,"04:11:00+00","2019/10/30 23:10:00+00","Non NIBRS Data","Non NIBRS Data","Non NIBRS Data","Gunshot Wound Victims","Gunshot Wound Victims",NA,NA,"0039XX LYNDALE AVE N",4,"Webber - Camden",4,45.02665,-93.28808,-10384781.4801527,5625717.74717706,1,309083,2019,10
-10385114.463,5623305.6212,"Gunshot Wound Victims",NA,"19-327004","MP2019327004",2019-10-31,"14:59:00+00","2019/10/31 13:45:00+00","Non NIBRS Data","Non NIBRS Data","Non NIBRS Data","Gunshot Wound Victims","Gunshot Wound Victims",NA,NA,"0009XX 30TH AVE N",4,"Folwell",4,45.01133,-93.29107,-10385114.4630349,5623305.62116895,1,309084,2019,10
-10381800.416,5614947.0376,"Gunshot Wound Victims",NA,"19-337942","MP2019337942",2019-11-11,"23:23:00+00","2019/11/11 21:30:00+00","Non NIBRS Data","Non NIBRS Data","Non NIBRS Data","Gunshot Wound Victims","Gunshot Wound Victims",NA,NA,"0024XX ELLIOT AVE",3,"Midtown Phillips",9,44.95822,-93.2613,-10381800.4159551,5614947.03758781,1,309085,2019,11
-10385080.2542,5611575.6564,"Gunshot Wound Victims",NA,"19-344644","MP2019344644",2019-11-19,"04:35:00+00","2019/11/19 03:10:00+00","Non NIBRS Data","Non NIBRS Data","Non NIBRS Data","Gunshot Wound Victims","Gunshot Wound Victims",NA,NA,"0036XX BRYANT AVE S",5,"East Harriet",13,44.93679,-93.29076,-10385080.2542344,5611575.65640754,1,309086,2019,11
-10382513.3855,5612723.5248,"Gunshot Wound Victims",NA,"19-351272","MP2019351272",2019-11-26,"04:21:00+00","2019/11/26 02:28:00+00","Non NIBRS Data","Non NIBRS Data","Non NIBRS Data","Gunshot Wound Victims","Gunshot Wound Victims",NA,NA,"0032XX PORTLAND AVE",3,"Central",9,44.94409,-93.2677,-10382513.3854728,5612723.52481064,1,309087,2019,11
-10386602.689,5622257.6523,"Gunshot Wound Victims",NA,"19-379564","MP2019379564",2019-12-29,"21:13:00+00","2019/12/29 21:10:00+00","Non NIBRS Data","Non NIBRS Data","Non NIBRS Data","Gunshot Wound Victims","Gunshot Wound Victims",NA,NA,"0024XX MORGAN AVE N",4,"Jordan",5,45.00468,-93.30444,-10386602.6890487,5622257.65229245,1,309088,2019,12
-10383300.242,5618818.2781,"Gunshot Wound Victims",NA,"20-021568","MP202021568",2020-01-25,"02:56:00+00","2020/01/25 01:41:00+00","Non NIBRS Data","Non NIBRS Data","Non NIBRS Data","Gunshot Wound Victims","Gunshot Wound Victims",NA,NA,"0004XX 3RD AVE N",1,"North Loop",3,44.98283,-93.27477,-10383300.2420196,5618818.27811792,1,309089,2020,1
-10383366.307,5613677.0365,"Gunshot Wound Victims",NA,"20-030450","MP202030450",2020-02-03,"19:55:00+00","2020/02/03 17:29:00+00","Non NIBRS Data","Non NIBRS Data","Non NIBRS Data","Gunshot Wound Victims","Gunshot Wound Victims",NA,NA,"0029XX STEVENS AVE",5,"Whittier",8,44.95015,-93.27537,-10383366.3069789,5613677.0364866,1,309090,2020,2
-10383585.1151,5618138.5897,"Gunshot Wound Victims",NA,"20-033730","MP202033730",2020-02-07,"01:38:00+00","2020/02/06 21:28:00+00","Non NIBRS Data","Non NIBRS Data","Non NIBRS Data","Gunshot Wound Victims","Gunshot Wound Victims",NA,NA,"0001XX 9TH ST N",1,"Downtown West",7,44.97851,-93.27733,-10383585.1150905,5618138.58968447,2,309091,2020,2
-10385198.1786,5624865.7714,"Gunshot Wound Victims",NA,"20-055613","MP202055613",2020-03-01,"17:25:00+00","2020/03/01 16:36:00+00","Non NIBRS Data","Non NIBRS Data","Non NIBRS Data","Gunshot Wound Victims","Gunshot Wound Victims",NA,NA,"0036XX COLFAX AVE N",4,"McKinley",4,45.02124,-93.29182,-10385198.1785898,5624865.77135034,1,309092,2020,3
-10385497.4552,5626896.221,"Gunshot Wound Victims",NA,"20-075116","MP202075116",2020-03-21,"06:57:00+00","2020/03/21 03:00:00+00","Non NIBRS Data","Non NIBRS Data","Non NIBRS Data","Gunshot Wound Victims","Gunshot Wound Victims",NA,NA,"0043XX EMERSON AVE N",4,"Webber - Camden",4,45.03413,-93.29451,-10385497.4551673,5626896.2209642,1,309094,2020,3
-10384609.2787,5625146.785,"Gunshot Wound Victims",NA,"20-087962","MP202087962",2020-04-04,"01:25:00+00","2020/04/03 23:24:00+00","Non NIBRS Data","Non NIBRS Data","Non NIBRS Data","Gunshot Wound Victims","Gunshot Wound Victims",NA,NA,"0037XX 6TH ST N",4,"McKinley",4,45.02302,-93.28653,-10384609.2786598,5625146.78502634,1,309095,2020,4
-10381777.3774,5615581.952,"Gunshot Wound Victims",NA,"20-101297","MP2020101297",2020-04-18,"03:12:00+00","2020/04/18 01:00:00+00","Non NIBRS Data","Non NIBRS Data","Non NIBRS Data","Gunshot Wound Victims","Gunshot Wound Victims",NA,NA,"0020XX ELLIOT AVE",3,"Ventura Village",6,44.96226,-93.26109,-10381777.3774456,5615581.95195485,1,309097,2020,4
-10386327.4343,5619679.9649,"Gunshot Wound Victims",NA,"20-168341","MP2020168341",2020-06-24,"19:50:00+00","2020/06/24 16:45:00+00","Non NIBRS Data","Non NIBRS Data","Non NIBRS Data","Gunshot Wound Victims","Gunshot Wound Victims",NA,NA,"0010XX KNOX AVE N",4,"Near - North",5,44.9883,-93.30197,-10386327.434347,5619679.96488865,1,309099,2020,6
-10386325.5115,5620306.4517,"Gunshot Wound Victims",NA,"20-172768","MP2020172768",2020-06-29,"22:38:00+00","2020/06/29 22:30:00+00","Non NIBRS Data","Non NIBRS Data","Non NIBRS Data","Gunshot Wound Victims","Gunshot Wound Victims",NA,NA,"0013XX KNOX AVE N",4,"Near - North",5,44.99228,-93.30195,-10386325.5115415,5620306.45167504,1,309102,2020,6
-10380800.7214,5615584.6918,"Gunshot Wound Victims",NA,"20-174354","MP2020174354",2020-07-02,"00:35:00+00","2020/07/01 23:05:00+00","Non NIBRS Data","Non NIBRS Data","Non NIBRS Data","Gunshot Wound Victims","Gunshot Wound Victims",NA,NA,"0020XX BLOOMINGTON AVE",3,"Ventura Village",6,44.96228,-93.25232,-10380800.721387,5615584.69180919,1,309103,2020,7
-10386033.2389,5628294.1422,"Gunshot Wound Victims","No","20-178215","MP2020178215",2020-07-06,"19:50:00+00","2020/07/06 17:58:00+00","Non NIBRS Data","Non NIBRS Data","Non NIBRS Data","Gunshot Wound Victims","Gunshot Wound Victims","ShotSpotter Activation (P)","Shooting (PFE)","0048XX HUMBOLDT AVE N",4,"Lind - Bohanon",4,45.043,-93.29932,-10386033.2388925,5628294.14224549,1,309105,2020,7
-10383751.7703,5617954.2495,"Gunshot Wound Victims","Yes","20-179254","MP2020179254",2020-07-07,"23:01:00+00","2020/07/07 22:45:00+00","Non NIBRS Data","Non NIBRS Data","Non NIBRS Data","Gunshot Wound Victims","Gunshot Wound Victims","Shooting Report Only (P)","Shooting Report Only (P)","000XX 10TH ST N",1,"Downtown West",7,44.97734,-93.27883,-10383751.7703008,5617954.24949095,1,309107,2020,7
-10385112.5285,5621027.4735,"Gunshot Wound Victims","No","20-181332","MP2020181332",2020-07-10,"15:49:00+00","2020/07/10 13:47:00+00","Non NIBRS Data","Non NIBRS Data","Non NIBRS Data","Gunshot Wound Victims","Gunshot Wound Victims","Shooting (PFE)","Shooting (PFE)","0017XX BRYANT AVE N",4,"Near - North",5,44.99686,-93.29105,-10385112.5285141,5621027.47351176,1,309109,2020,7
-10384941.9664,5621657.1554,"Gunshot Wound Victims","No","20-183040","MP2020183040",2020-07-12,"20:27:00+00","2020/07/12 16:52:00+00","Non NIBRS Data","Non NIBRS Data","Non NIBRS Data","Gunshot Wound Victims","Gunshot Wound Victims","Sound of Shots Fired (P)","Shooting (PFE)","0021XX ALDRICH AVE N",4,"Hawthorne",5,45.00086,-93.28952,-10384941.9664195,5621657.15536339,1,309112,2020,7
-10385200.3039,5625151.2176,"Gunshot Wound Victims","No","20-185679","MP2020185679",2020-07-16,"01:22:00+00","2020/07/15 21:47:00+00","Non NIBRS Data","Non NIBRS Data","Non NIBRS Data","Gunshot Wound Victims","Gunshot Wound Victims","Shooting (PFE)","Shooting (PFE)","0037XX COLFAX AVE N",4,"McKinley",4,45.02305,-93.29184,-10385200.3038652,5625151.21758006,1,309114,2020,7
-10387214.868,5622100.5592,"Gunshot Wound Victims",NA,"19-358555","MP2019358555",2019-12-04,"17:02:00+00","2019/12/04 15:33:00+00","Non NIBRS Data","Non NIBRS Data","Non NIBRS Data","Gunshot Wound Victims","Gunshot Wound Victims",NA,NA,"0023XX FERRANT PL",4,"Willard - Hay",5,45.00368,-93.30994,-10387214.8680152,5622100.55916826,1,309116,2019,12
-10382978.5305,5618383.6276,"Gunshot Wound Victims",NA,"19-360927","MP2019360927",2019-12-07,"02:50:00+00","2019/12/07 02:08:00+00","Non NIBRS Data","Non NIBRS Data","Non NIBRS Data","Gunshot Wound Victims","Gunshot Wound Victims",NA,NA,"0004XX HENNEPIN AVE",1,"Downtown West",7,44.98006,-93.27188,-10382978.5305231,5618383.62758409,1,309118,2019,12
-10380188.8272,5619956.4989,"Gunshot Wound Victims",NA,"20-008040","MP20208040",2020-01-10,"04:16:00+00","2020/01/10 00:37:00+00","Non NIBRS Data","Non NIBRS Data","Non NIBRS Data","Gunshot Wound Victims","Gunshot Wound Victims",NA,NA,"0003XX 8TH ST SE",2,"Marcy Holmes",3,44.99006,-93.24682,-10380188.8271731,5619956.49890818,1,309119,2020,1
-10384436.8977,5624576.026,"Gunshot Wound Victims",NA,"20-016812","MP202016812",2020-01-20,"08:25:00+00","2020/01/20 07:13:00+00","Non NIBRS Data","Non NIBRS Data","Non NIBRS Data","Gunshot Wound Victims","Gunshot Wound Victims",NA,NA,"0035XX 4TH ST N",4,"McKinley",4,45.0194,-93.28498,-10384436.8977238,5624576.02600521,1,309121,2020,1
-10386921.906,5618488.418,"Gunshot Wound Victims",NA,"20-040860","MP202040860",2020-02-14,"15:53:00+00","2020/02/14 14:44:00+00","Non NIBRS Data","Non NIBRS Data","Non NIBRS Data","Gunshot Wound Victims","Gunshot Wound Victims",NA,NA,"0020XX GLENWOOD AVE",4,"Harrison",5,44.98073,-93.30731,-10386921.9060465,5618488.41802456,1,309123,2020,2
-10385497.4552,5626896.221,"Gunshot Wound Victims",NA,"20-053569","MP202053569",2020-02-28,"14:23:00+00","2020/02/28 13:00:00+00","Non NIBRS Data","Non NIBRS Data","Non NIBRS Data","Gunshot Wound Victims","Gunshot Wound Victims",NA,NA,"0043XX EMERSON AVE N",4,"Webber - Camden",4,45.03413,-93.29451,-10385497.4551673,5626896.2209642,1,309126,2020,2
-10386674.8967,5620183.8911,"Gunshot Wound Victims",NA,"20-068053","MP202068053",2020-03-13,"21:54:00+00","2020/03/13 21:41:00+00","Non NIBRS Data","Non NIBRS Data","Non NIBRS Data","Gunshot Wound Victims","Gunshot Wound Victims",NA,NA,"0019XX PLYMOUTH AVE N",4,"Near - North",5,44.9915,-93.30509,-10386674.8966792,5620183.89112344,1,309127,2020,3
-10385452.6127,5622018.2567,"Gunshot Wound Victims",NA,"20-087279","MP202087279",2020-04-03,"12:00:00+00","2020/04/03 08:30:00+00","Non NIBRS Data","Non NIBRS Data","Non NIBRS Data","Gunshot Wound Victims","Gunshot Wound Victims",NA,NA,"0023XX EMERSON AVE N",4,"Hawthorne",5,45.00316,-93.29411,-10385452.6127153,5622018.25667253,1,309129,2020,4
-10382003.0331,5617172.4506,"Gunshot Wound Victims","Yes","20-191691","MP2020191691",2020-07-22,"20:53:00+00","2020/07/22 19:47:00+00","Non NIBRS Data","Non NIBRS Data","Non NIBRS Data","Gunshot Wound Victims","Gunshot Wound Victims","Shooting Report Only (P)","Shooting Report Only (P)","0007XX PARK AVE",1,"Elliot Park",6,44.97237,-93.26312,-10382003.0331279,5617172.45057924,1,309131,2020,7
-10386583.1177,5617182.607,"Gunshot Wound Victims","No","20-193750","MP2020193750",2020-07-24,"23:56:00+00","2020/07/24 23:56:00+00","Non NIBRS Data","Non NIBRS Data","Non NIBRS Data","Gunshot Wound Victims","Gunshot Wound Victims","Shooting (PFE)","Shooting (PFE)","0004XX MORGAN AVE S",4,"Bryn - Mawr",7,44.97243,-93.30426,-10386583.1176859,5617182.60702542,1,309134,2020,7
-10380608.5658,5613396.6828,"Gunshot Wound Victims","No","20-198141","MP2020198141",2020-07-30,"04:37:00+00","2020/07/30 00:39:00+00","Non NIBRS Data","Non NIBRS Data","Non NIBRS Data","Gunshot Wound Victims","Gunshot Wound Victims","ShotSpotter Activation (P)","Shooting Report Only (P)","0016XX LAKE ST E",3,"East Phillips",9,44.94837,-93.25059,-10380608.5658265,5613396.68284173,1,309137,2020,7
-10382225.4859,5614946.0485,"Gunshot Wound Victims","Yes","20-200688","MP2020200688",2020-08-01,"23:40:00+00","2020/08/01 20:56:00+00","Non NIBRS Data","Non NIBRS Data","Non NIBRS Data","Gunshot Wound Victims","Gunshot Wound Victims","Shooting Report Only (P)","Shooting Report Only (P)","0024XX PARK AVE",3,"Midtown Phillips",6,44.95822,-93.26512,-10382225.4858813,5614946.0484896,1,309138,2020,8
-10386884.3387,5623463.0726,"Gunshot Wound Victims","No","20-205358","MP2020205358",2020-08-07,"05:21:00+00","2020/08/07 04:54:00+00","Non NIBRS Data","Non NIBRS Data","Non NIBRS Data","Gunshot Wound Victims","Gunshot Wound Victims","Shooting (PFE)","Shooting (PFE)","0031XX OLIVER AVE N",4,"Jordan",5,45.01233,-93.30697,-10386884.3386701,5623463.07258202,1,309140,2020,8
-10382090.9415,5612977.2355,"Gunshot Wound Victims","No","20-207175","MP2020207175",2020-08-09,"05:24:00+00","2020/08/09 02:09:00+00","Non NIBRS Data","Non NIBRS Data","Non NIBRS Data","Gunshot Wound Victims","Gunshot Wound Victims","Shooting (PFE)","Shooting (PFE)","0031XX COLUMBUS AVE",3,"Midtown Phillips",9,44.9457,-93.26391,-10382090.9414771,5612977.23553847,1,309142,2020,8
-10384941.9664,5621657.1554,"Gunshot Wound Victims","No","20-210368","MP2020210368",2020-08-12,"20:37:00+00","2020/08/12 20:37:00+00","Non NIBRS Data","Non NIBRS Data","Non NIBRS Data","Gunshot Wound Victims","Gunshot Wound Victims","Check the Welfare (P)","Shooting (PFE)","0021XX ALDRICH AVE N",4,"Hawthorne",5,45.00086,-93.28952,-10384941.9664195,5621657.15536339,1,309144,2020,8
-10383934.5879,5614523.8168,"Gunshot Wound Victims",NA,"20-111934","MP2020111934",2020-04-28,"19:06:00+00","2020/04/28 16:10:00+00","Non NIBRS Data","Non NIBRS Data","Non NIBRS Data","Gunshot Wound Victims","Gunshot Wound Victims",NA,NA,"0001XX 26TH ST W",5,"Whittier",10,44.95553,-93.28047,-10383934.587944,5614523.81682133,1,309146,2020,4
-10380245.4502,5614880.0102,"Gunshot Wound Victims",NA,"20-139797","MP2020139797",2020-05-25,"00:18:00+00","2020/05/24 22:00:00+00","Non NIBRS Data","Non NIBRS Data","Non NIBRS Data","Gunshot Wound Victims","Gunshot Wound Victims",NA,NA,"0024XX CEDAR AVE S",3,"East Phillips",9,44.9578,-93.24733,-10380245.4502011,5614880.0101725,1,309147,2020,5
-10382731.6784,5613394.0808,"Gunshot Wound Victims",NA,"20-143076","MP2020143076",2020-05-28,"03:07:00+00","2020/05/28 00:00:00+00","Non NIBRS Data","Non NIBRS Data","Non NIBRS Data","Gunshot Wound Victims","Gunshot Wound Victims",NA,NA,"0004XX LAKE ST E",3,"Central",8,44.94835,-93.26967,-10382731.6784316,5613394.08083533,1,309149,2020,5
-10377913.9552,5613397.4642,"Gunshot Wound Victims",NA,"20-144082","MP2020144082",2020-05-29,"17:14:00+00","2020/05/28 20:21:00+00","Non NIBRS Data","Non NIBRS Data","Non NIBRS Data","Gunshot Wound Victims","Gunshot Wound Victims",NA,NA,"0031XX LAKE ST E",3,"Longfellow",9,44.94837,-93.22639,-10377913.9551937,5613397.46423161,1,309151,2020,5
-10386187.9514,5618139.2158,"Gunshot Wound Victims",NA,"20-145658","MP2020145658",2020-05-29,"22:52:00+00","2020/05/29 21:45:00+00","Non NIBRS Data","Non NIBRS Data","Non NIBRS Data","Gunshot Wound Victims","Gunshot Wound Victims",NA,NA,"0002XX JAMES AVE N",4,"Harrison",5,44.97851,-93.30071,-10386187.9514423,5618139.21580287,1,309153,2020,5
-10387313.6576,5624886.5413,"Gunshot Wound Victims",NA,"20-150569","MP2020150569",2020-06-02,"22:50:00+00","2020/06/02 18:00:00+00","Non NIBRS Data","Non NIBRS Data","Non NIBRS Data","Gunshot Wound Victims","Gunshot Wound Victims",NA,NA,"0036XX RUSSELL AVE N",4,"Webber - Camden",4,45.02137,-93.31083,-10387313.6575984,5624886.54132672,1,309155,2020,6
-10380388.2522,5614666.2438,"Gunshot Wound Victims",NA,"20-154624","MP2020154624",2020-06-07,"18:54:00+00","2020/06/07 17:48:00+00","Non NIBRS Data","Non NIBRS Data","Non NIBRS Data","Gunshot Wound Victims","Gunshot Wound Victims",NA,NA,"0025XX 18TH AVE S",3,"East Phillips",9,44.95644,-93.24861,-10380388.2521812,5614666.24381882,1,309158,2020,6
-10382003.0331,5617172.4506,"Gunshot Wound Victims",NA,"20-155561","MP2020155561",2020-06-08,"23:35:00+00","2020/06/08 22:12:00+00","Non NIBRS Data","Non NIBRS Data","Non NIBRS Data","Gunshot Wound Victims","Gunshot Wound Victims",NA,NA,"0007XX PARK AVE",1,"Elliot Park",6,44.97237,-93.26312,-10382003.0331279,5617172.45057924,1,309183,2020,6
-10381154.6709,5615373.0405,"Gunshot Wound Victims",NA,"20-093666","MP202093666",2020-04-09,"21:50:00+00","2020/04/09 20:49:00+00","Non NIBRS Data","Non NIBRS Data","Non NIBRS Data","Gunshot Wound Victims","Gunshot Wound Victims",NA,NA,"0013XX 22ND ST E",3,"Ventura Village",6,44.96093,-93.2555,-10381154.6708787,5615373.04047332,1,309184,2020,4
-10386051.9409,5619974.3555,"Gunshot Wound Victims",NA,"20-101332","MP2020101332",2020-04-18,"01:58:00+00","2020/04/18 01:58:00+00","Non NIBRS Data","Non NIBRS Data","Non NIBRS Data","Gunshot Wound Victims","Gunshot Wound Victims",NA,NA,"0012XX IRVING AVE N",4,"Near - North",5,44.99017,-93.29949,-10386051.940895,5619974.35547674,1,309185,2020,4
-10379963.7475,5610448.9136,"Gunshot Wound Victims",NA,"20-118744","MP2020118744",2020-05-05,"02:23:00+00","2020/05/04 23:25:00+00","Non NIBRS Data","Non NIBRS Data","Non NIBRS Data","Gunshot Wound Victims","Gunshot Wound Victims",NA,NA,"0040XX 19TH AVE S",3,"Standish",12,44.92962,-93.2448,-10379963.7474922,5610448.91359165,1,309186,2020,5
-10387307.6302,5622683.4,"Gunshot Wound Victims",NA,"20-121962","MP2020121962",2020-05-08,"01:29:00+00","2020/05/07 23:34:00+00","Non NIBRS Data","Non NIBRS Data","Non NIBRS Data","Gunshot Wound Victims","Gunshot Wound Victims",NA,NA,"0026XX RUSSELL AVE N",4,"Jordan",4,45.00738,-93.31077,-10387307.6301771,5622683.39999643,2,309187,2020,5
-10386208.2527,5621709.0858,"Gunshot Wound Victims",NA,"20-137607","MP2020137607",2020-05-22,"23:04:00+00","2020/05/22 21:37:00+00","Non NIBRS Data","Non NIBRS Data","Non NIBRS Data","Gunshot Wound Victims","Gunshot Wound Victims",NA,NA,"0016XX HILLSIDE AVE N",4,"Jordan",5,45.00119,-93.3009,-10386208.2527323,5621709.08581571,1,309188,2020,5
-10384941.9664,5621657.1554,"Gunshot Wound Victims",NA,"20-140010","MP2020140010",2020-05-25,"03:24:00+00","2020/05/25 02:33:00+00","Non NIBRS Data","Non NIBRS Data","Non NIBRS Data","Gunshot Wound Victims","Gunshot Wound Victims",NA,NA,"0021XX ALDRICH AVE N",4,"Near - North",5,45.00086,-93.28952,-10384941.9664195,5621657.15536339,1,309189,2020,5
-10380750.0623,5613396.5962,"Gunshot Wound Victims",NA,"20-142758","MP2020142758",2020-05-27,"16:57:00+00","2020/05/27 04:36:00+00","Non NIBRS Data","Non NIBRS Data","Non NIBRS Data","Gunshot Wound Victims","Gunshot Wound Victims",NA,NA,"0015XX LAKE ST E",3,"East Phillips",9,44.94837,-93.25186,-10380750.0623359,5613396.5961874,1,309190,2020,5
-10379371.2787,5613396.8676,"Gunshot Wound Victims",NA,"20-144493","MP2020144493",2020-05-29,"17:55:00+00","2020/05/29 01:00:00+00","Non NIBRS Data","Non NIBRS Data","Non NIBRS Data","Gunshot Wound Victims","Gunshot Wound Victims",NA,NA,"0022XX LAKE ST E",3,"East Phillips",9,44.94837,-93.23948,-10379371.2787163,5613396.86756827,1,309191,2020,5
-10385197.6253,5621757.1144,"Gunshot Wound Victims","No","20-213175","MP2020213175",2020-08-16,"01:51:00+00","2020/08/16 01:01:00+00","Non NIBRS Data","Non NIBRS Data","Non NIBRS Data","Gunshot Wound Victims","Gunshot Wound Victims","Shooting (PFE)","Shooting (PFE)","0009XX 22ND AVE N",4,"Hawthorne",5,45.0015,-93.29182,-10385197.6253123,5621757.11443651,1,309192,2020,8
-10382152.6933,5612012.4422,"Gunshot Wound Victims","No","20-213855","MP2020213855",2020-08-16,"23:52:00+00","2020/08/16 22:12:00+00","Non NIBRS Data","Non NIBRS Data","Non NIBRS Data","Gunshot Wound Victims","Gunshot Wound Victims","ShotSpotter Activation (P)","Shooting (PFE)","0007XX 35TH ST E",3,"Powderhorn Park",9,44.93957,-93.26446,-10382152.6932997,5612012.44223979,1,309193,2020,8
-10385283.077,5621659.1267,"Gunshot Wound Victims","No","20-215248","MP2020215248",2020-08-18,"18:46:00+00","2020/08/18 17:21:00+00","Non NIBRS Data","Non NIBRS Data","Non NIBRS Data","Gunshot Wound Victims","Gunshot Wound Victims","ShotSpotter Activation (P)","Shooting (PFE)","0021XX DUPONT AVE N",4,"Hawthorne",5,45.00087,-93.29259,-10385283.077023,5621659.12666105,1,309194,2020,8
-10384941.9664,5621657.1554,"Gunshot Wound Victims","No","20-221225","MP2020221225",2020-08-25,"16:15:00+00","2020/08/25 16:15:00+00","Non NIBRS Data","Non NIBRS Data","Non NIBRS Data","Gunshot Wound Victims","Gunshot Wound Victims","ShotSpotter Activation (P)","Shooting (PFE)","0021XX ALDRICH AVE N",4,"Hawthorne",5,45.00086,-93.28952,-10384941.9664195,5621657.15536339,1,309195,2020,8
-10385452.5451,5622192.5239,"Gunshot Wound Victims","No","20-225373","MP2020225373",2020-08-30,"01:24:00+00","2020/08/30 00:05:00+00","Non NIBRS Data","Non NIBRS Data","Non NIBRS Data","Gunshot Wound Victims","Gunshot Wound Victims","ShotSpotter Activation (P)","Shooting (PFE)","0024XX EMERSON AVE N",4,"Hawthorne",5,45.00426,-93.29411,-10385452.5451156,5622192.52391508,1,309196,2020,8
-10386602.689,5622257.6523,"Gunshot Wound Victims","No","20-228920","MP2020228920",2020-09-03,"06:40:00+00","2020/09/03 04:57:00+00","Non NIBRS Data","Non NIBRS Data","Non NIBRS Data","Gunshot Wound Victims","Gunshot Wound Victims","ShotSpotter Activation (P)","Shooting (PFE)","0024XX MORGAN AVE N",4,"Jordan",5,45.00468,-93.30444,-10386602.6890487,5622257.65229245,1,309197,2020,9
-10387030.8836,5624886.0742,"Gunshot Wound Victims","No","20-238683","MP2020238683",2020-09-14,"22:37:00+00","2020/09/14 20:31:00+00","Non NIBRS Data","Non NIBRS Data","Non NIBRS Data","Gunshot Wound Victims","Gunshot Wound Victims","Shooting Report Only (P)","Shooting Report Only (P)","0036XX PENN AVE N",4,"Cleveland",4,45.02137,-93.30829,-10387030.8836363,5624886.07421939,1,309198,2020,9
-10385453.3652,5621250.8442,"Gunshot Wound Victims","No","20-244864","MP2020244864",2020-09-22,"02:58:00+00","2020/09/22 02:58:00+00","Non NIBRS Data","Non NIBRS Data","Non NIBRS Data","Gunshot Wound Victims","Gunshot Wound Victims","Sound of Shots Fired (P)","Shooting (PFE)","0018XX EMERSON AVE N",4,"Near - North",5,44.99828,-93.29411,-10385453.3652209,5621250.84424368,3,309199,2020,9
-10381941.2915,5615440.2167,"Gunshot Wound Victims",NA,"20-166061","MP2020166061",2020-06-21,"23:06:00+00","2020/06/21 21:55:00+00","Non NIBRS Data","Non NIBRS Data","Non NIBRS Data","Gunshot Wound Victims","Gunshot Wound Victims",NA,NA,"0021XX CHICAGO AVE",3,"Ventura Village",6,44.96136,-93.26257,-10381941.2914788,5615440.21670984,1,309200,2020,6
-10384941.9664,5621657.1554,"Gunshot Wound Victims",NA,"20-166628","MP2020166628",2020-06-22,"17:03:00+00","2020/06/22 16:04:00+00","Non NIBRS Data","Non NIBRS Data","Non NIBRS Data","Gunshot Wound Victims","Gunshot Wound Victims",NA,NA,"0021XX ALDRICH AVE N",4,"Hawthorne",5,45.00086,-93.28952,-10384941.9664195,5621657.15536339,4,309201,2020,6
-10383751.7703,5617954.2495,"Gunshot Wound Victims",NA,"20-167603","MP2020167603",2020-06-24,"12:20:00+00","2020/06/21 21:45:00+00","Non NIBRS Data","Non NIBRS Data","Non NIBRS Data","Gunshot Wound Victims","Gunshot Wound Victims",NA,NA,"000XX 10TH ST N",1,"Downtown West",7,44.97734,-93.27883,-10383751.7703008,5617954.24949095,1,309202,2020,6
-10382128.2928,5615369.4217,"Gunshot Wound Victims","No","20-174174","MP2020174174",2020-07-01,"19:03:00+00","2020/07/01 19:03:00+00","Non NIBRS Data","Non NIBRS Data","Non NIBRS Data","Gunshot Wound Victims","Gunshot Wound Victims","Shooting (PFE)","Shooting (PFE)","0007XX 22ND ST E",3,"Ventura Village",6,44.96091,-93.26425,-10382128.2928162,5615369.42173842,1,309203,2020,7
-10384216.5228,5613582.3645,"Gunshot Wound Victims","No","20-251824","MP2020251824",2020-09-29,"20:25:00+00","2020/09/29 18:30:00+00","Non NIBRS Data","Non NIBRS Data","Non NIBRS Data","Gunshot Wound Victims","Gunshot Wound Victims","Shooting (PFE)","Shooting (PFE)","0029XX PLEASANT AVE",5,"Whittier",8,44.94955,-93.283,-10384216.5227954,5613582.36453595,1,309228,2020,9
-10385293.5387,5627438.2116,"Gunshot Wound Victims","No","20-257265","MP2020257265",2020-10-06,"00:59:00+00","2020/10/05 23:30:00+00","Non NIBRS Data","Non NIBRS Data","Non NIBRS Data","Gunshot Wound Victims","Gunshot Wound Victims","Sound of Shots Fired (P)","Shooting (PFE)","0045XX COLFAX AVE N",4,"Lind - Bohanon",4,45.03757,-93.29268,-10385293.5386537,5627438.21155127,1,309229,2020,10
-10382978.5305,5618383.6276,"Gunshot Wound Victims","Yes","20-261001","MP2020261001",2020-10-10,"04:34:00+00","2020/10/10 01:33:00+00","Non NIBRS Data","Non NIBRS Data","Non NIBRS Data","Gunshot Wound Victims","Gunshot Wound Victims","On Site (P)","Shooting (PFE)","0004XX HENNEPIN AVE",1,"Downtown West",7,44.98006,-93.27188,-10382978.5305231,5618383.62758409,3,309230,2020,10
-10385346.5271,5619281.4255,"Gunshot Wound Victims","No","20-263049","MP2020263049",2020-10-12,"23:02:00+00","2020/10/12 17:52:00+00","Non NIBRS Data","Non NIBRS Data","Non NIBRS Data","Gunshot Wound Victims","Gunshot Wound Victims","Sound of Shots Fired (P)","Shooting (PFE)","0007XX VAN WHITE MEMORIAL BLVD",4,"Sumner - Glenwood",5,44.98577,-93.29316,-10385346.5271357,5619281.42549105,1,309231,2020,10
-10386602.689,5622257.6523,"Gunshot Wound Victims","No","20-264140","MP2020264140",2020-10-13,"23:52:00+00","2020/10/13 23:00:00+00","Non NIBRS Data","Non NIBRS Data","Non NIBRS Data","Gunshot Wound Victims","Gunshot Wound Victims","Shooting Report Only (P)","Shooting Report Only (P)","0024XX MORGAN AVE N",4,"Jordan",5,45.00468,-93.30444,-10386602.6890487,5622257.65229245,1,309232,2020,10
-10379966.5788,5611865.72,"Gunshot Wound Victims","No","20-264897","MP2020264897",2020-10-14,"21:59:00+00","2020/10/14 21:30:00+00","Non NIBRS Data","Non NIBRS Data","Non NIBRS Data","Gunshot Wound Victims","Gunshot Wound Victims","Sound of Shots Fired (P)","Shooting (PFE)","0035XX 19TH AVE S",3,"Corcoran",9,44.93863,-93.24483,-10379966.5787876,5611865.72003,1,309233,2020,10
-10381801.1405,5612154.087,"Gunshot Wound Victims",NA,"20-163796","MP2020163796",2020-06-19,"07:37:00+00","2020/06/19 06:43:00+00","Non NIBRS Data","Non NIBRS Data","Non NIBRS Data","Gunshot Wound Victims","Gunshot Wound Victims",NA,NA,"0034XX ELLIOT AVE",3,"Powderhorn Park",9,44.94047,-93.26131,-10381801.1405434,5612154.08701474,1,309234,2020,6
-10384941.9664,5621657.1554,"Gunshot Wound Victims",NA,"20-166065","MP2020166065",2020-06-21,"23:36:00+00","2020/06/21 20:18:00+00","Non NIBRS Data","Non NIBRS Data","Non NIBRS Data","Gunshot Wound Victims","Gunshot Wound Victims",NA,NA,"0021XX ALDRICH AVE N",4,"Hawthorne",5,45.00086,-93.28952,-10384941.9664195,5621657.15536339,1,309235,2020,6
-10385443.788,5628293.7186,"Gunshot Wound Victims",NA,"20-168692","MP2020168692",2020-06-25,"01:33:00+00","2020/06/24 23:49:00+00","Non NIBRS Data","Non NIBRS Data","Non NIBRS Data","Gunshot Wound Victims","Gunshot Wound Victims",NA,NA,"0048XX DUPONT AVE N",4,"Lind - Bohanon",4,45.043,-93.29403,-10385443.7880444,5628293.71858998,1,309236,2020,6
-10387379.2613,5620758.1568,"Gunshot Wound Victims",NA,"20-170134","MP2020170134",2020-06-26,"20:22:00+00","2020/06/26 19:05:00+00","Non NIBRS Data","Non NIBRS Data","Non NIBRS Data","Gunshot Wound Victims","Gunshot Wound Victims",NA,NA,"0024XX 16TH AVE N",4,"Willard - Hay",5,44.99515,-93.31142,-10387379.2613344,5620758.15675359,2,309237,2020,6
-10381939.977,5615945.0839,"Gunshot Wound Victims",NA,"20-171353","MP2020171353",2020-06-28,"02:43:00+00","2020/06/28 01:25:00+00","Non NIBRS Data","Non NIBRS Data","Non NIBRS Data","Gunshot Wound Victims","Gunshot Wound Victims",NA,NA,"0018XX CHICAGO AVE",3,"Ventura Village",6,44.96457,-93.26255,-10381939.9770378,5615945.08385428,1,309238,2020,6
-10382316.5644,5618716.6342,"Gunshot Wound Victims",NA,"20-176226","MP2020176226",2020-07-04,"07:17:00+00","2020/07/04 03:02:00+00","Non NIBRS Data","Non NIBRS Data","Non NIBRS Data","Gunshot Wound Victims","Gunshot Wound Victims",NA,NA,"0001XX MARQUETTE AVE",1,"Downtown West",3,44.98218,-93.26594,-10382316.5643925,5618716.63419604,1,309239,2020,7
-10381793.832,5611301.948,"Gunshot Wound Victims","No","20-177599","MP2020177599",2020-07-05,"23:20:00+00","2020/07/05 21:18:00+00","Non NIBRS Data","Non NIBRS Data","Non NIBRS Data","Gunshot Wound Victims","Gunshot Wound Victims","Shooting (PFE)","Shooting (PFE)","0037XX ELLIOT AVE",3,"Powderhorn Park",9,44.93505,-93.26124,-10381793.8319956,5611301.94799334,2,309240,2020,7
-10382090.9415,5612977.2355,"Gunshot Wound Victims","Yes","20-180300","MP2020180300",2020-07-09,"08:45:00+00","2020/07/09 07:00:00+00","Non NIBRS Data","Non NIBRS Data","Non NIBRS Data","Gunshot Wound Victims","Gunshot Wound Victims","Shooting Report Only (P)","Shooting Report Only (P)","0031XX COLUMBUS AVE",3,"Midtown Phillips",9,44.9457,-93.26391,-10382090.9414771,5612977.23553847,1,309241,2020,7
-10382234.8151,5613676.7068,"Gunshot Wound Victims","Yes","20-180981","MP2020180981",2020-07-10,"00:48:00+00","2020/07/10 00:03:00+00","Non NIBRS Data","Non NIBRS Data","Non NIBRS Data","Gunshot Wound Victims","Gunshot Wound Victims","Shooting Report Only (P)","Shooting Report Only (P)","0028XX PARK AVE",3,"Phillips West",6,44.95015,-93.2652,-10382234.8151401,5613676.70683913,1,309242,2020,7
-10384056.3995,5620861.677,"Gunshot Wound Victims","No","20-183325","MP2020183325",2020-07-13,"01:34:00+00","2020/07/12 23:48:00+00","Non NIBRS Data","Non NIBRS Data","Non NIBRS Data","Gunshot Wound Victims","Gunshot Wound Victims","Shooting Report Only (P)","Shooting Report Only (P)","0016XX WASHINGTON AVE N",4,"Hawthorne",5,44.99581,-93.28157,-10384056.3995044,5620861.67704219,1,309243,2020,7
-10384209.0996,5614946.5171,"Gunshot Wound Victims","No","20-183974","MP2020183974",2020-07-13,"20:52:00+00","2020/07/13 20:30:00+00","Non NIBRS Data","Non NIBRS Data","Non NIBRS Data","Gunshot Wound Victims","Gunshot Wound Victims","Sound of Shots Fired (P)~PD","Shooting (PFE)","0024XX PLEASANT AVE",5,"Whittier",10,44.95822,-93.28294,-10384209.0996138,5614946.51705199,1,309244,2020,7
-10386462.5726,5623743.9212,"Gunshot Wound Victims","No","20-184132","MP2020184132",2020-07-14,"02:00:00+00","2020/07/14 00:07:00+00","Non NIBRS Data","Non NIBRS Data","Non NIBRS Data","Gunshot Wound Victims","Gunshot Wound Victims","Person with a Gun (P)","Shooting (PFE)","0032XX LOGAN AVE N",4,"Folwell",4,45.01412,-93.30318,-10386462.5725875,5623743.92120553,1,309245,2020,7
-10382128.2928,5615369.4217,"Gunshot Wound Victims","No","20-186443","MP2020186443",2020-07-16,"19:19:00+00","2020/07/16 19:19:00+00","Non NIBRS Data","Non NIBRS Data","Non NIBRS Data","Gunshot Wound Victims","Gunshot Wound Victims","ShotSpotter Activation (P)","Shooting (PFE)","0007XX 22ND ST E",3,"Ventura Village",6,44.96091,-93.26425,-10382128.2928162,5615369.42173842,2,309246,2020,7
-10386208.2527,5621709.0858,"Gunshot Wound Victims","No","20-188352","MP2020188352",2020-07-19,"00:44:00+00","2020/07/18 23:43:00+00","Non NIBRS Data","Non NIBRS Data","Non NIBRS Data","Gunshot Wound Victims","Gunshot Wound Victims","ShotSpotter Activation (P)","ShotSpotter Activation (P)","0016XX HILLSIDE AVE N",4,"Jordan",5,45.00119,-93.3009,-10386208.2527323,5621709.08581571,1,309249,2020,7
-10380386.022,5614949.211,"Gunshot Wound Victims","No","20-190529","MP2020190529",2020-07-21,"14:00:00+00","2020/07/21 14:00:00+00","Non NIBRS Data","Non NIBRS Data","Non NIBRS Data","Gunshot Wound Victims","Gunshot Wound Victims","Shooting Report Only (P)","Shooting Report Only (P)","0024XX 18TH AVE S",3,"East Phillips",9,44.95824,-93.24859,-10380386.0220257,5614949.21102248,1,309250,2020,7
-10381941.2915,5615440.2167,"Gunshot Wound Victims","Yes","20-194491","MP2020194491",2020-07-26,"00:40:00+00","2020/07/25 21:45:00+00","Non NIBRS Data","Non NIBRS Data","Non NIBRS Data","Gunshot Wound Victims","Gunshot Wound Victims","Shooting Report Only (P)","Shooting Report Only (P)","0021XX CHICAGO AVE",3,"Ventura Village",6,44.96136,-93.26257,-10381941.2914788,5615440.21670984,1,309251,2020,7
-10384598.7437,5623114.567,"Gunshot Wound Victims","No","20-181003","MP2020181003",2020-07-10,"00:34:00+00","2020/07/10 00:34:00+00","Non NIBRS Data","Non NIBRS Data","Non NIBRS Data","Gunshot Wound Victims","Gunshot Wound Victims","ShotSpotter Activation (P)","Shooting (PFE)","0029XX 6TH ST N",4,"Hawthorne",5,45.01012,-93.28644,-10384598.7436742,5623114.56697004,2,309299,2020,7
-10382147.5146,5611446.5668,"Gunshot Wound Victims","Yes","20-182567","MP2020182567",2020-07-11,"23:43:00+00","2020/07/11 23:10:00+00","Non NIBRS Data","Non NIBRS Data","Non NIBRS Data","Gunshot Wound Victims","Gunshot Wound Victims","Shooting Report Only (P)","Shooting Report Only (P)","0007XX 37TH ST E",3,"Powderhorn Park",8,44.93597,-93.26442,-10382147.5146303,5611446.56681588,1,309300,2020,7
-10382093.2386,5613262.1003,"Gunshot Wound Victims","No","20-187989","MP2020187989",2020-07-18,"16:55:00+00","2020/07/18 16:35:00+00","Non NIBRS Data","Non NIBRS Data","Non NIBRS Data","Gunshot Wound Victims","Gunshot Wound Victims","Personal Inj/Hit and Run (PFE)","Shooting (PFE)","0030XX COLUMBUS AVE",3,"Central",9,44.94751,-93.26393,-10382093.2386086,5613262.10033275,1,309301,2020,7
-10386260.6762,5618510.3862,"Gunshot Wound Victims","No","20-197840","MP2020197840",2020-07-29,"21:40:00+00","2020/07/29 19:20:00+00","Non NIBRS Data","Non NIBRS Data","Non NIBRS Data","Gunshot Wound Victims","Gunshot Wound Victims","Sound of Shots Fired (P)","Shooting (PFE)","0016XX GLENWOOD AVE",4,"Harrison",5,44.98087,-93.30137,-10386260.6761646,5618510.38623506,1,309302,2020,7
-10387855.757,5629448.788,"Gunshot Wound Victims","No","20-199073","MP2020199073",2020-07-31,"00:55:00+00","2020/07/31 00:53:00+00","Non NIBRS Data","Non NIBRS Data","Non NIBRS Data","Gunshot Wound Victims","Gunshot Wound Victims","Sound of Shots Fired (P)","Shooting (PFE)","0052XX UPTON AVE N",4,"Shingle Creek",4,45.05033,-93.3157,-10387855.7569763,5629448.78801348,1,309303,2020,7
-10386747.0779,5619757.9908,"Gunshot Wound Victims","No","20-210381","MP2020210381",2020-08-12,"23:30:00+00","2020/08/12 20:50:00+00","Non NIBRS Data","Non NIBRS Data","Non NIBRS Data","Gunshot Wound Victims","Gunshot Wound Victims","Domestic (P)","Shooting (PFE)","0011XX NEWTON AVE N",4,"Near - North",5,44.9888,-93.30574,-10386747.077872,5619757.99076698,1,309304,2020,8
-10382336.1492,5617475.6578,"Gunshot Wound Victims","Yes","20-211951","MP2020211951",2020-08-14,"20:38:00+00","2020/08/14 16:30:00+00","Non NIBRS Data","Non NIBRS Data","Non NIBRS Data","Gunshot Wound Victims","Gunshot Wound Victims","Assist EMS Personnel (P)","Dead Person (P)","0004XX 7TH ST S",1,"Downtown West",7,44.97429,-93.26611,-10382336.1491614,5617475.65779938,1,309305,2020,8
-10384941.9664,5621657.1554,"Gunshot Wound Victims","No","20-220552","MP2020220552",2020-08-24,"19:27:00+00","2020/08/24 18:15:00+00","Non NIBRS Data","Non NIBRS Data","Non NIBRS Data","Gunshot Wound Victims","Gunshot Wound Victims","Shooting Report Only (P)","Shooting Report Only (P)","0021XX ALDRICH AVE N",4,"Hawthorne",5,45.00086,-93.28952,-10384941.9664195,5621657.15536339,1,309306,2020,8
-10382800.3413,5612996.0827,"Gunshot Wound Victims","No","20-270652","MP2020270652",2020-10-22,"13:41:00+00","2020/10/22 13:00:00+00","Non NIBRS Data","Non NIBRS Data","Non NIBRS Data","Gunshot Wound Victims","Gunshot Wound Victims","ShotSpotter Activation (P)","Shooting (PFE)","0031XX 4TH AVE S",3,"Central",8,44.94582,-93.27028,-10382800.3412832,5612996.08272085,1,309307,2020,10
-10385622.7007,5622019.0078,"Gunshot Wound Victims","No","20-271033","MP2020271033",2020-10-23,"04:11:00+00","2020/10/22 22:25:00+00","Non NIBRS Data","Non NIBRS Data","Non NIBRS Data","Gunshot Wound Victims","Gunshot Wound Victims","Shooting (PFE)","Shooting (PFE)","0023XX FREMONT AVE N",4,"Jordan",5,45.00316,-93.29564,-10385622.7007178,5622019.00782257,1,309308,2020,10
-10387740.3949,5619478.1807,"Gunshot Wound Victims","No","20-272909","MP2020272909",2020-10-25,"06:27:00+00","2020/10/25 02:59:00+00","Non NIBRS Data","Non NIBRS Data","Non NIBRS Data","Gunshot Wound Victims","Gunshot Wound Victims","Shooting (PFE)","Shooting (PFE)","0009XX UPTON AVE N",4,"Willard - Hay",5,44.98702,-93.31466,-10387740.3949327,5619478.18069176,1,309309,2020,10
-10387029.8029,5619472.8826,"Gunshot Wound Victims","No","20-284882","MP2020284882",2020-11-08,"13:59:00+00","2020/11/08 11:55:00+00","Non NIBRS Data","Non NIBRS Data","Non NIBRS Data","Gunshot Wound Victims","Gunshot Wound Victims","ShotSpotter Activation (P)","Shooting (PFE)","0009XX PENN AVE N",4,"Near - North",5,44.98699,-93.30828,-10387029.8028669,5619472.88262624,1,309310,2020,11
-10384941.9664,5621657.1554,"Gunshot Wound Victims","No","20-291164","MP2020291164",2020-11-17,"15:45:00+00","2020/11/17 14:46:00+00","Non NIBRS Data","Non NIBRS Data","Non NIBRS Data","Gunshot Wound Victims","Gunshot Wound Victims","ShotSpotter Activation (P)","Shooting Report Only (P)","0021XX ALDRICH AVE N",4,"Hawthorne",5,45.00086,-93.28952,-10384941.9664195,5621657.15536339,1,309311,2020,11
-10385764.7377,5625442.7994,"Gunshot Wound Victims","No","20-295958","MP2020295958",2020-11-24,"05:47:00+00","2020/11/24 01:25:00+00","Non NIBRS Data","Non NIBRS Data","Non NIBRS Data","Gunshot Wound Victims","Gunshot Wound Victims","ShotSpotter Activation (P)","Shooting (PFE)","0038XX GIRARD AVE N",4,"Webber - Camden",4,45.0249,-93.29691,-10385764.7377497,5625442.79938145,1,309312,2020,11
-10382076.5133,5609884.9118,"Gunshot Wound Victims","No","20-310896","MP2020310896",2020-12-14,"23:02:00+00","2020/12/14 21:30:00+00","Non NIBRS Data","Non NIBRS Data","Non NIBRS Data","Gunshot Wound Victims","Gunshot Wound Victims","Shooting Report Only (P)","Shooting Report Only (P)","0042XX COLUMBUS AVE",3,"Regina",8,44.92604,-93.26378,-10382076.5133013,5609884.91182607,1,309313,2020,12
-10384869.9959,5627727.5961,"Gunshot Wound Victims","No","20-220823","MP2020220823",2020-08-25,"01:30:00+00","2020/08/25 00:53:00+00","Non NIBRS Data","Non NIBRS Data","Non NIBRS Data","Gunshot Wound Victims","Gunshot Wound Victims","ShotSpotter Activation (P)","Shooting (PFE)","0046XX CAMDEN AVE N",4,"Lind - Bohanon",4,45.03941,-93.28887,-10384869.9958677,5627727.59613713,1,309314,2020,8
-10386208.2527,5621709.0858,"Gunshot Wound Victims","Yes","20-224619","MP2020224619",2020-08-29,"02:07:00+00","2020/08/29 01:30:00+00","Non NIBRS Data","Non NIBRS Data","Non NIBRS Data","Gunshot Wound Victims","Gunshot Wound Victims","Shooting Report Only (P)","Shooting Report Only (P)","0016XX HILLSIDE AVE N",4,"Jordan",5,45.00119,-93.3009,-10386208.2527323,5621709.08581571,1,309315,2020,8
-10384941.7424,5622190.1583,"Gunshot Wound Victims","No","20-240253","MP2020240253",2020-09-16,"19:02:00+00","2020/09/16 16:30:00+00","Non NIBRS Data","Non NIBRS Data","Non NIBRS Data","Gunshot Wound Victims","Gunshot Wound Victims","Shooting (PFE)","Shooting (PFE)","0024XX ALDRICH AVE N",4,"Hawthorne",5,45.00425,-93.28952,-10384941.742382,5622190.15826781,1,309316,2020,9
-10381095.8682,5614666.6579,"Gunshot Wound Victims","No","20-253644","MP2020253644",2020-10-01,"22:05:00+00","2020/10/01 22:03:00+00","Non NIBRS Data","Non NIBRS Data","Non NIBRS Data","Gunshot Wound Victims","Gunshot Wound Victims","ShotSpotter Activation (P)","Shooting (PFE)","0025XX 14TH AVE S",3,"Midtown Phillips",9,44.95644,-93.25497,-10381095.8681795,5614666.65786319,1,309317,2020,10
-10380958.4206,5614100.4331,"Gunshot Wound Victims","No","20-257880","MP2020257880",2020-10-06,"19:04:00+00","2020/10/06 17:49:00+00","Non NIBRS Data","Non NIBRS Data","Non NIBRS Data","Gunshot Wound Victims","Gunshot Wound Victims","Shooting (PFE)","Shooting (PFE)","0027XX 15TH AVE S",3,"Midtown Phillips",9,44.95284,-93.25374,-10380958.4206306,5614100.4331318,2,309318,2020,10
-10379970.6382,5612969.2861,"Gunshot Wound Victims","No","20-259195","MP2020259195",2020-10-08,"01:49:00+00","2020/10/08 01:14:00+00","Non NIBRS Data","Non NIBRS Data","Non NIBRS Data","Gunshot Wound Victims","Gunshot Wound Victims","Unknown Trouble (P)","Shooting (PFE)","0031XX 19TH AVE S",3,"Corcoran",9,44.94565,-93.24486,-10379970.6381947,5612969.28607491,1,309319,2020,10
-10381095.8682,5614666.6579,"Gunshot Wound Victims","No","20-262577","MP2020262577",2020-10-12,"03:41:00+00","2020/10/12 00:00:00+00","Non NIBRS Data","Non NIBRS Data","Non NIBRS Data","Gunshot Wound Victims","Gunshot Wound Victims","Shooting Report Only (P)","Shooting Report Only (P)","0025XX 14TH AVE S",3,"East Phillips",9,44.95644,-93.25497,-10381095.8681795,5614666.65786319,1,309321,2020,10
-10385827.3614,5623027.8861,"Gunshot Wound Victims","No","20-269967","MP2020269967",2020-10-21,"17:04:00+00","2020/10/21 15:14:00+00","Non NIBRS Data","Non NIBRS Data","Non NIBRS Data","Gunshot Wound Victims","Gunshot Wound Victims","Shooting (PFE)","Shooting (PFE)","0014XX 29TH AVE N",4,"Folwell",5,45.00957,-93.29747,-10385827.3614407,5623027.88605615,2,309323,2020,10
-10379309.6456,5612684.5593,"Gunshot Wound Victims","No","20-318161","MP2020318161",2020-12-24,"14:24:00+00","2020/12/24 14:24:00+00","Non NIBRS Data","Non NIBRS Data","Non NIBRS Data","Gunshot Wound Victims","Gunshot Wound Victims","Shooting (PFE)","Shooting (PFE)","0032XX 23RD AVE S",3,"East Phillips",9,44.94384,-93.23892,-10379309.6456382,5612684.55928189,1,309325,2020,12
-10382375.7087,5613676.1804,"Gunshot Wound Victims","No","20-320284","MP2020320284",2020-12-28,"05:12:00+00","2020/12/28 02:58:00+00","Non NIBRS Data","Non NIBRS Data","Non NIBRS Data","Gunshot Wound Victims","Gunshot Wound Victims","Down Outside-One w/Fire (PFE)","Shooting (PFE)","0028XX OAKLAND AVE",3,"Phillips West",6,44.95014,-93.26647,-10382375.7086525,5613676.18042664,1,309327,2020,12
-10378708.5943,5618716.0705,"Gunshot Wound Victims","No","21-000260","MP2021260",2021-01-01,"03:58:00+00","2021/01/01 03:58:00+00","Non NIBRS Data","Non NIBRS Data","Non NIBRS Data","Gunshot Wound Victims","Gunshot Wound Victims","Shooting (PFE)","Shooting (PFE)","0014XX 6TH ST SE",2,"Marcy Holmes",2,44.98218,-93.23353,-10378708.5943054,5618716.07046269,2,309329,2021,1
-10383804.9462,5608024.984,"Gunshot Wound Victims","No","21-004712","MP20214712",2021-01-07,"18:52:00+00","2021/01/07 16:30:00+00","Non NIBRS Data","Non NIBRS Data","Non NIBRS Data","Gunshot Wound Victims","Gunshot Wound Victims","Shooting (PFE)","Shooting (PFE)","000XX 49TH ST W",5,"Tangletown",11,44.91421,-93.27931,-10383804.9462096,5608024.98404938,1,309331,2021,1
-10387605.531,5625458.3351,"Gunshot Wound Victims","No","21-023037","MP202123037",2021-02-02,"10:12:00+00","2021/02/02 01:42:00+00","Non NIBRS Data","Non NIBRS Data","Non NIBRS Data","Gunshot Wound Victims","Gunshot Wound Victims","Shooting (PFE)","Shooting (PFE)","0038XX THOMAS AVE N",4,"Victory",4,45.025,-93.31345,-10387605.5310055,5625458.33514863,1,309333,2021,2
-10386604.4263,5620515.5217,"Gunshot Wound Victims","No","21-031075","MP202131075",2021-02-13,"03:58:00+00","2021/02/13 02:25:00+00","Non NIBRS Data","Non NIBRS Data","Non NIBRS Data","Gunshot Wound Victims","Gunshot Wound Victims","Shooting (PFE)","Shooting (PFE)","0014XX MORGAN AVE N",4,"Willard - Hay",5,44.99361,-93.30446,-10386604.426257,5620515.5216813,1,309335,2021,2
-10385483.1625,5615088.295,"Gunshot Wound Victims","Yes","21-039011","MP202139011",2021-02-24,"19:03:00+00","2021/02/24 16:10:00+00","Non NIBRS Data","Non NIBRS Data","Non NIBRS Data","Gunshot Wound Victims","Gunshot Wound Victims","Shooting Report Only (P)","Shooting Report Only (P)","0024XX EMERSON AVE S",5,"East Isles",7,44.95912,-93.29438,-10385483.1625082,5615088.29504701,1,309359,2021,2
-10385453.0757,5621027.941,"Gunshot Wound Victims","No","20-273447","MP2020273447",2020-10-26,"02:35:00+00","2020/10/25 23:55:00+00","Non NIBRS Data","Non NIBRS Data","Non NIBRS Data","Gunshot Wound Victims","Gunshot Wound Victims","Sound of Shots Fired (P)","Shooting (PFE)","0017XX EMERSON AVE N",4,"Near - North",5,44.99686,-93.29411,-10385453.0756718,5621027.94096551,1,309360,2020,10
-10382003.0331,5617172.4506,"Gunshot Wound Victims","Yes","20-275619","MP2020275619",2020-10-28,"21:43:00+00","2020/10/28 19:34:00+00","Non NIBRS Data","Non NIBRS Data","Non NIBRS Data","Gunshot Wound Victims","Gunshot Wound Victims","Shooting Report Only (P)","Shooting Report Only (P)","0007XX PARK AVE",1,"Elliot Park",6,44.97237,-93.26312,-10382003.0331279,5617172.45057924,1,309361,2020,10
-10385112.1113,5621249.7465,"Gunshot Wound Victims","No","20-279863","MP2020279863",2020-11-02,"18:52:00+00","2020/11/02 18:52:00+00","Non NIBRS Data","Non NIBRS Data","Non NIBRS Data","Gunshot Wound Victims","Gunshot Wound Victims","ShotSpotter Activation (P)","Shooting (PFE)","0018XX BRYANT AVE N",4,"Near - North",5,44.99827,-93.29105,-10385112.1112943,5621249.74649774,1,309362,2020,11
-10386602.689,5622257.6523,"Gunshot Wound Victims","Yes","20-280499","MP2020280499",2020-11-03,"15:14:00+00","2020/11/03 12:30:00+00","Non NIBRS Data","Non NIBRS Data","Non NIBRS Data","Gunshot Wound Victims","Gunshot Wound Victims","Shooting Report Only (P)","Shooting Report Only (P)","0024XX MORGAN AVE N",4,"Jordan",5,45.00468,-93.30444,-10386602.6890487,5622257.65229245,1,309363,2020,11
-10384774.5664,5615229.7072,"Gunshot Wound Victims","No","20-281905","MP2020281905",2020-11-05,"05:38:00+00","2020/11/05 03:00:00+00","Non NIBRS Data","Non NIBRS Data","Non NIBRS Data","Gunshot Wound Victims","Gunshot Wound Victims","Sound of Shots Fired (P)","Shooting (PFE)","0023XX LYNDALE AVE S",5,"Lowry Hill East",10,44.96002,-93.28802,-10384774.5663658,5615229.70717379,1,309364,2020,11
-10384771.4435,5621471.9676,"Gunshot Wound Victims","No","20-284964","MP2020284964",2020-11-08,"15:27:00+00","2020/11/08 14:13:00+00","Non NIBRS Data","Non NIBRS Data","Non NIBRS Data","Gunshot Wound Victims","Gunshot Wound Victims","Shooting Report Only (P)","Shooting Report Only (P)","0020XX LYNDALE AVE N",4,"Hawthorne",5,44.99969,-93.28799,-10384771.443544,5621471.96755966,1,309365,2020,11
-10386923.6457,5618341.4796,"Gunshot Wound Victims","No","20-285184","MP2020285184",2020-11-08,"21:51:00+00","2020/11/08 19:49:00+00","Non NIBRS Data","Non NIBRS Data","Non NIBRS Data","Gunshot Wound Victims","Gunshot Wound Victims","ShotSpotter Activation (P)","ShotSpotter Activation (P)","0020XX 3RD AVE N",4,"Harrison",5,44.9798,-93.30732,-10386923.6457074,5618341.4795713,1,309366,2020,11
-10380249.3967,5614383.4733,"Gunshot Wound Victims","No","20-287881","MP2020287881",2020-11-12,"18:16:00+00","2020/11/12 16:50:00+00","Non NIBRS Data","Non NIBRS Data","Non NIBRS Data","Gunshot Wound Victims","Gunshot Wound Victims","Shooting (PFE)","Shooting (PFE)","0026XX CEDAR AVE S",3,"East Phillips",9,44.95464,-93.24737,-10380249.3966646,5614383.47328116,1,309367,2020,11
-10378680.9298,5624599.5077,"Gunshot Wound Victims","No","20-195959","MP2020195959",2020-07-27,"22:54:00+00","2020/07/27 17:24:00+00","Non NIBRS Data","Non NIBRS Data","Non NIBRS Data","Gunshot Wound Victims","Gunshot Wound Victims","Shooting (PFE)","Shooting (PFE)","0028XX GARFIELD ST NE",2,"Audubon Park",1,45.01955,-93.23328,-10378680.9298244,5624599.50765458,1,309376,2020,7
-10384941.9664,5621657.1554,"Gunshot Wound Victims","No","20-197687","MP2020197687",2020-07-29,"17:37:00+00","2020/07/29 16:30:00+00","Non NIBRS Data","Non NIBRS Data","Non NIBRS Data","Gunshot Wound Victims","Gunshot Wound Victims","Sound of Shots Fired (P)","Shooting (PFE)","0021XX ALDRICH AVE N",4,"Hawthorne",5,45.00086,-93.28952,-10384941.9664195,5621657.15536339,1,309377,2020,7
-10382978.5305,5618383.6276,"Gunshot Wound Victims","Yes","20-199111","MP2020199111",2020-07-31,"03:39:00+00","2020/07/31 02:22:00+00","Non NIBRS Data","Non NIBRS Data","Non NIBRS Data","Gunshot Wound Victims","Gunshot Wound Victims","Sound of Shots Fired (P)","Shooting (PFE)","0004XX HENNEPIN AVE",1,"Downtown West",7,44.98006,-93.27188,-10382978.5305231,5618383.62758409,1,309378,2020,7
-10380983.5731,5615909.6938,"Gunshot Wound Victims","No","20-200509","MP2020200509",2020-08-01,"20:39:00+00","2020/08/01 17:20:00+00","Non NIBRS Data","Non NIBRS Data","Non NIBRS Data","Gunshot Wound Victims","Gunshot Wound Victims","Shooting (PFE)","Shooting (PFE)","0018XX 15TH AVE S",3,"Ventura Village",6,44.96434,-93.25396,-10380983.5731377,5615909.69381528,1,309379,2020,8
-10382152.6933,5612012.4422,"Gunshot Wound Victims","No","20-206307","MP2020206307",2020-08-08,"04:24:00+00","2020/08/08 01:52:00+00","Non NIBRS Data","Non NIBRS Data","Non NIBRS Data","Gunshot Wound Victims","Gunshot Wound Victims","Shooting (PFE)","Shooting (PFE)","0007XX 35TH ST E",3,"Central",9,44.93957,-93.26446,-10382152.6932997,5612012.44223979,1,309380,2020,8
-10382090.9415,5612977.2355,"Gunshot Wound Victims","No","20-207515","MP2020207515",2020-08-09,"17:12:00+00","2020/08/09 15:50:00+00","Non NIBRS Data","Non NIBRS Data","Non NIBRS Data","Gunshot Wound Victims","Gunshot Wound Victims","Shooting (PFE)","Shooting (PFE)","0031XX COLUMBUS AVE",3,"Central",9,44.9457,-93.26391,-10382090.9414771,5612977.23553847,1,309382,2020,8
-10385067.2153,5626315.6705,"Gunshot Wound Victims","No","20-208767","MP2020208767",2020-08-11,"04:08:00+00","2020/08/11 02:16:00+00","Non NIBRS Data","Non NIBRS Data","Non NIBRS Data","Gunshot Wound Victims","Gunshot Wound Victims","ShotSpotter Activation (P)","Shooting (PFE)","0041XX BRYANT AVE N",4,"Webber - Camden",4,45.03044,-93.29065,-10385067.2152712,5626315.67047776,2,309384,2020,8
-10382147.5146,5611446.5668,"Gunshot Wound Victims","No","21-046976","MP202146976",2021-03-06,"17:47:00+00","2021/03/06 17:30:00+00","Non NIBRS Data","Non NIBRS Data","Non NIBRS Data","Gunshot Wound Victims","Gunshot Wound Victims","ShotSpotter Activation (P)","Shooting (PFE)","0007XX 37TH ST E",3,"Powderhorn Park",8,44.93597,-93.26442,-10382147.5146303,5611446.56681588,1,309386,2021,3
-10382003.0331,5617172.4506,"Gunshot Wound Victims","Yes","21-054210","MP202154210",2021-03-15,"22:33:00+00","2021/03/15 20:47:00+00","Non NIBRS Data","Non NIBRS Data","Non NIBRS Data","Gunshot Wound Victims","Gunshot Wound Victims","Shooting Report Only (P)","Shooting Report Only (P)","0007XX PARK AVE",1,"Elliot Park",6,44.97237,-93.26312,-10382003.0331279,5617172.45057924,1,309387,2021,3
-10385282.7521,5620856.6019,"Gunshot Wound Victims","No","21-058211","MP202158211",2021-03-20,"22:53:00+00","2021/03/20 22:45:00+00","Non NIBRS Data","Non NIBRS Data","Non NIBRS Data","Gunshot Wound Victims","Gunshot Wound Victims","Shooting Report Only (P)","Shooting Report Only (P)","0016XX DUPONT AVE N",4,"Hawthorne",5,44.99578,-93.29258,-10385282.7520634,5620856.60187697,1,309389,2021,3
-10385477.369,5624015.3504,"Gunshot Wound Victims","No","21-063119","MP202163119",2021-03-27,"13:41:00+00","2021/03/27 13:41:00+00","Non NIBRS Data","Non NIBRS Data","Non NIBRS Data","Gunshot Wound Victims","Gunshot Wound Victims","ShotSpotter Activation (P)","Shooting (PFE)","0033XX EMERSON AVE N",4,"Folwell",4,45.01584,-93.29433,-10385477.3689667,5624015.35035861,1,309392,2021,3
-10387031.5251,5619209.1399,"Gunshot Wound Victims","No","21-065548","MP202165548",2021-03-30,"20:56:00+00","2021/03/30 20:56:00+00","Non NIBRS Data","Non NIBRS Data","Non NIBRS Data","Gunshot Wound Victims","Gunshot Wound Victims","Shooting (PFE)","Shooting (PFE)","0007XX PENN AVE N",4,"Near - North",5,44.98531,-93.30829,-10387031.5251348,5619209.13990029,2,309394,2021,3
-10379118.604,5611865.7728,"Gunshot Wound Victims","No","21-072516","MP202172516",2021-04-07,"18:56:00+00","2021/04/07 18:56:00+00","Non NIBRS Data","Non NIBRS Data","Non NIBRS Data","Gunshot Wound Victims","Gunshot Wound Victims","Sound of Shots Fired (P)","Shooting (PFE)","0035XX 24TH AVE S",3,"Corcoran",9,44.93863,-93.23721,-10379118.6040472,5611865.77277608,1,309396,2021,4
-10385477.0745,5623445.7249,"Gunshot Wound Victims","No","21-079222","MP202179222",2021-04-16,"05:06:00+00","2021/04/16 04:09:00+00","Non NIBRS Data","Non NIBRS Data","Non NIBRS Data","Gunshot Wound Victims","Gunshot Wound Victims","Shooting (PFE)","Shooting (PFE)","0031XX EMERSON AVE N",4,"Jordan",5,45.01222,-93.29433,-10385477.074484,5623445.72487831,1,309398,2021,4
-10386745.5068,5624598.6738,"Gunshot Wound Victims","No","21-081876","MP202181876",2021-04-19,"14:40:00+00","2021/04/19 14:35:00+00","Non NIBRS Data","Non NIBRS Data","Non NIBRS Data","Gunshot Wound Victims","Gunshot Wound Victims","ShotSpotter Activation (P)","Shooting (PFE)","0035XX NEWTON AVE N",4,"Folwell",4,45.01954,-93.30572,-10386745.5067705,5624598.67380995,1,309400,2021,4
-10385757.611,5623450.3214,"Gunshot Wound Victims",NA,"19-010892","MP201910892",2019-01-11,"23:58:00+00","2019/01/11 19:50:00+00","Non NIBRS Data","Non NIBRS Data","Non NIBRS Data","Gunshot Wound Victims","Gunshot Wound Victims",NA,NA,"0031XX GIRARD AVE N",4,"Jordan",5,45.01225,-93.29685,-10385757.6109869,5623450.32135692,1,309412,2019,1
-10379371.2787,5613396.8676,"Gunshot Wound Victims",NA,"19-011781","MP201911781",2019-01-12,"20:51:00+00","2019/01/12 17:46:00+00","Non NIBRS Data","Non NIBRS Data","Non NIBRS Data","Gunshot Wound Victims","Gunshot Wound Victims",NA,NA,"0022XX LAKE ST E",3,"East Phillips",9,44.94837,-93.23948,-10379371.2787163,5613396.86756827,1,309413,2019,1
-10385443.788,5628293.7186,"Gunshot Wound Victims",NA,"19-039355","MP201939355",2019-02-10,"02:23:00+00","2019/02/10 00:20:00+00","Non NIBRS Data","Non NIBRS Data","Non NIBRS Data","Gunshot Wound Victims","Gunshot Wound Victims",NA,NA,"0048XX DUPONT AVE N",4,"Lind - Bohanon",4,45.043,-93.29403,-10385443.7880444,5628293.71858998,2,309414,2019,2
-10387022.3794,5621469.5672,"Gunshot Wound Victims",NA,"19-045252","MP201945252",2019-02-15,"23:50:00+00","2019/02/15 20:30:00+00","Non NIBRS Data","Non NIBRS Data","Non NIBRS Data","Gunshot Wound Victims","Gunshot Wound Victims",NA,NA,"0020XX PENN AVE N",4,"Willard - Hay",5,44.99967,-93.30821,-10387022.3794383,5621469.56723256,2,309415,2019,2
-10380237.3112,5616638.499,"Gunshot Wound Victims",NA,"19-048558","MP201948558",2019-02-19,"19:37:00+00","2019/02/19 15:30:00+00","Non NIBRS Data","Non NIBRS Data","Non NIBRS Data","Gunshot Wound Victims","Gunshot Wound Victims",NA,NA,"0004XX CEDAR AVE S",1,"Cedar Riverside",6,44.96897,-93.24726,-10380237.3112106,5616638.4990028,1,309416,2019,2
-10379105.1189,5616153.6087,"Gunshot Wound Victims","No","20-296624","MP2020296624",2020-11-24,"23:43:00+00","2020/11/24 22:10:00+00","Non NIBRS Data","Non NIBRS Data","Non NIBRS Data","Gunshot Wound Victims","Gunshot Wound Victims","Shooting Report Only (P)","Shooting Report Only (P)","0023XX RIVERSIDE AVE",1,"Cedar Riverside",2,44.96589,-93.23709,-10379105.1189443,5616153.60869171,1,309424,2020,11
-10377859.2321,5605763.7665,"Gunshot Wound Victims","No","20-297585","MP2020297585",2020-11-26,"08:44:00+00","2020/11/26 07:35:00+00","Non NIBRS Data","Non NIBRS Data","Non NIBRS Data","Gunshot Wound Victims","Gunshot Wound Victims","Sound of Shots Fired (P)","Shooting (PFE)","0057XX BOSSEN TERR",3,"Wenonah",11,44.89982,-93.2259,-10377859.2321413,5605763.76646212,1,309425,2020,11
-10384986.8627,5624437.0747,"Gunshot Wound Victims","No","20-301489","MP2020301489",2020-12-02,"03:35:00+00","2020/12/02 00:54:00+00","Non NIBRS Data","Non NIBRS Data","Non NIBRS Data","Gunshot Wound Victims","Gunshot Wound Victims","Shooting Report Only (P)","Shooting Report Only (P)","0008XX 35TH AVE N",4,"McKinley",4,45.01852,-93.28992,-10384986.8626542,5624437.07469342,1,309426,2020,12
-10384986.8627,5624437.0747,"Gunshot Wound Victims","No","20-307862","MP2020307862",2020-12-11,"00:43:00+00","2020/12/10 18:33:00+00","Non NIBRS Data","Non NIBRS Data","Non NIBRS Data","Gunshot Wound Victims","Gunshot Wound Victims","Shooting Report Only (P)","Shooting Report Only (P)","0008XX 35TH AVE N",4,"McKinley",4,45.01852,-93.28992,-10384986.8626542,5624437.07469342,1,309427,2020,12
-10386719.6081,5628582.6445,"Gunshot Wound Victims","No","21-004268","MP20214268",2021-01-07,"01:30:00+00","2021/01/06 23:57:00+00","Non NIBRS Data","Non NIBRS Data","Non NIBRS Data","Gunshot Wound Victims","Gunshot Wound Victims","Shooting (PFE)","Shooting (PFE)","0049XX MORGAN AVE N",4,"Shingle Creek",4,45.04484,-93.30549,-10386719.6080548,5628582.64451174,1,309428,2021,1
-10381584.1004,5611443.3138,"Gunshot Wound Victims","No","21-012608","MP202112608",2021-01-18,"19:27:00+00","2021/01/18 18:40:00+00","Non NIBRS Data","Non NIBRS Data","Non NIBRS Data","Gunshot Wound Victims","Gunshot Wound Victims","Shooting (PFE)","Shooting (PFE)","0010XX 37TH ST E",3,"Powderhorn Park",9,44.93595,-93.25936,-10381584.1003758,5611443.31378496,1,309429,2021,1
-10381944.0294,5614664.5705,"Gunshot Wound Victims","No","21-026800","MP202126800",2021-02-07,"04:32:00+00","2021/02/07 00:00:00+00","Non NIBRS Data","Non NIBRS Data","Non NIBRS Data","Gunshot Wound Victims","Gunshot Wound Victims","Shooting Report Only (P)","Shooting Report Only (P)","0025XX CHICAGO AVE",3,"Midtown Phillips",9,44.95643,-93.26259,-10381944.0294104,5614664.57047208,1,309430,2021,2
-10383608.9177,5605103.0636,"Gunshot Wound Victims","No","20-214776","MP2020214776",2020-08-18,"07:59:00+00","2020/08/18 06:22:00+00","Non NIBRS Data","Non NIBRS Data","Non NIBRS Data","Gunshot Wound Victims","Gunshot Wound Victims","Sound of Shots Fired (P)","Shooting (PFE)","000XX 59TH ST E",5,"Windom",11,44.89561,-93.27755,-10383608.9177049,5605103.06363369,1,309431,2020,8
-10386346.9576,5622139.8766,"Gunshot Wound Victims","No","20-220771","MP2020220771",2020-08-25,"01:24:00+00","2020/08/24 23:36:00+00","Non NIBRS Data","Non NIBRS Data","Non NIBRS Data","Gunshot Wound Victims","Gunshot Wound Victims","Sound of Shots Fired (P)","Shooting (PFE)","0024XX JAMES AVE N",4,"Jordan",5,45.00393,-93.30214,-10386346.9576138,5622139.87655433,1,309432,2020,8
-10381939.6279,5611869.6878,"Gunshot Wound Victims","Yes","20-222820","MP2020222820",2020-08-27,"09:33:00+00","2020/08/27 03:50:00+00","Non NIBRS Data","Non NIBRS Data","Non NIBRS Data","Gunshot Wound Victims","Gunshot Wound Victims","Suspicious Vehicle (P)","Shooting Report Only (P)","0035XX CHICAGO AVE",3,"Central",9,44.93866,-93.26255,-10381939.6278848,5611869.68780421,1,309433,2020,8
-10386883.5116,5623178.8794,"Gunshot Wound Victims","No","20-226681","MP2020226681",2020-08-31,"18:54:00+00","2020/08/31 16:20:00+00","Non NIBRS Data","Non NIBRS Data","Non NIBRS Data","Gunshot Wound Victims","Gunshot Wound Victims","Shooting (PFE)","Shooting (PFE)","0029XX OLIVER AVE N",4,"Jordan",5,45.01053,-93.30696,-10386883.511586,5623178.87939207,1,309434,2020,8
-10387307.6302,5622683.4,"Gunshot Wound Victims","No","20-230700","MP2020230700",2020-09-05,"03:35:00+00","2020/09/05 01:20:00+00","Non NIBRS Data","Non NIBRS Data","Non NIBRS Data","Gunshot Wound Victims","Gunshot Wound Victims","Shooting Report Only (P)","Shooting Report Only (P)","0026XX RUSSELL AVE N",4,"Jordan",5,45.00738,-93.31077,-10387307.6301771,5622683.39999643,1,309435,2020,9
-10382671.0233,5618296.181,"Gunshot Wound Victims","Yes","20-237184","MP2020237184",2020-09-13,"04:21:00+00","2020/09/13 02:34:00+00","Non NIBRS Data","Non NIBRS Data","Non NIBRS Data","Gunshot Wound Victims","Gunshot Wound Victims","Shooting (PFE)","Shooting (PFE)","000XX 4TH ST S",1,"Downtown West",7,44.97951,-93.26912,-10382671.0232541,5618296.18104789,2,309436,2020,9
-10384941.9664,5621657.1554,"Gunshot Wound Victims","No","20-238811","MP2020238811",2020-09-14,"22:46:00+00","2020/09/14 22:46:00+00","Non NIBRS Data","Non NIBRS Data","Non NIBRS Data","Gunshot Wound Victims","Gunshot Wound Victims","Sound of Shots Fired (P)","Sound of Shots Fired (P)","0021XX ALDRICH AVE N",4,"Hawthorne",5,45.00086,-93.28952,-10384941.9664195,5621657.15536339,2,309437,2020,9
-10383995.6361,5621926.0497,"Gunshot Wound Victims","No","20-245954","MP2020245954",2020-09-23,"03:52:00+00","2020/09/23 03:52:00+00","Non NIBRS Data","Non NIBRS Data","Non NIBRS Data","Gunshot Wound Victims","Gunshot Wound Victims","Shooting (PFE)","Shooting (PFE)","0002XX 23RD AVE N",4,"Hawthorne",5,45.00257,-93.28102,-10383995.6360887,5621926.04972424,5,309438,2020,9
-10384483.5595,5625860.8754,"Gunshot Wound Victims","No","21-083548","MP202183548",2021-04-22,"00:30:00+00","2021/04/22 00:10:00+00","Non NIBRS Data","Non NIBRS Data","Non NIBRS Data","Gunshot Wound Victims","Gunshot Wound Victims","Sound of Shots Fired (P)","Shooting (PFE)","0004XX 40TH AVE N",4,"Webber - Camden",4,45.02756,-93.2854,-10384483.5595457,5625860.87542079,1,309439,2021,4
-10387307.3698,5621757.8171,"Gunshot Wound Victims","Yes","21-087561","MP202187561",2021-04-27,"17:17:00+00","2021/04/27 15:42:00+00","Non NIBRS Data","Non NIBRS Data","Non NIBRS Data","Gunshot Wound Victims","Gunshot Wound Victims","Receive Information (P)","Shooting (PFE)","0022XX RUSSELL AVE N",4,"Jordan",5,45.0015,-93.31077,-10387307.3697963,5621757.81707668,1,309440,2021,4
-10386747.4699,5624883.2796,"Gunshot Wound Victims","No","21-088252","MP202188252",2021-04-28,"14:51:00+00","2021/04/28 14:35:00+00","Non NIBRS Data","Non NIBRS Data","Non NIBRS Data","Gunshot Wound Victims","Gunshot Wound Victims","Shooting Report Only (P)","Shooting Report Only (P)","0036XX NEWTON AVE N",4,"Folwell",4,45.02135,-93.30574,-10386747.4698802,5624883.27956364,1,309441,2021,4
-10382003.0331,5617172.4506,"Gunshot Wound Victims","Yes","21-088555","MP202188555",2021-04-28,"23:12:00+00","2021/04/28 20:54:00+00","Non NIBRS Data","Non NIBRS Data","Non NIBRS Data","Gunshot Wound Victims","Gunshot Wound Victims","Shooting Report Only (P)","Shooting Report Only (P)","0007XX PARK AVE",NA,"Elliot Park",6,44.97237,-93.26312,-10382003.0331279,5617172.45057924,1,309442,2021,4
-10380446.0901,5623155.2451,"Gunshot Wound Victims","No","21-091219","MP202191219",2021-05-01,"22:00:00+00","2021/05/01 22:00:00+00","Non NIBRS Data","Non NIBRS Data","Non NIBRS Data","Gunshot Wound Victims","Gunshot Wound Victims","Shooting (PFE)","Shooting (PFE)","0022XX JACKSON ST NE",2,"Holland",1,45.01038,-93.24913,-10380446.0900684,5623155.24505937,2,309443,2021,5
-10386602.689,5622257.6523,"Gunshot Wound Victims","No","21-097413","MP202197413",2021-05-09,"05:53:00+00","2021/05/09 05:53:00+00","Non NIBRS Data","Non NIBRS Data","Non NIBRS Data","Gunshot Wound Victims","Gunshot Wound Victims","Sound of Shots Fired (P)","Shooting (PFE)","0024XX MORGAN AVE N",4,"Jordan",5,45.00468,-93.30444,-10386602.6890487,5622257.65229245,3,309444,2021,5
-10380252.5084,5613813.0852,"Gunshot Wound Victims","No","21-098774","MP202198774",2021-05-10,"17:44:00+00","2021/05/10 17:25:00+00","Non NIBRS Data","Non NIBRS Data","Non NIBRS Data","Gunshot Wound Victims","Gunshot Wound Victims","Sound of Shots Fired (P)","Shooting (PFE)","0028XX CEDAR AVE S",3,"East Phillips",9,44.95101,-93.24739,-10380252.5084442,5613813.08515919,1,309446,2021,5
-10384588.7982,5628197.838,"Gunshot Wound Victims","No","21-038094","MP202138094",2021-02-23,"14:20:00+00","2021/02/23 12:41:00+00","Non NIBRS Data","Non NIBRS Data","Non NIBRS Data","Gunshot Wound Victims","Gunshot Wound Victims","Sound of Shots Fired (P)","Shooting (PFE)","0048XX LYNDALE AVE N",4,"Lind - Bohanon",4,45.04239,-93.28635,-10384588.7982197,5628197.83798285,1,309447,2021,2
-10384941.9664,5621657.1554,"Gunshot Wound Victims","No","21-038748","MP202138748",2021-02-24,"10:00:00+00","2021/02/24 10:00:00+00","Non NIBRS Data","Non NIBRS Data","Non NIBRS Data","Gunshot Wound Victims","Gunshot Wound Victims","Shooting (PFE)","Shooting (PFE)","0021XX ALDRICH AVE N",4,"Hawthorne",5,45.00086,-93.28952,-10384941.9664195,5621657.15536339,1,309448,2021,2
-10387734.6356,5622858.3595,"Gunshot Wound Victims","No","21-047399","MP202147399",2021-03-07,"06:14:00+00","2021/03/07 04:49:00+00","Non NIBRS Data","Non NIBRS Data","Non NIBRS Data","Gunshot Wound Victims","Gunshot Wound Victims","ShotSpotter Activation (P)","Shooting (PFE)","0027XX UPTON AVE N",4,"Willard - Hay",4,45.00849,-93.31461,-10387734.6356129,5622858.35946468,1,309449,2021,3
-10385335.8728,5623164.7626,"Gunshot Wound Victims","No","21-054110","MP202154110",2021-03-15,"19:39:00+00","2021/03/15 18:11:00+00","Non NIBRS Data","Non NIBRS Data","Non NIBRS Data","Gunshot Wound Victims","Gunshot Wound Victims","Sound of Shots Fired (P)~PD","Shooting (PFE)","0029XX DUPONT AVE N",4,"Hawthorne",5,45.01044,-93.29306,-10385335.8728144,5623164.76264305,1,309451,2021,3
-10388113.9344,5627628.2609,"Gunshot Wound Victims","No","21-058811","MP202158811",2021-03-21,"20:20:00+00","2021/03/21 19:05:00+00","Non NIBRS Data","Non NIBRS Data","Non NIBRS Data","Gunshot Wound Victims","Gunshot Wound Victims","Shooting (PFE)","Shooting (PFE)","0045XX WASHBURN AVE N",4,"Victory",4,45.03878,-93.31802,-10388113.9343985,5627628.26093312,1,309452,2021,3
-10385282.7521,5620856.6019,"Gunshot Wound Victims","No","21-064741","MP202164741",2021-03-29,"23:58:00+00","2021/03/29 19:56:00+00","Non NIBRS Data","Non NIBRS Data","Non NIBRS Data","Gunshot Wound Victims","Gunshot Wound Victims","On Site (P)","Shooting (PFE)","0016XX DUPONT AVE N",4,"Near - North",5,44.99578,-93.29258,-10385282.7520634,5620856.60187697,1,309454,2021,3
-10387879.7187,5624887.2658,"Gunshot Wound Victims","No","21-071772","MP202171772",2021-04-06,"20:05:00+00","2021/04/06 20:00:00+00","Non NIBRS Data","Non NIBRS Data","Non NIBRS Data","Gunshot Wound Victims","Gunshot Wound Victims","Shooting Report Only (P)","Shooting Report Only (P)","0036XX VINCENT AVE N",4,"Cleveland",4,45.02138,-93.31591,-10387879.7187121,5624887.26577175,1,309456,2021,4
-10381934.75,5610168.9156,"Gunshot Wound Victims","No","21-071992","MP202171992",2021-04-07,"04:32:00+00","2021/04/07 01:13:00+00","Non NIBRS Data","Non NIBRS Data","Non NIBRS Data","Gunshot Wound Victims","Gunshot Wound Victims","Shooting (PFE)","Shooting (PFE)","0041XX CHICAGO AVE",3,"Bancroft",8,44.92784,-93.26251,-10381934.7499887,5610168.91560651,1,309458,2021,4
-10384943.9719,5623303.7658,"Gunshot Wound Victims","No","21-102029","MP2021102029",2021-05-14,"15:25:00+00","2021/05/14 15:25:00+00","Non NIBRS Data","Non NIBRS Data","Non NIBRS Data","Gunshot Wound Victims","Gunshot Wound Victims","ShotSpotter Activation (P)","Shooting (PFE)","0007XX 30TH AVE N",4,"Hawthorne",5,45.01132,-93.28954,-10384943.9718837,5623303.76578426,1,309460,2021,5
-10380467.2267,5613396.9347,"Gunshot Wound Victims","No","21-103533","MP2021103533",2021-05-16,"01:53:00+00","2021/05/16 01:53:00+00","Non NIBRS Data","Non NIBRS Data","Non NIBRS Data","Gunshot Wound Victims","Gunshot Wound Victims","Shooting (PFE)","Shooting (PFE)","0017XX LAKE ST E",3,"East Phillips",9,44.94837,-93.24932,-10380467.2267347,5613396.9346747,3,309462,2021,5
-10384941.9664,5621657.1554,"Gunshot Wound Victims","No","21-109140","MP2021109140",2021-05-22,"10:10:00+00","2021/05/22 10:10:00+00","Non NIBRS Data","Non NIBRS Data","Non NIBRS Data","Gunshot Wound Victims","Gunshot Wound Victims","Shooting Report Only (P)","Shooting Report Only (P)","0021XX ALDRICH AVE N",4,"Hawthorne",5,45.00086,-93.28952,-10384941.9664195,5621657.15536339,1,309465,2021,5
-10382659.6144,5613529.7762,"Gunshot Wound Victims","No","21-110535","MP2021110535",2021-05-23,"21:58:00+00","2021/05/23 18:35:00+00","Non NIBRS Data","Non NIBRS Data","Non NIBRS Data","Gunshot Wound Victims","Gunshot Wound Victims","Shooting (PFE)","Shooting (PFE)","0029XX 5TH AVE S",3,"Phillips West",6,44.94921,-93.26902,-10382659.614439,5613529.77621173,1,309466,2021,5
0,0,"Gunshot Wound Victims","No","21-113058","MP2021113058",2021-05-26,"15:53:00+00","2021/05/26 15:00:00+00","Non NIBRS Data","Non NIBRS Data","Non NIBRS Data","Gunshot Wound Victims","Gunshot Wound Victims","Shooting (PFE)","Shooting (PFE)","No Address",NA,NA,NA,0,0,0,0,1,309468,2021,5
-10383995.6361,5621926.0497,"Gunshot Wound Victims","No","21-114297","MP2021114297",2021-05-28,"01:52:00+00","2021/05/28 01:52:00+00","Non NIBRS Data","Non NIBRS Data","Non NIBRS Data","Gunshot Wound Victims","Gunshot Wound Victims","Shooting (PFE)","Shooting (PFE)","0002XX 23RD AVE N",4,"Hawthorne",5,45.00257,-93.28102,-10383995.6360887,5621926.04972424,1,309469,2021,5
-10386747.4699,5624883.2796,"Gunshot Wound Victims",NA,"19-078374","MP201978374",2019-03-19,"20:13:00+00","2019/03/19 18:37:00+00","Non NIBRS Data","Non NIBRS Data","Non NIBRS Data","Gunshot Wound Victims","Gunshot Wound Victims",NA,NA,"0036XX NEWTON AVE N",4,"Folwell",4,45.02135,-93.30574,-10386747.4698802,5624883.27956364,1,309470,2019,3
-10386208.2527,5621709.0858,"Gunshot Wound Victims","No","21-115066","MP2021115066",2021-05-28,"23:29:00+00","2021/05/28 22:36:00+00","Non NIBRS Data","Non NIBRS Data","Non NIBRS Data","Gunshot Wound Victims","Gunshot Wound Victims","Shooting Report Only (P)","Shooting Report Only (P)","0016XX HILLSIDE AVE N",4,"Jordan",5,45.00119,-93.3009,-10386208.2527323,5621709.08581571,1,309471,2021,5
-10387031.5251,5619209.1399,"Gunshot Wound Victims",NA,"19-083184","MP201983184",2019-03-24,"05:11:00+00","2019/03/24 01:00:00+00","Non NIBRS Data","Non NIBRS Data","Non NIBRS Data","Gunshot Wound Victims","Gunshot Wound Victims",NA,NA,"0007XX PENN AVE N",4,"Willard - Hay",5,44.98531,-93.30829,-10387031.5251348,5619209.13990029,2,309472,2019,3
-10386051.9409,5619974.3555,"Gunshot Wound Victims","No","20-247651","MP2020247651",2020-09-25,"01:13:00+00","2020/09/24 22:55:00+00","Non NIBRS Data","Non NIBRS Data","Non NIBRS Data","Gunshot Wound Victims","Gunshot Wound Victims","Shooting (PFE)","Shooting (PFE)","0012XX IRVING AVE N",4,"Near - North",5,44.99017,-93.29949,-10386051.940895,5619974.35547674,1,309473,2020,9
-10387523.0603,5623323.0753,"Gunshot Wound Victims",NA,"19-108430","MP2019108430",2019-04-18,"05:33:00+00","2019/04/18 02:00:00+00","Non NIBRS Data","Non NIBRS Data","Non NIBRS Data","Gunshot Wound Victims","Gunshot Wound Victims",NA,NA,"0025XX 30TH AVE N",4,"Cleveland",4,45.01144,-93.31271,-10387523.0602812,5623323.07533683,1,309474,2019,4
-10384941.9664,5621657.1554,"Gunshot Wound Victims","No","20-251210","MP2020251210",2020-09-29,"01:22:00+00","2020/09/29 00:06:00+00","Non NIBRS Data","Non NIBRS Data","Non NIBRS Data","Gunshot Wound Victims","Gunshot Wound Victims","Shooting Report Only (P)","Shooting Report Only (P)","0021XX ALDRICH AVE N",4,"Near - North",5,45.00086,-93.28952,-10384941.9664195,5621657.15536339,1,309475,2020,9
-10382671.0233,5618296.181,"Gunshot Wound Victims",NA,"19-123989","MP2019123989",2019-05-03,"02:33:00+00","2019/05/03 00:25:00+00","Non NIBRS Data","Non NIBRS Data","Non NIBRS Data","Gunshot Wound Victims","Gunshot Wound Victims",NA,NA,"000XX 4TH ST S",1,"Downtown West",7,44.97951,-93.26912,-10382671.0232541,5618296.18104789,1,309476,2019,5
-10385827.3614,5623027.8861,"Gunshot Wound Victims","Yes","20-255963","MP2020255963",2020-10-04,"15:03:00+00","2020/10/04 13:00:00+00","Non NIBRS Data","Non NIBRS Data","Non NIBRS Data","Gunshot Wound Victims","Gunshot Wound Victims","Shooting Report Only (P)","Shooting Report Only (P)","0014XX 29TH AVE N",4,"Jordan",5,45.00957,-93.29747,-10385827.3614407,5623027.88605615,1,309477,2020,10
-10387878.9693,5620906.9199,"Gunshot Wound Victims",NA,"19-126328","MP2019126328",2019-05-05,"04:53:00+00","2019/05/05 03:17:00+00","Non NIBRS Data","Non NIBRS Data","Non NIBRS Data","Gunshot Wound Victims","Gunshot Wound Victims",NA,NA,"0016XX VINCENT AVE N",4,"Willard - Hay",5,44.9961,-93.3159,-10387878.9693158,5620906.91986173,2,309478,2019,5
-10386391.7707,5623601.0203,"Gunshot Wound Victims","No","20-258700","MP2020258700",2020-10-07,"19:08:00+00","2020/10/07 15:51:00+00","Non NIBRS Data","Non NIBRS Data","Non NIBRS Data","Gunshot Wound Victims","Gunshot Wound Victims","Sound of Shots Fired (P)","Shooting (PFE)","0018XX LOWRY AVE N",4,"Folwell",4,45.01321,-93.30254,-10386391.770734,5623601.02025032,2,309479,2020,10
-10386326.5789,5620040.7524,"Gunshot Wound Victims",NA,"19-127187","MP2019127187",2019-05-06,"01:08:00+00","2019/05/06 00:22:00+00","Non NIBRS Data","Non NIBRS Data","Non NIBRS Data","Gunshot Wound Victims","Gunshot Wound Victims",NA,NA,"0012XX KNOX AVE N",4,"Near - North",5,44.99059,-93.30196,-10386326.5788845,5620040.7524202,1,309480,2019,5
-10386391.7707,5623601.0203,"Gunshot Wound Victims","No","20-259064","MP2020259064",2020-10-08,"00:48:00+00","2020/10/07 22:19:00+00","Non NIBRS Data","Non NIBRS Data","Non NIBRS Data","Gunshot Wound Victims","Gunshot Wound Victims","On Site (P)","Shooting Report Only (P)","0018XX LOWRY AVE N",4,"Folwell",4,45.01321,-93.30254,-10386391.770734,5623601.02025032,1,309481,2020,10
-10387596.0654,5619836.0554,"Gunshot Wound Victims",NA,"19-130354","MP2019130354",2019-05-08,"21:43:00+00","2019/05/08 21:43:00+00","Non NIBRS Data","Non NIBRS Data","Non NIBRS Data","Gunshot Wound Victims","Gunshot Wound Victims",NA,NA,"0010XX THOMAS AVE N",4,"Willard - Hay",5,44.98929,-93.31336,-10387596.0654165,5619836.05541105,1,309482,2019,5
-10386743.8822,5620515.7235,"Gunshot Wound Victims","No","20-262152","MP2020262152",2020-10-11,"17:20:00+00","2020/10/11 14:52:00+00","Non NIBRS Data","Non NIBRS Data","Non NIBRS Data","Gunshot Wound Victims","Gunshot Wound Victims","Shooting (PFE)","Shooting (PFE)","0014XX NEWTON AVE N",4,"Willard - Hay",5,44.99361,-93.30571,-10386743.8822039,5620515.72354414,1,309483,2020,10
-10385401.011,5626960.6005,"Gunshot Wound Victims",NA,"19-141934","MP2019141934",2019-05-20,"00:00:00+00","2019/05/19 21:40:00+00","Non NIBRS Data","Non NIBRS Data","Non NIBRS Data","Gunshot Wound Victims","Gunshot Wound Victims",NA,NA,"0043XX WEBBER PKWY",4,"Webber - Camden",4,45.03454,-93.29364,-10385401.0110221,5626960.60054627,1,309484,2019,5
-10386745.3426,5624314.1488,"Gunshot Wound Victims","No","20-266714","MP2020266714",2020-10-17,"06:00:00+00","2020/10/17 04:07:00+00","Non NIBRS Data","Non NIBRS Data","Non NIBRS Data","Gunshot Wound Victims","Gunshot Wound Victims","ShotSpotter Activation (P)","Shooting (PFE)","0034XX NEWTON AVE N",4,"Folwell",4,45.01774,-93.30572,-10386745.3426042,5624314.14881608,1,309485,2020,10
-10381184.4938,5616474.3222,"Gunshot Wound Victims",NA,"19-025202","MP201925202",2019-01-26,"17:42:00+00","2019/01/26 14:30:00+00","Non NIBRS Data","Non NIBRS Data","Non NIBRS Data","Gunshot Wound Victims","Gunshot Wound Victims",NA,NA,"0008XX 13TH AVE S",1,"Elliot Park",6,44.96793,-93.25577,-10381184.4938317,5616474.32216328,1,309486,2019,1
-10382816.9364,5616203.3643,"Gunshot Wound Victims",NA,"19-034724","MP201934724",2019-02-05,"18:24:00+00","2019/02/05 14:20:00+00","Non NIBRS Data","Non NIBRS Data","Non NIBRS Data","Gunshot Wound Victims","Gunshot Wound Victims",NA,NA,"0009XX INTERSTATE 94",1,"Elliot Park",6,44.96621,-93.27043,-10382816.9363731,5616203.3643018,1,309487,2019,2
-10384985.93,5623870.5676,"Gunshot Wound Victims",NA,"19-040922","MP201940922",2019-02-12,"00:23:00+00","2019/02/12 00:01:00+00","Non NIBRS Data","Non NIBRS Data","Non NIBRS Data","Gunshot Wound Victims","Gunshot Wound Victims",NA,NA,"0008XX 33RD AVE N",4,"McKinley",4,45.01492,-93.28992,-10384985.9300145,5623870.56759418,1,309488,2019,2
-10385477.1639,5624584.318,"Gunshot Wound Victims",NA,"19-052403","MP201952403",2019-02-23,"01:23:00+00","2019/02/23 00:03:00+00","Non NIBRS Data","Non NIBRS Data","Non NIBRS Data","Gunshot Wound Victims","Gunshot Wound Victims",NA,NA,"0035XX EMERSON AVE N",4,"Folwell",4,45.01945,-93.29433,-10385477.1638805,5624584.3179829,1,309489,2019,2
-10384941.9664,5621657.1554,"Gunshot Wound Victims",NA,"19-083543","MP201983543",2019-03-24,"15:51:00+00","2019/03/24 13:40:00+00","Non NIBRS Data","Non NIBRS Data","Non NIBRS Data","Gunshot Wound Victims","Gunshot Wound Victims",NA,NA,"0021XX ALDRICH AVE N",4,"Hawthorne",5,45.00086,-93.28952,-10384941.9664195,5621657.15536339,1,309490,2019,3
-10381584.1004,5611443.3138,"Gunshot Wound Victims",NA,"19-092154","MP201992154",2019-04-01,"21:55:00+00","2019/04/01 21:55:00+00","Non NIBRS Data","Non NIBRS Data","Non NIBRS Data","Gunshot Wound Victims","Gunshot Wound Victims",NA,NA,"0010XX 37TH ST E",3,"Powderhorn Park",8,44.93595,-93.25936,-10381584.1003758,5611443.31378496,1,309491,2019,4
-10384941.9664,5621657.1554,"Gunshot Wound Victims",NA,"19-106043","MP2019106043",2019-04-15,"22:29:00+00","2019/04/15 21:40:00+00","Non NIBRS Data","Non NIBRS Data","Non NIBRS Data","Gunshot Wound Victims","Gunshot Wound Victims",NA,NA,"0021XX ALDRICH AVE N",4,"Hawthorne",5,45.00086,-93.28952,-10384941.9664195,5621657.15536339,1,309492,2019,4
-10381717.7266,5615088.2248,"Gunshot Wound Victims",NA,"19-124947","MP2019124947",2019-05-03,"22:57:00+00","2019/05/03 21:35:00+00","Non NIBRS Data","Non NIBRS Data","Non NIBRS Data","Gunshot Wound Victims","Gunshot Wound Victims",NA,NA,"0009XX 24TH ST E",3,"Midtown Phillips",9,44.95912,-93.26056,-10381717.7266076,5615088.2248297,2,309493,2019,5
-10382978.5305,5618383.6276,"Gunshot Wound Victims",NA,"19-126309","MP2019126309",2019-05-05,"03:51:00+00","2019/05/05 02:45:00+00","Non NIBRS Data","Non NIBRS Data","Non NIBRS Data","Gunshot Wound Victims","Gunshot Wound Victims",NA,NA,"0004XX HENNEPIN AVE",1,"Downtown West",7,44.98006,-93.27188,-10382978.5305231,5618383.62758409,2,309502,2019,5
-10382513.2507,5614099.0301,"Gunshot Wound Victims",NA,"19-136811","MP2019136811",2019-05-15,"01:26:00+00","2019/05/14 22:39:00+00","Non NIBRS Data","Non NIBRS Data","Non NIBRS Data","Gunshot Wound Victims","Gunshot Wound Victims",NA,NA,"0027XX PORTLAND AVE",3,"Phillips West",6,44.95283,-93.2677,-10382513.2507452,5614099.0301225,1,309503,2019,5
-10387593.5645,5620903.9679,"Gunshot Wound Victims",NA,"19-141016","MP2019141016",2019-05-18,"20:04:00+00","2019/05/18 19:14:00+00","Non NIBRS Data","Non NIBRS Data","Non NIBRS Data","Gunshot Wound Victims","Gunshot Wound Victims",NA,NA,"0016XX THOMAS AVE N",4,"Willard - Hay",5,44.99608,-93.31334,-10387593.5644975,5620903.96789404,1,309504,2019,5
-10381244.887,5613253.5335,"Gunshot Wound Victims",NA,"19-153051","MP2019153051",2019-05-30,"03:14:00+00","2019/05/30 01:08:00+00","Non NIBRS Data","Non NIBRS Data","Non NIBRS Data","Gunshot Wound Victims","Gunshot Wound Victims",NA,NA,"0030XX 13TH AVE S",3,"Midtown Phillips",9,44.94746,-93.25631,-10381244.8870021,5613253.53345264,1,309505,2019,5
-10382978.5305,5618383.6276,"Gunshot Wound Victims",NA,"19-166361","MP2019166361",2019-06-10,"04:44:00+00","2019/06/10 02:18:00+00","Non NIBRS Data","Non NIBRS Data","Non NIBRS Data","Gunshot Wound Victims","Gunshot Wound Victims",NA,NA,"0004XX HENNEPIN AVE",1,"Downtown West",7,44.98006,-93.27188,-10382978.5305231,5618383.62758409,2,309506,2019,6
-10382590.2143,5613394.2004,"Gunshot Wound Victims",NA,"19-174140","MP2019174140",2019-06-17,"03:16:00+00","2019/06/17 00:16:00+00","Non NIBRS Data","Non NIBRS Data","Non NIBRS Data","Gunshot Wound Victims","Gunshot Wound Victims",NA,NA,"0005XX LAKE ST E",3,"Phillips West",6,44.94835,-93.26839,-10382590.2142821,5613394.20042884,1,309507,2019,6
-10387028.5493,5624601.3691,"Gunshot Wound Victims","No","20-273892","MP2020273892",2020-10-26,"18:08:00+00","2020/10/26 16:08:00+00","Non NIBRS Data","Non NIBRS Data","Non NIBRS Data","Gunshot Wound Victims","Gunshot Wound Victims","Shooting Report Only (P)","Shooting Report Only (P)","0035XX PENN AVE N",4,"Folwell",4,45.01956,-93.30827,-10387028.5493165,5624601.36905374,2,309508,2020,10
-10387307.3698,5621757.8171,"Gunshot Wound Victims","No","21-073951","MP202173951",2021-04-09,"13:40:00+00","2021/04/09 12:33:00+00","Non NIBRS Data","Non NIBRS Data","Non NIBRS Data","Gunshot Wound Victims","Gunshot Wound Victims","ShotSpotter Activation (P)","Shooting Report Only (P)","0022XX RUSSELL AVE N",4,"Willard - Hay",5,45.0015,-93.31077,-10387307.3697963,5621757.81707668,1,309509,2021,4
-10387028.5493,5624601.3691,"Gunshot Wound Victims","No","21-076786","MP202176786",2021-04-12,"19:20:00+00","2021/04/12 19:20:00+00","Non NIBRS Data","Non NIBRS Data","Non NIBRS Data","Gunshot Wound Victims","Gunshot Wound Victims","ShotSpotter Activation (P)","Shooting (PFE)","0035XX PENN AVE N",4,"Cleveland",4,45.01956,-93.30827,-10387028.5493165,5624601.36905374,1,309510,2021,4
-10385293.5387,5627438.2116,"Gunshot Wound Victims","No","21-088641","MP202188641",2021-04-28,"22:52:00+00","2021/04/28 22:50:00+00","Non NIBRS Data","Non NIBRS Data","Non NIBRS Data","Gunshot Wound Victims","Gunshot Wound Victims","ShotSpotter Activation (P)","Shooting (PFE)","0045XX COLFAX AVE N",4,"Lind - Bohanon",4,45.03757,-93.29268,-10385293.5386537,5627438.21155127,1,309511,2021,4
-10387307.3698,5621757.8171,"Gunshot Wound Victims","No","21-091775","MP202191775",2021-05-02,"15:07:00+00","2021/05/02 14:09:00+00","Non NIBRS Data","Non NIBRS Data","Non NIBRS Data","Gunshot Wound Victims","Gunshot Wound Victims","Shooting Report Only (P)","Shooting Report Only (P)","0022XX RUSSELL AVE N",4,"Willard - Hay",5,45.0015,-93.31077,-10387307.3697963,5621757.81707668,1,309512,2021,5
-10385095.5881,5626726.5776,"Gunshot Wound Victims","No","21-097047","MP202197047",2021-05-08,"20:21:00+00","2021/05/08 19:32:00+00","Non NIBRS Data","Non NIBRS Data","Non NIBRS Data","Gunshot Wound Victims","Gunshot Wound Victims","ShotSpotter Activation (P)","Shooting (PFE)","0042XX WEBBER PKWY",4,"Webber - Camden",4,45.03305,-93.2909,-10385095.5880525,5626726.57757587,2,309513,2021,5
-10385757.0852,5623167.5502,"Gunshot Wound Victims","No","21-098661","MP202198661",2021-05-10,"14:35:00+00","2021/05/10 14:35:00+00","Non NIBRS Data","Non NIBRS Data","Non NIBRS Data","Gunshot Wound Victims","Gunshot Wound Victims","Sound of Shots Fired (P)","Shooting (PFE)","0029XX GIRARD AVE N",4,"Jordan",5,45.01045,-93.29684,-10385757.0852173,5623167.55022327,1,309514,2021,5
-10384941.9664,5621657.1554,"Gunshot Wound Victims","No","21-100412","MP2021100412",2021-05-12,"18:14:00+00","2021/05/12 18:14:00+00","Non NIBRS Data","Non NIBRS Data","Non NIBRS Data","Gunshot Wound Victims","Gunshot Wound Victims","Shooting (PFE)","Shooting (PFE)","0021XX ALDRICH AVE N",4,"Hawthorne",5,45.00086,-93.28952,-10384941.9664195,5621657.15536339,1,309515,2021,5
-10384522.4103,5624717.8706,"Gunshot Wound Victims","No","21-120220","MP2021120220",2021-06-03,"18:41:00+00","2021/06/03 18:41:00+00","Non NIBRS Data","Non NIBRS Data","Non NIBRS Data","Gunshot Wound Victims","Gunshot Wound Victims","Shooting (PFE)","Shooting (PFE)","0004XX 36TH AVE N",4,"McKinley",4,45.0203,-93.28575,-10384522.4103168,5624717.87060295,1,309516,2021,6
-10385174.6204,5623376.9647,"Gunshot Wound Victims","No","21-121238","MP2021121238",2021-06-04,"22:09:00+00","2021/06/04 19:38:00+00","Non NIBRS Data","Non NIBRS Data","Non NIBRS Data","Gunshot Wound Victims","Gunshot Wound Victims","ShotSpotter Activation (P)","Shooting (PFE)","0030XX COLFAX AVE N",4,"Hawthorne",5,45.01178,-93.29161,-10385174.6203796,5623376.9647442,1,309517,2021,6
-10380252.5084,5613813.0852,"Gunshot Wound Victims","No","21-121788","MP2021121788",2021-06-05,"09:30:00+00","2021/06/05 09:30:00+00","Non NIBRS Data","Non NIBRS Data","Non NIBRS Data","Gunshot Wound Victims","Gunshot Wound Victims","Shooting Report Only (P)","Shooting Report Only (P)","0028XX CEDAR AVE S",3,"East Phillips",9,44.95101,-93.24739,-10380252.5084442,5613813.08515919,1,309518,2021,6
-10377042.3995,5618752.2256,"Gunshot Wound Victims","No","21-123902","MP2021123902",2021-06-07,"17:17:00+00","2021/06/07 17:17:00+00","Non NIBRS Data","Non NIBRS Data","Non NIBRS Data","Gunshot Wound Victims","Gunshot Wound Victims","Shooting (PFE)","Shooting (PFE)","0008XX 24TH AVE SE",2,"Como",2,44.98241,-93.21856,-10377042.3994628,5618752.22559912,1,309519,2021,6
-10386208.2527,5621709.0858,"Gunshot Wound Victims","No","21-124138","MP2021124138",2021-06-07,"22:36:00+00","2021/06/07 21:39:00+00","Non NIBRS Data","Non NIBRS Data","Non NIBRS Data","Gunshot Wound Victims","Gunshot Wound Victims","ShotSpotter Activation (P)","Shooting (PFE)","0016XX HILLSIDE AVE N",4,"Jordan",5,45.00119,-93.3009,-10386208.2527323,5621709.08581571,1,309520,2021,6
-10382234.8151,5613676.7068,"Gunshot Wound Victims","No","21-131353","MP2021131353",2021-06-16,"15:09:00+00","2021/06/16 12:51:00+00","Non NIBRS Data","Non NIBRS Data","Non NIBRS Data","Gunshot Wound Victims","Gunshot Wound Victims","Sound of Shots Fired (P)","Shooting Report Only (P)","0028XX PARK AVE",3,"Phillips West",9,44.95015,-93.2652,-10382234.8151401,5613676.70683913,1,309521,2021,6
-10386321.21,5623742.4949,"Gunshot Wound Victims","No","21-132399","MP2021132399",2021-06-17,"16:43:00+00","2021/06/17 16:43:00+00","Non NIBRS Data","Non NIBRS Data","Non NIBRS Data","Gunshot Wound Victims","Gunshot Wound Victims","ShotSpotter Activation (P)","Shooting (PFE)","0032XX KNOX AVE N",4,"Folwell",4,45.01411,-93.30191,-10386321.2100256,5623742.49493276,1,309522,2021,6
-10383464.5666,5604890.5703,"Gunshot Wound Victims","No","21-135284","MP2021135284",2021-06-20,"21:39:00+00","2021/06/20 21:00:00+00","Non NIBRS Data","Non NIBRS Data","Non NIBRS Data","Gunshot Wound Victims","Gunshot Wound Victims","Shooting (PFE)","Shooting (PFE)","0001XX 60TH ST E",5,"Windom",11,44.89426,-93.27625,-10383464.5666097,5604890.57031528,1,309523,2021,6
-10385477.5155,5623730.8961,"Gunshot Wound Victims","No","20-275599","MP2020275599",2020-10-28,"20:31:00+00","2020/10/28 18:47:00+00","Non NIBRS Data","Non NIBRS Data","Non NIBRS Data","Gunshot Wound Victims","Gunshot Wound Victims","ShotSpotter Activation (P)","Shooting (PFE)","0032XX EMERSON AVE N",4,"Folwell",4,45.01403,-93.29433,-10385477.5154702,5623730.89614267,1,309524,2020,10
-10385617.9,5624300.752,"Gunshot Wound Victims","No","20-278029","MP2020278029",2020-10-31,"14:08:00+00","2020/10/31 13:00:00+00","Non NIBRS Data","Non NIBRS Data","Non NIBRS Data","Gunshot Wound Victims","Gunshot Wound Victims","ShotSpotter Activation (P)","Shooting (PFE)","0034XX FREMONT AVE N",4,"Folwell",4,45.01765,-93.29559,-10385617.9000235,5624300.75200263,1,309525,2020,10
-10386602.689,5622257.6523,"Gunshot Wound Victims","Yes","20-278683","MP2020278683",2020-11-01,"04:30:00+00","2020/11/01 04:30:00+00","Non NIBRS Data","Non NIBRS Data","Non NIBRS Data","Gunshot Wound Victims","Gunshot Wound Victims","Shooting Report Only (P)","Shooting Report Only (P)","0024XX MORGAN AVE N",4,"Jordan",5,45.00468,-93.30444,-10386602.6890487,5622257.65229245,2,309526,2020,11
-10381244.887,5613253.5335,"Gunshot Wound Victims","No","20-311682","MP2020311682",2020-12-16,"00:13:00+00","2020/12/15 21:51:00+00","Non NIBRS Data","Non NIBRS Data","Non NIBRS Data","Gunshot Wound Victims","Gunshot Wound Victims","Shooting (PFE)","Shooting (PFE)","0030XX 13TH AVE S",3,"Powderhorn Park",9,44.94746,-93.25631,-10381244.8870021,5613253.53345264,1,309527,2020,12
-10380252.5084,5613813.0852,"Gunshot Wound Victims","No","20-277668","MP2020277668",2020-10-31,"01:28:00+00","2020/10/31 00:19:00+00","Non NIBRS Data","Non NIBRS Data","Non NIBRS Data","Gunshot Wound Victims","Gunshot Wound Victims","Sound of Shots Fired (P)","Sound of Shots Fired (P)","0028XX CEDAR AVE S",3,"East Phillips",9,44.95101,-93.24739,-10380252.5084442,5613813.08515919,1,309528,2020,10
-10383146.9798,5615848.3082,"Gunshot Wound Victims","No","20-309685","MP2020309685",2020-12-13,"02:24:00+00","2020/12/12 23:22:00+00","Non NIBRS Data","Non NIBRS Data","Non NIBRS Data","Gunshot Wound Victims","Gunshot Wound Victims","Sound of Shots Fired (P)","Shooting (PFE)","0002XX 19TH ST E",5,"Steven's Square - Loring Heights",6,44.96395,-93.2734,-10383146.9798473,5615848.30822092,1,309529,2020,12
-10385266.9688,5624154.4978,"Gunshot Wound Victims",NA,"19-179932","MP2019179932",2019-06-22,"02:10:00+00","2019/06/21 23:33:00+00","Non NIBRS Data","Non NIBRS Data","Non NIBRS Data","Gunshot Wound Victims","Gunshot Wound Victims",NA,NA,"0010XX 34TH AVE N",4,"McKinley",4,45.01672,-93.29244,-10385266.968807,5624154.49778225,1,309530,2019,6
-10384915.6427,5623726.9824,"Gunshot Wound Victims","No","20-314995","MP2020314995",2020-12-20,"02:53:00+00","2020/12/20 02:53:00+00","Non NIBRS Data","Non NIBRS Data","Non NIBRS Data","Gunshot Wound Victims","Gunshot Wound Victims","Sound of Shots Fired (P)","Shooting (PFE)","0032XX ALDRICH AVE N",4,"McKinley",4,45.01401,-93.28928,-10384915.6426873,5623726.98241688,1,309531,2020,12
-10382590.2143,5613394.2004,"Gunshot Wound Victims","No","21-107691","MP2021107691",2021-05-20,"21:49:00+00","2021/05/20 19:42:00+00","Non NIBRS Data","Non NIBRS Data","Non NIBRS Data","Gunshot Wound Victims","Gunshot Wound Victims","Sound of Shots Fired (P)","Shooting (PFE)","0005XX LAKE ST E",3,"Phillips West",6,44.94835,-93.26839,-10382590.2142821,5613394.20042884,1,309532,2021,5
-10382128.2928,5615369.4217,"Gunshot Wound Victims",NA,"19-198810","MP2019198810",2019-07-08,"00:33:00+00","2019/07/07 23:00:00+00","Non NIBRS Data","Non NIBRS Data","Non NIBRS Data","Gunshot Wound Victims","Gunshot Wound Victims",NA,NA,"0007XX 22ND ST E",3,"Ventura Village",6,44.96091,-93.26425,-10382128.2928162,5615369.42173842,1,309533,2019,7
-10384777.965,5614383.0123,"Gunshot Wound Victims","No","21-108795","MP2021108795",2021-05-22,"01:16:00+00","2021/05/21 23:15:00+00","Non NIBRS Data","Non NIBRS Data","Non NIBRS Data","Gunshot Wound Victims","Gunshot Wound Victims","Shooting (PFE)","Shooting (PFE)","0026XX LYNDALE AVE S",5,"Lowry Hill East",10,44.95464,-93.28805,-10384777.9650108,5614383.01225943,1,309534,2021,5
-10385973.1988,5622327.1525,"Gunshot Wound Victims",NA,"19-150778","MP2019150778",2019-05-28,"05:40:00+00","2019/05/28 05:30:00+00","Non NIBRS Data","Non NIBRS Data","Non NIBRS Data","Gunshot Wound Victims","Gunshot Wound Victims",NA,NA,"0014XX 25TH AVE N",4,"Jordan",5,45.00512,-93.29878,-10385973.198805,5622327.15250432,1,309535,2019,5
-10381934.2973,5611275.8693,"Gunshot Wound Victims","No","21-111924","MP2021111924",2021-05-25,"13:02:00+00","2021/05/25 10:08:00+00","Non NIBRS Data","Non NIBRS Data","Non NIBRS Data","Gunshot Wound Victims","Gunshot Wound Victims","Sound of Shots Fired (P)","Sound of Shots Fired (P)","0037XX CHICAGO AVE",3,"Powderhorn Park",9,44.93488,-93.2625,-10381934.2972927,5611275.86929622,1,309536,2021,5
-10383000.1685,5611159.7168,"Gunshot Wound Victims",NA,"19-161630","MP2019161630",2019-06-06,"04:48:00+00","2019/06/06 04:48:00+00","Non NIBRS Data","Non NIBRS Data","Non NIBRS Data","Gunshot Wound Victims","Gunshot Wound Victims",NA,NA,"0003XX 38TH ST E",3,"Central",8,44.93414,-93.27208,-10383000.1685453,5611159.71676701,1,309537,2019,6
-10387310.0442,5623748.0142,"Gunshot Wound Victims","No","21-112725","MP2021112725",2021-05-26,"02:05:00+00","2021/05/26 02:05:00+00","Non NIBRS Data","Non NIBRS Data","Non NIBRS Data","Gunshot Wound Victims","Gunshot Wound Victims","Shooting (PFE)","Shooting (PFE)","0032XX RUSSELL AVE N",4,"Cleveland",4,45.01414,-93.31079,-10387310.0442252,5623748.01422908,1,309538,2021,5
-10385547.5684,5624443.0434,"Gunshot Wound Victims",NA,"19-164807","MP2019164807",2019-06-08,"18:32:00+00","2019/06/08 16:25:00+00","Non NIBRS Data","Non NIBRS Data","Non NIBRS Data","Gunshot Wound Victims","Gunshot Wound Victims",NA,NA,"0012XX 35TH AVE N",4,"McKinley",4,45.01855,-93.29496,-10385547.5684425,5624443.04340198,1,309539,2019,6
-10386208.2527,5621709.0858,"Gunshot Wound Victims","No","21-115113","MP2021115113",2021-05-29,"00:39:00+00","2021/05/28 23:21:00+00","Non NIBRS Data","Non NIBRS Data","Non NIBRS Data","Gunshot Wound Victims","Gunshot Wound Victims","ShotSpotter Activation (P)","Shooting (PFE)","0016XX HILLSIDE AVE N",4,"Jordan",5,45.00119,-93.3009,-10386208.2527323,5621709.08581571,1,309540,2021,5
-10384941.9664,5621657.1554,"Gunshot Wound Victims",NA,"19-167065","MP2019167065",2019-06-10,"23:50:00+00","2019/06/10 23:50:00+00","Non NIBRS Data","Non NIBRS Data","Non NIBRS Data","Gunshot Wound Victims","Gunshot Wound Victims",NA,NA,"0021XX ALDRICH AVE N",4,"Near - North",5,45.00086,-93.28952,-10384941.9664195,5621657.15536339,1,309541,2019,6
-10382508.0935,5616561.5317,"Gunshot Wound Victims","No","21-116091","MP2021116091",2021-05-30,"00:20:00+00","2021/05/30 00:20:00+00","Non NIBRS Data","Non NIBRS Data","Non NIBRS Data","Gunshot Wound Victims","Gunshot Wound Victims","Shooting (PFE)","Shooting (PFE)","0014XX PORTLAND AVE",1,"Elliot Park",6,44.96849,-93.26766,-10382508.0935221,5616561.5317002,1,309542,2021,5
-10385098.7178,5619440.6582,"Gunshot Wound Victims",NA,"19-173299","MP2019173299",2019-06-16,"07:25:00+00","2019/06/16 04:45:00+00","Non NIBRS Data","Non NIBRS Data","Non NIBRS Data","Gunshot Wound Victims","Gunshot Wound Victims",NA,NA,"0008XX ALDRICH AVE N",4,"Sumner - Glenwood",5,44.98678,-93.29093,-10385098.7178136,5619440.65820941,1,309543,2019,6
-10386038.7445,5624591.0812,"Gunshot Wound Victims","No","21-118684","MP2021118684",2021-06-02,"02:46:00+00","2021/06/01 22:24:00+00","Non NIBRS Data","Non NIBRS Data","Non NIBRS Data","Gunshot Wound Victims","Gunshot Wound Victims","Sound of Shots Fired (P)","Shooting (PFE)","0035XX IRVING AVE N",4,"Folwell",4,45.01949,-93.29937,-10386038.7445454,5624591.08124124,2,309544,2021,6
-10385617.7405,5624016.5099,"Gunshot Wound Victims",NA,"19-186991","MP2019186991",2019-06-27,"22:18:00+00","2019/06/27 22:12:00+00","Non NIBRS Data","Non NIBRS Data","Non NIBRS Data","Gunshot Wound Victims","Gunshot Wound Victims",NA,NA,"0033XX FREMONT AVE N",4,"Folwell",4,45.01585,-93.29559,-10385617.7405172,5624016.50987043,1,309545,2019,6
-10387523.0603,5623323.0753,"Gunshot Wound Victims","Yes","21-133285","MP2021133285",2021-06-18,"17:00:00+00","2021/06/18 17:00:00+00","Non NIBRS Data","Non NIBRS Data","Non NIBRS Data","Gunshot Wound Victims","Gunshot Wound Victims","Shooting Report Only (P)","Shooting Report Only (P)","0025XX 30TH AVE N",4,"Jordan",4,45.01144,-93.31271,-10387523.0602812,5623323.07533683,1,309546,2021,6
-10385638.179,5626949.1011,"Gunshot Wound Victims",NA,"19-189441","MP2019189441",2019-06-30,"01:11:00+00","2019/06/29 22:26:00+00","Non NIBRS Data","Non NIBRS Data","Non NIBRS Data","Gunshot Wound Victims","Gunshot Wound Victims",NA,NA,"0043XX FREMONT AVE N",4,"Webber - Camden",4,45.03447,-93.29578,-10385638.1790345,5626949.1010632,1,309547,2019,6
-10378736.999,5615661.1179,"Gunshot Wound Victims",NA,"19-249315","MP2019249315",2019-08-20,"03:25:00+00","2019/08/20 01:00:00+00","Non NIBRS Data","Non NIBRS Data","Non NIBRS Data","Gunshot Wound Victims","Gunshot Wound Victims",NA,NA,"0026XX FRANKLIN AVE E",3,"Seward",6,44.96276,-93.23378,-10378736.9990215,5615661.11793549,1,309548,2019,8
-10383075.7565,5615947.797,"Gunshot Wound Victims","No","21-139668","MP2021139668",2021-06-26,"23:00:00+00","2021/06/26 23:00:00+00","Non NIBRS Data","Non NIBRS Data","Non NIBRS Data","Gunshot Wound Victims","Gunshot Wound Victims","Sound of Shots Fired (P)","Shooting Report Only (P)","0018XX 3RD AVE S",5,"Steven's Square - Loring Heights",6,44.96458,-93.27276,-10383075.7564917,5615947.79699802,1,309549,2021,6
-10384941.9664,5621657.1554,"Gunshot Wound Victims",NA,"19-194087","MP2019194087",2019-07-03,"21:35:00+00","2019/07/03 20:52:00+00","Non NIBRS Data","Non NIBRS Data","Non NIBRS Data","Gunshot Wound Victims","Gunshot Wound Victims",NA,NA,"0021XX ALDRICH AVE N",4,"Hawthorne",5,45.00086,-93.28952,-10384941.9664195,5621657.15536339,1,309550,2019,7
-10387022.6833,5622611.3751,"Gunshot Wound Victims","No","21-141840","MP2021141840",2021-06-28,"19:16:00+00","2021/06/28 16:56:00+00","Non NIBRS Data","Non NIBRS Data","Non NIBRS Data","Gunshot Wound Victims","Gunshot Wound Victims","ShotSpotter Activation (P)","Shooting (PFE)","0026XX PENN AVE N",4,"Jordan",5,45.00692,-93.30821,-10387022.6833195,5622611.37510061,1,309551,2021,6
-10384056.3995,5620861.677,"Gunshot Wound Victims","No","21-145774","MP2021145774",2021-07-03,"02:06:00+00","2021/07/03 02:06:00+00","Non NIBRS Data","Non NIBRS Data","Non NIBRS Data","Gunshot Wound Victims","Gunshot Wound Victims","On Site (P)","Shooting (PFE)","0016XX WASHINGTON AVE N",4,"Hawthorne",5,44.99581,-93.28157,-10384056.3995044,5620861.67704219,3,309553,2021,7
-10387525.0046,5620048.6867,"Gunshot Wound Victims","No","21-149360","MP2021149360",2021-07-07,"02:01:00+00","2021/07/06 23:41:00+00","Non NIBRS Data","Non NIBRS Data","Non NIBRS Data","Gunshot Wound Victims","Gunshot Wound Victims","ShotSpotter Activation (P)","Shooting (PFE)","0025XX FARWELL PL",4,"Willard - Hay",5,44.99064,-93.31272,-10387525.0046131,5620048.68668111,2,309555,2021,7
-10383995.6361,5621926.0497,"Gunshot Wound Victims","No","21-165865","MP2021165865",2021-07-26,"00:59:00+00","2021/07/26 00:59:00+00","Non NIBRS Data","Non NIBRS Data","Non NIBRS Data","Gunshot Wound Victims","Gunshot Wound Victims","Shooting Report Only (P)","Shooting Report Only (P)","0002XX 23RD AVE N",4,"Hawthorne",5,45.00257,-93.28102,-10383995.6360887,5621926.04972424,1,309557,2021,7
-10385624.2889,5625441.1955,"Gunshot Wound Victims","No","21-177001","MP2021177001",2021-08-07,"17:02:00+00","2021/08/07 17:02:00+00","Non NIBRS Data","Non NIBRS Data","Non NIBRS Data","Gunshot Wound Victims","Gunshot Wound Victims","Sound of Shots Fired (P)~PD","Shooting (PFE)","0038XX FREMONT AVE N",4,"Webber - Camden",4,45.02489,-93.29565,-10385624.2888868,5625441.19552063,1,309559,2021,8
-10384217.3001,5619037.6264,"Gunshot Wound Victims","Yes","21-177523","MP2021177523",2021-08-08,"06:53:00+00","2021/08/08 04:45:00+00","Non NIBRS Data","Non NIBRS Data","Non NIBRS Data","Gunshot Wound Victims","Gunshot Wound Victims","Shooting Report Only (P)","Shooting Report Only (P)","0006XX OLSON MEMORIAL HWY",1,"North Loop",5,44.98422,-93.28301,-10384217.3001163,5619037.6263633,1,309561,2021,8
-10381384.1779,5613813.6663,"Gunshot Wound Victims","No","20-317170","MP2020317170",2020-12-23,"04:09:00+00","2020/12/23 04:09:00+00","Non NIBRS Data","Non NIBRS Data","Non NIBRS Data","Gunshot Wound Victims","Gunshot Wound Victims","ShotSpotter Activation (P)","Shooting (PFE)","0028XX 12TH AVE S",3,"Midtown Phillips",9,44.95102,-93.25756,-10381384.1779143,5613813.66630311,1,309563,2020,12
-10386346.9576,5622139.8766,"Gunshot Wound Victims","No","21-002701","MP20212701",2021-01-04,"21:43:00+00","2021/01/04 20:43:00+00","Non NIBRS Data","Non NIBRS Data","Non NIBRS Data","Gunshot Wound Victims","Gunshot Wound Victims","Shooting (PFE)","Shooting (PFE)","0024XX JAMES AVE N",4,"Jordan",5,45.00393,-93.30214,-10386346.9576138,5622139.87655433,1,309565,2021,1
-10385162.2686,5618209.0438,"Gunshot Wound Victims",NA,"19-006791","MP20196791",2019-01-07,"20:54:00+00","2019/01/07 20:54:00+00","Non NIBRS Data","Non NIBRS Data","Non NIBRS Data","Gunshot Wound Victims","Gunshot Wound Victims",NA,NA,"0010XX BRYANT AVE N",4,"Sumner - Glenwood",5,44.97896,-93.2915,-10385162.2686434,5618209.04375882,1,309567,2019,1
-10375822.728,5606496.8763,"Gunshot Wound Victims","No","21-007093","MP20217093",2021-01-11,"00:30:00+00","2021/01/10 22:42:00+00","Non NIBRS Data","Non NIBRS Data","Non NIBRS Data","Gunshot Wound Victims","Gunshot Wound Victims","Shooting (PFE)","Shooting (PFE)","0054XX 46TH AVE S",3,"Morris Park",12,44.90448,-93.2076,-10375822.7279732,5606496.87630688,1,309568,2021,1
-10385757.8445,5624302.9166,"Gunshot Wound Victims","No","21-009888","MP20219888",2021-01-14,"22:28:00+00","2021/01/14 22:28:00+00","Non NIBRS Data","Non NIBRS Data","Non NIBRS Data","Gunshot Wound Victims","Gunshot Wound Victims","ShotSpotter Activation (P)","Shooting (PFE)","0034XX GIRARD AVE N",4,"Folwell",4,45.01767,-93.29685,-10385757.8445029,5624302.9166474,2,309569,2021,1
-10378915.9287,5618527.9489,"Gunshot Wound Victims","No","21-021455","MP202121455",2021-01-31,"00:10:00+00","2021/01/31 00:10:00+00","Non NIBRS Data","Non NIBRS Data","Non NIBRS Data","Gunshot Wound Victims","Gunshot Wound Victims","Shooting (PFE)","Shooting (PFE)","0004XX 14TH AVE SE",2,"Marcy Holmes",2,44.98098,-93.23539,-10378915.9287301,5618527.94887732,3,309570,2021,1
-10386061.1076,5626608.0545,"Gunshot Wound Victims","No","21-030918","MP202130918",2021-02-13,"01:47:00+00","2021/02/13 01:47:00+00","Non NIBRS Data","Non NIBRS Data","Non NIBRS Data","Gunshot Wound Victims","Gunshot Wound Victims","Shooting (PFE)","Shooting (PFE)","0042XX IRVING AVE N",4,"Webber - Camden",4,45.0323,-93.29957,-10386061.1076156,5626608.05448256,1,309571,2021,2
-10382646.1188,5623024.6905,"Gunshot Wound Victims","No","21-036724","MP202136724",2021-02-21,"15:58:00+00","2021/02/21 14:52:00+00","Non NIBRS Data","Non NIBRS Data","Non NIBRS Data","Gunshot Wound Victims","Gunshot Wound Victims","Personal Injury Accident (PFE)","Shooting (PFE)","0021XX CALIFORNIA ST NE",2,"Marshall Terrace",1,45.00955,-93.2689,-10382646.1187868,5623024.69054276,1,309572,2021,2
-10383975.4224,5616525.5935,"Gunshot Wound Victims","No","21-040969","MP202140969",2021-02-27,"01:51:00+00","2021/02/27 01:51:00+00","Non NIBRS Data","Non NIBRS Data","Non NIBRS Data","Gunshot Wound Victims","Gunshot Wound Victims","Shooting (PFE)","Shooting (PFE)","0014XX SPRUCE PL",1,"Loring Park",7,44.96826,-93.28084,-10383975.4224184,5616525.59350096,1,309573,2021,2
-10383115.0066,5618245.4491,"Gunshot Wound Victims","Yes","21-138899","MP2021138899",2021-06-25,"00:15:00+00","2021/06/25 00:15:00+00","Non NIBRS Data","Non NIBRS Data","Non NIBRS Data","Gunshot Wound Victims","Gunshot Wound Victims","Shooting (PFE)","Shooting (PFE)","0005XX HENNEPIN AVE",1,"Downtown West",7,44.97919,-93.27311,-10383115.0066079,5618245.44912106,1,309574,2021,6
-10383934.5879,5614523.8168,"Gunshot Wound Victims","No","21-142774","MP2021142774",2021-06-29,"22:36:00+00","2021/06/29 18:43:00+00","Non NIBRS Data","Non NIBRS Data","Non NIBRS Data","Gunshot Wound Victims","Gunshot Wound Victims","Sound of Shots Fired (P)","Shooting (PFE)","0001XX 26TH ST W",5,"Whittier",10,44.95553,-93.28047,-10383934.587944,5614523.81682133,1,309575,2021,6
-10386109.1008,5624733.3362,"Gunshot Wound Victims","No","21-145276","MP2021145276",2021-07-02,"16:00:00+00","2021/07/02 16:00:00+00","Non NIBRS Data","Non NIBRS Data","Non NIBRS Data","Gunshot Wound Victims","Gunshot Wound Victims","Shooting Report Only (P)","Shooting Report Only (P)","0016XX 36TH AVE N",4,"Folwell",4,45.0204,-93.30001,-10386109.10085,5624733.33616101,1,309576,2021,7
-10383807.5102,5616334.9588,"Gunshot Wound Victims","No","21-151931","MP2021151931",2021-07-09,"23:09:00+00","2021/07/09 23:09:00+00","Non NIBRS Data","Non NIBRS Data","Non NIBRS Data","Gunshot Wound Victims","Gunshot Wound Victims","Sound of Shots Fired (P)","Shooting (PFE)","0015XX LASALLE AVE",1,"Loring Park",7,44.96705,-93.27933,-10383807.5101941,5616334.95876022,1,309577,2021,7
-10386326.5789,5620040.7524,"Gunshot Wound Victims","No","21-154580","MP2021154580",2021-07-13,"05:03:00+00","2021/07/12 21:14:00+00","Non NIBRS Data","Non NIBRS Data","Non NIBRS Data","Gunshot Wound Victims","Gunshot Wound Victims","Shooting Report Only (P)","Shooting Report Only (P)","0012XX KNOX AVE N",4,"Near - North",5,44.99059,-93.30196,-10386326.5788845,5620040.7524202,1,309578,2021,7
-10384777.965,5614383.0123,"Gunshot Wound Victims","No","21-157992","MP2021157992",2021-07-17,"02:25:00+00","2021/07/17 02:25:00+00","Non NIBRS Data","Non NIBRS Data","Non NIBRS Data","Gunshot Wound Victims","Gunshot Wound Victims","Person with a Gun (P)","Sound of Shots Fired (P)","0026XX LYNDALE AVE S",5,"Lowry Hill East",10,44.95464,-93.28805,-10384777.9650108,5614383.01225943,1,309579,2021,7
-10377125.9192,5617210.3109,"Gunshot Wound Victims","No","21-158037","MP2021158037",2021-07-17,"05:40:00+00","2021/07/17 03:09:00+00","Non NIBRS Data","Non NIBRS Data","Non NIBRS Data","Gunshot Wound Victims","Gunshot Wound Victims","Shooting Report Only (P)","Shooting Report Only (P)","0026XX UNIVERSITY AVE SE",2,"Prospect Park - East River Road",2,44.97261,-93.21931,-10377125.9192118,5617210.31085972,1,309580,2021,7
-10386532.2024,5623318.0046,"Gunshot Wound Victims","No","21-178282","MP2021178282",2021-08-09,"06:00:00+00","2021/08/09 04:00:00+00","Non NIBRS Data","Non NIBRS Data","Non NIBRS Data","Gunshot Wound Victims","Gunshot Wound Victims","Shooting Report Only (P)","Shooting Report Only (P)","0019XX 30TH AVE N",4,"Folwell",4,45.01141,-93.30381,-10386532.2024439,5623318.00458391,1,309581,2021,8
-10386327.4343,5619679.9649,"Gunshot Wound Victims","Yes","21-182294","MP2021182294",2021-08-13,"20:41:00+00","2021/08/13 02:30:00+00","Non NIBRS Data","Non NIBRS Data","Non NIBRS Data","Gunshot Wound Victims","Gunshot Wound Victims","Shooting Report Only (P)","Shooting Report Only (P)","0010XX KNOX AVE N",4,"Near - North",5,44.9883,-93.30197,-10386327.434347,5619679.96488865,1,309582,2021,8
-10381378.9658,5614666.1615,"Gunshot Wound Victims","No","21-183540","MP2021183540",2021-08-15,"04:56:00+00","2021/08/15 04:18:00+00","Non NIBRS Data","Non NIBRS Data","Non NIBRS Data","Gunshot Wound Victims","Gunshot Wound Victims","ShotSpotter Activation (P)","Shooting (PFE)","0025XX 12TH AVE S",3,"Midtown Phillips",9,44.95644,-93.25751,-10381378.9658465,5614666.1614567,1,309583,2021,8
-10385197.0085,5624581.1812,"Gunshot Wound Victims","No","21-185791","MP2021185791",2021-08-18,"01:03:00+00","2021/08/17 21:24:00+00","Non NIBRS Data","Non NIBRS Data","Non NIBRS Data","Gunshot Wound Victims","Gunshot Wound Victims","Shooting (PFE)","Shooting (PFE)","0035XX COLFAX AVE N",4,"McKinley",4,45.01943,-93.29181,-10385197.0084561,5624581.18124834,1,309584,2021,8
-10385827.3614,5623027.8861,"Gunshot Wound Victims","No","21-190308","MP2021190308",2021-08-23,"00:34:00+00","2021/08/23 00:34:00+00","Non NIBRS Data","Non NIBRS Data","Non NIBRS Data","Gunshot Wound Victims","Gunshot Wound Victims","Shooting Report Only (P)","Shooting Report Only (P)","0014XX 29TH AVE N",4,"Jordan",5,45.00957,-93.29747,-10385827.3614407,5623027.88605615,2,309585,2021,8
-10384644.0875,5628011.1881,"Gunshot Wound Victims","No","21-201404","MP2021201404",2021-09-04,"18:36:00+00","2021/09/04 17:22:00+00","Non NIBRS Data","Non NIBRS Data","Non NIBRS Data","Gunshot Wound Victims","Gunshot Wound Victims","ShotSpotter Activation (P)","Shooting (PFE)","0047XX LYNDALE AVE N",4,"Lind - Bohanon",4,45.04121,-93.28685,-10384644.087453,5628011.18812029,1,309586,2021,9
-10386921.906,5618488.418,"Gunshot Wound Victims","No","21-206973","MP2021206973",2021-09-10,"21:02:00+00","2021/09/10 21:02:00+00","Non NIBRS Data","Non NIBRS Data","Non NIBRS Data","Gunshot Wound Victims","Gunshot Wound Victims","ShotSpotter Activation (P)","Shooting (PFE)","0020XX GLENWOOD AVE",4,"Harrison",5,44.98073,-93.30731,-10386921.9060465,5618488.41802456,1,309587,2021,9
-10384943.9719,5623303.7658,"Gunshot Wound Victims","No","21-210510","MP2021210510",2021-09-14,"19:24:00+00","2021/09/14 19:24:00+00","Non NIBRS Data","Non NIBRS Data","Non NIBRS Data","Gunshot Wound Victims","Gunshot Wound Victims","Shooting (PFE)","Shooting (PFE)","0007XX 30TH AVE N",4,"McKinley",5,45.01132,-93.28954,-10384943.9718837,5623303.76578426,1,309588,2021,9
-10386582.8771,5629154.343,"Gunshot Wound Victims","No","21-160397","MP2021160397",2021-07-20,"04:45:00+00","2021/07/19 22:00:00+00","Non NIBRS Data","Non NIBRS Data","Non NIBRS Data","Gunshot Wound Victims","Gunshot Wound Victims","Shooting (PFE)","Shooting (PFE)","0051XX LOGAN AVE N",4,"Shingle Creek",4,45.04846,-93.30426,-10386582.8770759,5629154.34302716,1,309589,2021,7
-10387805.4491,5622755.1666,"Gunshot Wound Victims",NA,"19-262832","MP2019262832",2019-08-31,"19:47:00+00","2019/08/31 18:28:00+00","Non NIBRS Data","Non NIBRS Data","Non NIBRS Data","Gunshot Wound Victims","Gunshot Wound Victims",NA,NA,"0027XX 27TH AVE N",4,"Jordan",4,45.00784,-93.31524,-10387805.4491499,5622755.1666322,1,309590,2019,8
-10387029.8029,5619472.8826,"Gunshot Wound Victims",NA,"19-275672","MP2019275672",2019-09-11,"22:54:00+00","2019/09/11 21:20:00+00","Non NIBRS Data","Non NIBRS Data","Non NIBRS Data","Gunshot Wound Victims","Gunshot Wound Victims",NA,NA,"0009XX PENN AVE N",4,"Willard - Hay",5,44.98699,-93.30828,-10387029.8028669,5619472.88262624,1,309591,2019,9
-10385282.7521,5620856.6019,"Gunshot Wound Victims",NA,"19-288105","MP2019288105",2019-09-22,"07:42:00+00","2019/09/22 05:30:00+00","Non NIBRS Data","Non NIBRS Data","Non NIBRS Data","Gunshot Wound Victims","Gunshot Wound Victims",NA,NA,"0016XX DUPONT AVE N",4,"Hawthorne",5,44.99578,-93.29258,-10385282.7520634,5620856.60187697,1,309592,2019,9
-10379266.9559,5615659.5074,"Gunshot Wound Victims",NA,"19-299459","MP2019299459",2019-10-02,"23:47:00+00","2019/10/02 18:25:00+00","Non NIBRS Data","Non NIBRS Data","Non NIBRS Data","Gunshot Wound Victims","Gunshot Wound Victims",NA,NA,"0023XX FRANKLIN AVE E",3,"Seward",6,44.96275,-93.23854,-10379266.9559389,5615659.50743328,2,309593,2019,10
-10384914.625,5615510.538,"Gunshot Wound Victims",NA,"19-310072","MP2019310072",2019-10-13,"04:24:00+00","2019/10/13 02:50:00+00","Non NIBRS Data","Non NIBRS Data","Non NIBRS Data","Gunshot Wound Victims","Gunshot Wound Victims",NA,NA,"0020XX ALDRICH AVE S",5,"Lowry Hill East",10,44.96181,-93.28928,-10384914.6250315,5615510.53804889,1,309594,2019,10
-10386921.906,5618488.418,"Gunshot Wound Victims",NA,"19-357864","MP2019357864",2019-12-03,"20:24:00+00","2019/12/03 19:24:00+00","Non NIBRS Data","Non NIBRS Data","Non NIBRS Data","Gunshot Wound Victims","Gunshot Wound Victims",NA,NA,"0020XX GLENWOOD AVE",4,"Harrison",5,44.98073,-93.30731,-10386921.9060465,5618488.41802456,1,309595,2019,12
-10380521.5878,5616893.6173,"Gunshot Wound Victims",NA,"19-368732","MP2019368732",2019-12-16,"16:03:00+00","2019/12/16 16:00:00+00","Non NIBRS Data","Non NIBRS Data","Non NIBRS Data","Gunshot Wound Victims","Gunshot Wound Victims",NA,NA,"0004XX 15TH AVE S",1,"Cedar Riverside",6,44.9706,-93.24981,-10380521.5878434,5616893.61730552,1,309596,2019,12
-10386678.4856,5619330.5158,"Gunshot Wound Victims",NA,"19-219942","MP2019219942",2019-07-25,"21:26:00+00","2019/07/25 20:04:00+00","Non NIBRS Data","Non NIBRS Data","Non NIBRS Data","Gunshot Wound Victims","Gunshot Wound Victims",NA,NA,"0019XX 8TH AVE N",4,"Near - North",5,44.98608,-93.30512,-10386678.4856155,5619330.51579949,1,309597,2019,7
-10386180.3787,5624024.5734,"Gunshot Wound Victims",NA,"19-221614","MP2019221614",2019-07-27,"07:13:00+00","2019/07/27 04:17:00+00","Non NIBRS Data","Non NIBRS Data","Non NIBRS Data","Gunshot Wound Victims","Gunshot Wound Victims",NA,NA,"0033XX JAMES AVE N",4,"Folwell",4,45.0159,-93.30065,-10386180.3787315,5624024.57344086,1,309598,2019,7
-10385708.2099,5621932.3709,"Gunshot Wound Victims",NA,"19-228387","MP2019228387",2019-08-02,"02:49:00+00","2019/08/02 02:49:00+00","Non NIBRS Data","Non NIBRS Data","Non NIBRS Data","Gunshot Wound Victims","Gunshot Wound Victims",NA,NA,"0012XX 23RD AVE N",4,"Jordan",5,45.00261,-93.2964,-10385708.2098747,5621932.37089891,1,309599,2019,8
-10382731.6784,5613394.0808,"Gunshot Wound Victims",NA,"19-230733","MP2019230733",2019-08-04,"02:53:00+00","2019/08/04 02:15:00+00","Non NIBRS Data","Non NIBRS Data","Non NIBRS Data","Gunshot Wound Victims","Gunshot Wound Victims",NA,NA,"0004XX LAKE ST E",3,"Central",8,44.94835,-93.26967,-10382731.6784316,5613394.08083533,1,309600,2019,8
-10382898.2347,5621921.7835,"Gunshot Wound Victims",NA,"19-241359","MP2019241359",2019-08-13,"10:59:00+00","2019/08/13 06:37:00+00","Non NIBRS Data","Non NIBRS Data","Non NIBRS Data","Gunshot Wound Victims","Gunshot Wound Victims",NA,NA,"0015XX MARSHALL ST NE",2,"Sheridan",3,45.00254,-93.27116,-10382898.2346578,5621921.78348134,1,309601,2019,8
-10381777.3774,5615581.952,"Gunshot Wound Victims",NA,"19-255442","MP2019255442",2019-08-25,"03:42:00+00","2019/08/25 01:50:00+00","Non NIBRS Data","Non NIBRS Data","Non NIBRS Data","Gunshot Wound Victims","Gunshot Wound Victims",NA,NA,"0020XX ELLIOT AVE",3,"Ventura Village",6,44.96226,-93.26109,-10381777.3774456,5615581.95195485,2,309602,2019,8
-10384780.3529,5625432.198,"Gunshot Wound Victims",NA,"19-271835","MP2019271835",2019-09-08,"13:44:00+00","2019/09/08 09:44:00+00","Non NIBRS Data","Non NIBRS Data","Non NIBRS Data","Gunshot Wound Victims","Gunshot Wound Victims",NA,NA,"0038XX LYNDALE AVE N",4,"Webber - Camden",4,45.02484,-93.28807,-10384780.3529205,5625432.19795556,1,309603,2019,9
-10386885.8528,5624031.4891,"Gunshot Wound Victims",NA,"19-282573","MP2019282573",2019-09-17,"21:45:00+00","2019/09/16 20:30:00+00","Non NIBRS Data","Non NIBRS Data","Non NIBRS Data","Gunshot Wound Victims","Gunshot Wound Victims",NA,NA,"0033XX OLIVER AVE N",4,"Folwell",4,45.01594,-93.30698,-10386885.8527614,5624031.48910993,1,309604,2019,9
-10386191.7106,5622371.5438,"Gunshot Wound Victims",NA,"19-021575","MP201921575",2019-01-23,"00:29:00+00","2019/01/22 22:20:00+00","Non NIBRS Data","Non NIBRS Data","Non NIBRS Data","Gunshot Wound Victims","Gunshot Wound Victims",NA,NA,"0025XX JAMES AVE N",4,"Jordan",5,45.0054,-93.30075,-10386191.710645,5622371.54384591,1,309605,2019,1
-10379619.1335,5615857.5675,"Gunshot Wound Victims",NA,"19-042037","MP201942037",2019-02-12,"22:37:00+00","2019/02/12 22:30:00+00","Non NIBRS Data","Non NIBRS Data","Non NIBRS Data","Gunshot Wound Victims","Gunshot Wound Victims",NA,NA,"0021XX 9TH ST S",3,"Seward",6,44.96401,-93.24171,-10379619.1334507,5615857.56746286,1,309606,2019,2
-10385112.5784,5621658.0542,"Gunshot Wound Victims",NA,"19-047607","MP201947607",2019-02-18,"17:00:00+00","2019/02/18 14:55:00+00","Non NIBRS Data","Non NIBRS Data","Non NIBRS Data","Gunshot Wound Victims","Gunshot Wound Victims",NA,NA,"0021XX BRYANT AVE N",4,"Hawthorne",NA,45.00086,-93.29105,-10385112.5784,5621658.0542,1,309607,2019,2
-10384056.3995,5620861.677,"Gunshot Wound Victims",NA,"19-059647","MP201959647",2019-03-02,"00:57:00+00","2019/03/01 23:34:00+00","Non NIBRS Data","Non NIBRS Data","Non NIBRS Data","Gunshot Wound Victims","Gunshot Wound Victims",NA,NA,"0016XX WASHINGTON AVE N",4,"Near - North",5,44.99581,-93.28157,-10384056.3995044,5620861.67704219,2,309608,2019,3
-10382944.4474,5613261.3003,"Gunshot Wound Victims",NA,"19-093342","MP201993342",2019-04-03,"07:24:00+00","2019/04/03 00:15:00+00","Non NIBRS Data","Non NIBRS Data","Non NIBRS Data","Gunshot Wound Victims","Gunshot Wound Victims",NA,NA,"0030XX CLINTON AVE",3,"Central",8,44.94751,-93.27158,-10382944.4474447,5613261.30033718,1,309609,2019,4
-10383995.6361,5621926.0497,"Gunshot Wound Victims",NA,"19-118447","MP2019118447",2019-04-27,"16:32:00+00","2019/04/27 13:41:00+00","Non NIBRS Data","Non NIBRS Data","Non NIBRS Data","Gunshot Wound Victims","Gunshot Wound Victims",NA,NA,"0002XX 23RD AVE N",4,"Hawthorne",5,45.00257,-93.28102,-10383995.6360887,5621926.04972424,2,309610,2019,4
-10385265.8366,5623306.5936,"Gunshot Wound Victims",NA,"19-126451","MP2019126451",2019-05-05,"10:28:00+00","2019/05/05 01:00:00+00","Non NIBRS Data","Non NIBRS Data","Non NIBRS Data","Gunshot Wound Victims","Gunshot Wound Victims",NA,NA,"0010XX 30TH AVE N",4,"Hawthorne",5,45.01134,-93.29243,-10385265.8365823,5623306.59364882,1,309611,2019,5
-10384021.98,5623585.1163,"Gunshot Wound Victims","Yes","21-161328","MP2021161328",2021-07-21,"00:25:00+00","2021/07/20 23:24:00+00","Non NIBRS Data","Non NIBRS Data","Non NIBRS Data","Gunshot Wound Victims","Gunshot Wound Victims","Shooting Report Only (P)","Shooting Report Only (P)","0002XX LOWRY AVE N",4,"McKinley",4,45.01311,-93.28126,-10384021.9799917,5623585.11627921,1,309612,2021,7
-10382007.5819,5624091.969,"Gunshot Wound Victims","No","21-162310","MP2021162310",2021-07-22,"00:47:00+00","2021/07/22 00:47:00+00","Non NIBRS Data","Non NIBRS Data","Non NIBRS Data","Gunshot Wound Victims","Gunshot Wound Victims","Sound of Shots Fired (P)","Shooting (PFE)","0026XX UNIVERSITY AVE NE",2,"Marshall Terrace",1,45.01633,-93.26316,-10382007.5819142,5624091.96902506,1,309613,2021,7
-10382799.732,5614079.1192,"Gunshot Wound Victims","No","21-168617","MP2021168617",2021-07-29,"07:45:00+00","2021/07/29 04:20:00+00","Non NIBRS Data","Non NIBRS Data","Non NIBRS Data","Gunshot Wound Victims","Gunshot Wound Victims","Emotionally Disturb Person (P)~PD","Shooting Report Only (P)","0026XX WELLS FARGO WAY",3,"Phillips West",6,44.95271,-93.27028,-10382799.73202,5614079.11917445,1,309614,2021,7
-10376242.1157,5608063.5767,"Gunshot Wound Victims","Yes","21-171299","MP2021171299",2021-08-01,"04:40:00+00","2021/08/01 04:40:00+00","Non NIBRS Data","Non NIBRS Data","Non NIBRS Data","Gunshot Wound Victims","Gunshot Wound Victims","Shooting Report Only (P)","Shooting Report Only (P)","0049XX SOUTH MINNEHAHA PARK DR",3,"Hiawatha",12,44.91445,-93.21137,-10376242.1157131,5608063.57673673,1,309615,2021,8
-10386208.2527,5621709.0858,"Gunshot Wound Victims","No","21-178441","MP2021178441",2021-08-09,"12:53:00+00","2021/08/09 11:08:00+00","Non NIBRS Data","Non NIBRS Data","Non NIBRS Data","Gunshot Wound Victims","Gunshot Wound Victims","Shooting (PFE)","Shooting (PFE)","0016XX HILLSIDE AVE N",4,"Jordan",5,45.00119,-93.3009,-10386208.2527323,5621709.08581571,1,309616,2021,8
-10380236.5498,5616919.9367,"Gunshot Wound Victims","No","21-181581","MP2021181581",2021-08-13,"01:20:00+00","2021/08/12 23:07:00+00","Non NIBRS Data","Non NIBRS Data","Non NIBRS Data","Gunshot Wound Victims","Gunshot Wound Victims","Shooting (PFE)","Shooting (PFE)","0003XX CEDAR AVE S",1,"Cedar Riverside",6,44.97076,-93.24725,-10380236.5498339,5616919.93668407,1,309617,2021,8
-10386270.9865,5613537.2337,"Gunshot Wound Victims","No","21-047236","MP202147236",2021-03-07,"01:32:00+00","2021/03/06 22:44:00+00","Non NIBRS Data","Non NIBRS Data","Non NIBRS Data","Gunshot Wound Victims","Gunshot Wound Victims","Shooting (PFE)","Shooting (PFE)","0015XX LAGOON AVE",5,"Lowry Hill East",10,44.94926,-93.30146,-10386270.986461,5613537.23367353,1,309618,2021,3
-10380249.3967,5614383.4733,"Gunshot Wound Victims","No","21-048840","MP202148840",2021-03-08,"22:18:00+00","2021/03/08 22:01:00+00","Non NIBRS Data","Non NIBRS Data","Non NIBRS Data","Gunshot Wound Victims","Gunshot Wound Victims","On Site (P)","Shooting (PFE)","0026XX CEDAR AVE S",3,"East Phillips",9,44.95464,-93.24737,-10380249.3966646,5614383.47328116,2,309619,2021,3
-10383807.3164,5616693.7726,"Gunshot Wound Victims","No","21-052252","MP202152252",2021-03-13,"06:51:00+00","2021/03/13 05:19:00+00","Non NIBRS Data","Non NIBRS Data","Non NIBRS Data","Gunshot Wound Victims","Gunshot Wound Victims","Sound of Shots Fired (P)","Shooting (PFE)","0013XX LASALLE AVE",1,"Loring Park",7,44.96933,-93.27933,-10383807.3163879,5616693.77262728,2,309620,2021,3
-10384941.9664,5621657.1554,"Gunshot Wound Victims","No","21-064670","MP202164670",2021-03-29,"22:53:00+00","2021/03/29 18:34:00+00","Non NIBRS Data","Non NIBRS Data","Non NIBRS Data","Gunshot Wound Victims","Gunshot Wound Victims","On Site (P)","Shooting (PFE)","0021XX ALDRICH AVE N",4,"Hawthorne",5,45.00086,-93.28952,-10384941.9664195,5621657.15536339,2,309621,2021,3
-10386678.4856,5619330.5158,"Gunshot Wound Victims","No","21-075225","MP202175225",2021-04-10,"23:56:00+00","2021/04/10 23:48:00+00","Non NIBRS Data","Non NIBRS Data","Non NIBRS Data","Gunshot Wound Victims","Gunshot Wound Victims","ShotSpotter Activation (P)","Shooting Report Only (P)","0019XX 8TH AVE N",4,"Harrison",5,44.98608,-93.30512,-10386678.4856155,5619330.51579949,1,309622,2021,4
-10381244.887,5613253.5335,"Gunshot Wound Victims","Yes","21-076060","MP202176060",2021-04-12,"02:11:00+00","2021/04/12 02:11:00+00","Non NIBRS Data","Non NIBRS Data","Non NIBRS Data","Gunshot Wound Victims","Gunshot Wound Victims","Sound of Shots Fired (P)~PD","Shooting Report Only (P)","0030XX 13TH AVE S",3,"Midtown Phillips",9,44.94746,-93.25631,-10381244.8870021,5613253.53345264,1,309623,2021,4
-10381099.6901,5614100.0852,"Gunshot Wound Victims","No","21-076155","MP202176155",2021-04-12,"02:52:00+00","2021/04/12 02:03:00+00","Non NIBRS Data","Non NIBRS Data","Non NIBRS Data","Gunshot Wound Victims","Gunshot Wound Victims","ShotSpotter Activation (P)","Shooting (PFE)","0027XX 14TH AVE S",3,"Midtown Phillips",9,44.95284,-93.25501,-10381099.6901482,5614100.08524795,2,309624,2021,4
-10384612.5619,5628437.3764,"Gunshot Wound Victims","No","21-210547","MP2021210547",2021-09-14,"22:58:00+00","2021/09/14 19:59:00+00","Non NIBRS Data","Non NIBRS Data","Non NIBRS Data","Gunshot Wound Victims","Gunshot Wound Victims","ShotSpotter Activation (P)","Shooting (PFE)","0005XX 49TH AVE N",4,"Lind - Bohanon",4,45.04391,-93.28656,-10384612.5619498,5628437.37644667,1,309625,2021,9
-10380726.1477,5617757.869,"Gunshot Wound Victims","No","21-214306","MP2021214306",2021-09-19,"01:48:00+00","2021/09/18 21:17:00+00","Non NIBRS Data","Non NIBRS Data","Non NIBRS Data","Gunshot Wound Victims","Gunshot Wound Victims","Sound of Shots Fired (P)","Shooting (PFE)","0011XX 2ND ST S",1,"Downtown East",3,44.97609,-93.25165,-10380726.147746,5617757.86896802,1,309626,2021,9
-10387592.7006,5621476.022,"Gunshot Wound Victims","No","21-221942","MP2021221942",2021-09-27,"14:38:00+00","2021/09/27 13:15:00+00","Non NIBRS Data","Non NIBRS Data","Non NIBRS Data","Gunshot Wound Victims","Gunshot Wound Victims","ShotSpotter Activation (P)","Shooting (PFE)","0020XX THOMAS AVE N",4,"Willard - Hay",5,44.99971,-93.31333,-10387592.7006291,5621476.0219861,1,309627,2021,9
-10385708.2099,5621932.3709,"Gunshot Wound Victims","Yes","21-225739","MP2021225739",2021-10-01,"18:18:00+00","2021/10/01 18:18:00+00","Non NIBRS Data","Non NIBRS Data","Non NIBRS Data","Gunshot Wound Victims","Gunshot Wound Victims","Shooting Report Only (P)","Shooting Report Only (P)","0012XX 23RD AVE N",4,"Near - North",5,45.00261,-93.2964,-10385708.2098747,5621932.37089891,1,309628,2021,10
-10383639.0129,5616468.0028,"Gunshot Wound Victims","No","21-230468","MP2021230468",2021-10-07,"03:14:00+00","2021/10/07 01:26:00+00","Non NIBRS Data","Non NIBRS Data","Non NIBRS Data","Gunshot Wound Victims","Gunshot Wound Victims","ShotSpotter Activation (P)~PD","Shooting (PFE)","0014XX NICOLLET AVE",1,"Loring Park",7,44.96789,-93.27782,-10383639.0129122,5616468.00284191,1,309629,2021,10
-10385282.7521,5620856.6019,"Gunshot Wound Victims","Yes","21-226230","MP2021226230",2021-10-02,"05:00:00+00","2021/10/02 05:00:00+00","Non NIBRS Data","Non NIBRS Data","Non NIBRS Data","Gunshot Wound Victims","Gunshot Wound Victims","Shooting Report Only (P)","Shooting Report Only (P)","0016XX DUPONT AVE N",4,"Near - North",5,44.99578,-93.29258,-10385282.7520634,5620856.60187697,1,309632,2021,10
-10381095.8682,5614666.6579,"Gunshot Wound Victims","No","21-233391","MP2021233391",2021-10-10,"04:36:00+00","2021/10/07 22:00:00+00","Non NIBRS Data","Non NIBRS Data","Non NIBRS Data","Gunshot Wound Victims","Gunshot Wound Victims","Shooting Report Only (P)","Shooting Report Only (P)","0025XX 14TH AVE S",3,"East Phillips",9,44.95644,-93.25497,-10381095.8681795,5614666.65786319,1,309633,2021,10
-10383357.9849,5615947.7835,"Gunshot Wound Victims","No","21-239491","MP2021239491",2021-10-17,"18:21:00+00","2021/10/17 16:00:00+00","Non NIBRS Data","Non NIBRS Data","Non NIBRS Data","Gunshot Wound Victims","Gunshot Wound Victims","Shooting (PFE)","Shooting (PFE)","0018XX STEVENS AVE",5,"Steven's Square - Loring Heights",6,44.96458,-93.27529,-10383357.9849102,5615947.78353064,1,309634,2021,10
-10384213.7161,5614100.8515,"Gunshot Wound Victims","No","21-189684","MP2021189684",2021-08-22,"07:40:00+00","2021/08/22 06:52:00+00","Non NIBRS Data","Non NIBRS Data","Non NIBRS Data","Gunshot Wound Victims","Gunshot Wound Victims","Shooting (PFE)","Shooting (PFE)","0027XX PLEASANT AVE",5,"Whittier",10,44.95284,-93.28298,-10384213.7161272,5614100.85150681,1,309641,2021,8
-10384784.6096,5613257.7941,"Gunshot Wound Victims","No","21-192831","MP2021192831",2021-08-26,"04:20:00+00","2021/08/26 00:21:00+00","Non NIBRS Data","Non NIBRS Data","Non NIBRS Data","Gunshot Wound Victims","Gunshot Wound Victims","Shooting (PFE)","Shooting (PFE)","0030XX LYNDALE AVE S",5,"South Uptown",10,44.94748,-93.28811,-10384784.6096327,5613257.79407167,7,309642,2021,8
-10386327.4343,5619679.9649,"Gunshot Wound Victims","No","21-197128","MP2021197128",2021-08-30,"23:06:00+00","2021/08/30 21:21:00+00","Non NIBRS Data","Non NIBRS Data","Non NIBRS Data","Gunshot Wound Victims","Gunshot Wound Victims","Shooting Report Only (P)","Shooting Report Only (P)","0010XX KNOX AVE N",4,"Near - North",5,44.9883,-93.30197,-10386327.434347,5619679.96488865,2,309643,2021,8
-10384941.9664,5621657.1554,"Gunshot Wound Victims","No","21-199654","MP2021199654",2021-09-02,"19:05:00+00","2021/09/02 17:00:00+00","Non NIBRS Data","Non NIBRS Data","Non NIBRS Data","Gunshot Wound Victims","Gunshot Wound Victims","Shooting (PFE)","Shooting (PFE)","0021XX ALDRICH AVE N",4,"Hawthorne",5,45.00086,-93.28952,-10384941.9664195,5621657.15536339,1,309644,2021,9
-10381384.1779,5613813.6663,"Gunshot Wound Victims","Yes","21-204292","MP2021204292",2021-09-07,"22:20:00+00","2021/09/07 22:20:00+00","Non NIBRS Data","Non NIBRS Data","Non NIBRS Data","Gunshot Wound Victims","Gunshot Wound Victims","Shooting Report Only (P)","Shooting Report Only (P)","0028XX 12TH AVE S",3,"Midtown Phillips",9,44.95102,-93.25756,-10381384.1779143,5613813.66630311,1,309645,2021,9
-10386326.5789,5620040.7524,"Gunshot Wound Victims","No","21-208403","MP2021208403",2021-09-12,"08:24:00+00","2021/09/12 08:20:00+00","Non NIBRS Data","Non NIBRS Data","Non NIBRS Data","Gunshot Wound Victims","Gunshot Wound Victims","ShotSpotter Activation (P)","Shooting (PFE)","0012XX KNOX AVE N",4,"Near - North",5,44.99059,-93.30196,-10386326.5788845,5620040.7524202,1,309646,2021,9
-10381154.6709,5615373.0405,"Gunshot Wound Victims","Yes","21-210163","MP2021210163",2021-09-14,"13:48:00+00","2021/09/14 11:30:00+00","Non NIBRS Data","Non NIBRS Data","Non NIBRS Data","Gunshot Wound Victims","Gunshot Wound Victims","Shooting Report Only (P)","Shooting Report Only (P)","0013XX 22ND ST E",3,"Ventura Village",6,44.96093,-93.2555,-10381154.6708787,5615373.04047332,1,309647,2021,9
-10384601.7695,5621841.0781,"Gunshot Wound Victims","No","21-241048","MP2021241048",2021-10-19,"13:00:00+00","2021/10/19 13:00:00+00","Non NIBRS Data","Non NIBRS Data","Non NIBRS Data","Gunshot Wound Victims","Gunshot Wound Victims","Shooting (PFE)","Shooting (PFE)","0022XX 6TH ST N",4,"Hawthorne",5,45.00203,-93.28646,-10384601.7695253,5621841.07813462,1,309648,2021,10
-10386532.2024,5623318.0046,"Gunshot Wound Victims","No","21-293226","MP2021293226",2021-12-24,"11:35:00+00","2021/12/24 09:08:00+00","Non NIBRS Data","Non NIBRS Data","Non NIBRS Data","Gunshot Wound Victims","Gunshot Wound Victims","Shooting (PFE)","Shooting (PFE)","0019XX 30TH AVE N",4,"Jordan",5,45.01141,-93.30381,-10386532.2024439,5623318.00458391,1,309649,2021,12
-10383905.599,5621840.3924,"Gunshot Wound Victims","No","22-011729","MP202211729",2022-01-18,"00:27:00+00","2022/01/18 00:27:00+00","Non NIBRS Data","Non NIBRS Data","Non NIBRS Data","Gunshot Wound Victims","Gunshot Wound Victims","Sound of Shots Fired (P)~PD","Shooting (PFE)","0022XX 2ND ST N",4,"Hawthorne",5,45.00203,-93.28021,-10383905.5989809,5621840.39235136,1,309650,2022,1
-10385916.3,5613592.0108,"Gunshot Wound Victims","No","22-013898","MP202213898",2022-01-21,"06:56:00+00","2022/01/21 01:56:00+00","Non NIBRS Data","Non NIBRS Data","Non NIBRS Data","Gunshot Wound Victims","Gunshot Wound Victims","Shooting (PFE)","Shooting (PFE)","0029XX HENNEPIN AVE",5,"Lowry Hill East",10,44.94961,-93.29827,-10385916.3000101,5613592.01079141,2,309651,2022,1
-10387593.7602,5624033.5594,"Gunshot Wound Victims","No","22-021749","MP202221749",2022-01-31,"18:43:00+00","2022/01/31 18:43:00+00","Non NIBRS Data","Non NIBRS Data","Non NIBRS Data","Gunshot Wound Victims","Gunshot Wound Victims","Shooting (PFE)","Shooting (PFE)","0033XX THOMAS AVE N",4,"Cleveland",4,45.01595,-93.31334,-10387593.7602311,5624033.55944976,1,309652,2022,1
-10379371.2787,5613396.8676,"Gunshot Wound Victims","No","21-244712","MP2021244712",2021-10-23,"18:55:00+00","2021/10/23 12:25:00+00","Non NIBRS Data","Non NIBRS Data","Non NIBRS Data","Gunshot Wound Victims","Gunshot Wound Victims","Shooting Report Only (P)","Shooting Report Only (P)","0022XX LAKE ST E",3,"East Phillips",9,44.94837,-93.23948,-10379371.2787163,5613396.86756827,1,309653,2021,10
-10385414.5183,5625581.7584,"Gunshot Wound Victims","No","21-254683","MP2021254683",2021-11-04,"19:15:00+00","2021/11/04 19:15:00+00","Non NIBRS Data","Non NIBRS Data","Non NIBRS Data","Gunshot Wound Victims","Gunshot Wound Victims","Poss Personal Injury Acc (P)","Property Damage/Hit & Run (P)","0011XX 39TH AVE N",4,"Webber - Camden",4,45.02579,-93.29377,-10385414.5183006,5625581.75843585,1,309654,2021,11
-10380237.3112,5616638.499,"Gunshot Wound Victims","No","21-257558","MP2021257558",2021-11-08,"01:43:00+00","2021/11/08 00:24:00+00","Non NIBRS Data","Non NIBRS Data","Non NIBRS Data","Gunshot Wound Victims","Gunshot Wound Victims","Sound of Shots Fired (P)","Shooting (PFE)","0004XX CEDAR AVE S",1,"Cedar Riverside",6,44.96897,-93.24726,-10380237.3112106,5616638.4990028,1,309655,2021,11
-10384702.3153,5615651.2755,"Gunshot Wound Victims","No","21-260742","MP2021260742",2021-11-12,"04:46:00+00","2021/11/12 01:12:00+00","Non NIBRS Data","Non NIBRS Data","Non NIBRS Data","Gunshot Wound Victims","Gunshot Wound Victims","Shooting (PFE)","Shooting (PFE)","0006XX FRANKLIN AVE W",5,"Steven's Square - Loring Heights",7,44.9627,-93.28737,-10384702.3152814,5615651.27554784,1,309656,2021,11
-10382224.4918,5615947.4862,"Gunshot Wound Victims","No","21-261546","MP2021261546",2021-11-13,"01:40:00+00","2021/11/13 01:00:00+00","Non NIBRS Data","Non NIBRS Data","Non NIBRS Data","Gunshot Wound Victims","Gunshot Wound Victims","Assist Fire Personnel (P)~PD","Shooting (PFE)","0018XX PARK AVE",3,"Ventura Village",6,44.96458,-93.26511,-10382224.4918291,5615947.48617925,1,309657,2021,11
-10381144.9401,5616761.0068,"Gunshot Wound Victims","No","21-265236","MP2021265236",2021-11-17,"22:39:00+00","2021/11/17 20:39:00+00","Non NIBRS Data","Non NIBRS Data","Non NIBRS Data","Gunshot Wound Victims","Gunshot Wound Victims","Shooting (PFE)","Shooting (PFE)","0012XX 7TH ST S",1,"Elliot Park",6,44.96975,-93.25541,-10381144.9400718,5616761.00680297,1,309658,2021,11
-10381184.4938,5616474.3222,"Gunshot Wound Victims","Yes","21-277852","MP2021277852",2021-12-04,"00:40:00+00","2021/12/03 00:40:00+00","Non NIBRS Data","Non NIBRS Data","Non NIBRS Data","Gunshot Wound Victims","Gunshot Wound Victims","Shooting Report Only (P)","Shooting Report Only (P)","0008XX 13TH AVE S",1,"Elliot Park",6,44.96793,-93.25577,-10381184.4938317,5616474.32216328,1,309659,2021,12
-10380386.022,5614949.211,"Gunshot Wound Victims","No","21-079878","MP202179878",2021-04-17,"02:04:00+00","2021/04/16 23:41:00+00","Non NIBRS Data","Non NIBRS Data","Non NIBRS Data","Gunshot Wound Victims","Gunshot Wound Victims","ShotSpotter Activation (P)","Shooting (PFE)","0024XX 18TH AVE S",3,"East Phillips",9,44.95824,-93.24859,-10380386.0220257,5614949.21102248,1,309660,2021,4
-10386180.3787,5624024.5734,"Gunshot Wound Victims","No","21-086158","MP202186158",2021-04-25,"16:18:00+00","2021/04/25 15:28:00+00","Non NIBRS Data","Non NIBRS Data","Non NIBRS Data","Gunshot Wound Victims","Gunshot Wound Victims","ShotSpotter Activation (P)","Shooting (PFE)","0033XX JAMES AVE N",4,"Folwell",4,45.0159,-93.30065,-10386180.3787315,5624024.57344086,1,309661,2021,4
-10386532.2024,5623318.0046,"Gunshot Wound Victims","No","21-086846","MP202186846",2021-04-26,"17:39:00+00","2021/04/26 15:58:00+00","Non NIBRS Data","Non NIBRS Data","Non NIBRS Data","Gunshot Wound Victims","Gunshot Wound Victims","ShotSpotter Activation (P)","Shooting Report Only (P)","0019XX 30TH AVE N",4,"Folwell",4,45.01141,-93.30381,-10386532.2024439,5623318.00458391,3,309662,2021,4
-10375615.8579,5612880.9405,"Gunshot Wound Victims","Yes","21-089367","MP202189367",2021-04-29,"23:43:00+00","2021/04/29 23:43:00+00","Non NIBRS Data","Non NIBRS Data","Non NIBRS Data","Gunshot Wound Victims","Gunshot Wound Victims","Shooting Report Only (P)","Shooting Report Only (P)","0047XX 32ND ST E",3,"Cooper",12,44.94509,-93.20574,-10375615.8579197,5612880.94047871,1,309663,2021,4
-10382090.9415,5612977.2355,"Gunshot Wound Victims","No","21-089967","MP202189967",2021-04-30,"15:17:00+00","2021/04/30 15:15:00+00","Non NIBRS Data","Non NIBRS Data","Non NIBRS Data","Gunshot Wound Victims","Gunshot Wound Victims","Shooting (PFE)","Shooting (PFE)","0031XX COLUMBUS AVE",3,"Central",9,44.9457,-93.26391,-10382090.9414771,5612977.23553847,1,309664,2021,4
-10381857.9567,5615652.1446,"Gunshot Wound Victims","No","21-090352","MP202190352",2021-04-30,"22:55:00+00","2021/04/30 22:00:00+00","Non NIBRS Data","Non NIBRS Data","Non NIBRS Data","Gunshot Wound Victims","Gunshot Wound Victims","Sound of Shots Fired (P)","Shooting (PFE)","0008XX FRANKLIN AVE E",3,"Ventura Village",6,44.96271,-93.26182,-10381857.9566926,5615652.14456797,1,309665,2021,4
-10383403.7411,5617601.0171,"Gunshot Wound Victims","Yes","21-097162","MP202197162",2021-05-09,"00:10:00+00","2021/05/08 22:22:00+00","Non NIBRS Data","Non NIBRS Data","Non NIBRS Data","Gunshot Wound Victims","Gunshot Wound Victims","Sound of Shots Fired (P)","Shooting (PFE)","0009XX LASALLE AVE",1,"Downtown West",7,44.97509,-93.2757,-10383403.7411297,5617601.01706543,2,309666,2021,5
-10378663.1631,5613538.7111,"Gunshot Wound Victims","No","21-213550","MP2021213550",2021-09-18,"01:29:00+00","2021/09/18 01:29:00+00","Non NIBRS Data","Non NIBRS Data","Non NIBRS Data","Gunshot Wound Victims","Gunshot Wound Victims","Sound of Shots Fired (P)","Shooting (PFE)","0029XX 27TH AVE S",3,"Longfellow",9,44.94927,-93.23312,-10378663.16313,5613538.71112578,1,309667,2021,9
-10385988.1649,5613396.0783,"Gunshot Wound Victims","No","21-214451","MP2021214451",2021-09-19,"02:25:00+00","2021/09/18 23:41:00+00","Non NIBRS Data","Non NIBRS Data","Non NIBRS Data","Gunshot Wound Victims","Gunshot Wound Victims","Shooting (PFE)","Shooting (PFE)","0014XX LAKE ST W",5,"East Isles",10,44.94836,-93.29892,-10385988.1649107,5613396.0782963,2,309668,2021,9
-10386889.1772,5619473.5656,"Gunshot Wound Victims","No","21-215368","MP2021215368",2021-09-19,"23:14:00+00","2021/09/19 21:40:00+00","Non NIBRS Data","Non NIBRS Data","Non NIBRS Data","Gunshot Wound Victims","Gunshot Wound Victims","Shooting (PFE)","Shooting (PFE)","0008XX OLIVER AVE N",4,"Near - North",5,44.98699,-93.30701,-10386889.1772311,5619473.56556007,1,309669,2021,9
-10381857.9567,5615652.1446,"Gunshot Wound Victims","No","21-220929","MP2021220929",2021-09-26,"08:39:00+00","2021/09/26 08:39:00+00","Non NIBRS Data","Non NIBRS Data","Non NIBRS Data","Gunshot Wound Victims","Gunshot Wound Victims","Sound of Shots Fired (P)","Shooting (PFE)","0008XX FRANKLIN AVE E",3,"Ventura Village",6,44.96271,-93.26182,-10381857.9566926,5615652.14456797,1,309670,2021,9
-10382862.2522,5612012.0733,"Gunshot Wound Victims","Yes","21-236460","MP2021236460",2021-10-13,"22:36:00+00","2021/10/13 22:00:00+00","Non NIBRS Data","Non NIBRS Data","Non NIBRS Data","Gunshot Wound Victims","Gunshot Wound Victims","Shooting Report Only (P)","Shooting Report Only (P)","0003XX 35TH ST E",3,"Central",8,44.93956,-93.27084,-10382862.2522075,5612012.07333332,1,309671,2021,10
-10385264.7465,5623022.5757,"Gunshot Wound Victims","No","21-238658","MP2021238658",2021-10-16,"16:30:00+00","2021/10/16 16:30:00+00","Non NIBRS Data","Non NIBRS Data","Non NIBRS Data","Gunshot Wound Victims","Gunshot Wound Victims","Sound of Shots Fired (P)","Shooting (PFE)","0010XX 29TH AVE N",4,"Hawthorne",5,45.00953,-93.29242,-10385264.7465406,5623022.57570566,1,309672,2021,10
-10383357.9849,5615947.7835,"Gunshot Wound Victims","No","21-220252","MP2021220252",2021-09-25,"18:43:00+00","2021/09/25 16:23:00+00","Non NIBRS Data","Non NIBRS Data","Non NIBRS Data","Gunshot Wound Victims","Gunshot Wound Victims","Shooting (PFE)","Shooting (PFE)","0018XX STEVENS AVE",5,"Steven's Square - Loring Heights",6,44.96458,-93.27529,-10383357.9849102,5615947.78353064,1,309673,2021,9
-10385764.7377,5625442.7994,"Gunshot Wound Victims","No","21-234493","MP2021234493",2021-10-11,"22:38:00+00","2021/10/11 16:43:00+00","Non NIBRS Data","Non NIBRS Data","Non NIBRS Data","Gunshot Wound Victims","Gunshot Wound Victims","ShotSpotter Activation (P)","Shooting Report Only (P)","0038XX GIRARD AVE N",4,"Webber - Camden",4,45.0249,-93.29691,-10385764.7377497,5625442.79938145,2,309674,2021,10
-10385447.9974,5629148.2481,"Gunshot Wound Victims","No","21-287826","MP2021287826",2021-12-16,"22:04:00+00","2021/12/16 21:30:00+00","Non NIBRS Data","Non NIBRS Data","Non NIBRS Data","Gunshot Wound Victims","Gunshot Wound Victims","Shooting Report Only (P)","Shooting Report Only (P)","0051XX DUPONT AVE N",4,"Lind - Bohanon",4,45.04843,-93.29407,-10385447.9973933,5629148.24814916,1,309675,2021,12
-10380108.7535,5614102.4157,"Gunshot Wound Victims","No","21-290291","MP2021290291",2021-12-20,"08:22:00+00","2021/12/20 06:00:00+00","Non NIBRS Data","Non NIBRS Data","Non NIBRS Data","Gunshot Wound Victims","Gunshot Wound Victims","Down Outside-One w/Fire (PFE)","Shooting (PFE)","0027XX LONGFELLOW AVE",3,"East Phillips",9,44.95285,-93.2461,-10380108.7534695,5614102.41569075,1,309676,2021,12
-10380252.5084,5613813.0852,"Gunshot Wound Victims","Yes","22-010637","MP202210637",2022-01-16,"09:46:00+00","2022/01/16 09:46:00+00","Non NIBRS Data","Non NIBRS Data","Non NIBRS Data","Gunshot Wound Victims","Gunshot Wound Victims","Shooting Report Only (P)","Shooting Report Only (P)","0028XX CEDAR AVE S",3,"East Phillips",9,44.95101,-93.24739,-10380252.5084442,5613813.08515919,1,309677,2022,1
-10381659.4071,5614947.4383,"Gunshot Wound Victims",NA,"19-139997","MP2019139997",2019-05-17,"20:29:00+00","2019/05/17 18:47:00+00","Non NIBRS Data","Non NIBRS Data","Non NIBRS Data","Gunshot Wound Victims","Gunshot Wound Victims",NA,NA,"0024XX 10TH AVE S",3,"Midtown Phillips",9,44.95823,-93.26003,-10381659.4071488,5614947.43826967,1,309678,2019,5
-10386180.3787,5624024.5734,"Gunshot Wound Victims","No","21-099478","MP202199478",2021-05-11,"16:10:00+00","2021/05/11 16:10:00+00","Non NIBRS Data","Non NIBRS Data","Non NIBRS Data","Gunshot Wound Victims","Gunshot Wound Victims","Shooting (PFE)","Shooting (PFE)","0033XX JAMES AVE N",4,"Folwell",4,45.0159,-93.30065,-10386180.3787315,5624024.57344086,1,309679,2021,5
-10386583.1177,5617182.607,"Gunshot Wound Victims",NA,"19-379546","MP2019379546",2019-12-29,"23:42:00+00","2019/12/29 20:45:00+00","Non NIBRS Data","Non NIBRS Data","Non NIBRS Data","Gunshot Wound Victims","Gunshot Wound Victims",NA,NA,"0004XX MORGAN AVE S",4,"Bryn - Mawr",7,44.97243,-93.30426,-10386583.1176859,5617182.60702542,1,309680,2019,12
-10387030.8836,5624886.0742,"Gunshot Wound Victims","No","21-105270","MP2021105270",2021-05-17,"23:07:00+00","2021/05/17 23:07:00+00","Non NIBRS Data","Non NIBRS Data","Non NIBRS Data","Gunshot Wound Victims","Gunshot Wound Victims","Sound of Shots Fired (P)","Shooting (PFE)","0036XX PENN AVE N",4,"Cleveland",4,45.02137,-93.30829,-10387030.8836363,5624886.07421939,2,309681,2021,5
-10387308.5551,5620329.4686,"Gunshot Wound Victims",NA,"19-381335","MP2019381335",2019-12-31,"20:08:00+00","2019/12/31 18:41:00+00","Non NIBRS Data","Non NIBRS Data","Non NIBRS Data","Gunshot Wound Victims","Gunshot Wound Victims",NA,NA,"0013XX RUSSELL AVE N",4,"Willard - Hay",5,44.99243,-93.31078,-10387308.5550819,5620329.46861202,1,309682,2019,12
-10385519.828,5629290.6289,"Gunshot Wound Victims","No","21-108619","MP2021108619",2021-05-21,"22:52:00+00","2021/05/21 20:09:00+00","Non NIBRS Data","Non NIBRS Data","Non NIBRS Data","Gunshot Wound Victims","Gunshot Wound Victims","ShotSpotter Activation (P)","Shooting Report Only (P)","0011XX 52ND AVE N",4,"Lind - Bohanon",4,45.04933,-93.29471,-10385519.8279757,5629290.62894776,1,309683,2021,5
-10384776.838,5614665.9549,"Gunshot Wound Victims",NA,"20-062229","MP202062229",2020-03-07,"23:52:00+00","2020/03/07 23:00:00+00","Non NIBRS Data","Non NIBRS Data","Non NIBRS Data","Gunshot Wound Victims","Gunshot Wound Victims",NA,NA,"0025XX LYNDALE AVE S",5,"Whittier",10,44.95644,-93.28804,-10384776.8379865,5614665.95488514,1,309684,2020,3
-10379950.8938,5623235.4006,"Gunshot Wound Victims","No","21-109681","MP2021109681",2021-05-22,"23:48:00+00","2021/05/22 21:48:00+00","Non NIBRS Data","Non NIBRS Data","Non NIBRS Data","Gunshot Wound Victims","Gunshot Wound Victims","Shooting (PFE)","Shooting (PFE)","0010XX 23RD AVE NE",2,"Windom Park",1,45.01089,-93.24469,-10379950.8937617,5623235.4006332,1,309685,2021,5
-10386043.7645,5620854.921,"Gunshot Wound Victims",NA,"20-069916","MP202069916",2020-03-15,"21:43:00+00","2020/03/15 15:56:00+00","Non NIBRS Data","Non NIBRS Data","Non NIBRS Data","Gunshot Wound Victims","Gunshot Wound Victims",NA,NA,"0016XX IRVING AVE N",4,"Near - North",5,44.99577,-93.29942,-10386043.7644563,5620854.92100205,1,309686,2020,3
-10380747.1898,5612824.6155,"Gunshot Wound Victims","No","21-112672","MP2021112672",2021-05-26,"01:28:00+00","2021/05/26 00:23:00+00","Non NIBRS Data","Non NIBRS Data","Non NIBRS Data","Gunshot Wound Victims","Gunshot Wound Victims","On Site (P)","Shooting (PFE)","0015XX 32ND ST E",3,"East Phillips",9,44.94473,-93.25184,-10380747.1897739,5612824.61552647,1,309687,2021,5
-10382003.0331,5617172.4506,"Gunshot Wound Victims",NA,"20-082406","MP202082406",2020-03-29,"14:28:00+00","2020/03/29 13:41:00+00","Non NIBRS Data","Non NIBRS Data","Non NIBRS Data","Gunshot Wound Victims","Gunshot Wound Victims",NA,NA,"0007XX PARK AVE",1,"Elliot Park",6,44.97237,-93.26312,-10382003.0331279,5617172.45057924,1,309688,2020,3
-10387732.8034,5622611.8055,"Gunshot Wound Victims","No","21-115902","MP2021115902",2021-05-30,"00:42:00+00","2021/05/29 21:04:00+00","Non NIBRS Data","Non NIBRS Data","Non NIBRS Data","Gunshot Wound Victims","Gunshot Wound Victims","ShotSpotter Activation (P)","Shooting Report Only (P)","0026XX UPTON AVE N",4,"Willard - Hay",4,45.00693,-93.31459,-10387732.8033562,5622611.80554732,1,309689,2021,5
-10381934.75,5610168.9156,"Gunshot Wound Victims",NA,"20-105679","MP2020105679",2020-04-22,"18:31:00+00","2020/04/22 15:50:00+00","Non NIBRS Data","Non NIBRS Data","Non NIBRS Data","Gunshot Wound Victims","Gunshot Wound Victims",NA,NA,"0041XX CHICAGO AVE",3,"Bancroft",8,44.92784,-93.26251,-10381934.7499887,5610168.91560651,1,309690,2020,4
-10381516.8973,5611868.785,"Gunshot Wound Victims","No","21-116808","MP2021116808",2021-05-31,"01:22:00+00","2021/05/30 23:19:00+00","Non NIBRS Data","Non NIBRS Data","Non NIBRS Data","Gunshot Wound Victims","Gunshot Wound Victims","Shooting (PFE)","Shooting (PFE)","0035XX 11TH AVE S",3,"Powderhorn Park",9,44.93865,-93.25875,-10381516.8972906,5611868.78500113,1,309691,2021,5
-10385708.2099,5621932.3709,"Gunshot Wound Victims",NA,"20-112437","MP2020112437",2020-04-29,"02:46:00+00","2020/04/29 01:59:00+00","Non NIBRS Data","Non NIBRS Data","Non NIBRS Data","Gunshot Wound Victims","Gunshot Wound Victims",NA,NA,"0012XX 23RD AVE N",4,"Near - North",5,45.00261,-93.2964,-10385708.2098747,5621932.37089891,1,309692,2020,4
-10382003.0331,5617172.4506,"Gunshot Wound Victims","Yes","22-034736","MP202234736",2022-02-18,"02:16:00+00","2022/02/18 00:58:00+00","Non NIBRS Data","Non NIBRS Data","Non NIBRS Data","Gunshot Wound Victims","Gunshot Wound Victims","Shooting Report Only (P)","Shooting Report Only (P)","0007XX PARK AVE",1,"Elliot Park",6,44.97237,-93.26312,-10382003.0331279,5617172.45057924,1,309693,2022,2
-10384056.3995,5620861.677,"Gunshot Wound Victims","No","21-121576","MP2021121576",2021-06-05,"02:15:00+00","2021/06/05 01:30:00+00","Non NIBRS Data","Non NIBRS Data","Non NIBRS Data","Gunshot Wound Victims","Gunshot Wound Victims","Shooting Report Only (P)","Shooting Report Only (P)","0016XX WASHINGTON AVE N",4,"Hawthorne",5,44.99581,-93.28157,-10384056.3995044,5620861.67704219,1,309694,2021,6
-10387734.0898,5622044.7115,"Gunshot Wound Victims",NA,"20-115328","MP2020115328",2020-05-01,"22:12:00+00","2020/05/01 19:03:00+00","Non NIBRS Data","Non NIBRS Data","Non NIBRS Data","Gunshot Wound Victims","Gunshot Wound Victims",NA,NA,"0023XX UPTON AVE N",4,"Willard - Hay",5,45.00332,-93.3146,-10387734.0897824,5622044.71149062,1,309695,2020,5
-10383094.1187,5617413.65,"Gunshot Wound Victims","Yes","21-239917","MP2021239917",2021-10-18,"02:56:00+00","2021/10/18 02:12:00+00","Non NIBRS Data","Non NIBRS Data","Non NIBRS Data","Gunshot Wound Victims","Gunshot Wound Victims","Shooting (PFE)","Shooting (PFE)","0009XX MARQUETTE AVE",1,"Downtown West",7,44.9739,-93.27292,-10383094.1187114,5617413.64995348,1,309696,2021,10
-10387311.8076,5624601.9446,"Gunshot Wound Victims",NA,"19-288181","MP2019288181",2019-09-22,"14:17:00+00","2019/09/22 09:41:00+00","Non NIBRS Data","Non NIBRS Data","Non NIBRS Data","Gunshot Wound Victims","Gunshot Wound Victims",NA,NA,"0035XX RUSSELL AVE N",4,"Cleveland",4,45.01956,-93.31081,-10387311.80759,5624601.94464016,1,309697,2019,9
0,0,"Gunshot Wound Victims","No","21-244847","MP2021244847",2021-10-23,"20:30:00+00","2021/10/23 20:30:00+00","Non NIBRS Data","Non NIBRS Data","Non NIBRS Data","Gunshot Wound Victims","Gunshot Wound Victims","Shooting (PFE)~PD","Shooting Report Only (P)","No Address",NA,NA,NA,0,0,0,0,1,309698,2021,10
-10382003.3796,5611160.7354,"Gunshot Wound Victims",NA,"19-305722","MP2019305722",2019-10-08,"21:10:00+00","2019/10/08 19:50:00+00","Non NIBRS Data","Non NIBRS Data","Non NIBRS Data","Gunshot Wound Victims","Gunshot Wound Victims",NA,NA,"0007XX 38TH ST E",3,"Central",8,44.93415,-93.26312,-10382003.3795734,5611160.73544614,2,309699,2019,10
-10384731.6907,5628863.7132,"Gunshot Wound Victims","No","21-256594","MP2021256594",2021-11-06,"23:12:00+00","2021/11/06 21:41:00+00","Non NIBRS Data","Non NIBRS Data","Non NIBRS Data","Gunshot Wound Victims","Gunshot Wound Victims","ShotSpotter Activation (P)","Shooting (PFE)","0050XX 6TH ST N",4,"Lind - Bohanon",4,45.04662,-93.28763,-10384731.690657,5628863.71324822,1,309700,2021,11
-10382003.0331,5617172.4506,"Gunshot Wound Victims",NA,"19-326182","MP2019326182",2019-10-30,"17:15:00+00","2019/10/30 14:55:00+00","Non NIBRS Data","Non NIBRS Data","Non NIBRS Data","Gunshot Wound Victims","Gunshot Wound Victims",NA,NA,"0007XX PARK AVE",1,"Elliot Park",6,44.97237,-93.26312,-10382003.0331279,5617172.45057924,1,309701,2019,10
-10383455.3277,5620631.8655,"Gunshot Wound Victims","No","21-257306","MP2021257306",2021-11-07,"17:49:00+00","2021/11/07 17:49:00+00","Non NIBRS Data","Non NIBRS Data","Non NIBRS Data","Gunshot Wound Victims","Gunshot Wound Victims","Sound of Shots Fired (P)","Sound of Shots Fired (P)","0016XX WEST RIVER RD N",4,"Near - North",5,44.99435,-93.27617,-10383455.3276672,5620631.86549111,1,309702,2021,11
-10380304.7313,5618590.0885,"Gunshot Wound Victims",NA,"19-342712","MP2019342712",2019-11-17,"02:08:00+00","2019/11/16 22:12:00+00","Non NIBRS Data","Non NIBRS Data","Non NIBRS Data","Gunshot Wound Victims","Gunshot Wound Victims",NA,NA,"0007XX MAIN ST SE",2,"Marcy Holmes",3,44.98138,-93.24786,-10380304.7313251,5618590.0885165,1,309703,2019,11
-10387022.2108,5621184.1038,"Gunshot Wound Victims","No","21-263697","MP2021263697",2021-11-15,"20:30:00+00","2021/11/15 20:30:00+00","Non NIBRS Data","Non NIBRS Data","Non NIBRS Data","Gunshot Wound Victims","Gunshot Wound Victims","ShotSpotter Activation (P)","Shooting (PFE)","0018XX PENN AVE N",4,"Willard - Hay",5,44.99786,-93.30821,-10387022.210831,5621184.10378961,1,309704,2021,11
-10386270.9865,5613537.2337,"Gunshot Wound Victims",NA,"19-355203","MP2019355203",2019-11-30,"19:38:00+00","2019/11/30 16:00:00+00","Non NIBRS Data","Non NIBRS Data","Non NIBRS Data","Gunshot Wound Victims","Gunshot Wound Victims",NA,NA,"0015XX LAGOON AVE",5,"Cedar - Isles - Dean",7,44.94926,-93.30146,-10386270.986461,5613537.23367353,1,309705,2019,11
-10382508.3841,5615508.5947,"Gunshot Wound Victims",NA,"19-362418","MP2019362418",2019-12-09,"01:41:00+00","2019/12/08 20:42:00+00","Non NIBRS Data","Non NIBRS Data","Non NIBRS Data","Gunshot Wound Victims","Gunshot Wound Victims",NA,NA,"0021XX PORTLAND AVE",3,"Ventura Village",6,44.96179,-93.26766,-10382508.3840866,5615508.59471251,1,309706,2019,12
-10379000.7174,5616408.703,"Gunshot Wound Victims","No","21-271506","MP2021271506",2021-11-26,"00:54:00+00","2021/11/25 22:00:00+00","Non NIBRS Data","Non NIBRS Data","Non NIBRS Data","Gunshot Wound Victims","Gunshot Wound Victims","Shooting Report Only (P)","Shooting Report Only (P)","0025XX 6TH ST S",NA,"Cedar Riverside",2,44.96751,-93.23615,-10379000.7174116,5616408.70300525,1,309707,2021,11
-10386889.288,5624884.6582,"Gunshot Wound Victims",NA,"19-372564","MP2019372564",2019-12-23,"15:40:00+00","2019/12/20 20:36:00+00","Non NIBRS Data","Non NIBRS Data","Non NIBRS Data","Gunshot Wound Victims","Gunshot Wound Victims",NA,NA,"0036XX OLIVER AVE N",4,"Folwell",4,45.02136,-93.30701,-10386889.288045,5624884.65820386,1,309708,2019,12
-10386130.0944,5613396.2598,"Gunshot Wound Victims","No","21-271975","MP2021271975",2021-11-26,"19:50:00+00","2021/11/26 18:23:00+00","Non NIBRS Data","Non NIBRS Data","Non NIBRS Data","Gunshot Wound Victims","Gunshot Wound Victims","Assist EMS Personnel (P)","Shooting (PFE)","0014XX LAKE ST W",5,"East Isles",10,44.94836,-93.30019,-10386130.094425,5613396.25980647,1,309709,2021,11
-10380093.4347,5614669.598,"Gunshot Wound Victims",NA,"19-379371","MP2019379371",2019-12-29,"18:23:00+00","2019/12/29 18:23:00+00","Non NIBRS Data","Non NIBRS Data","Non NIBRS Data","Gunshot Wound Victims","Gunshot Wound Victims",NA,NA,"0018XX EM STATELY ST",3,"East Phillips",9,44.95646,-93.24597,-10380093.4346873,5614669.59804375,1,309710,2019,12
-10380253.9054,5613530.9338,"Gunshot Wound Victims","No","22-028568","MP202228568",2022-02-09,"23:50:00+00","2022/02/09 21:19:00+00","Non NIBRS Data","Non NIBRS Data","Non NIBRS Data","Gunshot Wound Victims","Gunshot Wound Victims","Sound of Shots Fired (P)","Shooting (PFE)","0029XX CEDAR AVE S",3,"East Phillips",9,44.94922,-93.24741,-10380253.905443,5613530.93381885,1,309711,2022,2
-10386602.689,5622257.6523,"Gunshot Wound Victims",NA,"19-147529","MP2019147529",2019-05-25,"01:02:00+00","2019/05/24 23:56:00+00","Non NIBRS Data","Non NIBRS Data","Non NIBRS Data","Gunshot Wound Victims","Gunshot Wound Victims",NA,NA,"0024XX MORGAN AVE N",4,"Jordan",5,45.00468,-93.30444,-10386602.6890487,5622257.65229245,1,309712,2019,5
-10379969.4479,5614788.7631,"Gunshot Wound Victims","No","22-030311","MP202230311",2022-02-12,"05:01:00+00","2022/02/12 05:01:00+00","Non NIBRS Data","Non NIBRS Data","Non NIBRS Data","Gunshot Wound Victims","Gunshot Wound Victims","Shooting (PFE)","Shooting (PFE)","0024XX OGEMA PL",3,"East Phillips",9,44.95722,-93.24485,-10379969.4478515,5614788.76310889,1,309713,2022,2
-10386389.0194,5622464.8558,"Gunshot Wound Victims",NA,"19-187071","MP2019187071",2019-06-28,"01:13:00+00","2019/06/28 01:13:00+00","Non NIBRS Data","Non NIBRS Data","Non NIBRS Data","Gunshot Wound Victims","Gunshot Wound Victims",NA,NA,"0018XX 26TH AVE N",4,"Jordan",5,45.00599,-93.30252,-10386389.0194092,5622464.85584153,1,309714,2019,6
-10387451.1333,5620901.9094,"Gunshot Wound Victims",NA,"19-199506","MP2019199506",2019-07-08,"16:30:00+00","2019/07/08 16:30:00+00","Non NIBRS Data","Non NIBRS Data","Non NIBRS Data","Gunshot Wound Victims","Gunshot Wound Victims",NA,NA,"0016XX SHERIDAN AVE N",4,"Willard - Hay",5,44.99606,-93.31206,-10387451.1332869,5620901.90942455,1,309715,2019,7
-10381088.5948,5623879.3,"Gunshot Wound Victims",NA,"19-217740","MP2019217740",2019-07-23,"23:48:00+00","2019/07/23 23:00:00+00","Non NIBRS Data","Non NIBRS Data","Non NIBRS Data","Gunshot Wound Victims","Gunshot Wound Victims",NA,NA,"0006XX 26TH AVE NE",2,"Holland",1,45.01497,-93.25491,-10381088.5948194,5623879.29999947,1,309716,2019,7
-10381290.8895,5623515.4352,"Gunshot Wound Victims",NA,"19-223082","MP2019223082",2019-07-28,"15:57:00+00","2019/07/28 13:55:00+00","Non NIBRS Data","Non NIBRS Data","Non NIBRS Data","Gunshot Wound Victims","Gunshot Wound Victims",NA,NA,"0024XX WASHINGTON ST NE",2,"Holland",1,45.01266,-93.25672,-10381290.8895033,5623515.43516956,1,309717,2019,7
-10384774.9118,5623725.6964,"Gunshot Wound Victims",NA,"19-244867","MP2019244867",2019-08-16,"04:27:00+00","2019/08/16 01:07:00+00","Non NIBRS Data","Non NIBRS Data","Non NIBRS Data","Gunshot Wound Victims","Gunshot Wound Victims",NA,NA,"0032XX LYNDALE AVE N",4,"McKinley",4,45.014,-93.28802,-10384774.9118067,5623725.69635525,1,309718,2019,8
-10386038.0241,5622891.1674,"Gunshot Wound Victims",NA,"19-252903","MP2019252903",2019-08-22,"23:21:00+00","2019/08/22 23:21:00+00","Non NIBRS Data","Non NIBRS Data","Non NIBRS Data","Gunshot Wound Victims","Gunshot Wound Victims",NA,NA,"0028XX IRVING AVE N",4,"Jordan",5,45.0087,-93.29937,-10386038.0240542,5622891.16738628,1,309719,2019,8
-10385282.7521,5620856.6019,"Gunshot Wound Victims",NA,"19-262252","MP2019262252",2019-08-31,"08:47:00+00","2019/08/31 06:00:00+00","Non NIBRS Data","Non NIBRS Data","Non NIBRS Data","Gunshot Wound Victims","Gunshot Wound Victims",NA,NA,"0016XX DUPONT AVE N",4,"Near - North",5,44.99578,-93.29258,-10385282.7520634,5620856.60187697,1,309720,2019,8
-10384056.3995,5620861.677,"Gunshot Wound Victims",NA,"20-132969","MP2020132969",2020-05-19,"03:02:00+00","2020/05/19 00:59:00+00","Non NIBRS Data","Non NIBRS Data","Non NIBRS Data","Gunshot Wound Victims","Gunshot Wound Victims",NA,NA,"0016XX WASHINGTON AVE N",4,"Near - North",5,44.99581,-93.28157,-10384056.3995044,5620861.67704219,1,309721,2020,5
-10387307.6302,5622683.4,"Gunshot Wound Victims",NA,"20-147226","MP2020147226",2020-05-31,"03:06:00+00","2020/05/31 02:00:00+00","Non NIBRS Data","Non NIBRS Data","Non NIBRS Data","Gunshot Wound Victims","Gunshot Wound Victims",NA,NA,"0026XX RUSSELL AVE N",4,"Jordan",4,45.00738,-93.31077,-10387307.6301771,5622683.39999643,1,309722,2020,5
-10381093.9674,5614949.0792,"Gunshot Wound Victims",NA,"20-151521","MP2020151521",2020-06-03,"19:56:00+00","2020/06/03 19:56:00+00","Non NIBRS Data","Non NIBRS Data","Non NIBRS Data","Gunshot Wound Victims","Gunshot Wound Victims",NA,NA,"0024XX 14TH AVE S",3,"Midtown Phillips",9,44.95824,-93.25495,-10381093.9674314,5614949.07920943,2,309723,2020,6
-10382731.6784,5613394.0808,"Gunshot Wound Victims",NA,"20-153817","MP2020153817",2020-06-06,"17:11:00+00","2020/06/06 16:34:00+00","Non NIBRS Data","Non NIBRS Data","Non NIBRS Data","Gunshot Wound Victims","Gunshot Wound Victims",NA,NA,"0004XX LAKE ST E",3,"Central",8,44.94835,-93.26967,-10382731.6784316,5613394.08083533,2,309724,2020,6
-10386892.6234,5618706.7477,"Gunshot Wound Victims",NA,"20-160948","MP2020160948",2020-06-15,"21:43:00+00","2020/06/15 20:25:00+00","Non NIBRS Data","Non NIBRS Data","Non NIBRS Data","Gunshot Wound Victims","Gunshot Wound Victims",NA,NA,"0004XX OLIVER AVE N",4,"Harrison",5,44.98212,-93.30704,-10386892.6234405,5618706.74766653,1,309725,2020,6
-10380277.8546,5616859.0596,"Gunshot Wound Victims",NA,"20-162918","MP2020162918",2020-06-18,"06:47:00+00","2020/06/18 02:00:00+00","Non NIBRS Data","Non NIBRS Data","Non NIBRS Data","Gunshot Wound Victims","Gunshot Wound Victims",NA,NA,"0016XX 4TH ST S",1,"Cedar Riverside",6,44.97038,-93.24762,-10380277.854568,5616859.05960696,1,309726,2020,6
-10385098.7178,5619440.6582,"Gunshot Wound Victims",NA,"20-165271","MP2020165271",2020-06-20,"22:48:00+00","2020/06/20 21:31:00+00","Non NIBRS Data","Non NIBRS Data","Non NIBRS Data","Gunshot Wound Victims","Gunshot Wound Victims",NA,NA,"0008XX ALDRICH AVE N",4,"Sumner - Glenwood",5,44.98678,-93.29093,-10385098.7178136,5619440.65820941,1,309727,2020,6
-10385757.611,5623450.3214,"Gunshot Wound Victims",NA,"20-165844","MP2020165844",2020-06-21,"18:12:00+00","2020/06/21 15:30:00+00","Non NIBRS Data","Non NIBRS Data","Non NIBRS Data","Gunshot Wound Victims","Gunshot Wound Victims",NA,NA,"0031XX GIRARD AVE N",4,"Jordan",5,45.01225,-93.29685,-10385757.6109869,5623450.32135692,1,309728,2020,6
-10384598.7437,5623114.567,"Gunshot Wound Victims",NA,"19-304510","MP2019304510",2019-10-07,"19:34:00+00","2019/10/07 18:00:00+00","Non NIBRS Data","Non NIBRS Data","Non NIBRS Data","Gunshot Wound Victims","Gunshot Wound Victims",NA,NA,"0029XX 6TH ST N",4,"Hawthorne",5,45.01012,-93.28644,-10384598.7436742,5623114.56697004,2,309729,2019,10
-10382515.9512,5613811.5833,"Gunshot Wound Victims",NA,"19-318127","MP2019318127",2019-10-22,"00:25:00+00","2019/10/21 23:58:00+00","Non NIBRS Data","Non NIBRS Data","Non NIBRS Data","Gunshot Wound Victims","Gunshot Wound Victims",NA,NA,"0028XX PORTLAND AVE",3,"Phillips West",6,44.95101,-93.26773,-10382515.9512497,5613811.58325016,1,309730,2019,10
-10380818.8523,5613811.7091,"Gunshot Wound Victims",NA,"19-320685","MP2019320685",2019-10-24,"20:26:00+00","2019/10/24 18:52:00+00","Non NIBRS Data","Non NIBRS Data","Non NIBRS Data","Gunshot Wound Victims","Gunshot Wound Victims",NA,NA,"0028XX BLOOMINGTON AVE",3,"East Phillips",9,44.95101,-93.25248,-10380818.8522726,5613811.70911293,1,309731,2019,10
-10378310.2474,5614085.276,"Gunshot Wound Victims",NA,"19-326702","MP2019326702",2019-10-31,"06:31:00+00","2019/10/31 05:16:00+00","Non NIBRS Data","Non NIBRS Data","Non NIBRS Data","Gunshot Wound Victims","Gunshot Wound Victims",NA,NA,"0027XX 29TH AVE S",3,"Longfellow",9,44.95275,-93.22995,-10378310.2474211,5614085.27597232,1,309732,2019,10
-10384696.3221,5627730.8676,"Gunshot Wound Victims",NA,"19-336106","MP2019336106",2019-11-09,"21:35:00+00","2019/11/09 16:48:00+00","Non NIBRS Data","Non NIBRS Data","Non NIBRS Data","Gunshot Wound Victims","Gunshot Wound Victims",NA,NA,"0046XX LYNDALE AVE N",4,"Lind - Bohanon",4,45.03943,-93.28731,-10384696.322144,5627730.86758852,1,309733,2019,11
-10386182.5577,5621899.7784,"Gunshot Wound Victims",NA,"19-341200","MP2019341200",2019-11-15,"16:07:00+00","2019/11/15 13:20:00+00","Non NIBRS Data","Non NIBRS Data","Non NIBRS Data","Gunshot Wound Victims","Gunshot Wound Victims",NA,NA,"0016XX 22ND AVE N",4,"Jordan",5,45.0024,-93.30067,-10386182.5577461,5621899.77844086,3,309734,2019,11
-10383364.1649,5617992.9622,"Gunshot Wound Victims",NA,"19-350352","MP2019350352",2019-11-25,"04:03:00+00","2019/11/25 02:18:00+00","Non NIBRS Data","Non NIBRS Data","Non NIBRS Data","Gunshot Wound Victims","Gunshot Wound Victims",NA,NA,"0007XX HENNEPIN AVE",1,"Downtown West",7,44.97758,-93.27535,-10383364.1649281,5617992.96218687,1,309735,2019,11
-10382228.5984,5614382.6946,"Gunshot Wound Victims",NA,"19-355737","MP2019355737",2019-12-01,"10:03:00+00","2019/12/01 10:03:00+00","Non NIBRS Data","Non NIBRS Data","Non NIBRS Data","Gunshot Wound Victims","Gunshot Wound Victims",NA,NA,"0026XX PARK AVE",3,"Phillips West",6,44.95464,-93.26515,-10382228.5984388,5614382.69461288,3,309736,2019,12
-10387029.8029,5619472.8826,"Gunshot Wound Victims","No","22-040128","MP202240128",2022-02-25,"12:56:00+00","2022/02/25 12:35:00+00","Non NIBRS Data","Non NIBRS Data","Non NIBRS Data","Gunshot Wound Victims","Gunshot Wound Victims","Shooting (PFE)","Shooting (PFE)","0009XX PENN AVE N",4,"Near - North",5,44.98699,-93.30828,-10387029.8028669,5619472.88262624,1,309737,2022,2
-10381660.6025,5612228.9991,"Gunshot Wound Victims","No","22-041746","MP202241746",2022-02-28,"00:50:00+00","2022/02/27 15:32:00+00","Non NIBRS Data","Non NIBRS Data","Non NIBRS Data","Gunshot Wound Victims","Gunshot Wound Victims","Shooting (PFE)","Shooting (PFE)","0034XX 10TH AVE S",3,"Powderhorn Park",9,44.94094,-93.26004,-10381660.6025397,5612228.99906451,2,309738,2022,2
-10382804.5569,5608179.2517,"Gunshot Wound Victims","No","22-060959","MP202260959",2022-03-23,"22:42:00+00","2022/03/23 22:42:00+00","Non NIBRS Data","Non NIBRS Data","Non NIBRS Data","Gunshot Wound Victims","Gunshot Wound Victims","Shooting (PFE)","Shooting (PFE)","0048XX 4TH AVE S",3,"Field",8,44.91519,-93.27032,-10382804.5569378,5608179.25169515,1,309739,2022,3
-10384986.8627,5624437.0747,"Gunshot Wound Victims","No","22-063831","MP202263831",2022-03-27,"15:29:00+00","2022/03/27 15:29:00+00","Non NIBRS Data","Non NIBRS Data","Non NIBRS Data","Gunshot Wound Victims","Gunshot Wound Victims","Shooting (PFE)","Shooting (PFE)","0008XX 35TH AVE N",4,"Folwell",4,45.01852,-93.28992,-10384986.8626542,5624437.07469342,2,309740,2022,3
-10383115.0066,5618245.4491,"Gunshot Wound Victims","Yes","22-069152","MP202269152",2022-04-03,"01:48:00+00","2022/04/03 01:48:00+00","Non NIBRS Data","Non NIBRS Data","Non NIBRS Data","Gunshot Wound Victims","Gunshot Wound Victims","On Site (P)","Shooting (PFE)","0005XX HENNEPIN AVE",1,"Downtown West",7,44.97919,-93.27311,-10383115.0066079,5618245.44912106,1,309741,2022,4
-10379707.5348,5616163.7821,"Gunshot Wound Victims","No","21-275103","MP2021275103",2021-11-30,"20:12:00+00","2021/11/30 18:12:00+00","Non NIBRS Data","Non NIBRS Data","Non NIBRS Data","Gunshot Wound Victims","Gunshot Wound Victims","Sound of Shots Fired (P)","Sound of Shots Fired (P)","0007XX 21ST AVE S",1,"Cedar Riverside",2,44.96596,-93.2425,-10379707.5347928,5616163.7820742,1,309742,2021,11
-10384941.9664,5621657.1554,"Gunshot Wound Victims","No","21-276051","MP2021276051",2021-12-01,"20:17:00+00","2021/12/01 20:17:00+00","Non NIBRS Data","Non NIBRS Data","Non NIBRS Data","Gunshot Wound Victims","Gunshot Wound Victims","Shooting (PFE)","Shooting (PFE)","0021XX ALDRICH AVE N",4,"Hawthorne",5,45.00086,-93.28952,-10384941.9664195,5621657.15536339,1,309743,2021,12
-10380809.778,5611298.9452,"Gunshot Wound Victims","No","21-284046","MP2021284046",2021-12-11,"23:40:00+00","2021/12/11 22:35:00+00","Non NIBRS Data","Non NIBRS Data","Non NIBRS Data","Gunshot Wound Victims","Gunshot Wound Victims","Shooting (PFE)","Shooting (PFE)","0037XX BLOOMINGTON AVE",3,"Powderhorn Park",9,44.93503,-93.2524,-10380809.7779877,5611298.94519765,1,309744,2021,12
-10379745.1368,5615302.0029,"Gunshot Wound Victims","No","21-290041","MP2021290041",2021-12-19,"20:02:00+00","2021/12/19 20:02:00+00","Non NIBRS Data","Non NIBRS Data","Non NIBRS Data","Gunshot Wound Victims","Gunshot Wound Victims","Fight (P)","Shooting (PFE)","0022XX MINNEHAHA AVE",3,"Seward",6,44.96048,-93.24284,-10379745.136783,5615302.00292426,1,309745,2021,12
-10384056.3995,5620861.677,"Gunshot Wound Victims","No","21-292157","MP2021292157",2021-12-22,"19:58:00+00","2021/12/22 18:22:00+00","Non NIBRS Data","Non NIBRS Data","Non NIBRS Data","Gunshot Wound Victims","Gunshot Wound Victims","Shooting Report Only (P)","Shooting Report Only (P)","0016XX WASHINGTON AVE N",4,"Hawthorne",5,44.99581,-93.28157,-10384056.3995044,5620861.67704219,1,309746,2021,12
-10382316.5644,5618716.6342,"Gunshot Wound Victims","No","22-003745","MP20223745",2022-01-06,"05:03:00+00","2022/01/06 05:03:00+00","Non NIBRS Data","Non NIBRS Data","Non NIBRS Data","Gunshot Wound Victims","Gunshot Wound Victims","Shooting Report Only (P)","Shooting Report Only (P)","0001XX MARQUETTE AVE",1,"Downtown West",3,44.98218,-93.26594,-10382316.5643925,5618716.63419604,1,309747,2022,1
-10382224.5945,5615509.6974,"Gunshot Wound Victims","No","22-007013","MP20227013",2022-01-11,"01:54:00+00","2022/01/11 01:54:00+00","Non NIBRS Data","Non NIBRS Data","Non NIBRS Data","Gunshot Wound Victims","Gunshot Wound Victims","ShotSpotter Activation (P)","Shooting (PFE)","0020XX PARK AVE",3,"Ventura Village",6,44.9618,-93.26511,-10382224.5945047,5615509.69738863,1,309748,2022,1
-10381461.6699,5619527.2503,"Gunshot Wound Victims","No","21-123873","MP2021123873",2021-06-07,"16:44:00+00","2021/06/07 16:44:00+00","Non NIBRS Data","Non NIBRS Data","Non NIBRS Data","Gunshot Wound Victims","Gunshot Wound Victims","Shooting (PFE)","Shooting (PFE)","0001XX HENNEPIN AVE E",2,"Nicollet Island - East Bank",3,44.98733,-93.25826,-10381461.6699257,5619527.25025307,1,309749,2021,6
-10383226.9103,5613261.6869,"Gunshot Wound Victims","No","21-127806","MP2021127806",2021-06-12,"04:19:00+00","2021/06/12 02:46:00+00","Non NIBRS Data","Non NIBRS Data","Non NIBRS Data","Gunshot Wound Victims","Gunshot Wound Victims","ShotSpotter Activation (P)","Shooting (PFE)","0030XX 2ND AVE S",3,"Central",8,44.94751,-93.27411,-10383226.9103294,5613261.68685116,1,309750,2021,6
-10382234.8151,5613676.7068,"Gunshot Wound Victims","No","21-128630","MP2021128630",2021-06-13,"01:39:00+00","2021/06/13 01:39:00+00","Non NIBRS Data","Non NIBRS Data","Non NIBRS Data","Gunshot Wound Victims","Gunshot Wound Victims","ShotSpotter Activation (P)","Shooting (PFE)","0028XX PARK AVE",3,"Phillips West",8,44.95015,-93.2652,-10382234.8151401,5613676.70683913,1,309751,2021,6
-10384941.9664,5621657.1554,"Gunshot Wound Victims","No","21-131432","MP2021131432",2021-06-16,"14:43:00+00","2021/06/16 14:43:00+00","Non NIBRS Data","Non NIBRS Data","Non NIBRS Data","Gunshot Wound Victims","Gunshot Wound Victims","ShotSpotter Activation (P)","Shooting (PFE)","0021XX ALDRICH AVE N",4,"Hawthorne",5,45.00086,-93.28952,-10384941.9664195,5621657.15536339,1,309752,2021,6
-10378915.9287,5618527.9489,"Gunshot Wound Victims","No","21-133612","MP2021133612",2021-06-19,"02:20:00+00","2021/06/18 23:51:00+00","Non NIBRS Data","Non NIBRS Data","Non NIBRS Data","Gunshot Wound Victims","Gunshot Wound Victims","Sound of Shots Fired (P)","Shooting (PFE)","0004XX 14TH AVE SE",2,"Marcy Holmes",2,44.98098,-93.23539,-10378915.9287301,5618527.94887732,5,309753,2021,6
-10383454.5339,5617739.1931,"Gunshot Wound Victims","Yes","21-143982","MP2021143982",2021-07-01,"03:43:00+00","2021/07/01 03:43:00+00","Non NIBRS Data","Non NIBRS Data","Non NIBRS Data","Gunshot Wound Victims","Gunshot Wound Victims","Shooting (PFE)","Shooting (PFE)","000XX 9TH ST S",1,"Downtown West",7,44.97597,-93.27616,-10383454.5338584,5617739.19312854,1,309754,2021,7
-10380747.1898,5612824.6155,"Gunshot Wound Victims","No","21-147548","MP2021147548",2021-07-05,"02:08:00+00","2021/07/05 02:08:00+00","Non NIBRS Data","Non NIBRS Data","Non NIBRS Data","Gunshot Wound Victims","Gunshot Wound Victims","Shooting (PFE)","Shooting (PFE)","0015XX 32ND ST E",3,"East Phillips",9,44.94473,-93.25184,-10380747.1897739,5612824.61552647,1,309755,2021,7
-10380747.1898,5612824.6155,"Gunshot Wound Victims",NA,"20-020239","MP202020239",2020-01-23,"21:24:00+00","2020/01/23 19:16:00+00","Non NIBRS Data","Non NIBRS Data","Non NIBRS Data","Gunshot Wound Victims","Gunshot Wound Victims",NA,NA,"0015XX 32ND ST E",3,"East Phillips",9,44.94473,-93.25184,-10380747.1897739,5612824.61552647,1,309756,2020,1
-10381091.0865,5619907.0201,"Gunshot Wound Victims","No","21-145859","MP2021145859",2021-07-03,"04:50:00+00","2021/07/03 04:50:00+00","Non NIBRS Data","Non NIBRS Data","Non NIBRS Data","Gunshot Wound Victims","Gunshot Wound Victims","Sound of Shots Fired (P)","Shooting (PFE)","0004XX 1ST AVE NE",2,"Nicollet Island - East Bank",3,44.98974,-93.25493,-10381091.0865404,5619907.02006897,1,309757,2021,7
-10376461.3149,5616849.1005,"Gunshot Wound Victims","No","22-082640","MP202282640",2022-04-20,"23:18:00+00","2022/04/20 23:18:00+00","Non NIBRS Data","Non NIBRS Data","Non NIBRS Data","Gunshot Wound Victims","Gunshot Wound Victims","Assist EMS Personnel (P)","Shooting (PFE)","0030XX UNIVERSITY AVE SE",2,"Prospect Park - East River Road",2,44.97031,-93.21334,-10376461.3149471,5616849.10045646,1,309758,2022,4
-10385350.9272,5626021.3045,"Gunshot Wound Victims",NA,"20-021714","MP202021714",2020-01-25,"11:10:00+00","2020/01/25 11:10:00+00","Non NIBRS Data","Non NIBRS Data","Non NIBRS Data","Gunshot Wound Victims","Gunshot Wound Victims",NA,NA,"0040XX DUPONT AVE N",4,"Webber - Camden",4,45.02858,-93.29319,-10385350.9272326,5626021.30451731,1,309759,2020,1
-10386459.8952,5622607.3199,"Gunshot Wound Victims",NA,"20-033644","MP202033644",2020-02-06,"19:35:00+00","2020/02/06 19:35:00+00","Non NIBRS Data","Non NIBRS Data","Non NIBRS Data","Gunshot Wound Victims","Gunshot Wound Victims",NA,NA,"0026XX LOGAN AVE N",4,"Jordan",5,45.0069,-93.30316,-10386459.8952018,5622607.31987534,1,309760,2020,2
-10377026.2305,5619267.9311,"Gunshot Wound Victims","No","22-083669","MP202283669",2022-04-22,"03:04:00+00","2022/04/22 00:30:00+00","Non NIBRS Data","Non NIBRS Data","Non NIBRS Data","Gunshot Wound Victims","Gunshot Wound Victims","Unknown Trouble (P)","Shooting (PFE)","0024XX COLE AVE SE",2,"Como",2,44.98568,-93.21841,-10377026.2305418,5619267.93108991,1,309761,2022,4
-10387307.6302,5622683.4,"Gunshot Wound Victims",NA,"20-054875","MP202054875",2020-02-29,"23:03:00+00","2020/02/29 20:10:00+00","Non NIBRS Data","Non NIBRS Data","Non NIBRS Data","Gunshot Wound Victims","Gunshot Wound Victims",NA,NA,"0026XX RUSSELL AVE N",4,"Willard - Hay",5,45.00738,-93.31077,-10387307.6301771,5622683.39999643,2,309762,2020,2
-10385708.2099,5621932.3709,"Gunshot Wound Victims","No","22-089742","MP202289742",2022-04-29,"10:00:00+00","2022/04/29 08:30:00+00","Non NIBRS Data","Non NIBRS Data","Non NIBRS Data","Gunshot Wound Victims","Gunshot Wound Victims","Sound of Shots Fired (P)~PD","Shooting (PFE)","0012XX 23RD AVE N",4,"Jordan",5,45.00261,-93.2964,-10385708.2098747,5621932.37089891,1,309763,2022,4
-10384941.9664,5621657.1554,"Gunshot Wound Victims","No","22-097900","MP202297900",2022-05-08,"18:06:00+00","2022/05/08 17:05:00+00","Non NIBRS Data","Non NIBRS Data","Non NIBRS Data","Gunshot Wound Victims","Gunshot Wound Victims","On Site (P)","Shooting (PFE)","0021XX ALDRICH AVE N",4,"Hawthorne",5,45.00086,-93.28952,-10384941.9664195,5621657.15536339,2,309764,2022,5
-10385898.2623,5623453.5119,"Gunshot Wound Victims",NA,"20-057028","MP202057028",2020-03-03,"05:17:00+00","2020/03/03 04:32:00+00","Non NIBRS Data","Non NIBRS Data","Non NIBRS Data","Gunshot Wound Victims","Gunshot Wound Victims",NA,NA,"0031XX HUMBOLDT AVE N",4,"Jordan",5,45.01227,-93.29811,-10385898.2622823,5623453.51188002,1,309765,2020,3
-10384941.9664,5621657.1554,"Gunshot Wound Victims","No","22-102400","MP2022102400",2022-05-13,"18:04:00+00","2022/05/13 15:57:00+00","Non NIBRS Data","Non NIBRS Data","Non NIBRS Data","Gunshot Wound Victims","Gunshot Wound Victims","Shooting (PFE)","Shooting (PFE)","0021XX ALDRICH AVE N",4,"Near - North",5,45.00086,-93.28952,-10384941.9664195,5621657.15536339,1,309766,2022,5
-10380744.5009,5612293.415,"Gunshot Wound Victims",NA,"20-081809","MP202081809",2020-03-28,"19:39:00+00","2020/03/28 17:39:00+00","Non NIBRS Data","Non NIBRS Data","Non NIBRS Data","Gunshot Wound Victims","Gunshot Wound Victims",NA,NA,"0015XX 34TH ST E",3,"Powderhorn Park",9,44.94135,-93.25181,-10380744.5008628,5612293.41499214,1,309767,2020,3
-10382646.115,5611871.5597,"Gunshot Wound Victims",NA,"20-092779","MP202092779",2020-04-09,"00:47:00+00","2020/04/08 22:31:00+00","Non NIBRS Data","Non NIBRS Data","Non NIBRS Data","Gunshot Wound Victims","Gunshot Wound Victims",NA,NA,"0035XX 5TH AVE S",3,"Central",8,44.93867,-93.2689,-10382646.1149861,5611871.55965711,1,309768,2020,4
-10378507.8294,5617993.2209,"Gunshot Wound Victims","No","22-104612","MP2022104612",2022-05-18,"12:54:00+00","2022/05/15 22:00:00+00","Non NIBRS Data","Non NIBRS Data","Non NIBRS Data","Gunshot Wound Victims","Gunshot Wound Victims","Shooting (PFE)","Shooting (PFE)","0017XX UNIVERSITY AVE SE",2,"University of Minnesota",2,44.97758,-93.23172,-10378507.8293705,5617993.22086573,1,309769,2022,5
-10386432.5707,5621799.3839,"Gunshot Wound Victims","No","22-110039","MP2022110039",2022-05-22,"01:59:00+00","2022/05/22 01:59:00+00","Non NIBRS Data","Non NIBRS Data","Non NIBRS Data","Gunshot Wound Victims","Gunshot Wound Victims","Shooting (PFE)","Shooting (PFE)","0022XX ILION AVE N",4,"Jordan",5,45.00177,-93.30291,-10386432.5706513,5621799.38385658,1,309770,2022,5
-10381934.2973,5611275.8693,"Gunshot Wound Victims",NA,"20-111231","MP2020111231",2020-04-27,"23:11:00+00","2020/04/27 21:40:00+00","Non NIBRS Data","Non NIBRS Data","Non NIBRS Data","Gunshot Wound Victims","Gunshot Wound Victims",NA,NA,"0037XX CHICAGO AVE",3,"Powderhorn Park",9,44.93488,-93.2625,-10381934.2972927,5611275.86929622,1,309771,2020,4
-10384986.8627,5624437.0747,"Gunshot Wound Victims","No","22-013449","MP202213449",2022-01-20,"14:35:00+00","2022/01/20 14:35:00+00","Non NIBRS Data","Non NIBRS Data","Non NIBRS Data","Gunshot Wound Victims","Gunshot Wound Victims","Shooting Report Only (P)","Shooting Report Only (P)","0008XX 35TH AVE N",4,"McKinley",4,45.01852,-93.28992,-10384986.8626542,5624437.07469342,1,309772,2022,1
-10382128.2928,5615369.4217,"Gunshot Wound Victims",NA,"20-171129","MP2020171129",2020-06-27,"23:02:00+00","2020/06/27 21:39:00+00","Non NIBRS Data","Non NIBRS Data","Non NIBRS Data","Gunshot Wound Victims","Gunshot Wound Victims",NA,NA,"0007XX 22ND ST E",3,"Ventura Village",6,44.96091,-93.26425,-10382128.2928162,5615369.42173842,1,309773,2020,6
-10382125.5981,5618173.7642,"Gunshot Wound Victims","Yes","22-019892","MP202219892",2022-01-29,"03:58:00+00","2022/01/29 02:48:00+00","Non NIBRS Data","Non NIBRS Data","Non NIBRS Data","Gunshot Wound Victims","Gunshot Wound Victims","Sound of Shots Fired (P)","Shooting (PFE)","0003XX 3RD ST S",1,"Downtown West",3,44.97873,-93.26422,-10382125.5981009,5618173.76420592,1,309774,2022,1
0,0,"Gunshot Wound Victims",NA,"20-172771","MP2020172771",2020-06-30,"01:13:00+00","2020/06/29 22:44:00+00","Non NIBRS Data","Non NIBRS Data","Non NIBRS Data","Gunshot Wound Victims","Gunshot Wound Victims",NA,NA,"No Address",NA,NA,NA,0,0,0,0,1,309775,2020,6
-10382987.4721,5618633.8991,"Gunshot Wound Victims",NA,"20-055670","MP202055670",2020-03-01,"20:13:00+00","2020/03/01 18:27:00+00","Non NIBRS Data","Non NIBRS Data","Non NIBRS Data","Gunshot Wound Victims","Gunshot Wound Victims",NA,NA,"0003XX 1ST AVE N",1,"Downtown West",7,44.98165,-93.27196,-10382987.47215,5618633.89907388,1,309776,2020,3
-10379576.2746,5613397.2991,"Gunshot Wound Victims",NA,"20-082398","MP202082398",2020-03-29,"14:00:00+00","2020/03/29 13:20:00+00","Non NIBRS Data","Non NIBRS Data","Non NIBRS Data","Gunshot Wound Victims","Gunshot Wound Victims",NA,NA,"0021XX LAKE ST E",3,"East Phillips",9,44.94837,-93.24132,-10379576.2746071,5613397.29909582,1,309777,2020,3
-10382234.8151,5613676.7068,"Gunshot Wound Victims","Yes","22-024316","MP202224316",2022-02-04,"06:00:00+00","2022/02/04 05:30:00+00","Non NIBRS Data","Non NIBRS Data","Non NIBRS Data","Gunshot Wound Victims","Gunshot Wound Victims","Shooting Report Only (P)","Shooting Report Only (P)","0028XX PARK AVE",3,"Phillips West",9,44.95015,-93.2652,-10382234.8151401,5613676.70683913,1,309778,2022,2
-10385537.2657,5621561.4657,"Gunshot Wound Victims",NA,"20-174852","MP2020174852",2020-07-02,"17:33:00+00","2020/07/02 14:20:00+00","Non NIBRS Data","Non NIBRS Data","Non NIBRS Data","Gunshot Wound Victims","Gunshot Wound Victims",NA,NA,"0011XX 21ST AVE N",4,"Jordan",5,45.00025,-93.29487,-10385537.2656885,5621561.46568024,1,309779,2020,7
-10384368.8779,5611008.3638,"Gunshot Wound Victims","No","22-025107","MP202225107",2022-02-05,"07:10:00+00","2022/02/05 03:08:00+00","Non NIBRS Data","Non NIBRS Data","Non NIBRS Data","Gunshot Wound Victims","Gunshot Wound Victims","Person with a Gun (P)","Shooting (PFE)","0038XX GRAND AVE S",5,"King Field",8,44.93318,-93.28437,-10384368.8778631,5611008.36384484,1,309780,2022,2
-10385537.6903,5622280.1068,"Gunshot Wound Victims","No","20-178479","MP2020178479",2020-07-07,"00:51:00+00","2020/07/06 23:52:00+00","Non NIBRS Data","Non NIBRS Data","Non NIBRS Data","Gunshot Wound Victims","Gunshot Wound Victims","ShotSpotter Activation (P)","Shooting (PFE)","0011XX 25TH AVE N",4,"Jordan",5,45.00482,-93.29487,-10385537.6903393,5622280.10681631,1,309781,2020,7
-10382147.5146,5611446.5668,"Gunshot Wound Victims","No","20-180985","MP2020180985",2020-07-10,"00:59:00+00","2020/07/10 00:05:00+00","Non NIBRS Data","Non NIBRS Data","Non NIBRS Data","Gunshot Wound Victims","Gunshot Wound Victims","Shooting (PFE)","Shooting (PFE)","0007XX 37TH ST E",3,"Powderhorn Park",8,44.93597,-93.26442,-10382147.5146303,5611446.56681588,2,309782,2020,7
-10381525.4582,5613038.6051,"Gunshot Wound Victims","No","22-025306","MP202225306",2022-02-05,"12:23:00+00","2022/02/05 12:20:00+00","Non NIBRS Data","Non NIBRS Data","Non NIBRS Data","Gunshot Wound Victims","Gunshot Wound Victims","Shooting (PFE)","Shooting (PFE)","0031XX 11TH AVE S",3,"Powderhorn Park",9,44.94609,-93.25883,-10381525.4581759,5613038.60513118,1,309783,2022,2
-10385477.0745,5623445.7249,"Gunshot Wound Victims","No","20-182206","MP2020182206",2020-07-11,"17:41:00+00","2020/07/11 14:57:00+00","Non NIBRS Data","Non NIBRS Data","Non NIBRS Data","Gunshot Wound Victims","Gunshot Wound Victims","ShotSpotter Activation (P)","Shooting (PFE)","0031XX EMERSON AVE N",4,"Hawthorne",5,45.01222,-93.29433,-10385477.074484,5623445.72487831,1,309784,2020,7
-10387307.3698,5621757.8171,"Gunshot Wound Victims","No","22-028210","MP202228210",2022-02-09,"12:28:00+00","2022/02/09 12:28:00+00","Non NIBRS Data","Non NIBRS Data","Non NIBRS Data","Gunshot Wound Victims","Gunshot Wound Victims","Shooting (PFE)","Shooting (PFE)","0022XX RUSSELL AVE N",4,"Willard - Hay",5,45.0015,-93.31077,-10387307.3697963,5621757.81707668,1,309785,2022,2
-10384438.4045,5624860.6346,"Gunshot Wound Victims","No","22-033016","MP202233016",2022-02-16,"00:12:00+00","2022/02/15 20:19:00+00","Non NIBRS Data","Non NIBRS Data","Non NIBRS Data","Gunshot Wound Victims","Gunshot Wound Victims","ShotSpotter Activation (P)","Shooting (PFE)","0036XX 4TH ST N",4,"McKinley",4,45.02121,-93.285,-10384438.404491,5624860.63462162,1,309786,2022,2
-10380955.4025,5612152.1186,"Gunshot Wound Victims","No","20-184499","MP2020184499",2020-07-14,"15:01:00+00","2020/07/14 13:50:00+00","Non NIBRS Data","Non NIBRS Data","Non NIBRS Data","Gunshot Wound Victims","Gunshot Wound Victims","Assist EMS Personnel (P)","Shooting (PFE)","0034XX 15TH AVE S",3,"Powderhorn Park",9,44.94045,-93.25371,-10380955.4024893,5612152.11855971,1,309787,2020,7
-10382003.0331,5617172.4506,"Gunshot Wound Victims",NA,"19-358111","MP2019358111",2019-12-04,"02:36:00+00","2019/12/04 01:15:00+00","Non NIBRS Data","Non NIBRS Data","Non NIBRS Data","Gunshot Wound Victims","Gunshot Wound Victims",NA,NA,"0007XX PARK AVE",1,"Elliot Park",6,44.97237,-93.26312,-10382003.0331279,5617172.45057924,1,309788,2019,12
-10384773.3801,5615510.9303,"Gunshot Wound Victims","No","22-035562","MP202235562",2022-02-19,"05:48:00+00","2022/02/19 02:56:00+00","Non NIBRS Data","Non NIBRS Data","Non NIBRS Data","Gunshot Wound Victims","Gunshot Wound Victims","Unknown Wireless/Cell Phone(P)","Shooting (PFE)","0021XX LYNDALE AVE S",5,"Lowry Hill East",10,44.96181,-93.28801,-10384773.3800872,5615510.93029615,2,309789,2022,2
-10385446.3872,5628861.2298,"Gunshot Wound Victims","No","21-150867","MP2021150867",2021-07-08,"22:28:00+00","2021/07/08 18:54:00+00","Non NIBRS Data","Non NIBRS Data","Non NIBRS Data","Gunshot Wound Victims","Gunshot Wound Victims","Shooting Report Only (P)","Shooting Report Only (P)","0050XX DUPONT AVE N",4,"Lind - Bohanon",4,45.0466,-93.29405,-10385446.3871712,5628861.22984061,1,309790,2021,7
-10379797.3096,5615658.2315,"Gunshot Wound Victims",NA,"19-359870","MP2019359870",2019-12-06,"01:27:00+00","2019/12/06 00:24:00+00","Non NIBRS Data","Non NIBRS Data","Non NIBRS Data","Gunshot Wound Victims","Gunshot Wound Victims",NA,NA,"0020XX FRANKLIN AVE E",3,"Seward",6,44.96274,-93.24331,-10379797.3096199,5615658.23146542,1,309791,2019,12
-10387592.6915,5622896.56,"Gunshot Wound Victims",NA,"20-004090","MP20204090",2020-01-05,"20:28:00+00","2020/01/05 18:17:00+00","Non NIBRS Data","Non NIBRS Data","Non NIBRS Data","Gunshot Wound Victims","Gunshot Wound Victims",NA,NA,"0028XX THOMAS AVE N",4,"Jordan",4,45.00873,-93.31333,-10387592.6914521,5622896.56002726,1,309792,2020,1
-10384933.9532,5612412.5172,"Gunshot Wound Victims","No","21-154971","MP2021154971",2021-07-13,"15:32:00+00","2021/07/13 15:25:00+00","Non NIBRS Data","Non NIBRS Data","Non NIBRS Data","Gunshot Wound Victims","Gunshot Wound Victims","Shooting (PFE)","Shooting (PFE)","0033XX ALDRICH AVE S",5,"South Uptown",10,44.94211,-93.28945,-10384933.9532353,5612412.51716154,1,309793,2021,7
-10383644.3348,5614664.6009,"Gunshot Wound Victims",NA,"20-015440","MP202015440",2020-01-18,"23:28:00+00","2020/01/18 19:22:00+00","Non NIBRS Data","Non NIBRS Data","Non NIBRS Data","Gunshot Wound Victims","Gunshot Wound Victims",NA,NA,"0025XX NICOLLET AVE",5,"Whittier",10,44.95643,-93.27786,-10383644.3348237,5614664.60086643,1,309794,2020,1
-10379969.4479,5614788.7631,"Gunshot Wound Victims",NA,"20-022622","MP202022622",2020-01-26,"04:55:00+00","2020/01/26 02:30:00+00","Non NIBRS Data","Non NIBRS Data","Non NIBRS Data","Gunshot Wound Victims","Gunshot Wound Victims",NA,NA,"0024XX OGEMA PL",3,"East Phillips",9,44.95722,-93.24485,-10379969.4478515,5614788.76310889,1,309795,2020,1
-10385477.0745,5623445.7249,"Gunshot Wound Victims","No","21-162226","MP2021162226",2021-07-21,"22:37:00+00","2021/07/21 22:37:00+00","Non NIBRS Data","Non NIBRS Data","Non NIBRS Data","Gunshot Wound Victims","Gunshot Wound Victims","Shooting (PFE)","Shooting (PFE)","0031XX EMERSON AVE N",4,"Hawthorne",5,45.01222,-93.29433,-10385477.074484,5623445.72487831,1,309796,2021,7
-10382671.0233,5618296.181,"Gunshot Wound Victims",NA,"20-047752","MP202047752",2020-02-22,"02:18:00+00","2020/02/22 01:46:00+00","Non NIBRS Data","Non NIBRS Data","Non NIBRS Data","Gunshot Wound Victims","Gunshot Wound Victims",NA,NA,"000XX 4TH ST S",1,"Downtown West",7,44.97951,-93.26912,-10382671.0232541,5618296.18104789,1,309797,2020,2
-10381386.1334,5613531.726,"Gunshot Wound Victims","No","21-168515","MP2021168515",2021-07-29,"00:36:00+00","2021/07/29 00:00:00+00","Non NIBRS Data","Non NIBRS Data","Non NIBRS Data","Gunshot Wound Victims","Gunshot Wound Victims","Shooting (PFE)","Shooting (PFE)","0029XX 12TH AVE S",3,"Midtown Phillips",9,44.94923,-93.25758,-10381386.1334218,5613531.72600997,1,309798,2021,7
-10385414.5183,5625581.7584,"Gunshot Wound Victims","No","21-158997","MP2021158997",2021-07-18,"10:15:00+00","2021/07/18 07:00:00+00","Non NIBRS Data","Non NIBRS Data","Non NIBRS Data","Gunshot Wound Victims","Gunshot Wound Victims","Shooting Report Only (P)","Shooting Report Only (P)","0011XX 39TH AVE N",4,"Webber - Camden",4,45.02579,-93.29377,-10385414.5183006,5625581.75843585,1,309799,2021,7
-10380253.9054,5613530.9338,"Gunshot Wound Victims","No","21-170540","MP2021170540",2021-07-31,"10:19:00+00","2021/07/31 08:00:00+00","Non NIBRS Data","Non NIBRS Data","Non NIBRS Data","Gunshot Wound Victims","Gunshot Wound Victims","Shooting Report Only (P)","Shooting Report Only (P)","0029XX CEDAR AVE S",3,"East Phillips",9,44.94922,-93.24741,-10380253.905443,5613530.93381885,1,309800,2021,7
-10382003.0331,5617172.4506,"Gunshot Wound Victims","Yes","21-173923","MP2021173923",2021-08-04,"07:40:00+00","2021/08/04 07:20:00+00","Non NIBRS Data","Non NIBRS Data","Non NIBRS Data","Gunshot Wound Victims","Gunshot Wound Victims","On Site (P)","Shooting Report Only (P)","0007XX PARK AVE",NA,"Elliot Park",6,44.97237,-93.26312,-10382003.0331279,5617172.45057924,1,309801,2021,8
-10380529.9483,5620890.9894,"Gunshot Wound Victims",NA,"22-112426","MP2022112426",2022-05-24,"22:10:00+00","2022/05/24 22:00:00+00","Non NIBRS Data","Non NIBRS Data","Non NIBRS Data","Gunshot Wound Victims","Gunshot Wound Victims","Shooting Report Only (P)","Shooting Report Only (P)","0006XX JACKSON ST NE",2,"St. Anthony East",3,44.99599,-93.24989,-10380529.9483291,5620890.98942502,1,309802,2022,5
-10378016.5546,5610872.8253,"Gunshot Wound Victims","No","20-190182","MP2020190182",2020-07-21,"05:25:00+00","2020/07/21 04:33:00+00","Non NIBRS Data","Non NIBRS Data","Non NIBRS Data","Gunshot Wound Victims","Gunshot Wound Victims","Sound of Shots Fired (P)","Shooting (PFE)","0038XX HIAWATHA AVE",3,"Howe",12,44.93232,-93.22731,-10378016.554629,5610872.82534342,1,309803,2020,7
-10386747.9502,5619473.1936,"Gunshot Wound Victims","No","22-118990","MP2022118990",2022-06-01,"15:07:00+00","2022/06/01 15:07:00+00","Non NIBRS Data","Non NIBRS Data","Non NIBRS Data","Gunshot Wound Victims","Gunshot Wound Victims","Shooting Report Only (P)","Shooting Report Only (P)","0009XX NEWTON AVE N",4,"Near - North",5,44.98699,-93.30574,-10386747.9501648,5619473.19360214,2,309804,2022,6
-10380439.8264,5619284.9279,"Gunshot Wound Victims","No","20-191972","MP2020191972",2020-07-23,"02:44:00+00","2020/07/23 01:25:00+00","Non NIBRS Data","Non NIBRS Data","Non NIBRS Data","Gunshot Wound Victims","Gunshot Wound Victims","Sound of Shots Fired (P)","Sound of Shots Fired (P)","0004XX 4TH ST SE",2,"Marcy Holmes",3,44.98579,-93.24908,-10380439.8264285,5619284.92791414,1,309805,2020,7
-10386088.7378,5622016.8466,"Gunshot Wound Victims","No","20-195341","MP2020195341",2020-07-26,"23:58:00+00","2020/07/26 23:21:00+00","Non NIBRS Data","Non NIBRS Data","Non NIBRS Data","Gunshot Wound Victims","Gunshot Wound Victims","ShotSpotter Activation (P)","Shooting (PFE)","0022XX IRVING AVE N",4,"Jordan",5,45.00315,-93.29982,-10386088.7378155,5622016.84659296,2,309806,2020,7
-10387313.6576,5624886.5413,"Gunshot Wound Victims","No","22-120354","MP2022120354",2022-06-02,"21:09:00+00","2022/06/02 21:09:00+00","Non NIBRS Data","Non NIBRS Data","Non NIBRS Data","Gunshot Wound Victims","Gunshot Wound Victims","ShotSpotter Activation (P)","Shooting (PFE)","0036XX RUSSELL AVE N",4,"Cleveland",4,45.02137,-93.31083,-10387313.6575984,5624886.54132672,2,309807,2022,6
-10385112.1113,5621249.7465,"Gunshot Wound Victims","No","20-199060","MP2020199060",2020-07-31,"02:24:00+00","2020/07/31 00:27:00+00","Non NIBRS Data","Non NIBRS Data","Non NIBRS Data","Gunshot Wound Victims","Gunshot Wound Victims","Sound of Shots Fired (P)","Shooting (PFE)","0018XX BRYANT AVE N",4,"Near - North",5,44.99827,-93.29105,-10385112.1112943,5621249.74649774,1,309808,2020,7
-10385452.6127,5622018.2567,"Gunshot Wound Victims","No","22-122668","MP2022122668",2022-06-05,"03:47:00+00","2022/06/05 03:45:00+00","Non NIBRS Data","Non NIBRS Data","Non NIBRS Data","Gunshot Wound Victims","Gunshot Wound Victims","ShotSpotter Activation (P)","Shooting (PFE)","0023XX EMERSON AVE N",4,"Hawthorne",5,45.00316,-93.29411,-10385452.6127153,5622018.25667253,1,309809,2022,6
-10381941.2915,5615440.2167,"Gunshot Wound Victims","No","20-202984","MP2020202984",2020-08-04,"19:48:00+00","2020/08/04 17:15:00+00","Non NIBRS Data","Non NIBRS Data","Non NIBRS Data","Gunshot Wound Victims","Gunshot Wound Victims","Sound of Shots Fired (P)","Shooting (PFE)","0021XX CHICAGO AVE",3,"Ventura Village",6,44.96136,-93.26257,-10381941.2914788,5615440.21670984,1,309810,2020,8
-10384941.9664,5621657.1554,"Gunshot Wound Victims","No","22-130743","MP2022130743",2022-06-13,"16:45:00+00","2022/06/13 16:45:00+00","Non NIBRS Data","Non NIBRS Data","Non NIBRS Data","Gunshot Wound Victims","Gunshot Wound Victims","Shooting Report Only (P)","Shooting Report Only (P)","0021XX ALDRICH AVE N",4,"Hawthorne",5,45.00086,-93.28952,-10384941.9664195,5621657.15536339,1,309811,2022,6
-10384325.2323,5616484.2732,"Gunshot Wound Victims","No","20-206078","MP2020206078",2020-08-07,"22:57:00+00","2020/08/07 22:15:00+00","Non NIBRS Data","Non NIBRS Data","Non NIBRS Data","Gunshot Wound Victims","Gunshot Wound Victims","Shooting (PFE)","Shooting (PFE)","0004XX 15TH ST W",1,"Loring Park",7,44.96799,-93.28398,-10384325.2323475,5616484.2731903,1,309812,2020,8
-10386744.8963,5624030.1724,"Gunshot Wound Victims","No","22-133466","MP2022133466",2022-06-16,"15:53:00+00","2022/06/16 15:53:00+00","Non NIBRS Data","Non NIBRS Data","Non NIBRS Data","Gunshot Wound Victims","Gunshot Wound Victims","Shooting (PFE)","Shooting (PFE)","0033XX NEWTON AVE N",4,"Folwell",4,45.01593,-93.30572,-10386744.8963446,5624030.1724301,1,309813,2022,6
-10385283.077,5621659.1267,"Gunshot Wound Victims","No","20-208602","MP2020208602",2020-08-11,"01:10:00+00","2020/08/10 21:49:00+00","Non NIBRS Data","Non NIBRS Data","Non NIBRS Data","Gunshot Wound Victims","Gunshot Wound Victims","Shooting (PFE)","Shooting (PFE)","0021XX DUPONT AVE N",4,"Hawthorne",5,45.00087,-93.29259,-10385283.077023,5621659.12666105,1,309814,2020,8
-10382671.0233,5618296.181,"Gunshot Wound Victims","Yes","22-135998","MP2022135998",2022-06-19,"02:31:00+00","2022/06/19 02:31:00+00","Non NIBRS Data","Non NIBRS Data","Non NIBRS Data","Gunshot Wound Victims","Gunshot Wound Victims","Fight (P)","Shooting (PFE)","000XX 4TH ST S",1,"Downtown West",7,44.97951,-93.26912,-10382671.0232541,5618296.18104789,1,309815,2022,6
-10382671.0233,5618296.181,"Gunshot Wound Victims",NA,"20-176277","MP2020176277",2020-07-04,"08:29:00+00","2020/07/04 04:17:00+00","Non NIBRS Data","Non NIBRS Data","Non NIBRS Data","Gunshot Wound Victims","Gunshot Wound Victims",NA,NA,"000XX 4TH ST S",1,"Downtown West",7,44.97951,-93.26912,-10382671.0232541,5618296.18104789,1,309816,2020,7
-10384776.838,5614665.9549,"Gunshot Wound Victims","No","22-209782","MP2022209782",2022-09-06,"19:10:00+00","2022/09/06 16:07:00+00","Non NIBRS Data","Non NIBRS Data","Non NIBRS Data","Gunshot Wound Victims","Gunshot Wound Victims","Sound of Shots Fired (P)","Shooting (PFE)","0025XX LYNDALE AVE S",5,"Whittier",10,44.95644,-93.28804,-10384776.8379865,5614665.95488514,1,309817,2022,9
-10387805.4491,5622755.1666,"Gunshot Wound Victims","No","20-179947","MP2020179947",2020-07-08,"22:04:00+00","2020/07/08 20:24:00+00","Non NIBRS Data","Non NIBRS Data","Non NIBRS Data","Gunshot Wound Victims","Gunshot Wound Victims","Shooting Report Only (P)","Shooting Report Only (P)","0027XX 27TH AVE N",4,"Jordan",4,45.00784,-93.31524,-10387805.4491499,5622755.1666322,1,309818,2020,7
-10382933.8653,5615948.0186,"Gunshot Wound Victims","No","20-211508","MP2020211508",2020-08-14,"11:40:00+00","2020/08/14 03:57:00+00","Non NIBRS Data","Non NIBRS Data","Non NIBRS Data","Gunshot Wound Victims","Gunshot Wound Victims","Domestic Abuse-In Progress (P)","Shooting (PFE)","0018XX CLINTON AVE",5,"Steven's Square - Loring Heights",6,44.96459,-93.27148,-10382933.8652718,5615948.01862077,1,309819,2020,8
-10385336.3775,5623377.3557,"Gunshot Wound Victims",NA,"20-130948","MP2020130948",2020-05-16,"21:26:00+00","2020/05/16 19:30:00+00","Non NIBRS Data","Non NIBRS Data","Non NIBRS Data","Gunshot Wound Victims","Gunshot Wound Victims",NA,NA,"0030XX DUPONT AVE N",4,"Hawthorne",5,45.01179,-93.29306,-10385336.3774972,5623377.35573733,1,309820,2020,5
-10387029.8029,5619472.8826,"Gunshot Wound Victims",NA,"20-142271","MP2020142271",2020-05-27,"12:48:00+00","2020/05/27 11:45:00+00","Non NIBRS Data","Non NIBRS Data","Non NIBRS Data","Gunshot Wound Victims","Gunshot Wound Victims",NA,NA,"0009XX PENN AVE N",4,"Near - North",5,44.98699,-93.30828,-10387029.8028669,5619472.88262624,1,309821,2020,5
-10378489.2365,5613822.3068,"Gunshot Wound Victims",NA,"20-143199","MP2020143199",2020-05-29,"00:02:00+00","2020/05/28 01:30:00+00","Non NIBRS Data","Non NIBRS Data","Non NIBRS Data","Gunshot Wound Victims","Gunshot Wound Victims",NA,NA,"0028XX 28TH AVE S",3,"Longfellow",9,44.95107,-93.23156,-10378489.2365347,5613822.30681287,1,309822,2020,5
-10380673.9463,5614383.3818,"Gunshot Wound Victims",NA,"20-145527","MP2020145527",2020-05-29,"22:14:00+00","2020/05/29 19:45:00+00","Non NIBRS Data","Non NIBRS Data","Non NIBRS Data","Gunshot Wound Victims","Gunshot Wound Victims",NA,NA,"0026XX 16TH AVE S",3,"East Phillips",9,44.95464,-93.25118,-10380673.9463366,5614383.38183832,1,309823,2020,5
-10385623.0462,5621660.517,"Gunshot Wound Victims",NA,"20-147819","MP2020147819",2020-05-31,"18:16:00+00","2020/05/31 17:49:00+00","Non NIBRS Data","Non NIBRS Data","Non NIBRS Data","Gunshot Wound Victims","Gunshot Wound Victims",NA,NA,"0021XX FREMONT AVE N",4,"Jordan",5,45.00088,-93.29564,-10385623.0462344,5621660.5170064,1,309824,2020,5
-10382147.5146,5611446.5668,"Gunshot Wound Victims",NA,"20-154067","MP2020154067",2020-06-06,"22:54:00+00","2020/06/06 22:30:00+00","Non NIBRS Data","Non NIBRS Data","Non NIBRS Data","Gunshot Wound Victims","Gunshot Wound Victims",NA,NA,"0007XX 37TH ST E",3,"Powderhorn Park",8,44.93597,-93.26442,-10382147.5146303,5611446.56681588,1,309825,2020,6
-10386327.4343,5619679.9649,"Gunshot Wound Victims",NA,"20-154674","MP2020154674",2020-06-07,"22:18:00+00","2020/06/07 19:00:00+00","Non NIBRS Data","Non NIBRS Data","Non NIBRS Data","Gunshot Wound Victims","Gunshot Wound Victims",NA,NA,"0010XX KNOX AVE N",4,"Near - North",5,44.9883,-93.30197,-10386327.434347,5619679.96488865,1,309826,2020,6
-10385537.2657,5621561.4657,"Gunshot Wound Victims",NA,"20-161919","MP2020161919",2020-06-17,"02:04:00+00","2020/06/16 23:25:00+00","Non NIBRS Data","Non NIBRS Data","Non NIBRS Data","Gunshot Wound Victims","Gunshot Wound Victims",NA,NA,"0011XX 21ST AVE N",4,"Jordan",5,45.00025,-93.29487,-10385537.2656885,5621561.46568024,3,309827,2020,6
-10386038.7445,5624591.0812,"Gunshot Wound Victims",NA,"20-100048","MP2020100048",2020-04-16,"23:36:00+00","2020/04/16 20:52:00+00","Non NIBRS Data","Non NIBRS Data","Non NIBRS Data","Gunshot Wound Victims","Gunshot Wound Victims",NA,NA,"0035XX IRVING AVE N",4,"Folwell",4,45.01949,-93.29937,-10386038.7445454,5624591.08124124,2,309828,2020,4
-10379309.6456,5612684.5593,"Gunshot Wound Victims",NA,"20-108563","MP2020108563",2020-04-25,"05:23:00+00","2020/04/25 03:50:00+00","Non NIBRS Data","Non NIBRS Data","Non NIBRS Data","Gunshot Wound Victims","Gunshot Wound Victims",NA,NA,"0032XX 23RD AVE S",3,"East Phillips",9,44.94384,-93.23892,-10379309.6456382,5612684.55928189,1,309829,2020,4
-10387026.2469,5623750.4666,"Gunshot Wound Victims",NA,"20-119026","MP2020119026",2020-05-05,"12:02:00+00","2020/05/04 21:00:00+00","Non NIBRS Data","Non NIBRS Data","Non NIBRS Data","Gunshot Wound Victims","Gunshot Wound Victims",NA,NA,"0032XX PENN AVE N",4,"Folwell",4,45.01416,-93.30824,-10387026.2468659,5623750.46657605,1,309830,2020,5
-10385055.4093,5623729.3412,"Gunshot Wound Victims",NA,"20-128996","MP2020128996",2020-05-15,"00:27:00+00","2020/05/14 23:23:00+00","Non NIBRS Data","Non NIBRS Data","Non NIBRS Data","Gunshot Wound Victims","Gunshot Wound Victims",NA,NA,"0032XX BRYANT AVE N",4,"McKinley",4,45.01402,-93.29054,-10385055.4093076,5623729.34115129,1,309831,2020,5
-10384985.93,5623870.5676,"Gunshot Wound Victims",NA,"20-138663","MP2020138663",2020-05-23,"22:53:00+00","2020/05/23 21:04:00+00","Non NIBRS Data","Non NIBRS Data","Non NIBRS Data","Gunshot Wound Victims","Gunshot Wound Victims",NA,NA,"0008XX 33RD AVE N",4,"McKinley",5,45.01492,-93.28992,-10384985.9300145,5623870.56759418,1,309832,2020,5
-10382147.5146,5611446.5668,"Gunshot Wound Victims",NA,"20-141800","MP2020141800",2020-05-26,"20:17:00+00","2020/05/26 20:09:00+00","Non NIBRS Data","Non NIBRS Data","Non NIBRS Data","Gunshot Wound Victims","Gunshot Wound Victims",NA,NA,"0007XX 37TH ST E",3,"Powderhorn Park",8,44.93597,-93.26442,-10382147.5146303,5611446.56681588,1,309833,2020,5
-10386208.2527,5621709.0858,"Gunshot Wound Victims",NA,"20-144298","MP2020144298",2020-05-29,"03:26:00+00","2020/05/28 23:33:00+00","Non NIBRS Data","Non NIBRS Data","Non NIBRS Data","Gunshot Wound Victims","Gunshot Wound Victims",NA,NA,"0016XX HILLSIDE AVE N",4,"Jordan",5,45.00119,-93.3009,-10386208.2527323,5621709.08581571,1,309834,2020,5
-10380386.022,5614949.211,"Gunshot Wound Victims",NA,"20-146923","MP2020146923",2020-05-31,"04:18:00+00","2020/05/30 00:31:00+00","Non NIBRS Data","Non NIBRS Data","Non NIBRS Data","Gunshot Wound Victims","Gunshot Wound Victims",NA,NA,"0024XX 18TH AVE S",3,"East Phillips",9,44.95824,-93.24859,-10380386.0220257,5614949.21102248,1,309835,2020,5
-10384774.5664,5615229.7072,"Gunshot Wound Victims","Yes","20-213325","MP2020213325",2020-08-16,"05:55:00+00","2020/08/16 04:57:00+00","Non NIBRS Data","Non NIBRS Data","Non NIBRS Data","Gunshot Wound Victims","Gunshot Wound Victims","Shooting Report Only (P)","Shooting Report Only (P)","0023XX LYNDALE AVE S",5,"Lowry Hill East",10,44.96002,-93.28802,-10384774.5663658,5615229.70717379,1,309836,2020,8
-10377322.703,5610168.3895,"Gunshot Wound Victims","No","20-214763","MP2020214763",2020-08-18,"05:38:00+00","2020/08/18 03:46:00+00","Non NIBRS Data","Non NIBRS Data","Non NIBRS Data","Gunshot Wound Victims","Gunshot Wound Victims","Shooting (PFE)","Shooting (PFE)","0041XX SNELLING AVE",3,"Hiawatha",12,44.92784,-93.22108,-10377322.7030426,5610168.38954084,1,309837,2020,8
-10386088.7378,5622016.8466,"Gunshot Wound Victims","No","20-224278","MP2020224278",2020-08-28,"22:31:00+00","2020/08/28 18:58:00+00","Non NIBRS Data","Non NIBRS Data","Non NIBRS Data","Gunshot Wound Victims","Gunshot Wound Victims","ShotSpotter Activation (P)","Shooting (PFE)","0022XX IRVING AVE N",4,"Jordan",5,45.00315,-93.29982,-10386088.7378155,5622016.84659296,4,309838,2020,8
-10385898.2623,5623453.5119,"Gunshot Wound Victims","No","20-237774","MP2020237774",2020-09-13,"23:03:00+00","2020/09/13 22:06:00+00","Non NIBRS Data","Non NIBRS Data","Non NIBRS Data","Gunshot Wound Victims","Gunshot Wound Victims","Shooting (PFE)","Shooting (PFE)","0031XX HUMBOLDT AVE N",4,"Jordan",5,45.01227,-93.29811,-10385898.2622823,5623453.51188002,1,309839,2020,9
-10380245.4502,5614880.0102,"Gunshot Wound Victims","No","20-238716","MP2020238716",2020-09-14,"20:56:00+00","2020/09/14 20:50:00+00","Non NIBRS Data","Non NIBRS Data","Non NIBRS Data","Gunshot Wound Victims","Gunshot Wound Victims","Sound of Shots Fired (P)","Shooting (PFE)","0024XX CEDAR AVE S",3,"East Phillips",9,44.9578,-93.24733,-10380245.4502011,5614880.0101725,2,309840,2020,9
-10381807.8219,5613961.0113,"Gunshot Wound Victims","No","22-142016","MP2022142016",2022-06-25,"20:24:00+00","2022/06/25 20:22:00+00","Non NIBRS Data","Non NIBRS Data","Non NIBRS Data","Gunshot Wound Victims","Gunshot Wound Victims","Shooting Report Only (P)","Shooting Report Only (P)","0009XX 28TH ST E",3,"Midtown Phillips",9,44.95196,-93.26137,-10381807.8219322,5613961.01130238,1,309841,2022,6
-10383995.6361,5621926.0497,"Gunshot Wound Victims","No","22-045662","MP202245662",2022-03-04,"16:34:00+00","2022/03/04 16:34:00+00","Non NIBRS Data","Non NIBRS Data","Non NIBRS Data","Gunshot Wound Victims","Gunshot Wound Victims","Shooting (PFE)","Shooting (PFE)","0002XX 23RD AVE N",4,"Hawthorne",5,45.00257,-93.28102,-10383995.6360887,5621926.04972424,1,309842,2022,3
-10383807.5102,5616334.9588,"Gunshot Wound Victims","No","22-052700","MP202252700",2022-03-14,"04:36:00+00","2022/03/14 04:36:00+00","Non NIBRS Data","Non NIBRS Data","Non NIBRS Data","Gunshot Wound Victims","Gunshot Wound Victims","Assist EMS Personnel (P)","Shooting (PFE)","0015XX LASALLE AVE",1,"Loring Park",7,44.96705,-93.27933,-10383807.5101941,5616334.95876022,1,309843,2022,3
-10384941.9664,5621657.1554,"Gunshot Wound Victims","No","22-056676","MP202256676",2022-03-18,"17:23:00+00","2022/03/18 17:23:00+00","Non NIBRS Data","Non NIBRS Data","Non NIBRS Data","Gunshot Wound Victims","Gunshot Wound Victims","Shooting (PFE)","Shooting (PFE)","0021XX ALDRICH AVE N",4,"Near - North",5,45.00086,-93.28952,-10384941.9664195,5621657.15536339,1,309844,2022,3
-10382147.5146,5611446.5668,"Gunshot Wound Victims","No","22-057691","MP202257691",2022-03-19,"08:48:00+00","2022/03/19 08:48:00+00","Non NIBRS Data","Non NIBRS Data","Non NIBRS Data","Gunshot Wound Victims","Gunshot Wound Victims","ShotSpotter Activation (P)","Shooting (PFE)","0007XX 37TH ST E",3,"Powderhorn Park",8,44.93597,-93.26442,-10382147.5146303,5611446.56681588,2,309845,2022,3
-10383484.8055,5617871.0411,"Gunshot Wound Victims","Yes","22-061648","MP202261648",2022-03-24,"18:54:00+00","2022/03/24 18:54:00+00","Non NIBRS Data","Non NIBRS Data","Non NIBRS Data","Gunshot Wound Victims","Gunshot Wound Victims","Shooting (PFE)","Shooting (PFE)","0008XX HENNEPIN AVE",1,"Downtown West",7,44.97681,-93.27643,-10383484.8054914,5617871.04105438,1,309846,2022,3
-10384941.9664,5621657.1554,"Gunshot Wound Victims","Yes","22-063967","MP202263967",2022-03-27,"19:27:00+00","2022/03/27 19:15:00+00","Non NIBRS Data","Non NIBRS Data","Non NIBRS Data","Gunshot Wound Victims","Gunshot Wound Victims","Shooting Report Only (P)","Shooting Report Only (P)","0021XX ALDRICH AVE N",4,"Hawthorne",5,45.00086,-93.28952,-10384941.9664195,5621657.15536339,1,309847,2022,3
-10384096.4566,5604319.3929,"Gunshot Wound Victims","No","22-068968","MP202268968",2022-04-02,"21:30:00+00","2022/04/02 21:30:00+00","Non NIBRS Data","Non NIBRS Data","Non NIBRS Data","Gunshot Wound Victims","Gunshot Wound Victims","ShotSpotter Activation (P)","Shooting (PFE)","0002XX 62ND ST W",4,"Hawthorne",NA,44.89063,-93.28193,-10384096.4565763,5604319.39288351,1,309848,2022,4
-10384056.3995,5620861.677,"Gunshot Wound Victims","Yes","21-176606","MP2021176606",2021-08-07,"02:21:00+00","2021/08/07 01:30:00+00","Non NIBRS Data","Non NIBRS Data","Non NIBRS Data","Gunshot Wound Victims","Gunshot Wound Victims","Shooting Report Only (P)","Shooting Report Only (P)","0016XX WASHINGTON AVE N",4,"Hawthorne",5,44.99581,-93.28157,-10384056.3995044,5620861.67704219,1,309849,2021,8
-10386921.906,5618488.418,"Gunshot Wound Victims","No","21-177770","MP2021177770",2021-08-08,"14:48:00+00","2021/08/08 14:48:00+00","Non NIBRS Data","Non NIBRS Data","Non NIBRS Data","Gunshot Wound Victims","Gunshot Wound Victims","ShotSpotter Activation (P)","Shooting (PFE)","0020XX GLENWOOD AVE",4,"Harrison",5,44.98073,-93.30731,-10386921.9060465,5618488.41802456,2,309850,2021,8
-10381661.4785,5614664.9992,"Gunshot Wound Victims","No","21-177998","MP2021177998",2021-08-08,"19:24:00+00","2021/08/08 19:24:00+00","Non NIBRS Data","Non NIBRS Data","Non NIBRS Data","Gunshot Wound Victims","Gunshot Wound Victims","On Site (P)","Shooting Report Only (P)","0025XX 10TH AVE S",3,"Midtown Phillips",9,44.95643,-93.26005,-10381661.4784662,5614664.99916609,1,309851,2021,8
-10385145.302,5618805.5427,"Gunshot Wound Victims","No","21-179054","MP2021179054",2021-08-10,"02:03:00+00","2021/08/09 23:50:00+00","Non NIBRS Data","Non NIBRS Data","Non NIBRS Data","Gunshot Wound Victims","Gunshot Wound Victims","Shooting (PFE)","Shooting (PFE)","0009XX 5TH AVE N",4,"Sumner - Glenwood",5,44.98275,-93.29135,-10385145.3019803,5618805.54265808,1,309852,2021,8
-10381184.4938,5616474.3222,"Gunshot Wound Victims","No","21-181218","MP2021181218",2021-08-12,"17:26:00+00","2021/08/12 16:23:00+00","Non NIBRS Data","Non NIBRS Data","Non NIBRS Data","Gunshot Wound Victims","Gunshot Wound Victims","Sound of Shots Fired (P)~PD","Shooting (PFE)","0008XX 13TH AVE S",1,"Elliot Park",6,44.96793,-93.25577,-10381184.4938317,5616474.32216328,1,309853,2021,8
-10379005.7047,5615236.5392,"Gunshot Wound Victims","No","21-184044","MP2021184044",2021-08-15,"22:30:00+00","2021/08/15 20:48:00+00","Non NIBRS Data","Non NIBRS Data","Non NIBRS Data","Gunshot Wound Victims","Gunshot Wound Victims","Sound of Shots Fired (P)","Shooting Report Only (P)","0022XX 25TH AVE S",3,"Seward",6,44.96006,-93.23619,-10379005.7046638,5615236.53916974,1,309854,2021,8
-10384483.5595,5625860.8754,"Gunshot Wound Victims","No","21-196007","MP2021196007",2021-08-29,"22:41:00+00","2021/08/29 17:17:00+00","Non NIBRS Data","Non NIBRS Data","Non NIBRS Data","Gunshot Wound Victims","Gunshot Wound Victims","Shooting (PFE)","Shooting (PFE)","0004XX 40TH AVE N",4,"Webber - Camden",4,45.02756,-93.2854,-10384483.5595457,5625860.87542079,1,309855,2021,8
-10385486.1445,5625725.3579,"Gunshot Wound Victims","Yes","21-199969","MP2021199969",2021-09-03,"04:01:00+00","2021/09/02 23:30:00+00","Non NIBRS Data","Non NIBRS Data","Non NIBRS Data","Gunshot Wound Victims","Gunshot Wound Victims","Shooting Report Only (P)","Shooting Report Only (P)","0039XX EMERSON AVE N",4,"Webber - Camden",4,45.0267,-93.29441,-10385486.1445033,5625725.35792497,1,309856,2021,9
-10385452.5369,5621474.7249,"Gunshot Wound Victims","No","21-205380","MP2021205380",2021-09-09,"02:47:00+00","2021/09/09 02:47:00+00","Non NIBRS Data","Non NIBRS Data","Non NIBRS Data","Gunshot Wound Victims","Gunshot Wound Victims","Shooting (PFE)","Shooting (PFE)","0020XX EMERSON AVE N",4,"Jordan",5,44.9997,-93.29411,-10385452.5368591,5621474.72490098,1,309857,2021,9
-10382003.3796,5611160.7354,"Gunshot Wound Victims","No","21-207182","MP2021207182",2021-09-11,"00:20:00+00","2021/09/11 00:20:00+00","Non NIBRS Data","Non NIBRS Data","Non NIBRS Data","Gunshot Wound Victims","Gunshot Wound Victims","ShotSpotter Activation (P)","Shooting (PFE)","0007XX 38TH ST E",3,"Central",8,44.93415,-93.26312,-10382003.3795734,5611160.73544614,1,309858,2021,9
-10380676.1631,5619620.0312,"Gunshot Wound Victims","No","21-207363","MP2021207363",2021-09-11,"04:10:00+00","2021/09/11 04:00:00+00","Non NIBRS Data","Non NIBRS Data","Non NIBRS Data","Gunshot Wound Victims","Gunshot Wound Victims","Sound of Shots Fired (P)~PD","Shooting (PFE)","0002XX 5TH ST SE",2,"Marcy Holmes",3,44.98792,-93.2512,-10380676.1630769,5619620.03124242,1,309859,2021,9
0,0,"Gunshot Wound Victims","No","21-215062","MP2021215062",2021-09-19,"18:25:00+00","2021/09/19 18:25:00+00","Non NIBRS Data","Non NIBRS Data","Non NIBRS Data","Gunshot Wound Victims","Gunshot Wound Victims","Shooting Report Only (P)","Shooting Report Only (P)","No Address",NA,NA,NA,0,0,0,0,1,309860,2021,9
-10381584.1004,5611443.3138,"Gunshot Wound Victims","No","20-215376","MP2020215376",2020-08-18,"21:55:00+00","2020/08/18 19:30:00+00","Non NIBRS Data","Non NIBRS Data","Non NIBRS Data","Gunshot Wound Victims","Gunshot Wound Victims","Shooting Report Only (P)","Shooting Report Only (P)","0010XX 37TH ST E",3,"Powderhorn Park",9,44.93595,-93.25936,-10381584.1003758,5611443.31378496,1,309861,2020,8
-10383075.7565,5615947.797,"Gunshot Wound Victims","No","20-228311","MP2020228311",2020-09-02,"15:21:00+00","2020/09/02 14:00:00+00","Non NIBRS Data","Non NIBRS Data","Non NIBRS Data","Gunshot Wound Victims","Gunshot Wound Victims","Shooting (PFE)","Shooting (PFE)","0018XX 3RD AVE S",5,"Steven's Square - Loring Heights",6,44.96458,-93.27276,-10383075.7564917,5615947.79699802,1,309862,2020,9
-10382147.5146,5611446.5668,"Gunshot Wound Victims",NA,"20-161936","MP2020161936",2020-06-16,"22:37:00+00","2020/06/16 22:30:00+00","Non NIBRS Data","Non NIBRS Data","Non NIBRS Data","Gunshot Wound Victims","Gunshot Wound Victims",NA,NA,"0007XX 37TH ST E",3,"Powderhorn Park",8,44.93597,-93.26442,-10382147.5146303,5611446.56681588,2,309863,2020,6
-10386603.5452,5620856.2571,"Gunshot Wound Victims",NA,"20-166548","MP2020166548",2020-06-22,"19:01:00+00","2020/06/22 14:33:00+00","Non NIBRS Data","Non NIBRS Data","Non NIBRS Data","Gunshot Wound Victims","Gunshot Wound Victims",NA,NA,"0016XX MORGAN AVE N",4,"Willard - Hay",5,44.99577,-93.30445,-10386603.5452079,5620856.25714909,4,309864,2020,6
-10384924.6856,5626314.705,"Gunshot Wound Victims",NA,"20-167540","MP2020167540",2020-06-23,"23:20:00+00","2020/06/23 18:18:00+00","Non NIBRS Data","Non NIBRS Data","Non NIBRS Data","Gunshot Wound Victims","Gunshot Wound Victims",NA,NA,"0041XX ALDRICH AVE N",4,"Webber - Camden",4,45.03044,-93.28937,-10384924.6855542,5626314.70496867,1,309865,2020,6
-10384856.738,5621558.4726,"Gunshot Wound Victims",NA,"20-172381","MP2020172381",2020-06-29,"14:31:00+00","2020/06/29 13:59:00+00","Non NIBRS Data","Non NIBRS Data","Non NIBRS Data","Gunshot Wound Victims","Gunshot Wound Victims",NA,NA,"0007XX 21ST AVE N",4,"Hawthorne",5,45.00023,-93.28876,-10384856.7380175,5621558.47260638,1,309866,2020,6
-10381941.2915,5615440.2167,"Gunshot Wound Victims",NA,"20-175306","MP2020175306",2020-07-03,"01:48:00+00","2020/07/03 00:38:00+00","Non NIBRS Data","Non NIBRS Data","Non NIBRS Data","Gunshot Wound Victims","Gunshot Wound Victims",NA,NA,"0021XX CHICAGO AVE",3,"Ventura Village",6,44.96136,-93.26257,-10381941.2914788,5615440.21670984,2,309867,2020,7
-10386441.9074,5629152.8661,"Gunshot Wound Victims",NA,"20-177105","MP2020177105",2020-07-06,"00:19:00+00","2020/07/05 02:51:00+00","Non NIBRS Data","Non NIBRS Data","Non NIBRS Data","Gunshot Wound Victims","Gunshot Wound Victims",NA,NA,"0051XX KNOX AVE N",4,"Shingle Creek",4,45.04845,-93.303,-10386441.9074457,5629152.86610223,1,309868,2020,7
-10383224.3012,5612719.8904,"Gunshot Wound Victims","No","20-179209","MP2020179209",2020-07-07,"22:40:00+00","2020/07/07 21:45:00+00","Non NIBRS Data","Non NIBRS Data","Non NIBRS Data","Gunshot Wound Victims","Gunshot Wound Victims","ShotSpotter Activation (P)","Shooting (PFE)","0032XX 2ND AVE S",3,"Central",8,44.94406,-93.27409,-10383224.301209,5612719.89038417,1,309869,2020,7
-10383012.202,5612862.428,"Gunshot Wound Victims","Yes","20-180153","MP2020180153",2020-07-09,"03:48:00+00","2020/07/09 01:50:00+00","Non NIBRS Data","Non NIBRS Data","Non NIBRS Data","Gunshot Wound Victims","Gunshot Wound Victims","Shooting Report Only (P)","Shooting Report Only (P)","0003XX 32ND ST E",3,"Central",8,44.94497,-93.27219,-10383012.2019787,5612862.42802168,2,309870,2020,7
-10385622.9656,5621251.566,"Gunshot Wound Victims",NA,"20-148375","MP2020148375",2020-06-01,"03:04:00+00","2020/05/31 23:00:00+00","Non NIBRS Data","Non NIBRS Data","Non NIBRS Data","Gunshot Wound Victims","Gunshot Wound Victims",NA,NA,"0018XX FREMONT AVE N",4,"Near - North",5,44.99829,-93.29564,-10385622.9656146,5621251.56604746,1,309871,2020,6
-10382671.0233,5618296.181,"Gunshot Wound Victims",NA,"20-152011","MP2020152011",2020-06-01,"13:39:00+00","2020/05/31 00:55:00+00","Non NIBRS Data","Non NIBRS Data","Non NIBRS Data","Gunshot Wound Victims","Gunshot Wound Victims",NA,NA,"000XX 4TH ST S",1,"Downtown West",7,44.97951,-93.26912,-10382671.0232541,5618296.18104789,1,309872,2020,6
-10386684.4154,5618622.2209,"Gunshot Wound Victims",NA,"20-155667","MP2020155667",2020-06-09,"03:19:00+00","2020/06/09 00:55:00+00","Non NIBRS Data","Non NIBRS Data","Non NIBRS Data","Gunshot Wound Victims","Gunshot Wound Victims",NA,NA,"0019XX 4TH AVE N",4,"Harrison",5,44.98158,-93.30517,-10386684.4154032,5618622.22093986,1,309873,2020,6
-10380983.5731,5615909.6938,"Gunshot Wound Victims",NA,"20-157046","MP2020157046",2020-06-10,"23:12:00+00","2020/06/10 23:00:00+00","Non NIBRS Data","Non NIBRS Data","Non NIBRS Data","Gunshot Wound Victims","Gunshot Wound Victims",NA,NA,"0018XX 15TH AVE S",3,"Ventura Village",6,44.96434,-93.25396,-10380983.5731377,5615909.69381528,1,309874,2020,6
-10383995.6361,5621926.0497,"Gunshot Wound Victims",NA,"20-159675","MP2020159675",2020-06-14,"05:54:00+00","2020/06/14 01:56:00+00","Non NIBRS Data","Non NIBRS Data","Non NIBRS Data","Gunshot Wound Victims","Gunshot Wound Victims",NA,NA,"0002XX 23RD AVE N",4,"Hawthorne",5,45.00257,-93.28102,-10383995.6360887,5621926.04972424,7,309875,2020,6
-10384686.0972,5623018.4563,"Gunshot Wound Victims",NA,"20-160088","MP2020160088",2020-06-14,"19:09:00+00","2020/06/14 17:58:00+00","Non NIBRS Data","Non NIBRS Data","Non NIBRS Data","Gunshot Wound Victims","Gunshot Wound Victims",NA,NA,"0006XX 29TH AVE N",4,"Hawthorne",5,45.00951,-93.28722,-10384686.0972243,5623018.45627519,1,309876,2020,6
-10386208.2527,5621709.0858,"Gunshot Wound Victims",NA,"20-161292","MP2020161292",2020-06-16,"15:03:00+00","2020/06/16 08:45:00+00","Non NIBRS Data","Non NIBRS Data","Non NIBRS Data","Gunshot Wound Victims","Gunshot Wound Victims",NA,NA,"0016XX HILLSIDE AVE N",4,"Jordan",5,45.00119,-93.3009,-10386208.2527323,5621709.08581571,1,309877,2020,6
-10380467.2267,5613396.9347,"Gunshot Wound Victims",NA,"20-162718","MP2020162718",2020-06-18,"00:14:00+00","2020/06/17 21:57:00+00","Non NIBRS Data","Non NIBRS Data","Non NIBRS Data","Gunshot Wound Victims","Gunshot Wound Victims",NA,NA,"0017XX LAKE ST E",3,"East Phillips",9,44.94837,-93.24932,-10380467.2267347,5613396.9346747,1,309878,2020,6
-10386203.6324,5626609.5963,"Gunshot Wound Victims","No","20-245479","MP2020245479",2020-09-22,"18:45:00+00","2020/09/22 16:04:00+00","Non NIBRS Data","Non NIBRS Data","Non NIBRS Data","Gunshot Wound Victims","Gunshot Wound Victims","Shooting (PFE)","Shooting (PFE)","0042XX JAMES AVE N",4,"Webber - Camden",4,45.03231,-93.30085,-10386203.6324296,5626609.59628068,1,309879,2020,9
-10387366.2979,5622239.3073,"Gunshot Wound Victims","No","20-249142","MP2020249142",2020-09-26,"15:25:00+00","2020/09/26 14:20:00+00","Non NIBRS Data","Non NIBRS Data","Non NIBRS Data","Gunshot Wound Victims","Gunshot Wound Victims","Shooting (PFE)","Shooting (PFE)","0024XX FERRANT PL",4,"Willard - Hay",5,45.00456,-93.3113,-10387366.2978761,5622239.3072556,1,309880,2020,9
-10382671.0233,5618296.181,"Gunshot Wound Victims","Yes","20-255690","MP2020255690",2020-10-04,"04:31:00+00","2020/10/04 02:23:00+00","Non NIBRS Data","Non NIBRS Data","Non NIBRS Data","Gunshot Wound Victims","Gunshot Wound Victims","On Site (P)","Shooting (PFE)","000XX 4TH ST S",1,"Downtown West",7,44.97951,-93.26912,-10382671.0232541,5618296.18104789,1,309881,2020,10
-10386255.8128,5620182.905,"Gunshot Wound Victims","No","21-207953","MP2021207953",2021-09-11,"20:26:00+00","2021/09/11 20:19:00+00","Non NIBRS Data","Non NIBRS Data","Non NIBRS Data","Gunshot Wound Victims","Gunshot Wound Victims","ShotSpotter Activation (P)","ShotSpotter Activation (P)","0016XX PLYMOUTH AVE N",4,"Near - North",5,44.9915,-93.30132,-10386255.8128158,5620182.90502445,2,309882,2021,9
-10382090.9415,5612977.2355,"Gunshot Wound Victims","Yes","21-208733","MP2021208733",2021-09-12,"18:22:00+00","2021/09/12 17:40:00+00","Non NIBRS Data","Non NIBRS Data","Non NIBRS Data","Gunshot Wound Victims","Gunshot Wound Victims","Shooting Report Only (P)","Shooting Report Only (P)","0031XX COLUMBUS AVE",3,"Midtown Phillips",9,44.9457,-93.26391,-10382090.9414771,5612977.23553847,1,309883,2021,9
-10380147.6015,5616780.0691,"Gunshot Wound Victims","No","21-211670","MP2021211670",2021-09-16,"00:18:00+00","2021/09/16 00:16:00+00","Non NIBRS Data","Non NIBRS Data","Non NIBRS Data","Gunshot Wound Victims","Gunshot Wound Victims","Person with a Weapon (P)","Shooting Report Only (P)","0018XX RIVERSIDE AVE",1,"Cedar Riverside",6,44.96987,-93.24645,-10380147.6014985,5616780.06907859,1,309884,2021,9
-10380304.7313,5618590.0885,"Gunshot Wound Victims","No","22-142288","MP2022142288",2022-06-26,"00:44:00+00","2022/06/25 23:08:00+00","Non NIBRS Data","Non NIBRS Data","Non NIBRS Data","Gunshot Wound Victims","Gunshot Wound Victims","On Site (P)","Shooting (PFE)","0007XX MAIN ST SE",2,"Marcy Holmes",3,44.98138,-93.24786,-10380304.7313251,5618590.0885165,4,309885,2022,6
-10381661.4785,5614664.9992,"Gunshot Wound Victims","No","22-152534","MP2022152534",2022-07-06,"16:51:00+00","2022/07/06 16:51:00+00","Non NIBRS Data","Non NIBRS Data","Non NIBRS Data","Gunshot Wound Victims","Gunshot Wound Victims","Gasoline Leak/Spill (F)~FIRE","Shooting Report Only (P)","0025XX 10TH AVE S",3,"East Phillips",9,44.95643,-93.26005,-10381661.4784662,5614664.99916609,1,309886,2022,7
-10382003.0331,5617172.4506,"Gunshot Wound Victims","Yes","22-159517","MP2022159517",2022-07-14,"01:27:00+00","2022/07/14 00:30:00+00","Non NIBRS Data","Non NIBRS Data","Non NIBRS Data","Gunshot Wound Victims","Gunshot Wound Victims","Shooting Report Only (P)","Shooting Report Only (P)","0007XX PARK AVE",2,"St. Anthony West",3,44.97237,-93.26312,-10382003.0331279,5617172.45057924,1,309887,2022,7
-10384774.5664,5615229.7072,"Gunshot Wound Victims","No","22-165021","MP2022165021",2022-07-20,"01:39:00+00","2022/07/20 01:39:00+00","Non NIBRS Data","Non NIBRS Data","Non NIBRS Data","Gunshot Wound Victims","Gunshot Wound Victims","Shooting (PFE)","Shooting (PFE)","0023XX LYNDALE AVE S",5,"Lowry Hill East",10,44.96002,-93.28802,-10384774.5663658,5615229.70717379,1,309888,2022,7
-10384588.7982,5628197.838,"Gunshot Wound Victims","No","22-165750","MP2022165750",2022-07-20,"20:36:00+00","2022/07/20 20:36:00+00","Non NIBRS Data","Non NIBRS Data","Non NIBRS Data","Gunshot Wound Victims","Gunshot Wound Victims","Shooting (PFE)","Shooting (PFE)","0048XX LYNDALE AVE N",4,"Lind - Bohanon",4,45.04239,-93.28635,-10384588.7982197,5628197.83798285,1,309889,2022,7
-10379011.7036,5614669.9735,"Gunshot Wound Victims","No","22-168876","MP2022168876",2022-07-24,"07:31:00+00","2022/07/24 07:31:00+00","Non NIBRS Data","Non NIBRS Data","Non NIBRS Data","Gunshot Wound Victims","Gunshot Wound Victims","Shooting Report Only (P)","Shooting Report Only (P)","0025XX 25TH AVE S",3,"Seward",2,44.95646,-93.23625,-10379011.7036347,5614669.97353894,1,309890,2022,7
-10385708.2099,5621932.3709,"Gunshot Wound Victims","No","22-172213","MP2022172213",2022-07-27,"17:46:00+00","2022/07/27 17:46:00+00","Non NIBRS Data","Non NIBRS Data","Non NIBRS Data","Gunshot Wound Victims","Gunshot Wound Victims","Shooting (PFE)","Shooting (PFE)","0012XX 23RD AVE N",4,"Jordan",5,45.00261,-93.2964,-10385708.2098747,5621932.37089891,1,309891,2022,7
-10386930.8087,5628727.2485,"Gunshot Wound Victims","No","22-176124","MP2022176124",2022-07-31,"22:26:00+00","2022/07/31 22:26:00+00","Non NIBRS Data","Non NIBRS Data","Non NIBRS Data","Gunshot Wound Victims","Gunshot Wound Victims","Shooting (PFE)","Shooting (PFE)","0021XX 50TH AVE N",4,"Shingle Creek",4,45.04575,-93.30739,-10386930.8087042,5628727.2485129,1,309892,2022,7
-10386208.2527,5621709.0858,"Gunshot Wound Victims","No","22-077278","MP202277278",2022-04-13,"23:12:00+00","2022/04/13 20:13:00+00","Non NIBRS Data","Non NIBRS Data","Non NIBRS Data","Gunshot Wound Victims","Gunshot Wound Victims","ShotSpotter Activation (P)","Shooting (PFE)","0016XX HILLSIDE AVE N",4,"Jordan",5,45.00119,-93.3009,-10386208.2527323,5621709.08581571,1,309893,2022,4
-10383638.833,5615868.096,"Gunshot Wound Victims","No","22-087523","MP202287523",2022-04-26,"19:42:00+00","2022/04/26 18:01:00+00","Non NIBRS Data","Non NIBRS Data","Non NIBRS Data","Gunshot Wound Victims","Gunshot Wound Victims","Sound of Shots Fired (P)","Shooting (PFE)","0019XX NICOLLET AVE",5,"Steven's Square - Loring Heights",6,44.96408,-93.27781,-10383638.8330167,5615868.09601212,1,309894,2022,4
-10384029.2236,5614100.7838,"Gunshot Wound Victims","No","22-092628","MP202292628",2022-05-02,"20:38:00+00","2022/05/02 17:32:00+00","Non NIBRS Data","Non NIBRS Data","Non NIBRS Data","Gunshot Wound Victims","Gunshot Wound Victims","Shooting (PFE)","Shooting (PFE)","0027XX PILLSBURY AVE",5,"Whittier",10,44.95284,-93.28132,-10384029.223642,5614100.78379079,1,309895,2022,5
-10384696.3221,5627730.8676,"Gunshot Wound Victims","Yes","22-094596","MP202294596",2022-05-05,"01:06:00+00","2022/05/04 23:30:00+00","Non NIBRS Data","Non NIBRS Data","Non NIBRS Data","Gunshot Wound Victims","Gunshot Wound Victims","Shooting Report Only (P)","Shooting Report Only (P)","0046XX LYNDALE AVE N",4,"Camden Industrial",4,45.03943,-93.28731,-10384696.322144,5627730.86758852,1,309896,2022,5
-10382693.5878,5604945.6335,"Gunshot Wound Victims","No","22-102282","MP2022102282",2022-05-13,"14:56:00+00","2022/05/13 14:56:00+00","Non NIBRS Data","Non NIBRS Data","Non NIBRS Data","Gunshot Wound Victims","Gunshot Wound Victims","Sound of Shots Fired (P)","Shooting (PFE)","0059XX DIAMOND LAKE LN",3,"Diamond Lake",11,44.89461,-93.26932,-10382693.5878476,5604945.63348017,1,309897,2022,5
-10384483.5595,5625860.8754,"Gunshot Wound Victims","No","22-111581","MP2022111581",2022-05-24,"01:35:00+00","2022/05/23 23:00:00+00","Non NIBRS Data","Non NIBRS Data","Non NIBRS Data","Gunshot Wound Victims","Gunshot Wound Victims","Shooting Report Only (P)","Shooting Report Only (P)","0004XX 40TH AVE N",4,"Webber - Camden",4,45.02756,-93.2854,-10384483.5595457,5625860.87542079,1,309898,2022,5
-10377026.2305,5619267.9311,"Gunshot Wound Victims","No","22-202289","MP2022202289",2022-08-29,"16:45:00+00","2022/08/29 12:10:00+00","Non NIBRS Data","Non NIBRS Data","Non NIBRS Data","Gunshot Wound Victims","Gunshot Wound Victims","Shooting (PFE)","Shooting (PFE)","0024XX COLE AVE SE",2,"Como",2,44.98568,-93.21841,-10377026.2305418,5619267.93108991,1,309899,2022,8
-10385406.9345,5623588.9433,"Gunshot Wound Victims","No","20-173394","MP2020173394",2020-06-30,"20:58:00+00","2020/06/30 19:29:00+00","Non NIBRS Data","Non NIBRS Data","Non NIBRS Data","Gunshot Wound Victims","Gunshot Wound Victims","Shooting (PFE)","Shooting (PFE)","0011XX LOWRY AVE N",4,"Folwell",4,45.01313,-93.2937,-10385406.9345301,5623588.94325363,1,309900,2020,6
-10384218.4365,5613256.2565,"Gunshot Wound Victims","No","22-204447","MP2022204447",2022-08-31,"18:37:00+00","2022/08/31 18:37:00+00","Non NIBRS Data","Non NIBRS Data","Non NIBRS Data","Gunshot Wound Victims","Gunshot Wound Victims","Shooting (PFE)","Shooting (PFE)","0030XX PLEASANT AVE",5,"Lyndale",8,44.94747,-93.28302,-10384218.436482,5613256.25653385,2,309901,2022,8
-10381661.4785,5614664.9992,"Gunshot Wound Victims","No","22-119349","MP2022119349",2022-06-01,"22:46:00+00","2022/06/01 21:10:00+00","Non NIBRS Data","Non NIBRS Data","Non NIBRS Data","Gunshot Wound Victims","Gunshot Wound Victims","Shooting Report Only (P)","Shooting Report Only (P)","0025XX 10TH AVE S",3,"Midtown Phillips",9,44.95643,-93.26005,-10381661.4784662,5614664.99916609,1,309902,2022,6
-10387451.4304,5623180.6672,"Gunshot Wound Victims","No","21-219569","MP2021219569",2021-09-24,"23:01:00+00","2021/09/24 20:44:00+00","Non NIBRS Data","Non NIBRS Data","Non NIBRS Data","Gunshot Wound Victims","Gunshot Wound Victims","ShotSpotter Activation (P)","Shooting (PFE)","0029XX SHERIDAN AVE N",4,"Jordan",4,45.01054,-93.31206,-10387451.4303706,5623180.66721305,1,309903,2021,9
-10385617.7405,5624016.5099,"Gunshot Wound Victims","No","21-221533","MP2021221533",2021-09-26,"23:07:00+00","2021/09/26 23:00:00+00","Non NIBRS Data","Non NIBRS Data","Non NIBRS Data","Gunshot Wound Victims","Gunshot Wound Victims","Shooting Report Only (P)","Shooting Report Only (P)","0033XX FREMONT AVE N",4,"Folwell",4,45.01585,-93.29559,-10385617.7405172,5624016.50987043,1,309904,2021,9
-10385905.352,5620009.3082,"Gunshot Wound Victims","No","21-223251","MP2021223251",2021-09-29,"00:20:00+00","2021/09/29 00:20:00+00","Non NIBRS Data","Non NIBRS Data","Non NIBRS Data","Gunshot Wound Victims","Gunshot Wound Victims","Shooting (PFE)","Shooting (PFE)","0012XX HUMBOLDT AVE N",4,"Near - North",5,44.99039,-93.29818,-10385905.3520206,5620009.30818863,1,309905,2021,9
-10385547.5684,5624443.0434,"Gunshot Wound Victims","No","20-258225","MP2020258225",2020-10-07,"03:09:00+00","2020/10/07 01:30:00+00","Non NIBRS Data","Non NIBRS Data","Non NIBRS Data","Gunshot Wound Victims","Gunshot Wound Victims","Shooting Report Only (P)","Shooting Report Only (P)","0012XX 35TH AVE N",4,"Folwell",4,45.01855,-93.29496,-10385547.5684425,5624443.04340198,1,309906,2020,10
-10379359.797,5605480.3421,"Gunshot Wound Victims",NA,"21-232408","MP2021232408",2021-10-09,"04:39:00+00","2021/10/09 01:30:00+00","Non NIBRS Data","Non NIBRS Data","Non NIBRS Data","Gunshot Wound Victims","Gunshot Wound Victims","Shooting Report Only (P)","Shooting Report Only (P)","0022XX 58TH ST E",NA,NA,NA,44.89802,-93.23938,-10379359.7970205,5605480.34206653,1,309907,2021,10
-10383364.1649,5617992.9622,"Gunshot Wound Victims","Yes","20-262555","MP2020262555",2020-10-12,"03:50:00+00","2020/10/12 02:08:00+00","Non NIBRS Data","Non NIBRS Data","Non NIBRS Data","Gunshot Wound Victims","Gunshot Wound Victims","Sound of Shots Fired (P)","Shooting (PFE)","0007XX HENNEPIN AVE",1,"Downtown West",7,44.97758,-93.27535,-10383364.1649281,5617992.96218687,1,309908,2020,10
-10380106.1278,5621234.9998,"Gunshot Wound Victims","No","21-235807","MP2021235807",2021-10-13,"08:03:00+00","2021/10/13 08:03:00+00","Non NIBRS Data","Non NIBRS Data","Non NIBRS Data","Gunshot Wound Victims","Gunshot Wound Victims","Shooting (PFE)","Shooting (PFE)","0008XX TYLER ST NE",2,"Beltrami",3,44.99818,-93.24608,-10380106.1277994,5621234.99982467,1,309909,2021,10
-10384941.9664,5621657.1554,"Gunshot Wound Victims","No","20-263155","MP2020263155",2020-10-12,"21:25:00+00","2020/10/12 20:16:00+00","Non NIBRS Data","Non NIBRS Data","Non NIBRS Data","Gunshot Wound Victims","Gunshot Wound Victims","ShotSpotter Activation (P)","Shooting (PFE)","0021XX ALDRICH AVE N",4,"Hawthorne",5,45.00086,-93.28952,-10384941.9664195,5621657.15536339,1,309910,2020,10
-10386386.2113,5627103.8905,"Gunshot Wound Victims","No","21-236604","MP2021236604",2021-10-14,"03:35:00+00","2021/10/14 03:35:00+00","Non NIBRS Data","Non NIBRS Data","Non NIBRS Data","Gunshot Wound Victims","Gunshot Wound Victims","ShotSpotter Activation (P)","Shooting (PFE)","0017XX 44TH AVE N",4,"Webber - Camden",4,45.03545,-93.30249,-10386386.2113148,5627103.8905313,1,309911,2021,10
-10384941.9664,5621657.1554,"Gunshot Wound Victims","No","20-264772","MP2020264772",2020-10-14,"22:23:00+00","2020/10/14 19:20:00+00","Non NIBRS Data","Non NIBRS Data","Non NIBRS Data","Gunshot Wound Victims","Gunshot Wound Victims","Shooting (PFE)","Shooting (PFE)","0021XX ALDRICH AVE N",4,"Hawthorne",5,45.00086,-93.28952,-10384941.9664195,5621657.15536339,2,309912,2020,10
-10381857.9567,5615652.1446,"Gunshot Wound Victims","No","21-237259","MP2021237259",2021-10-14,"21:46:00+00","2021/10/14 21:46:00+00","Non NIBRS Data","Non NIBRS Data","Non NIBRS Data","Gunshot Wound Victims","Gunshot Wound Victims","Sound of Shots Fired (P)","Shooting (PFE)","0008XX FRANKLIN AVE E",3,"Ventura Village",6,44.96271,-93.26182,-10381857.9566926,5615652.14456797,5,309913,2021,10
-10382671.0233,5618296.181,"Gunshot Wound Victims","Yes","20-267413","MP2020267413",2020-10-18,"03:18:00+00","2020/10/18 01:40:00+00","Non NIBRS Data","Non NIBRS Data","Non NIBRS Data","Gunshot Wound Victims","Gunshot Wound Victims","On Site (P)","Shooting (PFE)","000XX 4TH ST S",1,"Downtown West",7,44.97951,-93.26912,-10382671.0232541,5618296.18104789,1,309914,2020,10
-10378078.5154,5606349.0516,"Gunshot Wound Victims",NA,"20-164551","MP2020164551",2020-06-20,"01:58:00+00","2020/06/19 23:30:00+00","Non NIBRS Data","Non NIBRS Data","Non NIBRS Data","Gunshot Wound Victims","Gunshot Wound Victims",NA,NA,"0030XX 55TH ST E",3,"Keewaydin",11,44.90354,-93.22787,-10378078.5154412,5606349.05155834,2,309915,2020,6
-10385762.2117,5625156.4206,"Gunshot Wound Victims","No","21-241206","MP2021241206",2021-10-19,"17:00:00+00","2021/10/19 17:00:00+00","Non NIBRS Data","Non NIBRS Data","Non NIBRS Data","Gunshot Wound Victims","Gunshot Wound Victims","Sound of Shots Fired (P)","Shooting (PFE)","0037XX GIRARD AVE N",4,"Folwell",4,45.02308,-93.29689,-10385762.2117052,5625156.42063513,1,309916,2021,10
-10384431.0124,5622364.6612,"Gunshot Wound Victims",NA,"20-166740","MP2020166740",2020-06-22,"19:28:00+00","2020/06/22 18:40:00+00","Non NIBRS Data","Non NIBRS Data","Non NIBRS Data","Gunshot Wound Victims","Gunshot Wound Victims",NA,NA,"0025XX 4TH ST N",4,"Hawthorne",5,45.00536,-93.28493,-10384431.0123955,5622364.66120416,1,309917,2020,6
-10380252.5084,5613813.0852,"Gunshot Wound Victims","No","22-180576","MP2022180576",2022-08-05,"13:44:00+00","2022/08/05 13:40:00+00","Non NIBRS Data","Non NIBRS Data","Non NIBRS Data","Gunshot Wound Victims","Gunshot Wound Victims","Shooting (PFE)","Shooting (PFE)","0028XX CEDAR AVE S",3,"Powderhorn Park",9,44.95101,-93.24739,-10380252.5084442,5613813.08515919,1,309918,2022,8
-10381154.6709,5615373.0405,"Gunshot Wound Victims",NA,"20-169093","MP2020169093",2020-06-25,"14:08:00+00","2020/06/23 21:00:00+00","Non NIBRS Data","Non NIBRS Data","Non NIBRS Data","Gunshot Wound Victims","Gunshot Wound Victims",NA,NA,"0013XX 22ND ST E",3,"Ventura Village",6,44.96093,-93.2555,-10381154.6708787,5615373.04047332,1,309919,2020,6
-10381941.2915,5615440.2167,"Gunshot Wound Victims","No","22-193277","MP2022193277",2022-08-19,"15:17:00+00","2022/08/19 14:07:00+00","Non NIBRS Data","Non NIBRS Data","Non NIBRS Data","Gunshot Wound Victims","Gunshot Wound Victims","Shooting (PFE)","Shooting (PFE)","0021XX CHICAGO AVE",3,"Ventura Village",6,44.96136,-93.26257,-10381941.2914788,5615440.21670984,3,309920,2022,8
-10384941.7424,5622190.1583,"Gunshot Wound Victims",NA,"20-171218","MP2020171218",2020-06-27,"23:50:00+00","2020/06/27 22:50:00+00","Non NIBRS Data","Non NIBRS Data","Non NIBRS Data","Gunshot Wound Victims","Gunshot Wound Victims",NA,NA,"0024XX ALDRICH AVE N",4,"Hawthorne",5,45.00425,-93.28952,-10384941.742382,5622190.15826781,2,309921,2020,6
-10380386.022,5614949.211,"Gunshot Wound Victims","No","20-180820","MP2020180820",2020-07-09,"20:32:00+00","2020/07/09 20:32:00+00","Non NIBRS Data","Non NIBRS Data","Non NIBRS Data","Gunshot Wound Victims","Gunshot Wound Victims","Sound of Shots Fired (P)~PD","Shooting (PFE)","0024XX 18TH AVE S",3,"East Phillips",9,44.95824,-93.24859,-10380386.0220257,5614949.21102248,2,309922,2020,7
-10385843.6288,5622461.0584,"Gunshot Wound Victims","No","20-181716","MP2020181716",2020-07-10,"22:18:00+00","2020/07/10 22:06:00+00","Non NIBRS Data","Non NIBRS Data","Non NIBRS Data","Gunshot Wound Victims","Gunshot Wound Victims","Shooting Report Only (P)","Shooting Report Only (P)","0013XX 26TH AVE N",4,"Jordan",5,45.00597,-93.29762,-10385843.6287555,5622461.05842821,1,309923,2020,7
-10387521.6513,5621333.1633,"Gunshot Wound Victims","No","20-183897","MP2020183897",2020-07-13,"19:25:00+00","2020/07/13 18:42:00+00","Non NIBRS Data","Non NIBRS Data","Non NIBRS Data","Gunshot Wound Victims","Gunshot Wound Victims","Shooting (PFE)","Shooting (PFE)","0025XX GOLDEN VALLEY RD",4,"Willard - Hay",5,44.9988,-93.31269,-10387521.6513381,5621333.16330021,1,309924,2020,7
-10381807.8219,5613961.0113,"Gunshot Wound Victims","No","20-183993","MP2020183993",2020-07-13,"22:06:00+00","2020/07/13 21:00:00+00","Non NIBRS Data","Non NIBRS Data","Non NIBRS Data","Gunshot Wound Victims","Gunshot Wound Victims","Shooting Report Only (P)","Shooting Report Only (P)","0009XX 28TH ST E",3,"Midtown Phillips",9,44.95196,-93.26137,-10381807.8219322,5613961.01130238,1,309925,2020,7
-10381661.4785,5614664.9992,"Gunshot Wound Victims","No","20-184924","MP2020184924",2020-07-15,"02:02:00+00","2020/07/14 23:00:00+00","Non NIBRS Data","Non NIBRS Data","Non NIBRS Data","Gunshot Wound Victims","Gunshot Wound Victims","Unknown Trouble (P)","Shooting (PFE)","0025XX 10TH AVE S",3,"Midtown Phillips",9,44.95643,-93.26005,-10381661.4784662,5614664.99916609,1,309926,2020,7
-10381793.832,5611301.948,"Gunshot Wound Victims","No","20-187542","MP2020187542",2020-07-18,"03:02:00+00","2020/07/17 23:59:00+00","Non NIBRS Data","Non NIBRS Data","Non NIBRS Data","Gunshot Wound Victims","Gunshot Wound Victims","Sound of Shots Fired (P)","Shooting (PFE)","0037XX ELLIOT AVE",3,"Powderhorn Park",9,44.93505,-93.26124,-10381793.8319956,5611301.94799334,1,309927,2020,7
-10381536.0763,5615370.8587,"Gunshot Wound Victims","No","20-189665","MP2020189665",2020-07-20,"16:30:00+00","2020/07/20 16:29:00+00","Non NIBRS Data","Non NIBRS Data","Non NIBRS Data","Gunshot Wound Victims","Gunshot Wound Victims","Sound of Shots Fired (P)~PD","Shooting (PFE)","0010XX 22ND ST E",3,"Ventura Village",6,44.96092,-93.25893,-10381536.0763195,5615370.85869621,1,309928,2020,7
-10384941.6526,5621842.1038,"Gunshot Wound Victims","No","20-191736","MP2020191736",2020-07-22,"21:43:00+00","2020/07/22 20:50:00+00","Non NIBRS Data","Non NIBRS Data","Non NIBRS Data","Gunshot Wound Victims","Gunshot Wound Victims","Shooting (PFE)","Shooting (PFE)","0022XX ALDRICH AVE N",4,"Hawthorne",5,45.00204,-93.28952,-10384941.6525957,5621842.10375601,1,309929,2020,7
-10384988.8559,5625006.3664,"Gunshot Wound Victims","No","22-223192","MP2022223192",2022-09-20,"20:03:00+00","2022/09/20 20:03:00+00","Non NIBRS Data","Non NIBRS Data","Non NIBRS Data","Gunshot Wound Victims","Gunshot Wound Victims","Shooting (PFE)","Shooting (PFE)","0008XX 37TH AVE N",4,"Webber - Camden",4,45.02213,-93.28994,-10384988.8558778,5625006.36640225,1,309944,2022,9
-10384213.7161,5614100.8515,"Gunshot Wound Victims","No","22-241530","MP2022241530",2022-10-10,"23:59:00+00","2022/10/10 19:48:00+00","Non NIBRS Data","Non NIBRS Data","Non NIBRS Data","Gunshot Wound Victims","Gunshot Wound Victims","Shooting (PFE)","Shooting (PFE)","0027XX PLEASANT AVE",5,"Whittier",10,44.95284,-93.28298,-10384213.7161272,5614100.85150681,1,309945,2022,10
-10380817.0349,5612681.825,"Gunshot Wound Victims","No","22-125382","MP2022125382",2022-06-08,"04:32:00+00","2022/06/08 03:00:00+00","Non NIBRS Data","Non NIBRS Data","Non NIBRS Data","Gunshot Wound Victims","Gunshot Wound Victims","Shooting Report Only (P)","Shooting Report Only (P)","0032XX BLOOMINGTON AVE",3,"Powderhorn Park",9,44.94382,-93.25247,-10380817.0348761,5612681.82503044,1,309946,2022,6
-10386044.5238,5620683.7077,"Gunshot Wound Victims","No","22-131304","MP2022131304",2022-06-14,"10:44:00+00","2022/06/14 09:51:00+00","Non NIBRS Data","Non NIBRS Data","Non NIBRS Data","Gunshot Wound Victims","Gunshot Wound Victims","Sound of Shots Fired (P)","Shooting (PFE)","0015XX IRVING AVE N",4,"Near - North",5,44.99468,-93.29943,-10386044.5237874,5620683.70765332,1,309947,2022,6
-10384873.9908,5623444.4173,"Gunshot Wound Victims","No","22-141422","MP2022141422",2022-06-25,"01:04:00+00","2022/06/25 01:04:00+00","Non NIBRS Data","Non NIBRS Data","Non NIBRS Data","Gunshot Wound Victims","Gunshot Wound Victims","Shooting (PFE)","Shooting (PFE)","0007XX 31ST AVE N",4,"Hawthorne",5,45.01221,-93.28891,-10384873.9908044,5623444.41730133,1,309948,2022,6
-10386046.4246,5620306.4826,"Gunshot Wound Victims","No","22-150646","MP2022150646",2022-07-04,"19:54:00+00","2022/07/04 19:54:00+00","Non NIBRS Data","Non NIBRS Data","Non NIBRS Data","Gunshot Wound Victims","Gunshot Wound Victims","Down Outside-One w/Fire (PFE)","Shooting (PFE)","0013XX IRVING AVE N",4,"Near - North",5,44.99228,-93.29944,-10386046.4245513,5620306.48260065,2,309949,2022,7
-10381244.887,5613253.5335,"Gunshot Wound Victims","No","22-151941","MP2022151941",2022-07-05,"23:56:00+00","2022/07/05 23:56:00+00","Non NIBRS Data","Non NIBRS Data","Non NIBRS Data","Gunshot Wound Victims","Gunshot Wound Victims","Shooting (PFE)","Shooting (PFE)","0030XX 13TH AVE S",3,"Midtown Phillips",9,44.94746,-93.25631,-10381244.8870021,5613253.53345264,1,309950,2022,7
-10386327.4343,5619679.9649,"Gunshot Wound Victims","No","22-158195","MP2022158195",2022-07-12,"16:58:00+00","2022/07/12 16:58:00+00","Non NIBRS Data","Non NIBRS Data","Non NIBRS Data","Gunshot Wound Victims","Gunshot Wound Victims","Shooting (PFE)","Shooting (PFE)","0010XX KNOX AVE N",4,"Near - North",5,44.9883,-93.30197,-10386327.434347,5619679.96488865,1,309951,2022,7
-10384941.9664,5621657.1554,"Gunshot Wound Victims","No","22-161839","MP2022161839",2022-07-16,"16:01:00+00","2022/07/16 15:00:00+00","Non NIBRS Data","Non NIBRS Data","Non NIBRS Data","Gunshot Wound Victims","Gunshot Wound Victims","Assist an Officer (P)","Shooting (PFE)","0021XX ALDRICH AVE N",4,"Hawthorne",5,45.00086,-93.28952,-10384941.9664195,5621657.15536339,1,309952,2022,7
-10382987.4721,5618633.8991,"Gunshot Wound Victims","Yes","22-172582","MP2022172582",2022-07-28,"03:11:00+00","2022/07/28 01:34:00+00","Non NIBRS Data","Non NIBRS Data","Non NIBRS Data","Gunshot Wound Victims","Gunshot Wound Victims","On Site (P)","Shooting (PFE)","0003XX 1ST AVE N",1,"Downtown West",7,44.98165,-93.27196,-10382987.47215,5618633.89907388,3,309953,2022,7
-10382090.9415,5612977.2355,"Gunshot Wound Victims","No","22-251008","MP2022251008",2022-10-21,"20:23:00+00","2022/10/21 20:23:00+00","Non NIBRS Data","Non NIBRS Data","Non NIBRS Data","Gunshot Wound Victims","Gunshot Wound Victims","ShotSpotter Activation (P)","Shooting (PFE)","0031XX COLUMBUS AVE",3,"Central",9,44.9457,-93.26391,-10382090.9414771,5612977.23553847,1,309954,2022,10
-10381244.887,5613253.5335,"Gunshot Wound Victims","No","22-252277","MP2022252277",2022-10-23,"04:50:00+00","2022/10/23 02:00:00+00","Non NIBRS Data","Non NIBRS Data","Non NIBRS Data","Gunshot Wound Victims","Gunshot Wound Victims","Shooting Report Only (P)","Shooting Report Only (P)","0030XX 13TH AVE S",3,"Midtown Phillips",9,44.94746,-93.25631,-10381244.8870021,5613253.53345264,1,309955,2022,10
-10379309.6456,5612684.5593,"Gunshot Wound Victims","No","22-257344","MP2022257344",2022-10-28,"15:01:00+00","2022/10/28 15:01:00+00","Non NIBRS Data","Non NIBRS Data","Non NIBRS Data","Gunshot Wound Victims","Gunshot Wound Victims","Shooting (PFE)","Shooting (PFE)","0032XX 23RD AVE S",3,"East Phillips",9,44.94384,-93.23892,-10379309.6456382,5612684.55928189,3,309956,2022,10
-10380958.4206,5614100.4331,"Gunshot Wound Victims","No","22-257792","MP2022257792",2022-10-29,"01:51:00+00","2022/10/28 23:24:00+00","Non NIBRS Data","Non NIBRS Data","Non NIBRS Data","Gunshot Wound Victims","Gunshot Wound Victims","Sound of Shots Fired (P)","Shooting (PFE)","0027XX 15TH AVE S",3,"Midtown Phillips",9,44.95284,-93.25374,-10380958.4206306,5614100.4331318,1,309957,2022,10
-10387030.8836,5624886.0742,"Gunshot Wound Victims","No","22-264297","MP2022264297",2022-11-04,"22:41:00+00","2022/11/04 21:09:00+00","Non NIBRS Data","Non NIBRS Data","Non NIBRS Data","Gunshot Wound Victims","Gunshot Wound Victims","ShotSpotter Activation (P)","ShotSpotter Activation (P)","0036XX PENN AVE N",4,"Folwell",4,45.02137,-93.30829,-10387030.8836363,5624886.07421939,1,309958,2022,11
-10377802.7426,5605605.6609,"Gunshot Wound Victims","No","22-264805","MP2022264805",2022-11-05,"13:06:00+00","2022/11/05 13:06:00+00","Non NIBRS Data","Non NIBRS Data","Non NIBRS Data","Gunshot Wound Victims","Gunshot Wound Victims","Shooting (PFE)","Shooting (PFE)","0057XX SANDER DR",3,"Wenonah",11,44.89881,-93.22539,-10377802.7425507,5605605.66092871,1,309959,2022,11
-10376827.7405,5609177.6182,"Gunshot Wound Victims","No","22-270976","MP2022270976",2022-11-13,"03:38:00+00","2022/11/13 02:30:00+00","Non NIBRS Data","Non NIBRS Data","Non NIBRS Data","Gunshot Wound Victims","Gunshot Wound Victims","Shooting (PFE)","Shooting (PFE)","0038XX 45TH ST E",3,"Ericsson",12,44.92154,-93.21663,-10376827.7405236,5609177.61819582,1,309960,2022,11
-10385414.5183,5625581.7584,"Gunshot Wound Victims","No","22-176014","MP2022176014",2022-07-31,"21:07:00+00","2022/07/31 19:57:00+00","Non NIBRS Data","Non NIBRS Data","Non NIBRS Data","Gunshot Wound Victims","Gunshot Wound Victims","Sound of Shots Fired (P)","Shooting (PFE)","0011XX 39TH AVE N",4,"Webber - Camden",4,45.02579,-93.29377,-10385414.5183006,5625581.75843585,1,309961,2022,7
-10380538.7079,5616803.9944,"Gunshot Wound Victims","No","22-179147","MP2022179147",2022-08-03,"22:56:00+00","2022/08/03 22:56:00+00","Non NIBRS Data","Non NIBRS Data","Non NIBRS Data","Gunshot Wound Victims","Gunshot Wound Victims","Shooting (PFE)","Shooting (PFE)","0015XX 5TH ST S",1,"Cedar Riverside",6,44.97003,-93.24997,-10380538.7078879,5616803.99440665,1,309962,2022,8
-10384941.7424,5622190.1583,"Gunshot Wound Victims","No","22-184351","MP2022184351",2022-08-09,"19:06:00+00","2022/08/09 19:06:00+00","Non NIBRS Data","Non NIBRS Data","Non NIBRS Data","Gunshot Wound Victims","Gunshot Wound Victims","Sound of Shots Fired (P)","Shooting (PFE)","0024XX ALDRICH AVE N",4,"Hawthorne",5,45.00425,-93.28952,-10384941.742382,5622190.15826781,2,309963,2022,8
-10385155.6363,5628007.0284,"Gunshot Wound Victims","No","20-181743","MP2020181743",2020-07-10,"23:45:00+00","2020/07/10 22:43:00+00","Non NIBRS Data","Non NIBRS Data","Non NIBRS Data","Gunshot Wound Victims","Gunshot Wound Victims","Shooting (PFE)","Shooting (PFE)","0047XX BRYANT AVE N",4,"Lind - Bohanon",4,45.04118,-93.29144,-10385155.636333,5628007.02839532,1,309967,2020,7
-10381099.9091,5612480.5754,"Gunshot Wound Victims","No","20-186047","MP2020186047",2020-07-16,"12:49:00+00","2020/07/16 10:46:00+00","Non NIBRS Data","Non NIBRS Data","Non NIBRS Data","Gunshot Wound Victims","Gunshot Wound Victims","Shooting (PFE)","Shooting (PFE)","0033XX 14TH AVE S",3,"Powderhorn Park",9,44.94254,-93.25501,-10381099.909132,5612480.57538698,1,309968,2020,7
-10382147.5146,5611446.5668,"Gunshot Wound Victims","No","20-193964","MP2020193964",2020-07-25,"06:32:00+00","2020/07/25 05:00:00+00","Non NIBRS Data","Non NIBRS Data","Non NIBRS Data","Gunshot Wound Victims","Gunshot Wound Victims","Sound of Shots Fired (P)~PD","Shooting (PFE)","0007XX 37TH ST E",3,"Powderhorn Park",8,44.93597,-93.26442,-10382147.5146303,5611446.56681588,1,309969,2020,7
-10380386.022,5614949.211,"Gunshot Wound Victims","No","20-198879","MP2020198879",2020-07-30,"22:22:00+00","2020/07/30 20:48:00+00","Non NIBRS Data","Non NIBRS Data","Non NIBRS Data","Gunshot Wound Victims","Gunshot Wound Victims","Shooting (PFE)","Shooting (PFE)","0024XX 18TH AVE S",3,"East Phillips",9,44.95824,-93.24859,-10380386.0220257,5614949.21102248,1,309970,2020,7
-10384056.3995,5620861.677,"Gunshot Wound Victims","No","20-201510","MP2020201510",2020-08-02,"23:30:00+00","2020/08/02 21:30:00+00","Non NIBRS Data","Non NIBRS Data","Non NIBRS Data","Gunshot Wound Victims","Gunshot Wound Victims","Shooting Report Only (P)","Shooting Report Only (P)","0016XX WASHINGTON AVE N",4,"Near - North",5,44.99581,-93.28157,-10384056.3995044,5620861.67704219,1,309971,2020,8
-10385793.2512,5621661.3982,"Gunshot Wound Victims","No","20-211345","MP2020211345",2020-08-14,"02:29:00+00","2020/08/13 22:57:00+00","Non NIBRS Data","Non NIBRS Data","Non NIBRS Data","Gunshot Wound Victims","Gunshot Wound Victims","ShotSpotter Activation (P)","Shooting (PFE)","0021XX GIRARD AVE N",4,"Jordan",5,45.00089,-93.29717,-10385793.2512013,5621661.3981912,1,309972,2020,8
-10384781.3958,5613810.5707,"Gunshot Wound Victims","No","20-212981","MP2020212981",2020-08-16,"02:50:00+00","2020/08/15 21:34:00+00","Non NIBRS Data","Non NIBRS Data","Non NIBRS Data","Gunshot Wound Victims","Gunshot Wound Victims","Shooting (PFE)","Shooting (PFE)","0028XX LYNDALE AVE S",5,"Whittier",10,44.951,-93.28808,-10384781.3957957,5613810.57070765,1,309973,2020,8
-10382147.5146,5611446.5668,"Gunshot Wound Victims","No","20-267760","MP2020267760",2020-10-18,"17:16:00+00","2020/10/18 15:57:00+00","Non NIBRS Data","Non NIBRS Data","Non NIBRS Data","Gunshot Wound Victims","Gunshot Wound Victims","Shooting (PFE)","Shooting (PFE)","0007XX 37TH ST E",3,"Powderhorn Park",8,44.93597,-93.26442,-10382147.5146303,5611446.56681588,1,309974,2020,10
-10385283.248,5620685.4079,"Gunshot Wound Victims","No","20-270772","MP2020270772",2020-10-22,"17:53:00+00","2020/10/22 15:49:00+00","Non NIBRS Data","Non NIBRS Data","Non NIBRS Data","Gunshot Wound Victims","Gunshot Wound Victims","ShotSpotter Activation (P)","ShotSpotter Activation (P)","0015XX DUPONT AVE N",4,"Near - North",5,44.99469,-93.29259,-10385283.2479576,5620685.40793746,2,309975,2020,10
-10382081.6581,5616213.3569,"Gunshot Wound Victims","No","20-272239","MP2020272239",2020-10-24,"13:23:00+00","2020/10/24 11:18:00+00","Non NIBRS Data","Non NIBRS Data","Non NIBRS Data","Gunshot Wound Victims","Gunshot Wound Victims","Sound of Shots Fired (P)","Shooting (PFE)","0007XX 17TH ST E",1,"Elliot Park",6,44.96627,-93.26383,-10382081.6580892,5616213.35692916,1,309976,2020,10
-10386088.7378,5622016.8466,"Gunshot Wound Victims","No","20-275373","MP2020275373",2020-10-28,"16:25:00+00","2020/10/28 14:14:00+00","Non NIBRS Data","Non NIBRS Data","Non NIBRS Data","Gunshot Wound Victims","Gunshot Wound Victims","Shooting (PFE)","Shooting (PFE)","0022XX IRVING AVE N",4,"Jordan",5,45.00315,-93.29982,-10386088.7378155,5622016.84659296,1,309977,2020,10
-10384929.7718,5612972.8963,"Gunshot Wound Victims","No","20-285194","MP2020285194",2020-11-08,"20:05:00+00","2020/11/08 20:05:00+00","Non NIBRS Data","Non NIBRS Data","Non NIBRS Data","Gunshot Wound Victims","Gunshot Wound Victims","Shooting (PFE)","Shooting (PFE)","0031XX ALDRICH AVE S",5,"Lowry Hill East",10,44.94567,-93.28941,-10384929.7718431,5612972.8963263,1,309978,2020,11
-10385547.5684,5624443.0434,"Gunshot Wound Victims","No","20-295066","MP2020295066",2020-11-22,"19:18:00+00","2020/11/22 17:04:00+00","Non NIBRS Data","Non NIBRS Data","Non NIBRS Data","Gunshot Wound Victims","Gunshot Wound Victims","Shooting Report Only (P)","Shooting Report Only (P)","0012XX 35TH AVE N",4,"Folwell",4,45.01855,-93.29496,-10385547.5684425,5624443.04340198,1,309979,2020,11
-10385708.2099,5621932.3709,"Gunshot Wound Victims","No","20-309469","MP2020309469",2020-12-12,"21:13:00+00","2020/12/12 18:21:00+00","Non NIBRS Data","Non NIBRS Data","Non NIBRS Data","Gunshot Wound Victims","Gunshot Wound Victims","ShotSpotter Activation (P)","Shooting Report Only (P)","0012XX 23RD AVE N",4,"Jordan",5,45.00261,-93.2964,-10385708.2098747,5621932.37089891,1,309980,2020,12
-10382147.5146,5611446.5668,"Gunshot Wound Victims","No","22-188598","MP2022188598",2022-08-14,"16:25:00+00","2022/08/14 12:57:00+00","Non NIBRS Data","Non NIBRS Data","Non NIBRS Data","Gunshot Wound Victims","Gunshot Wound Victims","Shooting (PFE)","Shooting (PFE)","0007XX 37TH ST E",3,"Powderhorn Park",8,44.93597,-93.26442,-10382147.5146303,5611446.56681588,2,309985,2022,8
-10385589.9038,5628861.1624,"Gunshot Wound Victims","No","22-195242","MP2022195242",2022-08-21,"18:13:00+00","2022/08/21 17:30:00+00","Non NIBRS Data","Non NIBRS Data","Non NIBRS Data","Gunshot Wound Victims","Gunshot Wound Victims","Shooting Report Only (P)","Shooting Report Only (P)","0050XX EMERSON AVE N",4,"Lind - Bohanon",4,45.0466,-93.29534,-10385589.9038439,5628861.16239709,1,309986,2022,8
-10381087.7207,5623266.4772,"Gunshot Wound Victims","No","22-210084","MP2022210084",2022-09-06,"22:01:00+00","2022/09/06 09:15:00+00","Non NIBRS Data","Non NIBRS Data","Non NIBRS Data","Gunshot Wound Victims","Gunshot Wound Victims","Sound of Shots Fired (P)","Shooting (PFE)","0006XX 23RD AVE NE",2,"Holland",1,45.01108,-93.2549,-10381087.7206608,5623266.47723438,1,309987,2022,9
-10386255.8128,5620182.905,"Gunshot Wound Victims","No","22-211895","MP2022211895",2022-09-08,"20:17:00+00","2022/09/08 20:17:00+00","Non NIBRS Data","Non NIBRS Data","Non NIBRS Data","Gunshot Wound Victims","Gunshot Wound Victims","ShotSpotter Activation (P)","Shooting (PFE)","0016XX PLYMOUTH AVE N",4,"Near - North",5,44.9915,-93.30132,-10386255.8128158,5620182.90502445,1,309988,2022,9
-10381773.2264,5615941.0825,"Gunshot Wound Victims","Yes","22-216746","MP2022216746",2022-09-13,"21:20:00+00","2022/09/13 21:20:00+00","Non NIBRS Data","Non NIBRS Data","Non NIBRS Data","Gunshot Wound Victims","Gunshot Wound Victims","Shooting Report Only (P)","Shooting Report Only (P)","0018XX ELLIOT AVE",3,"Ventura Village",6,44.96454,-93.26106,-10381773.2264297,5615941.0824635,1,309989,2022,9
-10380814.6051,5614383.4545,"Gunshot Wound Victims","No","21-251507","MP2021251507",2021-10-31,"22:45:00+00","2021/10/31 22:45:00+00","Non NIBRS Data","Non NIBRS Data","Non NIBRS Data","Gunshot Wound Victims","Gunshot Wound Victims","ShotSpotter Activation (P)","Shooting (PFE)","0026XX BLOOMINGTON AVE",3,"East Phillips",9,44.95464,-93.25244,-10380814.6051226,5614383.45454647,1,309990,2021,10
-10383638.8954,5616402.5245,"Gunshot Wound Victims","No","21-256577","MP2021256577",2021-11-07,"00:03:00+00","2021/11/06 21:27:00+00","Non NIBRS Data","Non NIBRS Data","Non NIBRS Data","Gunshot Wound Victims","Gunshot Wound Victims","On Site (P)","Shooting (PFE)","0015XX NICOLLET AVE",1,"Loring Park",7,44.96747,-93.27782,-10383638.8954282,5616402.52450711,1,309991,2021,11
-10380247.7212,5622168.7978,"Gunshot Wound Victims","Yes","21-262231","MP2021262231",2021-11-14,"00:40:00+00","2021/11/13 22:56:00+00","Non NIBRS Data","Non NIBRS Data","Non NIBRS Data","Gunshot Wound Victims","Gunshot Wound Victims","Shooting Report Only (P)","Shooting Report Only (P)","0014XX CENTRAL AVE NE",2,"Northeast Park",1,45.00411,-93.24735,-10380247.721217,5622168.79776708,1,309992,2021,11
-10384983.0964,5622737.9351,"Gunshot Wound Victims","No","21-270154","MP2021270154",2021-11-23,"23:00:00+00","2021/11/23 22:00:00+00","Non NIBRS Data","Non NIBRS Data","Non NIBRS Data","Gunshot Wound Victims","Gunshot Wound Victims","Sound of Shots Fired (P)~PD","Shooting (PFE)","0008XX 27TH AVE N",4,"Hawthorne",5,45.00773,-93.28989,-10384983.0964346,5622737.93505602,1,309993,2021,11
-10384209.0996,5614946.5171,"Gunshot Wound Victims","No","21-270961","MP2021270961",2021-11-24,"23:30:00+00","2021/11/24 23:30:00+00","Non NIBRS Data","Non NIBRS Data","Non NIBRS Data","Gunshot Wound Victims","Gunshot Wound Victims","Shooting (PFE)","Shooting (PFE)","0024XX PLEASANT AVE",5,"Whittier",10,44.95822,-93.28294,-10384209.0996138,5614946.51705199,1,309994,2021,11
-10379969.4479,5614788.7631,"Gunshot Wound Victims","No","21-273705","MP2021273705",2021-11-29,"01:54:00+00","2021/11/29 00:57:00+00","Non NIBRS Data","Non NIBRS Data","Non NIBRS Data","Gunshot Wound Victims","Gunshot Wound Victims","Shooting (PFE)","Shooting (PFE)","0024XX OGEMA PL",3,"East Phillips",9,44.95722,-93.24485,-10379969.4478515,5614788.76310889,1,309995,2021,11
-10381661.4785,5614664.9992,"Gunshot Wound Victims","No","21-280117","MP2021280117",2021-12-07,"00:57:00+00","2021/12/06 23:11:00+00","Non NIBRS Data","Non NIBRS Data","Non NIBRS Data","Gunshot Wound Victims","Gunshot Wound Victims","Sound of Shots Fired (P)","Sound of Shots Fired (P)","0025XX 10TH AVE S",3,"Midtown Phillips",9,44.95643,-93.26005,-10381661.4784662,5614664.99916609,2,309996,2021,12
-10386743.8822,5620515.7235,"Gunshot Wound Victims","Yes","20-314263","MP2020314263",2020-12-19,"00:54:00+00","2020/12/19 00:54:00+00","Non NIBRS Data","Non NIBRS Data","Non NIBRS Data","Gunshot Wound Victims","Gunshot Wound Victims","Shooting Report Only (P)","Shooting Report Only (P)","0014XX NEWTON AVE N",4,"Willard - Hay",5,44.99361,-93.30571,-10386743.8822039,5620515.72354414,1,310006,2020,12
-10383585.1151,5618138.5897,"Gunshot Wound Victims","Yes","20-222142","MP2020222142",2020-08-26,"14:47:00+00","2020/08/26 14:05:00+00","Non NIBRS Data","Non NIBRS Data","Non NIBRS Data","Gunshot Wound Victims","Gunshot Wound Victims","Shooting (PFE)","Shooting (PFE)","0001XX 9TH ST N",1,"Downtown West",7,44.97851,-93.27733,-10383585.1150905,5618138.58968447,1,310007,2020,8
-10384941.9664,5621657.1554,"Gunshot Wound Victims","No","20-235208","MP2020235208",2020-09-10,"21:40:00+00","2020/09/10 18:59:00+00","Non NIBRS Data","Non NIBRS Data","Non NIBRS Data","Gunshot Wound Victims","Gunshot Wound Victims","Sound of Shots Fired (P)","Shooting (PFE)","0021XX ALDRICH AVE N",4,"Hawthorne",5,45.00086,-93.28952,-10384941.9664195,5621657.15536339,1,310008,2020,9
-10384941.9664,5621657.1554,"Gunshot Wound Victims","Yes","20-245817","MP2020245817",2020-09-23,"00:37:00+00","2020/09/22 22:14:00+00","Non NIBRS Data","Non NIBRS Data","Non NIBRS Data","Gunshot Wound Victims","Gunshot Wound Victims","Shooting Report Only (P)","Shooting Report Only (P)","0021XX ALDRICH AVE N",4,"Hawthorne",5,45.00086,-93.28952,-10384941.9664195,5621657.15536339,1,310009,2020,9
-10375827.0774,5609616.5822,"Gunshot Wound Victims","No","20-255689","MP2020255689",2020-10-04,"02:23:00+00","2020/10/04 02:23:00+00","Non NIBRS Data","Non NIBRS Data","Non NIBRS Data","Gunshot Wound Victims","Gunshot Wound Victims","Sound of Shots Fired (P)","Shooting (PFE)","0043XX 46TH AVE S",3,"Hiawatha",12,44.92433,-93.20764,-10375827.0774496,5609616.58215113,1,310010,2020,10
-10379969.4479,5614788.7631,"Gunshot Wound Victims","No","20-257919","MP2020257919",2020-10-06,"23:34:00+00","2020/10/06 18:29:00+00","Non NIBRS Data","Non NIBRS Data","Non NIBRS Data","Gunshot Wound Victims","Gunshot Wound Victims","Shooting (PFE)","Shooting (PFE)","0024XX OGEMA PL",3,"East Phillips",9,44.95722,-93.24485,-10379969.4478515,5614788.76310889,1,310011,2020,10
-10387307.6302,5622683.4,"Gunshot Wound Victims","No","20-259495","MP2020259495",2020-10-09,"11:01:00+00","2020/10/08 12:52:00+00","Non NIBRS Data","Non NIBRS Data","Non NIBRS Data","Gunshot Wound Victims","Gunshot Wound Victims","Sound of Shots Fired (P)","Sound of Shots Fired (P)","0026XX RUSSELL AVE N",4,"Jordan",5,45.00738,-93.31077,-10387307.6301771,5622683.39999643,2,310012,2020,10
-10382978.5305,5618383.6276,"Gunshot Wound Victims","Yes","20-268863","MP2020268863",2020-10-20,"03:17:00+00","2020/10/20 01:59:00+00","Non NIBRS Data","Non NIBRS Data","Non NIBRS Data","Gunshot Wound Victims","Gunshot Wound Victims","Sound of Shots Fired (P)","Shooting (PFE)","0004XX HENNEPIN AVE",1,"Downtown West",7,44.98006,-93.27188,-10382978.5305231,5618383.62758409,2,310013,2020,10
-10378473.6307,5615520.4123,"Gunshot Wound Victims","No","20-317096","MP2020317096",2020-12-23,"04:25:00+00","2020/12/23 00:48:00+00","Non NIBRS Data","Non NIBRS Data","Non NIBRS Data","Gunshot Wound Victims","Gunshot Wound Victims","Sound of Shots Fired (P)","Shooting (PFE)","0020XX 28TH AVE S",3,"Seward",6,44.96187,-93.23141,-10378473.6306974,5615520.41228639,1,310014,2020,12
-10382147.5146,5611446.5668,"Gunshot Wound Victims","No","20-320084","MP2020320084",2020-12-27,"21:58:00+00","2020/12/27 20:42:00+00","Non NIBRS Data","Non NIBRS Data","Non NIBRS Data","Gunshot Wound Victims","Gunshot Wound Victims","Shooting (PFE)","Shooting (PFE)","0007XX 37TH ST E",3,"Powderhorn Park",8,44.93597,-93.26442,-10382147.5146303,5611446.56681588,2,310015,2020,12
-10387307.3698,5621757.8171,"Gunshot Wound Victims","No","21-000187","MP2021187",2021-01-01,"03:00:00+00","2021/01/01 01:14:00+00","Non NIBRS Data","Non NIBRS Data","Non NIBRS Data","Gunshot Wound Victims","Gunshot Wound Victims","Shooting Report Only (P)","Shooting Report Only (P)","0022XX RUSSELL AVE N",4,"Willard - Hay",5,45.0015,-93.31077,-10387307.3697963,5621757.81707668,1,310016,2021,1
-10380384.9964,5615372.467,"Gunshot Wound Victims","No","21-001025","MP20211025",2021-01-02,"12:14:00+00","2021/01/02 12:10:00+00","Non NIBRS Data","Non NIBRS Data","Non NIBRS Data","Gunshot Wound Victims","Gunshot Wound Victims","Shooting (PFE)","Shooting (PFE)","0018XX 22ND ST E",3,"Ventura Village",6,44.96093,-93.24858,-10380384.9963895,5615372.46703633,1,310017,2021,1
-10382003.0331,5617172.4506,"Gunshot Wound Victims","Yes","21-007890","MP20217890",2021-01-12,"04:21:00+00","2021/01/12 02:10:00+00","Non NIBRS Data","Non NIBRS Data","Non NIBRS Data","Gunshot Wound Victims","Gunshot Wound Victims","Shooting Report Only (P)","Shooting Report Only (P)","0007XX PARK AVE",1,"Downtown East",6,44.97237,-93.26312,-10382003.0331279,5617172.45057924,1,310018,2021,1
-10381095.8682,5614666.6579,"Gunshot Wound Victims","Yes","21-028063","MP202128063",2021-02-09,"00:41:00+00","2021/02/09 00:05:00+00","Non NIBRS Data","Non NIBRS Data","Non NIBRS Data","Gunshot Wound Victims","Gunshot Wound Victims","Shooting Report Only (P)","Shooting Report Only (P)","0025XX 14TH AVE S",3,"Midtown Phillips",9,44.95644,-93.25497,-10381095.8681795,5614666.65786319,1,310019,2021,2
-10378552.0657,5610445.7572,"Gunshot Wound Victims","No","21-032321","MP202132321",2021-02-14,"22:42:00+00","2021/02/14 22:40:00+00","Non NIBRS Data","Non NIBRS Data","Non NIBRS Data","Gunshot Wound Victims","Gunshot Wound Victims","Shooting (PFE)","Shooting (PFE)","0040XX 28TH AVE S",3,"Standish",12,44.9296,-93.23212,-10378552.0657487,5610445.75719206,2,310020,2021,2
-10387378.9622,5621331.3283,"Gunshot Wound Victims","No","21-042145","MP202142145",2021-02-28,"19:15:00+00","2021/02/28 19:13:00+00","Non NIBRS Data","Non NIBRS Data","Non NIBRS Data","Gunshot Wound Victims","Gunshot Wound Victims","Assist EMS Personnel (P)","Dead Person (P)","0024XX GOLDEN VALLEY RD",4,"Willard - Hay",5,44.99879,-93.31141,-10387378.9621791,5621331.32831279,1,310021,2021,2
-10381800.416,5614947.0376,"Gunshot Wound Victims","No","20-274013","MP2020274013",2020-10-26,"19:58:00+00","2020/10/26 18:34:00+00","Non NIBRS Data","Non NIBRS Data","Non NIBRS Data","Gunshot Wound Victims","Gunshot Wound Victims","ShotSpotter Activation (P)","Shooting (PFE)","0024XX ELLIOT AVE",3,"Midtown Phillips",9,44.95822,-93.2613,-10381800.4159551,5614947.03758781,2,310022,2020,10
-10381184.4938,5616474.3222,"Gunshot Wound Victims","No","20-280424","MP2020280424",2020-11-03,"12:47:00+00","2020/11/03 12:47:00+00","Non NIBRS Data","Non NIBRS Data","Non NIBRS Data","Gunshot Wound Victims","Gunshot Wound Victims","Sound of Shots Fired (P)","Shooting (PFE)","0008XX 13TH AVE S",1,"Elliot Park",6,44.96793,-93.25577,-10381184.4938317,5616474.32216328,3,310023,2020,11
-10386462.5726,5623743.9212,"Gunshot Wound Victims","No","20-280849","MP2020280849",2020-11-03,"23:05:00+00","2020/11/03 21:06:00+00","Non NIBRS Data","Non NIBRS Data","Non NIBRS Data","Gunshot Wound Victims","Gunshot Wound Victims","Shooting (PFE)","Shooting (PFE)","0032XX LOGAN AVE N",4,"Folwell",4,45.01412,-93.30318,-10386462.5725875,5623743.92120553,1,310024,2020,11
-10385537.5809,5622105.611,"Gunshot Wound Victims","No","20-285150","MP2020285150",2020-11-08,"20:40:00+00","2020/11/08 18:44:00+00","Non NIBRS Data","Non NIBRS Data","Non NIBRS Data","Gunshot Wound Victims","Gunshot Wound Victims","Shooting (PFE)","Shooting (PFE)","0011XX 24TH AVE N",4,"Jordan",5,45.00371,-93.29487,-10385537.5809092,5622105.61104412,1,310025,2020,11
-10380538.7079,5616803.9944,"Gunshot Wound Victims","No","22-286369","MP2022286369",2022-12-02,"20:07:00+00","2022/12/02 20:07:00+00","Non NIBRS Data","Non NIBRS Data","Non NIBRS Data","Gunshot Wound Victims","Gunshot Wound Victims","Shooting (PFE)","Shooting (PFE)","0015XX 5TH ST S",1,"Cedar Riverside",6,44.97003,-93.24997,-10380538.7078879,5616803.99440665,1,310026,2022,12
-10380812.6055,5620611.4104,"Gunshot Wound Victims","No","22-287268","MP2022287268",2022-12-03,"23:37:00+00","2022/12/03 23:37:00+00","Non NIBRS Data","Non NIBRS Data","Non NIBRS Data","Gunshot Wound Victims","Gunshot Wound Victims","Shooting (PFE)~PD","Shooting (PFE)","0003XX MONROE ST NE",2,"St. Anthony East",3,44.99422,-93.25243,-10380812.6055408,5620611.41042448,1,310027,2022,12
-10385827.3614,5623027.8861,"Gunshot Wound Victims","No","22-293299","MP2022293299",2022-12-11,"12:28:00+00","2022/12/11 12:20:00+00","Non NIBRS Data","Non NIBRS Data","Non NIBRS Data","Gunshot Wound Victims","Gunshot Wound Victims","Shooting (PFE)","Shooting (PFE)","0014XX 29TH AVE N",4,"Jordan",5,45.00957,-93.29747,-10385827.3614407,5623027.88605615,1,310028,2022,12
-10382987.4721,5618633.8991,"Gunshot Wound Victims","Yes","22-296239","MP2022296239",2022-12-15,"02:03:00+00","2022/12/15 02:03:00+00","Non NIBRS Data","Non NIBRS Data","Non NIBRS Data","Gunshot Wound Victims","Gunshot Wound Victims","Shooting (PFE)","Shooting (PFE)","0003XX 1ST AVE N",1,"Downtown West",7,44.98165,-93.27196,-10382987.47215,5618633.89907388,1,310029,2022,12
-10383807.5102,5616334.9588,"Gunshot Wound Victims","No","22-308147","MP2022308147",2022-12-30,"21:19:00+00","2022/12/30 19:04:00+00","Non NIBRS Data","Non NIBRS Data","Non NIBRS Data","Gunshot Wound Victims","Gunshot Wound Victims","Shooting (PFE)","Shooting (PFE)","0015XX LASALLE AVE",1,"Loring Park",7,44.96705,-93.27933,-10383807.5101941,5616334.95876022,1,310030,2022,12
-10381244.887,5613253.5335,"Gunshot Wound Victims",NA,"22-708624","MP2022708624",2022-08-02,"11:28:00+00","2022/07/28 18:00:00+00","Non NIBRS Data","Non NIBRS Data","Non NIBRS Data","Gunshot Wound Victims","Gunshot Wound Victims",NA,NA,"0030XX 13TH AVE S",3,"Powderhorn Park",9,44.94746,-93.25631,-10381244.8870021,5613253.53345264,1,310031,2022,8
-10385354.8071,5626858.5567,"Gunshot Wound Victims","No","23-010321","MP202310321",2023-01-14,"01:36:00+00","2023/01/13 22:08:00+00","Non NIBRS Data","Non NIBRS Data","Non NIBRS Data","Gunshot Wound Victims","Gunshot Wound Victims","ShotSpotter Activation (P)","Shooting (PFE)","0043XX DUPONT AVE N",4,"Webber - Camden",4,45.03389,-93.29323,-10385354.8070663,5626858.55671115,1,310032,2023,1
-10378078.5154,5606349.0516,"Gunshot Wound Victims","No","22-220601","MP2022220601",2022-09-17,"22:16:00+00","2022/09/17 22:16:00+00","Non NIBRS Data","Non NIBRS Data","Non NIBRS Data","Gunshot Wound Victims","Gunshot Wound Victims","Shooting (PFE)","Shooting (PFE)","0030XX 55TH ST E",3,"Wenonah",11,44.90354,-93.22787,-10378078.5154412,5606349.05155834,1,310033,2022,9
-10386602.689,5622257.6523,"Gunshot Wound Victims","No","22-223347","MP2022223347",2022-09-20,"20:53:00+00","2022/09/20 19:36:00+00","Non NIBRS Data","Non NIBRS Data","Non NIBRS Data","Gunshot Wound Victims","Gunshot Wound Victims","ShotSpotter Activation (P)","Shooting (PFE)","0024XX MORGAN AVE N",4,"Jordan",5,45.00468,-93.30444,-10386602.6890487,5622257.65229245,1,310034,2022,9
-10381101.5154,5613811.7512,"Gunshot Wound Victims","No","22-228508","MP2022228508",2022-09-26,"14:50:00+00","2022/09/26 14:50:00+00","Non NIBRS Data","Non NIBRS Data","Non NIBRS Data","Gunshot Wound Victims","Gunshot Wound Victims","Shooting (PFE)","Shooting (PFE)","0028XX 14TH AVE S",3,"Midtown Phillips",9,44.95101,-93.25502,-10381101.5154197,5613811.75115983,1,310035,2022,9
-10386532.2024,5623318.0046,"Gunshot Wound Victims","No","22-234631","MP2022234631",2022-10-03,"09:40:00+00","2022/10/03 09:01:00+00","Non NIBRS Data","Non NIBRS Data","Non NIBRS Data","Gunshot Wound Victims","Gunshot Wound Victims","Sound of Shots Fired (P)","Shooting (PFE)","0019XX 30TH AVE N",4,"Jordan",5,45.01141,-93.30381,-10386532.2024439,5623318.00458391,1,310036,2022,10
-10386672.7445,5623319.1155,"Gunshot Wound Victims","No","22-237793","MP2022237793",2022-10-06,"15:17:00+00","2022/10/06 15:17:00+00","Non NIBRS Data","Non NIBRS Data","Non NIBRS Data","Gunshot Wound Victims","Gunshot Wound Victims","Sound of Shots Fired (P)","Shooting (PFE)","0020XX 30TH AVE N",4,"Jordan",5,45.01142,-93.30507,-10386672.7445105,5623319.11554887,1,310037,2022,10
-10384513.8975,5623017.8124,"Gunshot Wound Victims","No","22-244111","MP2022244111",2022-10-18,"12:48:00+00","2022/10/18 12:48:00+00","Non NIBRS Data","Non NIBRS Data","Non NIBRS Data","Gunshot Wound Victims","Gunshot Wound Victims","Sound of Shots Fired (P)","Shooting (PFE)","0004XX 29TH AVE N",4,"McKinley",4,45.0095,-93.28568,-10384513.8974673,5623017.81243766,1,310038,2022,10
-10385407.1259,5624441.6092,"Gunshot Wound Victims","No","20-277914","MP2020277914",2020-10-31,"10:19:00+00","2020/10/31 08:56:00+00","Non NIBRS Data","Non NIBRS Data","Non NIBRS Data","Gunshot Wound Victims","Gunshot Wound Victims","ShotSpotter Activation (P)","ShotSpotter Activation (P)","0011XX 35TH AVE N",4,"Folwell",4,45.01855,-93.2937,-10385407.1259053,5624441.60918781,1,310039,2020,10
-10386602.689,5622257.6523,"Gunshot Wound Victims","No","22-256693","MP2022256693",2022-10-27,"20:32:00+00","2022/10/27 20:32:00+00","Non NIBRS Data","Non NIBRS Data","Non NIBRS Data","Gunshot Wound Victims","Gunshot Wound Victims","Shooting (PFE)","Shooting (PFE)","0024XX MORGAN AVE N",4,"Jordan",5,45.00468,-93.30444,-10386602.6890487,5622257.65229245,1,310040,2022,10
-10387026.2469,5623750.4666,"Gunshot Wound Victims","No","22-261382","MP2022261382",2022-11-01,"21:20:00+00","2022/11/01 19:16:00+00","Non NIBRS Data","Non NIBRS Data","Non NIBRS Data","Gunshot Wound Victims","Gunshot Wound Victims","On Site (P)","Shooting (PFE)","0032XX PENN AVE N",4,"Cleveland",4,45.01416,-93.30824,-10387026.2468659,5623750.46657605,2,310041,2022,11
-10384561.6744,5615369.6197,"Gunshot Wound Victims","No","21-293080","MP2021293080",2021-12-24,"00:51:00+00","2021/12/24 00:50:00+00","Non NIBRS Data","Non NIBRS Data","Non NIBRS Data","Gunshot Wound Victims","Gunshot Wound Victims","Unknown Wireless/Cell Phone(P)","Shooting (PFE)","0005XX 22ND ST W",5,"Whittier",10,44.96091,-93.2861,-10384561.6743945,5615369.61966737,1,310042,2021,12
-10384611.7243,5625714.0957,"Gunshot Wound Victims","No","22-001506","MP20221506",2022-01-03,"01:48:00+00","2022/01/03 01:00:00+00","Non NIBRS Data","Non NIBRS Data","Non NIBRS Data","Gunshot Wound Victims","Gunshot Wound Victims","ShotSpotter Activation (P)","Shooting (PFE)","0039XX 6TH ST N",4,"Webber - Camden",4,45.02663,-93.28655,-10384611.7242857,5625714.09571645,1,310043,2022,1
-10380525.7384,5615231.8277,"Gunshot Wound Victims","No","22-007022","MP20227022",2022-01-11,"03:20:00+00","2022/01/11 02:15:00+00","Non NIBRS Data","Non NIBRS Data","Non NIBRS Data","Gunshot Wound Victims","Gunshot Wound Victims","Stabbing (PE)","Shooting (PFE)","0022XX 17TH AVE S",3,"Ventura Village",6,44.96003,-93.24985,-10380525.7383841,5615231.82769347,1,310044,2022,1
0,0,"Gunshot Wound Victims","Yes","22-010511","MP202210511",2022-01-16,"02:10:00+00","2022/01/16 02:10:00+00","Non NIBRS Data","Non NIBRS Data","Non NIBRS Data","Gunshot Wound Victims","Gunshot Wound Victims","Shooting Report Only (P)","Shooting Report Only (P)","No Address",NA,NA,NA,0,0,0,0,1,310045,2022,1
-10382671.0233,5618296.181,"Gunshot Wound Victims","Yes","20-282765","MP2020282765",2020-11-06,"04:54:00+00","2020/11/06 02:30:00+00","Non NIBRS Data","Non NIBRS Data","Non NIBRS Data","Gunshot Wound Victims","Gunshot Wound Victims","Shooting Report Only (P)","Shooting Report Only (P)","000XX 4TH ST S",1,"Downtown West",7,44.97951,-93.26912,-10382671.0232541,5618296.18104789,1,310046,2020,11
-10380538.7079,5616803.9944,"Gunshot Wound Victims","Yes","20-285275","MP2020285275",2020-11-08,"23:18:00+00","2020/11/08 22:00:00+00","Non NIBRS Data","Non NIBRS Data","Non NIBRS Data","Gunshot Wound Victims","Gunshot Wound Victims","Shooting Report Only (P)","Shooting Report Only (P)","0015XX 5TH ST S",1,"Cedar Riverside",6,44.97003,-93.24997,-10380538.7078879,5616803.99440665,1,310047,2020,11
-10386467.055,5619756.8791,"Gunshot Wound Victims","No","20-194540","MP2020194540",2020-07-26,"01:50:00+00","2020/07/25 22:55:00+00","Non NIBRS Data","Non NIBRS Data","Non NIBRS Data","Gunshot Wound Victims","Gunshot Wound Victims","Shooting (PFE)","Shooting (PFE)","0011XX LOGAN AVE N",4,"Near - North",5,44.98879,-93.30322,-10386467.0550377,5619756.87914989,2,310052,2020,7
-10384570.8217,5613396.4853,"Gunshot Wound Victims","No","20-196589","MP2020196589",2020-07-28,"14:17:00+00","2020/07/28 12:11:00+00","Non NIBRS Data","Non NIBRS Data","Non NIBRS Data","Gunshot Wound Victims","Gunshot Wound Victims","Shooting (PFE)","Shooting (PFE)","0005XX LAKE ST W",5,"Lyndale",8,44.94837,-93.28619,-10384570.8217074,5613396.48527978,1,310053,2020,7
-10380386.022,5614949.211,"Gunshot Wound Victims","No","20-198068","MP2020198068",2020-07-30,"01:43:00+00","2020/07/29 23:02:00+00","Non NIBRS Data","Non NIBRS Data","Non NIBRS Data","Gunshot Wound Victims","Gunshot Wound Victims","ShotSpotter Activation (P)","Shooting (PFE)","0024XX 18TH AVE S",3,"East Phillips",9,44.95824,-93.24859,-10380386.0220257,5614949.21102248,2,310054,2020,7
-10387593.7789,5623180.8925,"Gunshot Wound Victims","No","20-200348","MP2020200348",2020-08-01,"14:34:00+00","2020/08/01 13:30:00+00","Non NIBRS Data","Non NIBRS Data","Non NIBRS Data","Gunshot Wound Victims","Gunshot Wound Victims","ShotSpotter Activation (P)","Shooting (PFE)","0029XX THOMAS AVE N",4,"Jordan",4,45.01054,-93.31334,-10387593.7788668,5623180.89246483,1,310055,2020,8
-10379412.6826,5618910.0554,"Gunshot Wound Victims","No","20-201575","MP2020201575",2020-08-03,"03:16:00+00","2020/08/03 03:16:00+00","Non NIBRS Data","Non NIBRS Data","Non NIBRS Data","Gunshot Wound Victims","Gunshot Wound Victims","Traffic Law Enforcement (P)","Shooting Report Only (P)","0010XX 5TH ST SE",2,"Marcy Holmes",2,44.98341,-93.23985,-10379412.6825724,5618910.05540265,1,310056,2020,8
-10376856.767,5608609.6524,"Gunshot Wound Victims","No","20-206945","MP2020206945",2020-08-09,"04:09:00+00","2020/08/08 21:03:00+00","Non NIBRS Data","Non NIBRS Data","Non NIBRS Data","Gunshot Wound Victims","Gunshot Wound Victims","Robbery of Biz In Progress (P)","Robbery of Biz In Progress (P)","0046XX HIAWATHA AVE",3,"Hiawatha",12,44.91792,-93.21689,-10376856.7670466,5608609.65244571,1,310057,2020,8
-10387663.5407,5621618.846,"Gunshot Wound Victims","No","20-208634","MP2020208634",2020-08-11,"01:17:00+00","2020/08/10 21:37:00+00","Non NIBRS Data","Non NIBRS Data","Non NIBRS Data","Gunshot Wound Victims","Gunshot Wound Victims","Shooting Report Only (P)","Shooting Report Only (P)","0026XX 21ST AVE N",4,"Willard - Hay",5,45.00062,-93.31397,-10387663.5407066,5621618.8460466,1,310058,2020,8
-10382147.5146,5611446.5668,"Gunshot Wound Victims","No","20-213977","MP2020213977",2020-08-17,"02:58:00+00","2020/08/17 00:45:00+00","Non NIBRS Data","Non NIBRS Data","Non NIBRS Data","Gunshot Wound Victims","Gunshot Wound Victims","Shooting Report Only (P)","Shooting Report Only (P)","0007XX 37TH ST E",3,"Central",8,44.93597,-93.26442,-10382147.5146303,5611446.56681588,1,310059,2020,8
-10381717.7266,5615088.2248,"Gunshot Wound Victims","No","21-054008","MP202154008",2021-03-15,"16:29:00+00","2021/03/15 15:15:00+00","Non NIBRS Data","Non NIBRS Data","Non NIBRS Data","Gunshot Wound Victims","Gunshot Wound Victims","Sound of Shots Fired (P)","Shooting (PFE)","0009XX 24TH ST E",3,"Ventura Village",6,44.95912,-93.26056,-10381717.7266076,5615088.2248297,1,310060,2021,3
-10386432.5707,5621799.3839,"Gunshot Wound Victims","No","21-058026","MP202158026",2021-03-20,"21:35:00+00","2021/03/20 19:19:00+00","Non NIBRS Data","Non NIBRS Data","Non NIBRS Data","Gunshot Wound Victims","Gunshot Wound Victims","Shooting (PFE)","Shooting (PFE)","0022XX ILION AVE N",4,"Jordan",5,45.00177,-93.30291,-10386432.5706513,5621799.38385658,2,310061,2021,3
-10387337.8622,5619475.3489,"Gunshot Wound Victims","No","21-062352","MP202162352",2021-03-26,"16:18:00+00","2021/03/26 15:43:00+00","Non NIBRS Data","Non NIBRS Data","Non NIBRS Data","Gunshot Wound Victims","Gunshot Wound Victims","Shooting (PFE)","Shooting (PFE)","0008XX RUSSELL AVE N",4,"Willard - Hay",5,44.987,-93.31104,-10387337.8621719,5619475.34894361,1,310062,2021,3
-10380460.3049,5614524.4629,"Gunshot Wound Victims","No","21-064115","MP202164115",2021-03-28,"23:50:00+00","2021/03/28 23:50:00+00","Non NIBRS Data","Non NIBRS Data","Non NIBRS Data","Gunshot Wound Victims","Gunshot Wound Victims","Shooting (PFE)","Shooting (PFE)","0017XX 26TH ST E",3,"East Phillips",9,44.95554,-93.24926,-10380460.3048563,5614524.46288886,2,310063,2021,3
-10387451.1333,5620901.9094,"Gunshot Wound Victims","No","21-088355","MP202188355",2021-04-28,"17:21:00+00","2021/04/28 17:21:00+00","Non NIBRS Data","Non NIBRS Data","Non NIBRS Data","Gunshot Wound Victims","Gunshot Wound Victims","Shooting (PFE)","Shooting (PFE)","0016XX SHERIDAN AVE N",4,"Willard - Hay",5,44.99606,-93.31206,-10387451.1332869,5620901.90942455,1,310064,2021,4
-10386208.2527,5621709.0858,"Gunshot Wound Victims","No","21-095228","MP202195228",2021-05-06,"17:51:00+00","2021/05/06 17:51:00+00","Non NIBRS Data","Non NIBRS Data","Non NIBRS Data","Gunshot Wound Victims","Gunshot Wound Victims","Sound of Shots Fired (P)","Shooting (PFE)","0016XX HILLSIDE AVE N",4,"Jordan",5,45.00119,-93.3009,-10386208.2527323,5621709.08581571,1,310065,2021,5
-10381857.9567,5615652.1446,"Gunshot Wound Victims","No","22-017512","MP202217512",2022-01-25,"20:56:00+00","2022/01/25 20:30:00+00","Non NIBRS Data","Non NIBRS Data","Non NIBRS Data","Gunshot Wound Victims","Gunshot Wound Victims","Shooting Report Only (P)","Shooting Report Only (P)","0008XX FRANKLIN AVE E",3,"Ventura Village",6,44.96271,-93.26182,-10381857.9566926,5615652.14456797,1,310066,2022,1
-10383638.9901,5616702.3647,"Gunshot Wound Victims","Yes","22-019647","MP202219647",2022-01-28,"20:57:00+00","2022/01/28 20:57:00+00","Non NIBRS Data","Non NIBRS Data","Non NIBRS Data","Gunshot Wound Victims","Gunshot Wound Victims","Shooting Report Only (P)","Shooting Report Only (P)","0013XX NICOLLET AVE",1,"Loring Park",7,44.96938,-93.27782,-10383638.990059,5616702.36472201,1,310067,2022,1
0,0,"Gunshot Wound Victims","No","22-026255","MP202226255",2022-02-06,"21:54:00+00","2022/02/06 20:30:00+00","Non NIBRS Data","Non NIBRS Data","Non NIBRS Data","Gunshot Wound Victims","Gunshot Wound Victims","Shooting Report Only (P)","Shooting Report Only (P)","No Address",NA,NA,NA,0,0,0,0,1,310068,2022,2
-10384726.0216,5628011.0642,"Gunshot Wound Victims","No","22-270367","MP2022270367",2022-11-12,"11:39:00+00","2022/11/12 11:39:00+00","Non NIBRS Data","Non NIBRS Data","Non NIBRS Data","Gunshot Wound Victims","Gunshot Wound Victims","ShotSpotter Activation (P)","Shooting (PFE)","0047XX 6TH ST N",4,"Lind - Bohanon",4,45.04121,-93.28758,-10384726.0216359,5628011.0642345,1,310069,2022,11
-10383873.668,5620864.1847,"Gunshot Wound Victims","No","22-274026","MP2022274026",2022-11-17,"02:23:00+00","2022/11/17 01:32:00+00","Non NIBRS Data","Non NIBRS Data","Non NIBRS Data","Gunshot Wound Victims","Gunshot Wound Victims","Sound of Shots Fired (P)~PD","Shooting (PFE)","0016XX 2ND ST N",4,"Hawthorne",5,44.99582,-93.27992,-10383873.6679529,5620864.18469944,1,310070,2022,11
-10381457.9073,5613395.5478,"Gunshot Wound Victims","No","22-297829","MP2022297829",2022-12-17,"04:00:00+00","2022/12/17 01:51:00+00","Non NIBRS Data","Non NIBRS Data","Non NIBRS Data","Gunshot Wound Victims","Gunshot Wound Victims","Shooting (PFE)","Shooting (PFE)","0011XX LAKE ST E",3,"Midtown Phillips",9,44.94836,-93.25822,-10381457.9072517,5613395.54781851,1,310071,2022,12
-10386745.5068,5624598.6738,"Gunshot Wound Victims","No","22-308259","MP2022308259",2022-12-30,"22:08:00+00","2022/12/30 22:08:00+00","Non NIBRS Data","Non NIBRS Data","Non NIBRS Data","Gunshot Wound Victims","Gunshot Wound Victims","Shooting Report Only (P)","Shooting Report Only (P)","0035XX NEWTON AVE N",4,"Folwell",4,45.01954,-93.30572,-10386745.5067705,5624598.67380995,1,310072,2022,12
-10381661.4785,5614664.9992,"Gunshot Wound Victims","No","23-002688","MP20232688",2023-01-04,"14:40:00+00","2023/01/04 01:00:00+00","Non NIBRS Data","Non NIBRS Data","Non NIBRS Data","Gunshot Wound Victims","Gunshot Wound Victims","Shooting Report Only (P)","Shooting Report Only (P)","0025XX 10TH AVE S",5,"Lyndale",8,44.95643,-93.26005,-10381661.4784662,5614664.99916609,1,310073,2023,1
-10385350.9272,5626021.3045,"Gunshot Wound Victims","No","23-010153","MP202310153",2023-01-13,"18:32:00+00","2023/01/13 18:32:00+00","Non NIBRS Data","Non NIBRS Data","Non NIBRS Data","Gunshot Wound Victims","Gunshot Wound Victims","Poss Personal Injury Acc (P)","Shooting (PFE)","0040XX DUPONT AVE N",4,"Webber - Camden",4,45.02858,-93.29319,-10385350.9272326,5626021.30451731,1,310074,2023,1
-10387894.7885,5625743.6597,"Gunshot Wound Victims","No","23-038843","MP202338843",2023-02-16,"23:30:00+00","2023/02/16 22:35:00+00","Non NIBRS Data","Non NIBRS Data","Non NIBRS Data","Gunshot Wound Victims","Gunshot Wound Victims","Sound of Shots Fired (P)","Shooting (PFE)","0039XX VINCENT AVE N",4,"Victory",4,45.02681,-93.31605,-10387894.7884964,5625743.65966666,1,310075,2023,2
-10384941.9664,5621657.1554,"Gunshot Wound Victims","No","23-066091","MP202366091",2023-03-19,"20:40:00+00","2023/03/19 18:35:00+00","Non NIBRS Data","Non NIBRS Data","Non NIBRS Data","Gunshot Wound Victims","Gunshot Wound Victims","ShotSpotter Activation (P)","Shooting (PFE)","0021XX ALDRICH AVE N",4,"Hawthorne",5,45.00086,-93.28952,-10384941.9664195,5621657.15536339,1,310076,2023,3
-10386208.2527,5621709.0858,"Gunshot Wound Victims","No","23-017880","MP202317880",2023-01-23,"12:14:00+00","2023/01/23 10:40:00+00","Non NIBRS Data","Non NIBRS Data","Non NIBRS Data","Gunshot Wound Victims","Gunshot Wound Victims","Shooting (PFE)","Shooting (PFE)","0016XX HILLSIDE AVE N",4,"Jordan",5,45.00119,-93.3009,-10386208.2527323,5621709.08581571,1,310077,2023,1
-10385348.6132,5613810.1146,"Gunshot Wound Victims","No","23-032249","MP202332249",2023-02-09,"14:16:00+00","2023/02/09 12:10:00+00","Non NIBRS Data","Non NIBRS Data","Non NIBRS Data","Gunshot Wound Victims","Gunshot Wound Victims","Person with a Gun (P)","Shooting (PFE)","0028XX DUPONT AVE S",5,"Lowry Hill East",10,44.951,-93.29317,-10385348.6131925,5613810.11459808,2,310078,2023,2
-10382788.7444,5616165.4177,"Gunshot Wound Victims",NA,"23-034733","MP202334733",2023-02-12,"05:56:00+00","2023/02/12 05:00:00+00","Non NIBRS Data","Non NIBRS Data","Non NIBRS Data","Gunshot Wound Victims","Gunshot Wound Victims","Shooting Report Only (P)","Shooting Report Only (P)","0007XX INTERSTATE 94",4,"Hawthorne",5,44.96597,-93.27018,-10382788.7443633,5616165.41765721,1,310079,2023,2
-10385758.0119,5624587.3477,"Gunshot Wound Victims","No","23-039934","MP202339934",2023-02-18,"04:56:00+00","2023/02/18 04:08:00+00","Non NIBRS Data","Non NIBRS Data","Non NIBRS Data","Gunshot Wound Victims","Gunshot Wound Victims","Shooting (PFE)","Shooting (PFE)","0035XX GIRARD AVE N",4,"Folwell",4,45.01947,-93.29685,-10385758.0118957,5624587.34767845,1,310080,2023,2
-10386960.5503,5619330.7523,"Gunshot Wound Victims","No","23-068907","MP202368907",2023-03-22,"22:22:00+00","2023/03/22 22:22:00+00","Non NIBRS Data","Non NIBRS Data","Non NIBRS Data","Gunshot Wound Victims","Gunshot Wound Victims","ShotSpotter Activation (P)","Shooting (PFE)","0021XX 8TH AVE N",4,"Near - North",5,44.98608,-93.30765,-10386960.5503074,5619330.75230612,1,310081,2023,3
-10382366.2133,5616354.266,"Gunshot Wound Victims","No","23-080327","MP202380327",2023-04-03,"17:35:00+00","2023/04/03 17:34:00+00","Non NIBRS Data","Non NIBRS Data","Non NIBRS Data","Gunshot Wound Victims","Gunshot Wound Victims","Shooting (PFE)","Shooting (PFE)","0006XX 16TH ST E",1,"Elliot Park",6,44.96717,-93.26638,-10382366.2133365,5616354.26600099,1,310082,2023,4
-10387307.6494,5621187.3854,"Gunshot Wound Victims","No","23-085866","MP202385866",2023-04-09,"04:27:00+00","2023/04/09 04:27:00+00","Non NIBRS Data","Non NIBRS Data","Non NIBRS Data","Gunshot Wound Victims","Gunshot Wound Victims","ShotSpotter Activation (P)","Shooting (PFE)","0017XX RUSSELL AVE N",4,"Willard - Hay",5,44.99788,-93.31077,-10387307.6494313,5621187.38535781,1,310083,2023,4
-10385547.5684,5624443.0434,"Gunshot Wound Victims","No","22-028271","MP202228271",2022-02-09,"14:19:00+00","2022/02/09 14:16:00+00","Non NIBRS Data","Non NIBRS Data","Non NIBRS Data","Gunshot Wound Victims","Gunshot Wound Victims","Unknown Trouble (P)","Shooting (PFE)","0012XX 35TH AVE N",4,"Folwell",4,45.01855,-93.29496,-10385547.5684425,5624443.04340198,1,310084,2022,2
-10378971.6607,5612419.0001,"Gunshot Wound Victims","No","22-038256","MP202238256",2022-02-22,"20:40:00+00","2022/02/22 20:38:00+00","Non NIBRS Data","Non NIBRS Data","Non NIBRS Data","Gunshot Wound Victims","Gunshot Wound Victims","Shooting (PFE)","Shooting (PFE)","0033XX 25TH AVE S",3,"Corcoran",9,44.94215,-93.23589,-10378971.6606601,5612419.0001276,1,310085,2022,2
-10381807.8219,5613961.0113,"Gunshot Wound Victims","No","21-068315","MP202168315",2021-04-02,"22:52:00+00","2021/04/02 22:52:00+00","Non NIBRS Data","Non NIBRS Data","Non NIBRS Data","Gunshot Wound Victims","Gunshot Wound Victims","Shooting Report Only (P)","Shooting Report Only (P)","0009XX 28TH ST E",3,"Midtown Phillips",9,44.95196,-93.26137,-10381807.8219322,5613961.01130238,1,310086,2021,4
-10381146.4504,5615941.1776,"Gunshot Wound Victims","No","21-075676","MP202175676",2021-04-11,"16:42:00+00","2021/04/11 16:42:00+00","Non NIBRS Data","Non NIBRS Data","Non NIBRS Data","Gunshot Wound Victims","Gunshot Wound Victims","Shooting (PFE)","Shooting (PFE)","0018XX 14TH AVE S",3,"Ventura Village",6,44.96454,-93.25543,-10381146.4503804,5615941.17757698,1,310087,2021,4
-10381095.8682,5614666.6579,"Gunshot Wound Victims","No","21-081376","MP202181376",2021-04-18,"20:47:00+00","2021/04/18 19:36:00+00","Non NIBRS Data","Non NIBRS Data","Non NIBRS Data","Gunshot Wound Victims","Gunshot Wound Victims","Shooting (PFE)","Shooting (PFE)","0025XX 14TH AVE S",3,"Midtown Phillips",9,44.95644,-93.25497,-10381095.8681795,5614666.65786319,1,310088,2021,4
-10384609.2787,5625146.785,"Gunshot Wound Victims","No","20-294408","MP2020294408",2020-11-21,"19:04:00+00","2020/11/21 17:20:00+00","Non NIBRS Data","Non NIBRS Data","Non NIBRS Data","Gunshot Wound Victims","Gunshot Wound Victims","Sound of Shots Fired (P)","Shooting (PFE)","0037XX 6TH ST N",4,"McKinley",4,45.02302,-93.28653,-10384609.2786598,5625146.78502634,2,310089,2020,11
-10385338.213,5624867.4948,"Gunshot Wound Victims","No","20-296677","MP2020296677",2020-11-25,"01:37:00+00","2020/11/24 23:25:00+00","Non NIBRS Data","Non NIBRS Data","Non NIBRS Data","Gunshot Wound Victims","Gunshot Wound Victims","ShotSpotter Activation (P)","Shooting (PFE)","0036XX DUPONT AVE N",4,"McKinley",4,45.02125,-93.29308,-10385338.2129882,5624867.49482133,1,310090,2020,11
-10383217.8535,5615947.8466,"Gunshot Wound Victims","No","20-300074","MP2020300074",2020-11-30,"03:24:00+00","2020/11/30 00:35:00+00","Non NIBRS Data","Non NIBRS Data","Non NIBRS Data","Gunshot Wound Victims","Gunshot Wound Victims","Sound of Shots Fired (P)","Shooting (PFE)","0018XX 2ND AVE S",5,"Steven's Square - Loring Heights",6,44.96459,-93.27403,-10383217.853472,5615947.84663977,1,310091,2020,11
-10384988.8559,5625006.3664,"Gunshot Wound Victims","No","20-307837","MP2020307837",2020-12-10,"20:36:00+00","2020/12/10 18:05:00+00","Non NIBRS Data","Non NIBRS Data","Non NIBRS Data","Gunshot Wound Victims","Gunshot Wound Victims","Personal Injury w/ Trap (PFE)","Shooting (PFE)","0008XX 37TH AVE N",4,"McKinley",4,45.02213,-93.28994,-10384988.8558778,5625006.36640225,1,310092,2020,12
-10385202.3844,5625436.6347,"Gunshot Wound Victims","No","20-308647","MP2020308647",2020-12-11,"18:53:00+00","2020/12/11 17:58:00+00","Non NIBRS Data","Non NIBRS Data","Non NIBRS Data","Gunshot Wound Victims","Gunshot Wound Victims","Shooting (PFE)","Shooting (PFE)","0038XX COLFAX AVE N",4,"Webber - Camden",4,45.02486,-93.29186,-10385202.3844033,5625436.63472255,1,310093,2020,12
-10383751.7703,5617954.2495,"Gunshot Wound Victims","No","21-008561","MP20218561",2021-01-13,"05:43:00+00","2021/01/13 03:35:00+00","Non NIBRS Data","Non NIBRS Data","Non NIBRS Data","Gunshot Wound Victims","Gunshot Wound Victims","Shooting (PFE)","Shooting (PFE)","000XX 10TH ST N",1,"Downtown West",7,44.97734,-93.27883,-10383751.7703008,5617954.24949095,1,310094,2021,1
-10384518.3334,5623868.0729,"Gunshot Wound Victims","No","21-014742","MP202114742",2021-01-22,"02:35:00+00","2021/01/21 22:02:00+00","Non NIBRS Data","Non NIBRS Data","Non NIBRS Data","Gunshot Wound Victims","Gunshot Wound Victims","Shooting (PFE)","Shooting (PFE)","0004XX 33RD AVE N",4,"McKinley",4,45.0149,-93.28572,-10384518.3333575,5623868.07285522,1,310095,2021,1
-10385061.9197,5614383.262,"Gunshot Wound Victims","No","21-027907","MP202127907",2021-02-08,"20:30:00+00","2021/02/08 19:00:00+00","Non NIBRS Data","Non NIBRS Data","Non NIBRS Data","Gunshot Wound Victims","Gunshot Wound Victims","Shooting (PFE)","Shooting (PFE)","0026XX BRYANT AVE S",5,"Lowry Hill East",10,44.95464,-93.2906,-10385061.9197343,5614383.26204636,1,310096,2021,2
-10378836.1074,5612148.5076,"Gunshot Wound Victims","No","20-220721","MP2020220721",2020-08-24,"21:59:00+00","2020/08/24 21:50:00+00","Non NIBRS Data","Non NIBRS Data","Non NIBRS Data","Gunshot Wound Victims","Gunshot Wound Victims","Shooting (PFE)","Shooting (PFE)","0034XX 26TH AVE S",3,"Corcoran",9,44.94043,-93.23467,-10378836.107373,5612148.50762713,3,310097,2020,8
-10383934.5879,5614523.8168,"Gunshot Wound Victims","No","20-222605","MP2020222605",2020-08-27,"01:17:00+00","2020/08/26 23:09:00+00","Non NIBRS Data","Non NIBRS Data","Non NIBRS Data","Gunshot Wound Victims","Gunshot Wound Victims","Sound of Shots Fired (P)","Shooting (PFE)","0001XX 26TH ST W",5,"Whittier",10,44.95553,-93.28047,-10383934.587944,5614523.81682133,1,310098,2020,8
-10386530.5617,5622749.7909,"Gunshot Wound Victims","No","20-223371","MP2020223371",2020-08-27,"20:50:00+00","2020/08/27 19:12:00+00","Non NIBRS Data","Non NIBRS Data","Non NIBRS Data","Gunshot Wound Victims","Gunshot Wound Victims","ShotSpotter Activation (P)","Shooting (PFE)","0019XX 27TH AVE N",4,"Jordan",5,45.0078,-93.30379,-10386530.5617065,5622749.79089494,1,310099,2020,8
-10384780.3529,5625432.198,"Gunshot Wound Victims","No","20-229776","MP2020229776",2020-09-04,"02:22:00+00","2020/09/04 01:43:00+00","Non NIBRS Data","Non NIBRS Data","Non NIBRS Data","Gunshot Wound Victims","Gunshot Wound Victims","Shooting (PFE)","Shooting (PFE)","0038XX LYNDALE AVE N",4,"Webber - Camden",4,45.02484,-93.28807,-10384780.3529205,5625432.19795556,1,310100,2020,9
-10387594.4688,5624602.169,"Gunshot Wound Victims","No","20-232145","MP2020232145",2020-09-07,"00:07:00+00","2020/09/06 20:06:00+00","Non NIBRS Data","Non NIBRS Data","Non NIBRS Data","Gunshot Wound Victims","Gunshot Wound Victims","ShotSpotter Activation (P)","Shooting (PFE)","0035XX THOMAS AVE N",4,"Cleveland",4,45.01957,-93.31335,-10387594.4688051,5624602.16899676,1,310101,2020,9
-10385624.2889,5625441.1955,"Gunshot Wound Victims","No","20-238443","MP2020238443",2020-09-14,"16:10:00+00","2020/09/14 16:10:00+00","Non NIBRS Data","Non NIBRS Data","Non NIBRS Data","Gunshot Wound Victims","Gunshot Wound Victims","Shooting (PFE)","Shooting (PFE)","0038XX FREMONT AVE N",4,"Webber - Camden",4,45.02489,-93.29565,-10385624.2888868,5625441.19552063,2,310102,2020,9
-10386461.6321,5623175.4331,"Gunshot Wound Victims","No","20-240257","MP2020240257",2020-09-16,"17:12:00+00","2020/09/16 16:30:00+00","Non NIBRS Data","Non NIBRS Data","Non NIBRS Data","Gunshot Wound Victims","Gunshot Wound Victims","Shooting (PFE)","Shooting (PFE)","0029XX LOGAN AVE N",4,"Jordan",5,45.0105,-93.30317,-10386461.6321038,5623175.43312407,1,310103,2020,9
-10381947.4353,5612701.8104,"Gunshot Wound Victims","No","21-085808","MP202185808",2021-04-25,"01:50:00+00","2021/04/25 00:05:00+00","Non NIBRS Data","Non NIBRS Data","Non NIBRS Data","Gunshot Wound Victims","Gunshot Wound Victims","Shooting (PFE)","Shooting (PFE)","0032XX CHICAGO AVE",3,"Central",9,44.94395,-93.26262,-10381947.4352832,5612701.81037682,1,310104,2021,4
-10380237.3112,5616638.499,"Gunshot Wound Victims","No","21-087676","MP202187676",2021-04-27,"22:19:00+00","2021/04/27 19:00:00+00","Non NIBRS Data","Non NIBRS Data","Non NIBRS Data","Gunshot Wound Victims","Gunshot Wound Victims","Shooting (PFE)","Shooting (PFE)","0004XX CEDAR AVE S",1,"Cedar Riverside",6,44.96897,-93.24726,-10380237.3112106,5616638.4990028,1,310105,2021,4
-10383844.1671,5614100.5714,"Gunshot Wound Victims","No","22-046810","MP202246810",2022-03-06,"02:30:00+00","2022/03/06 02:27:00+00","Non NIBRS Data","Non NIBRS Data","Non NIBRS Data","Gunshot Wound Victims","Gunshot Wound Victims","Shooting (PFE)","Shooting (PFE)","0027XX BLAISDELL AVE",5,"Whittier",10,44.95284,-93.27966,-10383844.1670874,5614100.57143999,4,310106,2022,3
-10382518.6048,5613261.6948,"Gunshot Wound Victims","No","22-055864","MP202255864",2022-03-18,"01:46:00+00","2022/03/17 23:59:00+00","Non NIBRS Data","Non NIBRS Data","Non NIBRS Data","Gunshot Wound Victims","Gunshot Wound Victims","Unknown Trouble (P)","Shooting (PFE)","0030XX PORTLAND AVE",3,"Central",8,44.94751,-93.26775,-10382518.6048344,5613261.69478544,1,310107,2022,3
-10383366.307,5613677.0365,"Gunshot Wound Victims","No","22-058698","MP202258698",2022-03-21,"04:24:00+00","2022/03/21 01:30:00+00","Non NIBRS Data","Non NIBRS Data","Non NIBRS Data","Gunshot Wound Victims","Gunshot Wound Victims","Shooting (PFE)","Shooting (PFE)","0029XX STEVENS AVE",3,"Phillips West",8,44.95015,-93.27537,-10383366.3069789,5613677.0364866,1,310108,2022,3
-10382368.4113,5615508.9971,"Gunshot Wound Victims","No","22-064600","MP202264600",2022-03-28,"17:26:00+00","2022/03/28 17:26:00+00","Non NIBRS Data","Non NIBRS Data","Non NIBRS Data","Gunshot Wound Victims","Gunshot Wound Victims","Poss Personal Injury Acc (P)","Shooting (PFE)","0020XX OAKLAND AVE",3,"Ventura Village",6,44.9618,-93.2664,-10382368.4113087,5615508.99713904,1,310109,2022,3
-10380610.1292,5616746.0539,"Gunshot Wound Victims","No","22-070555","MP202270555",2022-04-05,"02:36:00+00","2022/04/04 23:02:00+00","Non NIBRS Data","Non NIBRS Data","Non NIBRS Data","Gunshot Wound Victims","Gunshot Wound Victims","Sound of Shots Fired (P)","Shooting (PFE)","0005XX 15TH AVE S",1,"Cedar Riverside",6,44.96966,-93.25061,-10380610.1291828,5616746.0539462,2,310110,2022,4
-10383995.6361,5621926.0497,"Gunshot Wound Victims","No","22-073542","MP202273542",2022-04-09,"03:47:00+00","2022/04/09 00:00:00+00","Non NIBRS Data","Non NIBRS Data","Non NIBRS Data","Gunshot Wound Victims","Gunshot Wound Victims","Shooting Report Only (P)","Shooting Report Only (P)","0002XX 23RD AVE N",4,"Hawthorne",5,45.00257,-93.28102,-10383995.6360887,5621926.04972424,1,310111,2022,4
-10382513.2507,5614099.0301,"Gunshot Wound Victims","No","23-066396","MP202366396",2023-03-20,"03:21:00+00","2023/03/20 03:21:00+00","Non NIBRS Data","Non NIBRS Data","Non NIBRS Data","Gunshot Wound Victims","Gunshot Wound Victims","Shooting (PFE)","Shooting (PFE)","0027XX PORTLAND AVE",3,"Phillips West",6,44.95283,-93.2677,-10382513.2507452,5614099.0301225,1,310112,2023,3
-10383501.607,5615947.5898,"Gunshot Wound Victims","No","23-072558","MP202372558",2023-03-26,"21:12:00+00","2023/03/26 18:41:00+00","Non NIBRS Data","Non NIBRS Data","Non NIBRS Data","Gunshot Wound Victims","Gunshot Wound Victims","Narcotics (Drug) Activity (P)","Shooting (PFE)","0018XX 1ST AVE S",5,"Steven's Square - Loring Heights",6,44.96458,-93.27658,-10383501.6069841,5615947.58977873,1,310113,2023,3
-10386744.8963,5624030.1724,"Gunshot Wound Victims","No","23-087352","MP202387352",2023-04-10,"19:12:00+00","2023/04/10 19:12:00+00","Non NIBRS Data","Non NIBRS Data","Non NIBRS Data","Gunshot Wound Victims","Gunshot Wound Victims","Sound of Shots Fired (P)","Shooting (PFE)","0033XX NEWTON AVE N",4,"Folwell",4,45.01593,-93.30572,-10386744.8963446,5624030.1724301,1,310114,2023,4
-10380386.022,5614949.211,"Gunshot Wound Victims","No","23-090673","MP202390673",2023-04-13,"20:15:00+00","2023/04/13 20:15:00+00","Non NIBRS Data","Non NIBRS Data","Non NIBRS Data","Gunshot Wound Victims","Gunshot Wound Victims","Assist Other Agency (P)","Shooting (PFE)","0024XX 18TH AVE S",3,"East Phillips",9,44.95824,-93.24859,-10380386.0220257,5614949.21102248,1,310115,2023,4
-10380960.7776,5612967.9371,"Gunshot Wound Victims","No","23-101063","MP2023101063",2023-04-24,"19:30:00+00","2023/04/24 19:30:00+00","Non NIBRS Data","Non NIBRS Data","Non NIBRS Data","Gunshot Wound Victims","Gunshot Wound Victims","Shooting (PFE)","Shooting (PFE)","0031XX 15TH AVE S",3,"Powderhorn Park",9,44.94564,-93.25376,-10380960.7776356,5612967.93709,1,310116,2023,4
-10387093.8513,5621327.7957,"Gunshot Wound Victims","No","23-103325","MP2023103325",2023-04-26,"23:21:00+00","2023/04/26 23:21:00+00","Non NIBRS Data","Non NIBRS Data","Non NIBRS Data","Gunshot Wound Victims","Gunshot Wound Victims","ShotSpotter Activation (P)","Shooting Report Only (P)","0022XX GOLDEN VALLEY RD",4,"Willard - Hay",5,44.99877,-93.30885,-10387093.8512894,5621327.7957079,1,310117,2023,4
-10383608.9177,5605103.0636,"Gunshot Wound Victims","No","23-106303","MP2023106303",2023-04-29,"21:33:00+00","2023/04/29 21:33:00+00","Non NIBRS Data","Non NIBRS Data","Non NIBRS Data","Gunshot Wound Victims","Gunshot Wound Victims","Shooting (PFE)","Shooting (PFE)","000XX 59TH ST E",5,"Windom",11,44.89561,-93.27755,-10383608.9177049,5605103.06363369,1,310118,2023,4
-10378665.4651,5613821.2211,"Gunshot Wound Victims","No","23-093133","MP202393133",2023-04-16,"12:21:00+00","2023/04/16 12:19:00+00","Non NIBRS Data","Non NIBRS Data","Non NIBRS Data","Gunshot Wound Victims","Gunshot Wound Victims","Shooting (PFE)","Shooting (PFE)","0028XX 27TH AVE S",3,"Longfellow",9,44.95107,-93.23314,-10378665.4650672,5613821.22114307,1,310119,2023,4
-10385875.162,5628294.501,"Gunshot Wound Victims","No","23-098685","MP202398685",2023-04-22,"05:47:00+00","2023/04/22 04:54:00+00","Non NIBRS Data","Non NIBRS Data","Non NIBRS Data","Gunshot Wound Victims","Gunshot Wound Victims","Shooting (PFE)","Shooting (PFE)","0048XX GIRARD AVE N",4,"Lind - Bohanon",4,45.04301,-93.2979,-10385875.1619574,5628294.50104041,1,310120,2023,4
-10383995.6361,5621926.0497,"Gunshot Wound Victims","No","23-114841","MP2023114841",2023-05-07,"22:03:00+00","2023/05/07 21:57:00+00","Non NIBRS Data","Non NIBRS Data","Non NIBRS Data","Gunshot Wound Victims","Gunshot Wound Victims","Shooting (PFE)","Shooting (PFE)","0002XX 23RD AVE N",4,"Hawthorne",5,45.00257,-93.28102,-10383995.6360887,5621926.04972424,1,310121,2023,5
-10385155.6363,5628007.0284,"Gunshot Wound Victims","No","23-116059","MP2023116059",2023-05-09,"01:15:00+00","2023/05/09 01:15:00+00","Non NIBRS Data","Non NIBRS Data","Non NIBRS Data","Gunshot Wound Victims","Gunshot Wound Victims","Shooting (PFE)","Shooting (PFE)","0047XX BRYANT AVE N",4,"Lind - Bohanon",4,45.04118,-93.29144,-10385155.636333,5628007.02839532,1,310122,2023,5
-10383630.6244,5616881.2438,"Gunshot Wound Victims","No","23-127726","MP2023127726",2023-05-19,"22:43:00+00","2023/05/19 22:43:00+00","Non NIBRS Data","Non NIBRS Data","Non NIBRS Data","Gunshot Wound Victims","Gunshot Wound Victims","Shooting (PFE)","Shooting (PFE)","0013XX NICOLLET MALL",1,"Loring Park",7,44.97052,-93.27774,-10383630.6243561,5616881.24380765,2,310123,2023,5
-10386747.0779,5619757.9908,"Gunshot Wound Victims","No","23-144044","MP2023144044",2023-06-04,"05:08:00+00","2023/06/04 05:08:00+00","Non NIBRS Data","Non NIBRS Data","Non NIBRS Data","Gunshot Wound Victims","Gunshot Wound Victims","Shooting (PFE)","Shooting (PFE)","0011XX NEWTON AVE N",4,"Near - North",5,44.9888,-93.30574,-10386747.077872,5619757.99076698,1,310124,2023,6
-10384213.7161,5614100.8515,"Gunshot Wound Victims","No","23-150738","MP2023150738",2023-06-10,"13:59:00+00","2023/06/10 13:59:00+00","Non NIBRS Data","Non NIBRS Data","Non NIBRS Data","Gunshot Wound Victims","Gunshot Wound Victims","Person with a Gun (P)","Shooting (PFE)","0027XX PLEASANT AVE",5,"Whittier",10,44.95284,-93.28298,-10384213.7161272,5614100.85150681,1,310125,2023,6
-10386244.8705,5627103.6128,"Gunshot Wound Victims","Yes","23-120040","MP2023120040",2023-05-12,"16:53:00+00","2023/05/12 15:30:00+00","Non NIBRS Data","Non NIBRS Data","Non NIBRS Data","Gunshot Wound Victims","Gunshot Wound Victims","Shooting Report Only (P)","Shooting Report Only (P)","0016XX 44TH AVE N",4,"Webber - Camden",4,45.03545,-93.30123,-10386244.8705406,5627103.6128359,1,310126,2023,5
-10384483.5595,5625860.8754,"Gunshot Wound Victims",NA,"21-083126","MP202183126",2021-04-21,"14:52:00+00","2021/04/21 10:44:00+00","Non NIBRS Data","Non NIBRS Data","Non NIBRS Data","Gunshot Wound Victims","Gunshot Wound Victims","Shooting Report Only (P)","Shooting Report Only (P)","0004XX 40TH AVE N",4,"Webber - Camden",4,45.02756,-93.2854,-10384483.5595457,5625860.87542079,1,310127,2021,4
-10385708.2099,5621932.3709,"Gunshot Wound Victims","No","21-089400","MP202189400",2021-04-30,"02:00:00+00","2021/04/29 20:54:00+00","Non NIBRS Data","Non NIBRS Data","Non NIBRS Data","Gunshot Wound Victims","Gunshot Wound Victims","Shooting Report Only (P)","Shooting Report Only (P)","0012XX 23RD AVE N",4,"Near - North",5,45.00261,-93.2964,-10385708.2098747,5621932.37089891,1,310128,2021,4
-10381103.3601,5613529.7516,"Gunshot Wound Victims","No","22-079743","MP202279743",2022-04-17,"01:26:00+00","2022/04/17 00:20:00+00","Non NIBRS Data","Non NIBRS Data","Non NIBRS Data","Gunshot Wound Victims","Gunshot Wound Victims","Shooting (PFE)","Shooting (PFE)","0029XX 14TH AVE S",3,"Midtown Phillips",9,44.94921,-93.25504,-10381103.3600722,5613529.75163781,1,310129,2022,4
-10382003.0331,5617172.4506,"Gunshot Wound Victims","Yes","22-084611","MP202284611",2022-04-23,"05:50:00+00","2022/04/23 05:08:00+00","Non NIBRS Data","Non NIBRS Data","Non NIBRS Data","Gunshot Wound Victims","Gunshot Wound Victims","Shooting Report Only (P)","Shooting Report Only (P)","0007XX PARK AVE",1,"Elliot Park",6,44.97237,-93.26312,-10382003.0331279,5617172.45057924,1,310130,2022,4
-10385297.6704,5627720.0463,"Gunshot Wound Victims","Yes","21-097779","MP202197779",2021-05-09,"17:50:00+00","2021/05/08 19:00:00+00","Non NIBRS Data","Non NIBRS Data","Non NIBRS Data","Gunshot Wound Victims","Gunshot Wound Victims","Shooting Report Only (P)","Shooting Report Only (P)","0046XX COLFAX AVE N",4,"Lind - Bohanon",4,45.03936,-93.29272,-10385297.6704232,5627720.04630788,1,310131,2021,5
-10381939.9625,5615748.6044,"Gunshot Wound Victims","No","22-090205","MP202290205",2022-04-29,"19:37:00+00","2022/04/29 19:37:00+00","Non NIBRS Data","Non NIBRS Data","Non NIBRS Data","Gunshot Wound Victims","Gunshot Wound Victims","Shooting (PFE)","Shooting (PFE)","0019XX CHICAGO AVE",3,"Ventura Village",6,44.96332,-93.26255,-10381939.9625171,5615748.60444782,1,310132,2022,4
-10381830.5614,5621919.1973,"Gunshot Wound Victims","No","21-099077","MP202199077",2021-05-11,"01:04:00+00","2021/05/11 01:04:00+00","Non NIBRS Data","Non NIBRS Data","Non NIBRS Data","Gunshot Wound Victims","Gunshot Wound Victims","Sound of Shots Fired (P)","Shooting (PFE)","0014XX 4TH ST NE",2,"Sheridan",3,45.00253,-93.26157,-10381830.5614309,5621919.19733593,1,310133,2021,5
-10382234.8151,5613676.7068,"Gunshot Wound Victims","No","21-038608","MP202138608",2021-02-24,"02:30:00+00","2021/02/24 01:30:00+00","Non NIBRS Data","Non NIBRS Data","Non NIBRS Data","Gunshot Wound Victims","Gunshot Wound Victims","Shooting Report Only (P)","Shooting Report Only (P)","0028XX PARK AVE",3,"Phillips West",9,44.95015,-93.2652,-10382234.8151401,5613676.70683913,1,310134,2021,2
-10386743.8822,5620515.7235,"Gunshot Wound Victims","No","22-097123","MP202297123",2022-05-07,"18:36:00+00","2022/05/07 18:36:00+00","Non NIBRS Data","Non NIBRS Data","Non NIBRS Data","Gunshot Wound Victims","Gunshot Wound Victims","Shooting (PFE)","Shooting (PFE)","0014XX NEWTON AVE N",4,"Near - North",5,44.99361,-93.30571,-10386743.8822039,5620515.72354414,1,310135,2022,5
-10381941.2915,5615440.2167,"Gunshot Wound Victims","No","21-041880","MP202141880",2021-02-28,"09:25:00+00","2021/02/28 09:15:00+00","Non NIBRS Data","Non NIBRS Data","Non NIBRS Data","Gunshot Wound Victims","Gunshot Wound Victims","ShotSpotter Activation (P)","Shooting (PFE)","0021XX CHICAGO AVE",3,"Ventura Village",6,44.96136,-93.26257,-10381941.2914788,5615440.21670984,1,310136,2021,2
-10385282.7521,5620856.6019,"Gunshot Wound Victims","No","22-105106","MP2022105106",2022-05-16,"14:07:00+00","2022/05/16 14:07:00+00","Non NIBRS Data","Non NIBRS Data","Non NIBRS Data","Gunshot Wound Victims","Gunshot Wound Victims","Shooting (PFE)","Shooting (PFE)","0016XX DUPONT AVE N",4,"Hawthorne",5,44.99578,-93.29258,-10385282.7520634,5620856.60187697,1,310137,2022,5
-10385708.2099,5621932.3709,"Gunshot Wound Victims","Yes","21-052701","MP202152701",2021-03-13,"20:04:00+00","2021/03/13 19:40:00+00","Non NIBRS Data","Non NIBRS Data","Non NIBRS Data","Gunshot Wound Victims","Gunshot Wound Victims","Shooting Report Only (P)","Shooting Report Only (P)","0012XX 23RD AVE N",4,"Jordan",5,45.00261,-93.2964,-10385708.2098747,5621932.37089891,1,310138,2021,3
-10386607.1858,5619757.2797,"Gunshot Wound Victims","No","22-106292","MP2022106292",2022-05-17,"23:42:00+00","2022/05/17 21:28:00+00","Non NIBRS Data","Non NIBRS Data","Non NIBRS Data","Gunshot Wound Victims","Gunshot Wound Victims","Shooting (PFE)","Shooting (PFE)","0010XX MORGAN AVE N",4,"Near - North",5,44.98879,-93.30448,-10386607.1858,5619757.27966767,1,310139,2022,5
-10384941.9664,5621657.1554,"Gunshot Wound Victims","Yes","21-055508","MP202155508",2021-03-17,"17:45:00+00","2021/03/17 17:31:00+00","Non NIBRS Data","Non NIBRS Data","Non NIBRS Data","Gunshot Wound Victims","Gunshot Wound Victims","Shooting Report Only (P)","Shooting Report Only (P)","0021XX ALDRICH AVE N",4,"Near - North",5,45.00086,-93.28952,-10384941.9664195,5621657.15536339,1,310140,2021,3
-10380252.5084,5613813.0852,"Gunshot Wound Victims",NA,"22-116482","MP2022116482",2022-05-29,"18:43:00+00","2022/05/28 18:30:00+00","Non NIBRS Data","Non NIBRS Data","Non NIBRS Data","Gunshot Wound Victims","Gunshot Wound Victims","Shooting Report Only (P)","Shooting Report Only (P)","0028XX CEDAR AVE S",3,"East Phillips",9,44.95101,-93.24739,-10380252.5084442,5613813.08515919,1,310141,2022,5
-10380467.2267,5613396.9347,"Gunshot Wound Victims","No","21-061157","MP202161157",2021-03-25,"02:18:00+00","2021/03/24 23:55:00+00","Non NIBRS Data","Non NIBRS Data","Non NIBRS Data","Gunshot Wound Victims","Gunshot Wound Victims","Shooting (PFE)","Shooting (PFE)","0017XX LAKE ST E",3,"East Phillips",9,44.94837,-93.24932,-10380467.2267347,5613396.9346747,1,310142,2021,3
-10378839.2854,5613113.1811,"Gunshot Wound Victims","No","23-110446","MP2023110446",2023-05-03,"21:57:00+00","2023/05/03 21:57:00+00","Non NIBRS Data","Non NIBRS Data","Non NIBRS Data","Gunshot Wound Victims","Gunshot Wound Victims","Shooting (PFE)","Shooting (PFE)","0030XX SNELLING AVE",3,"East Phillips",9,44.94657,-93.2347,-10378839.2854072,5613113.18107885,1,310143,2023,5
-10385414.5183,5625581.7584,"Gunshot Wound Victims","No","21-069896","MP202169896",2021-04-04,"20:39:00+00","2021/04/04 19:30:00+00","Non NIBRS Data","Non NIBRS Data","Non NIBRS Data","Gunshot Wound Victims","Gunshot Wound Victims","ShotSpotter Activation (P)","Shooting (PFE)","0011XX 39TH AVE N",4,"Webber - Camden",4,45.02579,-93.29377,-10385414.5183006,5625581.75843585,1,310144,2021,4
-10386747.0779,5619757.9908,"Gunshot Wound Victims","No","23-163909","MP2023163909",2023-06-23,"15:29:00+00","2023/06/23 15:29:00+00","Non NIBRS Data","Non NIBRS Data","Non NIBRS Data","Gunshot Wound Victims","Gunshot Wound Victims","Shooting (PFE)","Shooting (PFE)","0011XX NEWTON AVE N",4,"Folwell",4,44.9888,-93.30574,-10386747.077872,5619757.99076698,1,310145,2023,6
-10380577.962,5616626.55,"Gunshot Wound Victims","Yes","23-114675","MP2023114675",2023-05-07,"20:36:00+00","2023/05/07 18:55:00+00","Non NIBRS Data","Non NIBRS Data","Non NIBRS Data","Gunshot Wound Victims","Gunshot Wound Victims","Shooting Report Only (P)","Shooting Report Only (P)","0015XX 6TH ST S",1,"Cedar Riverside",6,44.9689,-93.25032,-10380577.9620403,5616626.54996096,1,310146,2023,5
-10380677.2898,5613812.1887,"Gunshot Wound Victims","Yes","21-071964","MP202171964",2021-04-07,"01:35:00+00","2021/04/07 00:07:00+00","Non NIBRS Data","Non NIBRS Data","Non NIBRS Data","Gunshot Wound Victims","Gunshot Wound Victims","Shooting Report Only (P)","Shooting Report Only (P)","0028XX 16TH AVE S",3,"East Phillips",9,44.95101,-93.25121,-10380677.2898147,5613812.18866631,1,310147,2021,4
-10384940.3509,5611291.01,"Gunshot Wound Victims","No","23-128890","MP2023128890",2023-05-21,"03:45:00+00","2023/05/21 00:42:00+00","Non NIBRS Data","Non NIBRS Data","Non NIBRS Data","Gunshot Wound Victims","Gunshot Wound Victims","Shooting (PFE)","Shooting (PFE)","0037XX ALDRICH AVE S",5,"East Harriet",13,44.93498,-93.28951,-10384940.350912,5611291.00997487,1,310148,2023,5
-10386674.8967,5620183.8911,"Gunshot Wound Victims","No","21-100664","MP2021100664",2021-05-13,"00:09:00+00","2021/05/13 00:09:00+00","Non NIBRS Data","Non NIBRS Data","Non NIBRS Data","Gunshot Wound Victims","Gunshot Wound Victims","Shooting Report Only (P)","Shooting Report Only (P)","0019XX PLYMOUTH AVE N",4,"Near - North",5,44.9915,-93.30509,-10386674.8966792,5620183.89112344,1,310149,2021,5
-10381667.0475,5613892.1542,"Gunshot Wound Victims","No","23-137365","MP2023137365",2023-05-29,"02:22:00+00","2023/05/28 23:32:00+00","Non NIBRS Data","Non NIBRS Data","Non NIBRS Data","Gunshot Wound Victims","Gunshot Wound Victims","Shooting Report Only (P)","Shooting Report Only (P)","0028XX 10TH AVE S",3,"Midtown Phillips",9,44.95152,-93.2601,-10381667.0474589,5613892.15422734,1,310150,2023,5
-10386432.5707,5621799.3839,"Gunshot Wound Victims","No","21-103256","MP2021103256",2021-05-15,"20:32:00+00","2021/05/15 20:32:00+00","Non NIBRS Data","Non NIBRS Data","Non NIBRS Data","Gunshot Wound Victims","Gunshot Wound Victims","ShotSpotter Activation (P)","Shooting (PFE)","0022XX ILION AVE N",4,"Jordan",5,45.00177,-93.30291,-10386432.5706513,5621799.38385658,1,310151,2021,5
-10385756.5195,5622885.2521,"Gunshot Wound Victims","No","23-144723","MP2023144723",2023-06-04,"22:30:00+00","2023/06/04 22:30:00+00","Non NIBRS Data","Non NIBRS Data","Non NIBRS Data","Gunshot Wound Victims","Gunshot Wound Victims","ShotSpotter Activation (P)","Shooting (PFE)","0028XX GIRARD AVE N",4,"Jordan",5,45.00866,-93.29684,-10385756.5194506,5622885.25209399,1,310152,2023,6
-10387307.3698,5621757.8171,"Gunshot Wound Victims","No","21-107671","MP2021107671",2021-05-20,"20:37:00+00","2021/05/20 19:18:00+00","Non NIBRS Data","Non NIBRS Data","Non NIBRS Data","Gunshot Wound Victims","Gunshot Wound Victims","Shooting (PFE)","Shooting (PFE)","0022XX RUSSELL AVE N",4,"Willard - Hay",5,45.0015,-93.31077,-10387307.3697963,5621757.81707668,1,310153,2021,5
-10387313.6576,5624886.5413,"Gunshot Wound Victims","No","23-150272","MP2023150272",2023-06-09,"23:45:00+00","2023/06/09 23:45:00+00","Non NIBRS Data","Non NIBRS Data","Non NIBRS Data","Gunshot Wound Victims","Gunshot Wound Victims","Shooting (PFE)","Shooting (PFE)","0036XX RUSSELL AVE N",4,"Cleveland",4,45.02137,-93.31083,-10387313.6575984,5624886.54132672,1,310154,2023,6
-10384430.0999,5622014.4527,"Gunshot Wound Victims","Yes","21-109946","MP2021109946",2021-05-23,"02:39:00+00","2021/05/23 02:39:00+00","Non NIBRS Data","Non NIBRS Data","Non NIBRS Data","Gunshot Wound Victims","Gunshot Wound Victims","Poss Personal Injury Acc (P)","Personal Injury w/ Trap (PFE)","0023XX 4TH ST N",4,"Hawthorne",5,45.00313,-93.28492,-10384430.0998506,5622014.45267222,1,310155,2021,5
-10381453.7932,5616365.1154,"Gunshot Wound Victims","No","23-163443","MP2023163443",2023-06-23,"02:08:00+00","2023/06/23 02:08:00+00","Non NIBRS Data","Non NIBRS Data","Non NIBRS Data","Gunshot Wound Victims","Gunshot Wound Victims","Shooting (PFE)","Shooting (PFE)","0015XX 11TH AVE S",1,"Elliot Park",6,44.96724,-93.25819,-10381453.7931726,5616365.1154203,1,310156,2023,6
-10381244.887,5613253.5335,"Gunshot Wound Victims","No","21-111642","MP2021111642",2021-05-24,"22:47:00+00","2021/05/24 22:47:00+00","Non NIBRS Data","Non NIBRS Data","Non NIBRS Data","Gunshot Wound Victims","Gunshot Wound Victims","Sound of Shots Fired (P)","Shooting (PFE)","0030XX 13TH AVE S",3,"Midtown Phillips",9,44.94746,-93.25631,-10381244.8870021,5613253.53345264,1,310157,2021,5
-10385197.0085,5624581.1812,"Gunshot Wound Victims","No","23-177230","MP2023177230",2023-07-06,"06:39:00+00","2023/07/06 04:26:00+00","Non NIBRS Data","Non NIBRS Data","Non NIBRS Data","Gunshot Wound Victims","Gunshot Wound Victims","Shooting (PFE)","Shooting (PFE)","0035XX COLFAX AVE N",4,"McKinley",4,45.01943,-93.29181,-10385197.0084561,5624581.18124834,2,310158,2023,7
-10386319.299,5621626.1288,"Gunshot Wound Victims","No","21-113332","MP2021113332",2021-05-27,"00:16:00+00","2021/05/26 20:38:00+00","Non NIBRS Data","Non NIBRS Data","Non NIBRS Data","Gunshot Wound Victims","Gunshot Wound Victims","ShotSpotter Activation (P)","Shooting (PFE)","0021XX JAMES AVE N",4,"Jordan",5,45.00066,-93.30189,-10386319.2990487,5621626.12877838,2,310159,2021,5
-10385123.7372,5622738.7012,"Gunshot Wound Victims","No","23-151116","MP2023151116",2023-06-11,"02:40:00+00","2023/06/10 21:37:00+00","Non NIBRS Data","Non NIBRS Data","Non NIBRS Data","Gunshot Wound Victims","Gunshot Wound Victims","Shooting Report Only (P)","Shooting Report Only (P)","0009XX 27TH AVE N",4,"Hawthorne",5,45.00773,-93.29115,-10385123.7371701,5622738.70123449,1,310160,2023,6
-10384941.9664,5621657.1554,"Gunshot Wound Victims","Yes","21-114791","MP2021114791",2021-05-28,"17:25:00+00","2021/05/28 17:25:00+00","Non NIBRS Data","Non NIBRS Data","Non NIBRS Data","Gunshot Wound Victims","Gunshot Wound Victims","Shooting Report Only (P)","Shooting Report Only (P)","0021XX ALDRICH AVE N",4,"Hawthorne",5,45.00086,-93.28952,-10384941.9664195,5621657.15536339,1,310161,2021,5
-10386208.2527,5621709.0858,"Gunshot Wound Victims","No","23-153550","MP2023153550",2023-06-13,"11:12:00+00","2023/06/13 10:16:00+00","Non NIBRS Data","Non NIBRS Data","Non NIBRS Data","Gunshot Wound Victims","Gunshot Wound Victims","Shooting (PFE)","Shooting (PFE)","0016XX HILLSIDE AVE N",4,"Jordan",5,45.00119,-93.3009,-10386208.2527323,5621709.08581571,1,310162,2023,6
-10387879.2144,5620620.0048,"Gunshot Wound Victims","No","21-118638","MP2021118638",2021-06-01,"22:51:00+00","2021/06/01 21:33:00+00","Non NIBRS Data","Non NIBRS Data","Non NIBRS Data","Gunshot Wound Victims","Gunshot Wound Victims","Shooting (PFE)","Shooting (PFE)","0014XX VINCENT AVE N",4,"Willard - Hay",5,44.99427,-93.31591,-10387879.2143631,5620620.0047727,1,310163,2021,6
-10385210.2037,5626329.7637,"Gunshot Wound Victims","No","23-158471","MP2023158471",2023-06-17,"11:55:00+00","2023/06/17 11:55:00+00","Non NIBRS Data","Non NIBRS Data","Non NIBRS Data","Gunshot Wound Victims","Gunshot Wound Victims","Shooting (PFE)","Shooting (PFE)","0041XX COLFAX AVE N",4,"Webber - Camden",4,45.03053,-93.29193,-10385210.2037368,5626329.76374409,1,310164,2023,6
-10384056.3995,5620861.677,"Gunshot Wound Victims","No","20-250107","MP2020250107",2020-09-27,"19:12:00+00","2020/09/27 18:20:00+00","Non NIBRS Data","Non NIBRS Data","Non NIBRS Data","Gunshot Wound Victims","Gunshot Wound Victims","Shooting (PFE)","Shooting (PFE)","0016XX WASHINGTON AVE N",4,"Near - North",5,44.99581,-93.28157,-10384056.3995044,5620861.67704219,1,310165,2020,9
-10384056.3995,5620861.677,"Gunshot Wound Victims","No","20-255668","MP2020255668",2020-10-04,"05:10:00+00","2020/10/04 02:00:00+00","Non NIBRS Data","Non NIBRS Data","Non NIBRS Data","Gunshot Wound Victims","Gunshot Wound Victims","Sound of Shots Fired (P)","Shooting (PFE)","0016XX WASHINGTON AVE N",4,"Hawthorne",5,44.99581,-93.28157,-10384056.3995044,5620861.67704219,1,310166,2020,10
-10384988.8559,5625006.3664,"Gunshot Wound Victims","No","20-257309","MP2020257309",2020-10-06,"02:05:00+00","2020/10/06 00:02:00+00","Non NIBRS Data","Non NIBRS Data","Non NIBRS Data","Gunshot Wound Victims","Gunshot Wound Victims","Shooting Report Only (P)","Shooting Report Only (P)","0008XX 37TH AVE N",4,"Webber - Camden",4,45.02213,-93.28994,-10384988.8558778,5625006.36640225,1,310167,2020,10
-10383638.833,5615868.096,"Gunshot Wound Victims","No","20-259014","MP2020259014",2020-10-08,"00:57:00+00","2020/10/07 21:39:00+00","Non NIBRS Data","Non NIBRS Data","Non NIBRS Data","Gunshot Wound Victims","Gunshot Wound Victims","Sound of Shots Fired (P)~PD","Shooting (PFE)","0019XX NICOLLET AVE",5,"Steven's Square - Loring Heights",6,44.96408,-93.27781,-10383638.8330167,5615868.09601212,1,310168,2020,10
-10384941.9664,5621657.1554,"Gunshot Wound Victims","No","20-260026","MP2020260026",2020-10-09,"04:05:00+00","2020/10/09 01:00:00+00","Non NIBRS Data","Non NIBRS Data","Non NIBRS Data","Gunshot Wound Victims","Gunshot Wound Victims","Sound of Shots Fired (P)","Shooting (PFE)","0021XX ALDRICH AVE N",4,"Hawthorne",5,45.00086,-93.28952,-10384941.9664195,5621657.15536339,1,310169,2020,10
-10382671.0233,5618296.181,"Gunshot Wound Victims","Yes","20-266658","MP2020266658",2020-10-17,"04:20:00+00","2020/10/17 02:18:00+00","Non NIBRS Data","Non NIBRS Data","Non NIBRS Data","Gunshot Wound Victims","Gunshot Wound Victims","Unknown Trouble (P)","Shooting (PFE)","000XX 4TH ST S",1,"Downtown West",7,44.97951,-93.26912,-10382671.0232541,5618296.18104789,1,310170,2020,10
-10387805.4491,5622755.1666,"Gunshot Wound Victims","No","20-270950","MP2020270950",2020-10-24,"10:28:00+00","2020/10/22 20:00:00+00","Non NIBRS Data","Non NIBRS Data","Non NIBRS Data","Gunshot Wound Victims","Gunshot Wound Victims","Shooting Report Only (P)","Shooting Report Only (P)","0027XX 27TH AVE N",4,"Jordan",4,45.00784,-93.31524,-10387805.4491499,5622755.1666322,1,310171,2020,10
-10387307.3698,5621757.8171,"Gunshot Wound Victims","No","21-073261","MP202173261",2021-04-08,"16:57:00+00","2021/04/08 16:26:00+00","Non NIBRS Data","Non NIBRS Data","Non NIBRS Data","Gunshot Wound Victims","Gunshot Wound Victims","Shooting (PFE)","Shooting (PFE)","0022XX RUSSELL AVE N",4,"Jordan",5,45.0015,-93.31077,-10387307.3697963,5621757.81707668,1,310172,2021,4
-10384777.4297,5624860.9942,"Gunshot Wound Victims","No","21-074788","MP202174788",2021-04-10,"13:29:00+00","2021/04/10 13:29:00+00","Non NIBRS Data","Non NIBRS Data","Non NIBRS Data","Gunshot Wound Victims","Gunshot Wound Victims","Shooting (PFE)","Shooting (PFE)","0036XX LYNDALE AVE N",4,"McKinley",4,45.02121,-93.28804,-10384777.4296729,5624860.99420941,1,310173,2021,4
-10385447.9974,5629148.2481,"Gunshot Wound Victims","No","21-082278","MP202182278",2021-04-20,"02:16:00+00","2021/04/20 02:16:00+00","Non NIBRS Data","Non NIBRS Data","Non NIBRS Data","Gunshot Wound Victims","Gunshot Wound Victims","ShotSpotter Activation (P)","Shooting (PFE)","0051XX DUPONT AVE N",4,"Lind - Bohanon",4,45.04843,-93.29407,-10385447.9973933,5629148.24814916,1,310174,2021,4
-10387594.7371,5620118.5902,"Gunshot Wound Victims","No","21-090531","MP202190531",2021-05-01,"03:23:00+00","2021/05/01 03:23:00+00","Non NIBRS Data","Non NIBRS Data","Non NIBRS Data","Gunshot Wound Victims","Gunshot Wound Victims","Sound of Shots Fired (P)","Shooting (PFE)","0012XX THOMAS AVE N",4,"Willard - Hay",5,44.99109,-93.31335,-10387594.7371486,5620118.59023789,1,310175,2021,5
-10384913.447,5623161.7091,"Gunshot Wound Victims","No","21-094695","MP202194695",2021-05-05,"23:36:00+00","2021/05/05 23:36:00+00","Non NIBRS Data","Non NIBRS Data","Non NIBRS Data","Gunshot Wound Victims","Gunshot Wound Victims","Shooting (PFE)","Shooting (PFE)","0029XX ALDRICH AVE N",4,"Hawthorne",5,45.01042,-93.28926,-10384913.4470239,5623161.70908834,1,310176,2021,5
-10385053.6485,5622879.3527,"Gunshot Wound Victims","No","21-097668","MP202197668",2021-05-09,"14:13:00+00","2021/05/09 14:13:00+00","Non NIBRS Data","Non NIBRS Data","Non NIBRS Data","Gunshot Wound Victims","Gunshot Wound Victims","Shooting (PFE)","Shooting (PFE)","0028XX BRYANT AVE N",4,"Hawthorne",5,45.00862,-93.29052,-10385053.6484509,5622879.35266276,1,310177,2021,5
-10386530.5617,5622749.7909,"Gunshot Wound Victims","No","21-099386","MP202199386",2021-05-11,"13:52:00+00","2021/05/11 13:30:00+00","Non NIBRS Data","Non NIBRS Data","Non NIBRS Data","Gunshot Wound Victims","Gunshot Wound Victims","Shooting Report Only (P)","Shooting Report Only (P)","0019XX 27TH AVE N",4,"Jordan",5,45.0078,-93.30379,-10386530.5617065,5622749.79089494,1,310178,2021,5
-10385827.3614,5623027.8861,"Gunshot Wound Victims","No","21-103668","MP2021103668",2021-05-16,"03:26:00+00","2021/05/16 03:26:00+00","Non NIBRS Data","Non NIBRS Data","Non NIBRS Data","Gunshot Wound Victims","Gunshot Wound Victims","Unknown Trouble (P)","Shooting (PFE)","0014XX 29TH AVE N",4,"Folwell",5,45.00957,-93.29747,-10385827.3614407,5623027.88605615,1,310179,2021,5
-10382590.2143,5613394.2004,"Gunshot Wound Victims","No","21-120313","MP2021120313",2021-06-03,"20:56:00+00","2021/06/03 20:26:00+00","Non NIBRS Data","Non NIBRS Data","Non NIBRS Data","Gunshot Wound Victims","Gunshot Wound Victims","ShotSpotter Activation (P)","Shooting (PFE)","0005XX LAKE ST E",3,"Phillips West",6,44.94835,-93.26839,-10382590.2142821,5613394.20042884,2,310180,2021,6
-10383905.599,5621840.3924,"Gunshot Wound Victims","No","21-121535","MP2021121535",2021-06-05,"02:00:00+00","2021/06/05 01:15:00+00","Non NIBRS Data","Non NIBRS Data","Non NIBRS Data","Gunshot Wound Victims","Gunshot Wound Victims","Shooting Report Only (P)","Shooting Report Only (P)","0022XX 2ND ST N",4,"Hawthorne",5,45.00203,-93.28021,-10383905.5989809,5621840.39235136,1,310181,2021,6
-10387307.3698,5621757.8171,"Gunshot Wound Victims","No","21-123028","MP2021123028",2021-06-06,"19:28:00+00","2021/06/06 18:30:00+00","Non NIBRS Data","Non NIBRS Data","Non NIBRS Data","Gunshot Wound Victims","Gunshot Wound Victims","Shooting Report Only (P)","Shooting Report Only (P)","0022XX RUSSELL AVE N",4,"Willard - Hay",5,45.0015,-93.31077,-10387307.3697963,5621757.81707668,1,310182,2021,6
-10380747.1898,5612824.6155,"Gunshot Wound Victims","No","21-128036","MP2021128036",2021-06-12,"12:36:00+00","2021/06/12 12:36:00+00","Non NIBRS Data","Non NIBRS Data","Non NIBRS Data","Gunshot Wound Victims","Gunshot Wound Victims","Shooting (PFE)","Shooting (PFE)","0015XX 32ND ST E",3,"Powderhorn Park",9,44.94473,-93.25184,-10380747.1897739,5612824.61552647,1,310183,2021,6
-10380467.2267,5613396.9347,"Gunshot Wound Victims","No","21-131602","MP2021131602",2021-06-16,"18:10:00+00","2021/06/16 18:08:00+00","Non NIBRS Data","Non NIBRS Data","Non NIBRS Data","Gunshot Wound Victims","Gunshot Wound Victims","On Site (P)","Shooting (PFE)","0017XX LAKE ST E",3,"East Phillips",9,44.94837,-93.24932,-10380467.2267347,5613396.9346747,1,310184,2021,6
-10381730.4767,5617111.5707,"Gunshot Wound Victims","No","21-135159","MP2021135159",2021-06-20,"20:17:00+00","2021/06/20 18:28:00+00","Non NIBRS Data","Non NIBRS Data","Non NIBRS Data","Gunshot Wound Victims","Gunshot Wound Victims","Person with a Gun (P)","Shooting (PFE)","0008XX 7TH ST S",1,"Elliot Park",6,44.97198,-93.26067,-10381730.4767349,5617111.57067234,1,310185,2021,6
-10384355.2391,5614101.1916,"Gunshot Wound Victims","No","23-172690","MP2023172690",2023-07-01,"21:34:00+00","2023/07/01 21:34:00+00","Non NIBRS Data","Non NIBRS Data","Non NIBRS Data","Gunshot Wound Victims","Gunshot Wound Victims","Sound of Shots Fired (P)","Shooting Report Only (P)","0027XX GRAND AVE S",5,"Whittier",10,44.95285,-93.28425,-10384355.2390932,5614101.19160502,1,310186,2023,7
-10387183.7344,5619474.528,"Gunshot Wound Victims",NA,"23-178243","MP2023178243",2023-07-07,"05:40:00+00","2023/07/07 05:40:00+00","Non NIBRS Data","Non NIBRS Data","Non NIBRS Data","Gunshot Wound Victims","Gunshot Wound Victims","Shooting Report Only (P)","Shooting Report Only (P)","0009XX QUEEN AVE N",4,"Willard - Hay",5,44.987,-93.30966,-10387183.7343819,5619474.52800369,1,310187,2023,7
-10380594.8865,5615373.2442,"Gunshot Wound Victims","No","23-194062","MP2023194062",2023-07-23,"11:58:00+00","2023/07/23 06:54:00+00","Non NIBRS Data","Non NIBRS Data","Non NIBRS Data","Gunshot Wound Victims","Gunshot Wound Victims","Shooting Report Only (P)","Shooting Report Only (P)","0016XX 22ND ST E",3,"Ventura Village",6,44.96093,-93.25047,-10380594.8864894,5615373.24420538,1,310188,2023,7
-10387805.4491,5622755.1666,"Gunshot Wound Victims","No","22-116782","MP2022116782",2022-05-29,"22:50:00+00","2022/05/29 22:50:00+00","Non NIBRS Data","Non NIBRS Data","Non NIBRS Data","Gunshot Wound Victims","Gunshot Wound Victims","ShotSpotter Activation (P)","Shooting (PFE)","0027XX 27TH AVE N",4,"Jordan",4,45.00784,-93.31524,-10387805.4491499,5622755.1666322,1,310189,2022,5
-10386532.2024,5623318.0046,"Gunshot Wound Victims","No","22-118223","MP2022118223",2022-05-31,"18:11:00+00","2022/05/31 18:11:00+00","Non NIBRS Data","Non NIBRS Data","Non NIBRS Data","Gunshot Wound Victims","Gunshot Wound Victims","Shooting (PFE)","Shooting (PFE)","0019XX 30TH AVE N",4,"Jordan",5,45.01141,-93.30381,-10386532.2024439,5623318.00458391,1,310190,2022,5
-10381095.8682,5614666.6579,"Gunshot Wound Victims","No","22-120083","MP2022120083",2022-06-02,"22:19:00+00","2022/06/02 17:05:00+00","Non NIBRS Data","Non NIBRS Data","Non NIBRS Data","Gunshot Wound Victims","Gunshot Wound Victims","Sound of Shots Fired (P)~PD","Shooting (PFE)","0025XX 14TH AVE S",3,"East Phillips",9,44.95644,-93.25497,-10381095.8681795,5614666.65786319,1,310191,2022,6
-10386244.8705,5627103.6128,"Gunshot Wound Victims","No","22-122448","MP2022122448",2022-06-04,"22:54:00+00","2022/06/04 22:54:00+00","Non NIBRS Data","Non NIBRS Data","Non NIBRS Data","Gunshot Wound Victims","Gunshot Wound Victims","Sound of Shots Fired (P)","Sound of Shots Fired (P)","0016XX 44TH AVE N",4,"Webber - Camden",4,45.03545,-93.30123,-10386244.8705406,5627103.6128359,1,310192,2022,6
-10383652.3327,5609304.6149,"Gunshot Wound Victims","No","22-130061","MP2022130061",2022-06-12,"23:04:00+00","2022/06/12 20:31:00+00","Non NIBRS Data","Non NIBRS Data","Non NIBRS Data","Gunshot Wound Victims","Gunshot Wound Victims","Shooting (PFE)","Shooting (PFE)","0044XX NICOLLET AVE",5,"King Field",8,44.92235,-93.27794,-10383652.3327425,5609304.61488912,1,310193,2022,6
-10383876.0585,5621035.5908,"Gunshot Wound Victims","No","22-132029","MP2022132029",2022-06-15,"00:14:00+00","2022/06/15 00:14:00+00","Non NIBRS Data","Non NIBRS Data","Non NIBRS Data","Gunshot Wound Victims","Gunshot Wound Victims","Shooting Report Only (P)","Assault Report Only (P)","0017XX 2ND ST N",4,"Near - North",5,44.99691,-93.27995,-10383876.0584636,5621035.59075362,1,310194,2022,6
-10386532.2024,5623318.0046,"Gunshot Wound Victims","No","22-133343","MP2022133343",2022-06-16,"13:46:00+00","2022/06/16 13:46:00+00","Non NIBRS Data","Non NIBRS Data","Non NIBRS Data","Gunshot Wound Victims","Gunshot Wound Victims","Shooting (PFE)","Shooting (PFE)","0019XX 30TH AVE N",4,"Folwell",4,45.01141,-93.30381,-10386532.2024439,5623318.00458391,1,310195,2022,6
-10381175.0626,5613396.0398,"Gunshot Wound Victims","No","22-142301","MP2022142301",2022-06-25,"23:00:00+00","2022/06/25 23:00:00+00","Non NIBRS Data","Non NIBRS Data","Non NIBRS Data","Gunshot Wound Victims","Gunshot Wound Victims","Shooting Report Only (P)","Shooting Report Only (P)","0013XX LAKE ST E",3,"Midtown Phillips",9,44.94836,-93.25568,-10381175.0626181,5613396.03976163,1,310196,2022,6
-10383366.307,5613677.0365,"Gunshot Wound Victims","No","23-181152","MP2023181152",2023-07-10,"05:01:00+00","2023/07/10 05:01:00+00","Non NIBRS Data","Non NIBRS Data","Non NIBRS Data","Gunshot Wound Victims","Gunshot Wound Victims","Shooting (PFE)","Shooting (PFE)","0029XX STEVENS AVE",5,"Whittier",10,44.95015,-93.27537,-10383366.3069789,5613677.0364866,1,310197,2023,7
-10382791.1175,5618260.5879,"Gunshot Wound Victims",NA,"23-188824","MP2023188824",2023-07-18,"01:36:00+00","2023/07/17 23:53:00+00","Non NIBRS Data","Non NIBRS Data","Non NIBRS Data","Gunshot Wound Victims","Gunshot Wound Victims","Shooting Report Only (P)","Shooting Report Only (P)","0004XX NICOLLET MALL",1,"Downtown West",7,44.97928,-93.2702,-10382791.1174519,5618260.58787973,1,310198,2023,7
-10379745.1368,5615302.0029,"Gunshot Wound Victims","No","23-192811","MP2023192811",2023-07-22,"02:32:00+00","2023/07/22 00:12:00+00","Non NIBRS Data","Non NIBRS Data","Non NIBRS Data","Gunshot Wound Victims","Gunshot Wound Victims","Sound of Shots Fired (P)","Shooting (PFE)","0022XX MINNEHAHA AVE",3,"Seward",6,44.96048,-93.24284,-10379745.136783,5615302.00292426,1,310199,2023,7
-10379745.1368,5615302.0029,"Gunshot Wound Victims","No","23-196855","MP2023196855",2023-07-26,"02:20:00+00","2023/07/26 00:26:00+00","Non NIBRS Data","Non NIBRS Data","Non NIBRS Data","Gunshot Wound Victims","Gunshot Wound Victims","Shooting (PFE)","Shooting (PFE)","0022XX MINNEHAHA AVE",3,"Seward",6,44.96048,-93.24284,-10379745.136783,5615302.00292426,1,310200,2023,7
-10386674.8967,5620183.8911,"Gunshot Wound Victims","No","21-124098","MP2021124098",2021-06-08,"00:47:00+00","2021/06/07 20:57:00+00","Non NIBRS Data","Non NIBRS Data","Non NIBRS Data","Gunshot Wound Victims","Gunshot Wound Victims","Shooting Report Only (P)","Shooting Report Only (P)","0019XX PLYMOUTH AVE N",4,"Near - North",5,44.9915,-93.30509,-10386674.8966792,5620183.89112344,1,310201,2021,6
-10380191.0374,5615611.3389,"Gunshot Wound Victims","No","23-200873","MP2023200873",2023-07-29,"23:15:00+00","2023/07/29 23:14:00+00","Non NIBRS Data","Non NIBRS Data","Non NIBRS Data","Gunshot Wound Victims","Gunshot Wound Victims","Sound of Shots Fired (P)~PD","Shooting (PFE)","0019XX FRANKLIN AVE E",3,"Seward",6,44.96245,-93.24684,-10380191.0373819,5615611.3389215,1,310202,2023,7
-10382853.1622,5620543.1257,"Gunshot Wound Victims","No","23-203694","MP2023203694",2023-08-01,"21:46:00+00","2023/08/01 21:46:00+00","Non NIBRS Data","Non NIBRS Data","Non NIBRS Data","Gunshot Wound Victims","Gunshot Wound Victims","Shooting (PFE)","Shooting (PFE)","000XX 8TH AVE NE",2,"St. Anthony West",3,44.99379,-93.27076,-10382853.1622476,5620543.12567659,1,310203,2023,8
-10380467.2267,5613396.9347,"Gunshot Wound Victims","No","23-207841","MP2023207841",2023-08-06,"05:20:00+00","2023/08/06 01:08:00+00","Non NIBRS Data","Non NIBRS Data","Non NIBRS Data","Gunshot Wound Victims","Gunshot Wound Victims","ShotSpotter Activation (P)","Shooting (PFE)","0017XX LAKE ST E",3,"Powderhorn Park",9,44.94837,-93.24932,-10380467.2267347,5613396.9346747,2,310204,2023,8
-10384513.8975,5623017.8124,"Gunshot Wound Victims",NA,"23-210859","MP2023210859",2023-08-09,"03:19:00+00","2023/08/09 02:30:00+00","Non NIBRS Data","Non NIBRS Data","Non NIBRS Data","Gunshot Wound Victims","Gunshot Wound Victims","Shooting Report Only (P)","Shooting Report Only (P)","0004XX 29TH AVE N",4,"Hawthorne",5,45.0095,-93.28568,-10384513.8974673,5623017.81243766,1,310205,2023,8
-10387030.8836,5624886.0742,"Gunshot Wound Victims","No","20-274782","MP2020274782",2020-10-27,"22:55:00+00","2020/10/27 18:17:00+00","Non NIBRS Data","Non NIBRS Data","Non NIBRS Data","Gunshot Wound Victims","Gunshot Wound Victims","ShotSpotter Activation (P)","Shooting (PFE)","0036XX PENN AVE N",4,"Folwell",4,45.02137,-93.30829,-10387030.8836363,5624886.07421939,1,310206,2020,10
-10381800.416,5614947.0376,"Gunshot Wound Victims","No","20-275760","MP2020275760",2020-10-28,"23:50:00+00","2020/10/28 21:52:00+00","Non NIBRS Data","Non NIBRS Data","Non NIBRS Data","Gunshot Wound Victims","Gunshot Wound Victims","Sound of Shots Fired (P)","Shooting (PFE)","0024XX ELLIOT AVE",3,"Midtown Phillips",9,44.95822,-93.2613,-10381800.4159551,5614947.03758781,2,310207,2020,10
-10382314.1283,5618917.9923,"Gunshot Wound Victims","Yes","20-277880","MP2020277880",2020-10-31,"09:01:00+00","2020/10/31 02:30:00+00","Non NIBRS Data","Non NIBRS Data","Non NIBRS Data","Gunshot Wound Victims","Gunshot Wound Victims","Shooting Report Only (P)","Shooting Report Only (P)","000XX 1ST ST S",1,"Downtown West",3,44.98346,-93.26591,-10382314.1282932,5618917.99231915,1,310208,2020,10
-10386744.8963,5624030.1724,"Gunshot Wound Victims","No","20-278035","MP2020278035",2020-10-31,"14:33:00+00","2020/10/31 13:00:00+00","Non NIBRS Data","Non NIBRS Data","Non NIBRS Data","Gunshot Wound Victims","Gunshot Wound Victims","Shooting Report Only (P)","Shooting Report Only (P)","0033XX NEWTON AVE N",4,"Folwell",4,45.01593,-93.30572,-10386744.8963446,5624030.1724301,1,310209,2020,10
-10382655.6747,5614099.4414,"Gunshot Wound Victims","No","20-307267","MP2020307267",2020-12-10,"01:21:00+00","2020/12/10 00:30:00+00","Non NIBRS Data","Non NIBRS Data","Non NIBRS Data","Gunshot Wound Victims","Gunshot Wound Victims","ShotSpotter Activation (P)","Shooting Report Only (P)","0027XX 5TH AVE S",3,"Phillips West",6,44.95284,-93.26898,-10382655.6746642,5614099.44144014,1,310210,2020,12
-10385004.3654,5616232.9756,"Gunshot Wound Victims","No","20-311107","MP2020311107",2020-12-15,"03:46:00+00","2020/12/15 01:34:00+00","Non NIBRS Data","Non NIBRS Data","Non NIBRS Data","Gunshot Wound Victims","Gunshot Wound Victims","Shooting Report Only (P)","Shooting Report Only (P)","0008XX DOUGLAS AVE",1,"Loring Park",7,44.9664,-93.29008,-10385004.3653573,5616232.97557358,1,310211,2020,12
-10385519.828,5629290.6289,"Gunshot Wound Victims","No","20-314772","MP2020314772",2020-12-19,"20:01:00+00","2020/12/19 20:00:00+00","Non NIBRS Data","Non NIBRS Data","Non NIBRS Data","Gunshot Wound Victims","Gunshot Wound Victims","ShotSpotter Activation (P)","Shooting (PFE)","0011XX 52ND AVE N",4,"Lind - Bohanon",4,45.04933,-93.29471,-10385519.8279757,5629290.62894776,1,310212,2020,12
-10381222.5473,5615845.0883,"Gunshot Wound Victims","No","20-317157","MP2020317157",2020-12-23,"02:53:00+00","2020/12/23 02:53:00+00","Non NIBRS Data","Non NIBRS Data","Non NIBRS Data","Gunshot Wound Victims","Gunshot Wound Victims","Shooting (PFE)","Shooting (PFE)","0012XX 19TH ST E",3,"Ventura Village",6,44.96393,-93.25611,-10381222.5473312,5615845.08830494,1,310213,2020,12
-10385827.3614,5623027.8861,"Gunshot Wound Victims","No","21-108657","MP2021108657",2021-05-22,"00:50:00+00","2021/05/21 20:40:00+00","Non NIBRS Data","Non NIBRS Data","Non NIBRS Data","Gunshot Wound Victims","Gunshot Wound Victims","ShotSpotter Activation (P)","Shooting (PFE)","0014XX 29TH AVE N",4,"Jordan",5,45.00957,-93.29747,-10385827.3614407,5623027.88605615,1,310214,2021,5
-10382659.6144,5613529.7762,"Gunshot Wound Victims","No","21-111456","MP2021111456",2021-05-24,"21:33:00+00","2021/05/24 19:23:00+00","Non NIBRS Data","Non NIBRS Data","Non NIBRS Data","Gunshot Wound Victims","Gunshot Wound Victims","ShotSpotter Activation (P)","Shooting (PFE)","0029XX 5TH AVE S",3,"Phillips West",6,44.94921,-93.26902,-10382659.614439,5613529.77621173,1,310215,2021,5
-10381661.4785,5614664.9992,"Gunshot Wound Victims","No","21-112537","MP2021112537",2021-05-25,"23:51:00+00","2021/05/25 09:00:00+00","Non NIBRS Data","Non NIBRS Data","Non NIBRS Data","Gunshot Wound Victims","Gunshot Wound Victims","Shooting Report Only (P)","Shooting Report Only (P)","0025XX 10TH AVE S",3,"Ventura Village",9,44.95643,-93.26005,-10381661.4784662,5614664.99916609,1,310216,2021,5
-10384988.8559,5625006.3664,"Gunshot Wound Victims","No","21-115067","MP2021115067",2021-05-28,"22:36:00+00","2021/05/28 22:36:00+00","Non NIBRS Data","Non NIBRS Data","Non NIBRS Data","Gunshot Wound Victims","Gunshot Wound Victims","ShotSpotter Activation (P)","Shooting (PFE)","0008XX 37TH AVE N",4,"McKinley",4,45.02213,-93.28994,-10384988.8558778,5625006.36640225,1,310217,2021,5
-10383454.5339,5617739.1931,"Gunshot Wound Victims","Yes","21-115363","MP2021115363",2021-05-29,"07:52:00+00","2021/05/29 07:52:00+00","Non NIBRS Data","Non NIBRS Data","Non NIBRS Data","Gunshot Wound Victims","Gunshot Wound Victims","Sound of Shots Fired (P)","Shooting (PFE)","000XX 9TH ST S",1,"Downtown West",7,44.97597,-93.27616,-10383454.5338584,5617739.19312854,1,310218,2021,5
-10383638.7155,5616140.4006,"Gunshot Wound Victims","No","21-116212","MP2021116212",2021-05-30,"04:38:00+00","2021/05/30 03:12:00+00","Non NIBRS Data","Non NIBRS Data","Non NIBRS Data","Gunshot Wound Victims","Gunshot Wound Victims","Shooting (PFE)","Shooting (PFE)","0017XX NICOLLET AVE",5,"Steven's Square - Loring Heights",7,44.96581,-93.27781,-10383638.7154559,5616140.40064047,1,310219,2021,5
-10381773.8646,5615748.5788,"Gunshot Wound Victims","No","21-124945","MP2021124945",2021-06-08,"20:44:00+00","2021/06/08 20:44:00+00","Non NIBRS Data","Non NIBRS Data","Non NIBRS Data","Gunshot Wound Victims","Gunshot Wound Victims","Shooting (PFE)","Shooting (PFE)","0019XX ELLIOT AVE",3,"Ventura Village",6,44.96332,-93.26106,-10381773.864624,5615748.57883825,1,310220,2021,6
-10384983.0964,5622737.9351,"Gunshot Wound Victims","No","21-137931","MP2021137931",2021-06-23,"23:32:00+00","2021/06/23 23:32:00+00","Non NIBRS Data","Non NIBRS Data","Non NIBRS Data","Gunshot Wound Victims","Gunshot Wound Victims","Shooting Report Only (P)","Shooting Report Only (P)","0008XX 27TH AVE N",4,"Hawthorne",5,45.00773,-93.28989,-10384983.0964346,5622737.93505602,1,310221,2021,6
-10384986.8627,5624437.0747,"Gunshot Wound Victims","No","21-141000","MP2021141000",2021-06-27,"15:37:00+00","2021/06/27 13:18:00+00","Non NIBRS Data","Non NIBRS Data","Non NIBRS Data","Gunshot Wound Victims","Gunshot Wound Victims","Shooting Report Only (P)","Shooting Report Only (P)","0008XX 35TH AVE N",4,"McKinley",4,45.01852,-93.28992,-10384986.8626542,5624437.07469342,1,310222,2021,6
-10385297.6704,5627720.0463,"Gunshot Wound Victims","No","21-145706","MP2021145706",2021-07-03,"00:51:00+00","2021/07/03 00:51:00+00","Non NIBRS Data","Non NIBRS Data","Non NIBRS Data","Gunshot Wound Victims","Gunshot Wound Victims","Shooting (PFE)","Shooting (PFE)","0046XX COLFAX AVE N",4,"Lind - Bohanon",4,45.03936,-93.29272,-10385297.6704232,5627720.04630788,1,310223,2021,7
-10383749.3904,5613393.4482,"Gunshot Wound Victims","No","21-147159","MP2021147159",2021-07-04,"18:48:00+00","2021/07/04 18:48:00+00","Non NIBRS Data","Non NIBRS Data","Non NIBRS Data","Gunshot Wound Victims","Gunshot Wound Victims","Shooting (PFE)","Shooting (PFE)","000XX LAKE ST W",5,"Whittier",10,44.94835,-93.27881,-10383749.3904002,5613393.44819115,1,310224,2021,7
-10386743.8822,5620515.7235,"Gunshot Wound Victims","No","21-162744","MP2021162744",2021-07-22,"15:45:00+00","2021/07/22 15:45:00+00","Non NIBRS Data","Non NIBRS Data","Non NIBRS Data","Gunshot Wound Victims","Gunshot Wound Victims","Shooting (PFE)","Shooting (PFE)","0014XX NEWTON AVE N",4,"Willard - Hay",5,44.99361,-93.30571,-10386743.8822039,5620515.72354414,1,310225,2021,7
-10388022.0396,5620335.1648,"Gunshot Wound Victims","No","23-215270","MP2023215270",2023-08-13,"04:01:00+00","2023/08/13 02:59:00+00","Non NIBRS Data","Non NIBRS Data","Non NIBRS Data","Gunshot Wound Victims","Gunshot Wound Victims","ShotSpotter Activation (P)","ShotSpotter Activation (P)","0013XX WASHBURN AVE N",4,"Willard - Hay",5,44.99246,-93.31719,-10388022.0395551,5620335.16484943,1,310226,2023,8
-10383241.6548,5618631.233,"Gunshot Wound Victims","Yes","23-221281","MP2023221281",2023-08-19,"02:19:00+00","2023/08/19 02:19:00+00","Non NIBRS Data","Non NIBRS Data","Non NIBRS Data","Gunshot Wound Victims","Gunshot Wound Victims","Sound of Shots Fired (P)","Shooting (PFE)","0004XX 2ND AVE N",1,"Downtown West",7,44.98164,-93.27425,-10383241.6547606,5618631.23304588,1,310227,2023,8
-10386042.9521,5621028.6454,"Gunshot Wound Victims","No","23-223271","MP2023223271",2023-08-20,"22:26:00+00","2023/08/20 22:26:00+00","Non NIBRS Data","Non NIBRS Data","Non NIBRS Data","Gunshot Wound Victims","Gunshot Wound Victims","Shooting (PFE)","Shooting (PFE)","0017XX IRVING AVE N",4,"Near - North",5,44.99687,-93.29941,-10386042.9521094,5621028.64536808,1,310228,2023,8
-10386813.448,5623320.2333,"Gunshot Wound Victims","No","23-232236","MP2023232236",2023-08-29,"21:31:00+00","2023/08/29 21:31:00+00","Non NIBRS Data","Non NIBRS Data","Non NIBRS Data","Gunshot Wound Victims","Gunshot Wound Victims","Shooting (PFE)","Shooting (PFE)","0021XX 30TH AVE N",4,"Jordan",5,45.01142,-93.30633,-10386813.4480023,5623320.2332547,1,310229,2023,8
-10382266.3419,5620920.6928,"Gunshot Wound Victims","No","23-235521","MP2023235521",2023-09-02,"03:48:00+00","2023/09/02 01:10:00+00","Non NIBRS Data","Non NIBRS Data","Non NIBRS Data","Gunshot Wound Victims","Gunshot Wound Victims","Shooting (PFE)","Shooting (PFE)","0008XX MAIN ST NE",2,"St. Anthony West",3,44.99618,-93.26549,-10382266.3419137,5620920.69278482,1,310230,2023,9
-10386006.8498,5622021.4896,"Gunshot Wound Victims","No","23-249894","MP2023249894",2023-09-16,"22:10:00+00","2023/09/16 22:07:00+00","Non NIBRS Data","Non NIBRS Data","Non NIBRS Data","Gunshot Wound Victims","Gunshot Wound Victims","Shooting (PFE)","Shooting (PFE)","0023XX IRVING AVE N",4,"Jordan",5,45.00318,-93.29909,-10386006.849849,5622021.48964144,1,310231,2023,9
-10386244.8705,5627103.6128,"Gunshot Wound Victims","No","23-257007","MP2023257007",2023-09-23,"22:55:00+00","2023/09/23 20:00:00+00","Non NIBRS Data","Non NIBRS Data","Non NIBRS Data","Gunshot Wound Victims","Gunshot Wound Victims","Shooting Report Only (P)","Shooting Report Only (P)","0016XX 44TH AVE N",4,"Webber - Camden",4,45.03545,-93.30123,-10386244.8705406,5627103.6128359,1,310232,2023,9
-10384437.2388,5621005.0613,"Gunshot Wound Victims","No","22-145144","MP2022145144",2022-06-28,"21:35:00+00","2022/06/28 21:35:00+00","Non NIBRS Data","Non NIBRS Data","Non NIBRS Data","Gunshot Wound Victims","Gunshot Wound Victims","Sound of Shots Fired (P)","Shooting (PFE)","0016XX LYN CURVE AVE N",4,"Near - North",5,44.99672,-93.28499,-10384437.2387943,5621005.06125677,2,310233,2022,6
-10385827.3614,5623027.8861,"Gunshot Wound Victims","No","22-148004","MP2022148004",2022-07-01,"10:22:00+00","2022/07/01 10:15:00+00","Non NIBRS Data","Non NIBRS Data","Non NIBRS Data","Gunshot Wound Victims","Gunshot Wound Victims","Shooting (PFE)","Shooting (PFE)","0014XX 29TH AVE N",4,"Jordan",5,45.00957,-93.29747,-10385827.3614407,5623027.88605615,1,310234,2022,7
-10382799.732,5614079.1192,"Gunshot Wound Victims","No","22-150299","MP2022150299",2022-07-04,"13:36:00+00","2022/07/04 13:35:00+00","Non NIBRS Data","Non NIBRS Data","Non NIBRS Data","Gunshot Wound Victims","Gunshot Wound Victims","Sound of Shots Fired (P)","Shooting (PFE)","0026XX WELLS FARGO WAY",3,"Phillips West",6,44.95271,-93.27028,-10382799.73202,5614079.11917445,1,310235,2022,7
-10381244.887,5613253.5335,"Gunshot Wound Victims","Yes","22-151880","MP2022151880",2022-07-05,"23:45:00+00","2022/07/05 22:20:00+00","Non NIBRS Data","Non NIBRS Data","Non NIBRS Data","Gunshot Wound Victims","Gunshot Wound Victims","Shooting Report Only (P)","Shooting Report Only (P)","0030XX 13TH AVE S",3,"Midtown Phillips",9,44.94746,-93.25631,-10381244.8870021,5613253.53345264,1,310236,2022,7
-10382082.3528,5615850.5929,"Gunshot Wound Victims","No","22-155970","MP2022155970",2022-07-10,"03:45:00+00","2022/07/10 03:44:00+00","Non NIBRS Data","Non NIBRS Data","Non NIBRS Data","Gunshot Wound Victims","Gunshot Wound Victims","Shooting (PFE)","Shooting (PFE)","0018XX COLUMBUS AVE",3,"Ventura Village",6,44.96397,-93.26383,-10382082.3527973,5615850.59286254,1,310237,2022,7
-10386744.8963,5624030.1724,"Gunshot Wound Victims","No","22-160052","MP2022160052",2022-07-14,"20:22:00+00","2022/07/14 16:19:00+00","Non NIBRS Data","Non NIBRS Data","Non NIBRS Data","Gunshot Wound Victims","Gunshot Wound Victims","Shooting Report Only (P)","Shooting Report Only (P)","0033XX NEWTON AVE N",4,"Folwell",4,45.01593,-93.30572,-10386744.8963446,5624030.1724301,1,310238,2022,7
-10383241.6548,5618631.233,"Gunshot Wound Victims","Yes","22-161459","MP2022161459",2022-07-16,"03:14:00+00","2022/07/16 03:14:00+00","Non NIBRS Data","Non NIBRS Data","Non NIBRS Data","Gunshot Wound Victims","Gunshot Wound Victims","On Site (P)","Shooting (PFE)","0004XX 2ND AVE N",1,"Downtown West",7,44.98164,-93.27425,-10383241.6547606,5618631.23304588,3,310239,2022,7
-10380666.7387,5615231.702,"Gunshot Wound Victims","No","23-214109","MP2023214109",2023-08-11,"22:15:00+00","2023/08/11 22:15:00+00","Non NIBRS Data","Non NIBRS Data","Non NIBRS Data","Gunshot Wound Victims","Gunshot Wound Victims","Shooting (PFE)","Shooting (PFE)","0022XX 16TH AVE S",3,"Ventura Village",6,44.96003,-93.25112,-10380666.7386968,5615231.70197177,7,310240,2023,8
-10382147.5146,5611446.5668,"Gunshot Wound Victims","No","23-239352","MP2023239352",2023-09-06,"00:20:00+00","2023/09/06 00:20:00+00","Non NIBRS Data","Non NIBRS Data","Non NIBRS Data","Gunshot Wound Victims","Gunshot Wound Victims","Shooting (PFE)","Shooting (PFE)","0007XX 37TH ST E",3,"Powderhorn Park",8,44.93597,-93.26442,-10382147.5146303,5611446.56681588,1,310241,2023,9
-10385348.6132,5613810.1146,"Gunshot Wound Victims","No","23-242127","MP2023242127",2023-09-09,"00:19:00+00","2023/09/08 20:58:00+00","Non NIBRS Data","Non NIBRS Data","Non NIBRS Data","Gunshot Wound Victims","Gunshot Wound Victims","Sound of Shots Fired (P)","Shooting (PFE)","0028XX DUPONT AVE S",5,"Lowry Hill East",10,44.951,-93.29317,-10385348.6131925,5613810.11459808,1,310242,2023,9
-10384437.2388,5621005.0613,"Gunshot Wound Victims","No","23-253775","MP2023253775",2023-09-20,"21:01:00+00","2023/09/20 21:01:00+00","Non NIBRS Data","Non NIBRS Data","Non NIBRS Data","Gunshot Wound Victims","Gunshot Wound Victims","Shooting Report Only (P)~PD","Shooting (PFE)","0016XX LYN CURVE AVE N",4,"Hawthorne",5,44.99672,-93.28499,-10384437.2387943,5621005.06125677,1,310243,2023,9
-10387450.4101,5622896.3946,"Gunshot Wound Victims","No","21-174779","MP2021174779",2021-08-05,"09:30:00+00","2021/08/05 07:35:00+00","Non NIBRS Data","Non NIBRS Data","Non NIBRS Data","Gunshot Wound Victims","Gunshot Wound Victims","ShotSpotter Activation (P)","Shooting (PFE)","0028XX SHERIDAN AVE N",4,"Jordan",4,45.00873,-93.31205,-10387450.410069,5622896.39460777,1,310244,2021,8
-10377913.9552,5613397.4642,"Gunshot Wound Victims","No","23-259328","MP2023259328",2023-09-26,"13:43:00+00","2023/09/26 12:25:00+00","Non NIBRS Data","Non NIBRS Data","Non NIBRS Data","Gunshot Wound Victims","Gunshot Wound Victims","Shooting (PFE)","Shooting (PFE)","0031XX LAKE ST E",3,"Longfellow",9,44.94837,-93.22639,-10377913.9551937,5613397.46423161,1,310245,2023,9
-10382003.0331,5617172.4506,"Gunshot Wound Victims","Yes","23-256174","MP2023256174",2023-09-23,"01:15:00+00","2023/09/23 00:00:00+00","Non NIBRS Data","Non NIBRS Data","Non NIBRS Data","Gunshot Wound Victims","Gunshot Wound Victims","Shooting Report Only (P)","Shooting Report Only (P)","0007XX PARK AVE",4,"Near - North",5,44.97237,-93.26312,-10382003.0331279,5617172.45057924,1,310246,2023,9
-10384941.9664,5621657.1554,"Gunshot Wound Victims",NA,"21-177232","MP2021177232",2021-08-07,"21:30:00+00","2021/08/07 21:30:00+00","Non NIBRS Data","Non NIBRS Data","Non NIBRS Data","Gunshot Wound Victims","Gunshot Wound Victims","Shooting Report Only (P)","Shooting Report Only (P)","0021XX ALDRICH AVE N",4,"Hawthorne",5,45.00086,-93.28952,-10384941.9664195,5621657.15536339,1,310247,2021,8
-10385348.6132,5613810.1146,"Gunshot Wound Victims","No","23-267616","MP2023267616",2023-10-04,"20:52:00+00","2023/10/04 20:52:00+00","Non NIBRS Data","Non NIBRS Data","Non NIBRS Data","Gunshot Wound Victims","Gunshot Wound Victims","Sound of Shots Fired (P)","Shooting (PFE)","0028XX DUPONT AVE S",5,"Lowry Hill East",10,44.951,-93.29317,-10385348.6131925,5613810.11459808,1,310248,2023,10
-10387022.2108,5621184.1038,"Gunshot Wound Victims","No","21-177899","MP2021177899",2021-08-08,"17:43:00+00","2021/08/08 17:43:00+00","Non NIBRS Data","Non NIBRS Data","Non NIBRS Data","Gunshot Wound Victims","Gunshot Wound Victims","ShotSpotter Activation (P)","Shooting (PFE)","0018XX PENN AVE N",4,"Willard - Hay",5,44.99786,-93.30821,-10387022.210831,5621184.10378961,1,310249,2021,8
-10387023.1913,5620678.2727,"Gunshot Wound Victims","No","23-275151","MP2023275151",2023-10-13,"04:06:00+00","2023/10/13 03:18:00+00","Non NIBRS Data","Non NIBRS Data","Non NIBRS Data","Gunshot Wound Victims","Gunshot Wound Victims","Shooting (PFE)","Shooting (PFE)","0015XX PENN AVE N",4,"Willard - Hay",5,44.99464,-93.30822,-10387023.1912859,5620678.27273925,1,310250,2023,10
-10382003.0331,5617172.4506,"Gunshot Wound Victims","Yes","21-002429","MP20212429",2021-01-04,"15:35:00+00","2021/01/04 14:00:00+00","Non NIBRS Data","Non NIBRS Data","Non NIBRS Data","Gunshot Wound Victims","Gunshot Wound Victims","Referral (F)~FIRE","Shooting Report Only (P)","0007XX PARK AVE",1,"Elliot Park",6,44.97237,-93.26312,-10382003.0331279,5617172.45057924,1,310251,2021,1
-10382302.3659,5616835.3798,"Gunshot Wound Victims","Yes","23-261937","MP2023261937",2023-09-29,"08:01:00+00","2023/09/29 07:03:00+00","Non NIBRS Data","Non NIBRS Data","Non NIBRS Data","Gunshot Wound Victims","Gunshot Wound Victims","Shooting (PFE)","Shooting (PFE)","0006XX 10TH ST S",1,"Elliot Park",6,44.97023,-93.26581,-10382302.365936,5616835.37977745,1,310252,2023,9
-10384029.2236,5614100.7838,"Gunshot Wound Victims","No","21-004056","MP20214056",2021-01-06,"18:27:00+00","2021/01/06 18:25:00+00","Non NIBRS Data","Non NIBRS Data","Non NIBRS Data","Gunshot Wound Victims","Gunshot Wound Victims","Assist EMS Personnel (P)","Shooting (PFE)","0027XX PILLSBURY AVE",5,"Whittier",10,44.95284,-93.28132,-10384029.223642,5614100.78379079,1,310253,2021,1
-10386208.2527,5621709.0858,"Gunshot Wound Victims","No","23-264752","MP2023264752",2023-10-01,"22:47:00+00","2023/10/01 22:47:00+00","Non NIBRS Data","Non NIBRS Data","Non NIBRS Data","Gunshot Wound Victims","Gunshot Wound Victims","ShotSpotter Activation (P)","Shooting (PFE)","0016XX HILLSIDE AVE N",4,"Jordan",5,45.00119,-93.3009,-10386208.2527323,5621709.08581571,1,310254,2023,10
-10380958.4206,5614100.4331,"Gunshot Wound Victims","No","21-007892","MP20217892",2021-01-12,"02:55:00+00","2021/01/12 02:30:00+00","Non NIBRS Data","Non NIBRS Data","Non NIBRS Data","Gunshot Wound Victims","Gunshot Wound Victims","Sound of Shots Fired (P)","Shooting (PFE)","0027XX 15TH AVE S",3,"Midtown Phillips",9,44.95284,-93.25374,-10380958.4206306,5614100.4331318,1,310255,2021,1
-10387521.6513,5621333.1633,"Gunshot Wound Victims","No","23-278577","MP2023278577",2023-10-16,"22:53:00+00","2023/10/16 22:53:00+00","Non NIBRS Data","Non NIBRS Data","Non NIBRS Data","Gunshot Wound Victims","Gunshot Wound Victims","ShotSpotter Activation (P)","Shooting (PFE)","0025XX GOLDEN VALLEY RD",4,"Willard - Hay",5,44.9988,-93.31269,-10387521.6513381,5621333.16330021,2,310256,2023,10
-10385538.2158,5621113.471,"Gunshot Wound Victims","No","21-017857","MP202117857",2021-01-26,"03:57:00+00","2021/01/26 02:30:00+00","Non NIBRS Data","Non NIBRS Data","Non NIBRS Data","Gunshot Wound Victims","Gunshot Wound Victims","Robbery Dwell in Progress (P)","Robbery Dwell in Progress (P)","0011XX 18TH AVE N",4,"Near - North",5,44.99741,-93.29488,-10385538.2158356,5621113.47095814,1,310257,2021,1
-10385708.2099,5621932.3709,"Gunshot Wound Victims","No","23-286138","MP2023286138",2023-10-24,"23:48:00+00","2023/10/24 22:00:00+00","Non NIBRS Data","Non NIBRS Data","Non NIBRS Data","Gunshot Wound Victims","Gunshot Wound Victims","Shooting (PFE)","Shooting (PFE)","0012XX 23RD AVE N",4,"Near - North",5,45.00261,-93.2964,-10385708.2098747,5621932.37089891,1,310258,2023,10
-10381652.3582,5611018.3974,"Gunshot Wound Victims","No","21-025251","MP202125251",2021-02-05,"06:57:00+00","2021/02/05 06:50:00+00","Non NIBRS Data","Non NIBRS Data","Non NIBRS Data","Gunshot Wound Victims","Gunshot Wound Victims","Shooting (PFE)","Shooting (PFE)","0038XX 10TH AVE S",3,"Bancroft",8,44.93325,-93.25997,-10381652.3581721,5611018.39740282,1,310259,2021,2
-10383807.5102,5616334.9588,"Gunshot Wound Victims","Yes","23-292654","MP2023292654",2023-10-31,"23:59:00+00","2023/10/31 23:59:00+00","Non NIBRS Data","Non NIBRS Data","Non NIBRS Data","Gunshot Wound Victims","Gunshot Wound Victims","Shooting Report Only (P)","Shooting Report Only (P)","0015XX LASALLE AVE",1,"Loring Park",7,44.96705,-93.27933,-10383807.5101941,5616334.95876022,1,310260,2023,10
-10385708.2099,5621932.3709,"Gunshot Wound Victims",NA,"21-035069","MP202135069",2021-02-19,"05:53:00+00","2021/02/19 05:53:00+00","Non NIBRS Data","Non NIBRS Data","Non NIBRS Data","Gunshot Wound Victims","Gunshot Wound Victims","Shooting Report Only (P)","Shooting Report Only (P)","0012XX 23RD AVE N",4,"Hawthorne",5,45.00261,-93.2964,-10385708.2098747,5621932.37089891,1,310261,2021,2
-10385827.3614,5623027.8861,"Gunshot Wound Victims","No","23-302164","MP2023302164",2023-11-11,"05:05:00+00","2023/11/11 03:00:00+00","Non NIBRS Data","Non NIBRS Data","Non NIBRS Data","Gunshot Wound Victims","Gunshot Wound Victims","Shooting Report Only (P)","Shooting Report Only (P)","0014XX 29TH AVE N",4,"Jordan",5,45.00957,-93.29747,-10385827.3614407,5623027.88605615,1,310262,2023,11
-10386751.0129,5625168.3654,"Gunshot Wound Victims","No","23-305466","MP2023305466",2023-11-14,"20:32:00+00","2023/11/14 20:23:00+00","Non NIBRS Data","Non NIBRS Data","Non NIBRS Data","Gunshot Wound Victims","Gunshot Wound Victims","Shooting (PFE)","Shooting (PFE)","0037XX NEWTON AVE N",4,"Folwell",4,45.02316,-93.30577,-10386751.0129481,5625168.36535632,1,310263,2023,11
-10385114.463,5623305.6212,"Gunshot Wound Victims","No","24-005698","MP20245698",2024-01-07,"13:20:00+00","2024/01/06 10:00:00+00","Non NIBRS Data","Non NIBRS Data","Non NIBRS Data","Gunshot Wound Victims","Gunshot Wound Victims","Dead Person (P)","Dead Person (P)","0009XX 30TH AVE N",4,"Hawthorne",5,45.01133,-93.29107,-10385114.4630349,5623305.62116895,1,310264,2024,1
-10386532.2024,5623318.0046,"Gunshot Wound Victims","No","24-013961","MP202413961",2024-01-17,"15:44:00+00","2024/01/17 15:44:00+00","Non NIBRS Data","Non NIBRS Data","Non NIBRS Data","Gunshot Wound Victims","Gunshot Wound Victims","Shooting Report Only (P)","Shooting Report Only (P)","0019XX 30TH AVE N",4,"Jordan",5,45.01141,-93.30381,-10386532.2024439,5623318.00458391,1,310265,2024,1
-10381941.2915,5615440.2167,"Gunshot Wound Victims","No","21-039203","MP202139203",2021-02-24,"22:14:00+00","2021/02/24 21:04:00+00","Non NIBRS Data","Non NIBRS Data","Non NIBRS Data","Gunshot Wound Victims","Gunshot Wound Victims","Sound of Shots Fired (P)","Sound of Shots Fired (P)","0021XX CHICAGO AVE",3,"Ventura Village",6,44.96136,-93.26257,-10381941.2914788,5615440.21670984,1,310266,2021,2
-10383074.1321,5615509.0335,"Gunshot Wound Victims","No","21-133788","MP2021133788",2021-06-19,"05:29:00+00","2021/06/19 00:00:00+00","Non NIBRS Data","Non NIBRS Data","Non NIBRS Data","Gunshot Wound Victims","Gunshot Wound Victims","Shooting (PFE)","Shooting (PFE)","0020XX 3RD AVE S",5,"Whittier",10,44.9618,-93.27274,-10383074.1320762,5615509.03349329,1,310267,2021,6
-10384780.3529,5625432.198,"Gunshot Wound Victims","No","21-139667","MP2021139667",2021-06-26,"00:46:00+00","2021/06/25 22:53:00+00","Non NIBRS Data","Non NIBRS Data","Non NIBRS Data","Gunshot Wound Victims","Gunshot Wound Victims","Shooting (PFE)","Shooting (PFE)","0038XX LYNDALE AVE N",4,"Webber - Camden",4,45.02484,-93.28807,-10384780.3529205,5625432.19795556,1,310268,2021,6
-10386255.8128,5620182.905,"Gunshot Wound Victims","No","21-143751","MP2021143751",2021-06-30,"20:59:00+00","2021/06/30 20:55:00+00","Non NIBRS Data","Non NIBRS Data","Non NIBRS Data","Gunshot Wound Victims","Gunshot Wound Victims","Shooting (PFE)","Shooting (PFE)","0016XX PLYMOUTH AVE N",4,"Near - North",5,44.9915,-93.30132,-10386255.8128158,5620182.90502445,1,310269,2021,6
-10385547.5684,5624443.0434,"Gunshot Wound Victims","Yes","21-151889","MP2021151889",2021-07-10,"04:12:00+00","2021/07/09 22:20:00+00","Non NIBRS Data","Non NIBRS Data","Non NIBRS Data","Gunshot Wound Victims","Gunshot Wound Victims","On Site (P)","Shooting Report Only (P)","0012XX 35TH AVE N",4,"Folwell",4,45.01855,-93.29496,-10385547.5684425,5624443.04340198,1,310270,2021,7
-10384941.9664,5621657.1554,"Gunshot Wound Victims","No","21-154292","MP2021154292",2021-07-12,"19:05:00+00","2021/07/12 19:05:00+00","Non NIBRS Data","Non NIBRS Data","Non NIBRS Data","Gunshot Wound Victims","Gunshot Wound Victims","ShotSpotter Activation (P)","Shooting (PFE)","0021XX ALDRICH AVE N",4,"Hawthorne",5,45.00086,-93.28952,-10384941.9664195,5621657.15536339,1,310271,2021,7
-10386109.1008,5624733.3362,"Gunshot Wound Victims","No","21-155344","MP2021155344",2021-07-13,"23:00:00+00","2021/07/13 23:00:00+00","Non NIBRS Data","Non NIBRS Data","Non NIBRS Data","Gunshot Wound Victims","Gunshot Wound Victims","Shooting (PFE)","Shooting (PFE)","0016XX 36TH AVE N",4,"Folwell",4,45.0204,-93.30001,-10386109.10085,5624733.33616101,1,310272,2021,7
-10383050.48,5618110.8134,"Gunshot Wound Victims","Yes","21-158022","MP2021158022",2021-07-17,"05:14:00+00","2021/07/17 02:59:00+00","Non NIBRS Data","Non NIBRS Data","Non NIBRS Data","Gunshot Wound Victims","Gunshot Wound Victims","Shooting (PFE)","Shooting (PFE)","000XX 6TH ST S",1,"Downtown West",7,44.97833,-93.27253,-10383050.4800189,5618110.81340136,1,310273,2021,7
-10384056.3995,5620861.677,"Gunshot Wound Victims","No","21-158764","MP2021158764",2021-07-18,"00:00:00+00","2021/07/17 22:30:00+00","Non NIBRS Data","Non NIBRS Data","Non NIBRS Data","Gunshot Wound Victims","Gunshot Wound Victims","Shooting Report Only (P)","Shooting Report Only (P)","0016XX WASHINGTON AVE N",4,"Hawthorne",5,44.99581,-93.28157,-10384056.3995044,5620861.67704219,1,310274,2021,7
-10380249.3967,5614383.4733,"Gunshot Wound Victims","No","21-181930","MP2021181930",2021-08-13,"12:40:00+00","2021/08/13 12:30:00+00","Non NIBRS Data","Non NIBRS Data","Non NIBRS Data","Gunshot Wound Victims","Gunshot Wound Victims","Shooting (PFE)","Shooting (PFE)","0026XX CEDAR AVE S",3,"East Phillips",9,44.95464,-93.24737,-10380249.3966646,5614383.47328116,1,310275,2021,8
-10386532.2024,5623318.0046,"Gunshot Wound Victims","No","21-183090","MP2021183090",2021-08-14,"18:20:00+00","2021/08/14 18:20:00+00","Non NIBRS Data","Non NIBRS Data","Non NIBRS Data","Gunshot Wound Victims","Gunshot Wound Victims","Shooting Report Only (P)","Shooting Report Only (P)","0019XX 30TH AVE N",4,"Jordan",5,45.01141,-93.30381,-10386532.2024439,5623318.00458391,1,310276,2021,8
-10386391.7707,5623601.0203,"Gunshot Wound Victims","No","21-185398","MP2021185398",2021-08-17,"13:53:00+00","2021/08/17 13:53:00+00","Non NIBRS Data","Non NIBRS Data","Non NIBRS Data","Gunshot Wound Victims","Gunshot Wound Victims","ShotSpotter Activation (P)","ShotSpotter Activation (P)","0018XX LOWRY AVE N",4,"Jordan",5,45.01321,-93.30254,-10386391.770734,5623601.02025032,1,310277,2021,8
-10384030.241,5613865.3738,"Gunshot Wound Victims","No","21-187667","MP2021187667",2021-08-20,"04:57:00+00","2021/08/20 00:02:00+00","Non NIBRS Data","Non NIBRS Data","Non NIBRS Data","Gunshot Wound Victims","Gunshot Wound Victims","Shooting (PFE)","Shooting (PFE)","0028XX PILLSBURY AVE",5,"Whittier",10,44.95135,-93.28133,-10384030.2409979,5613865.37380202,1,310278,2021,8
-10382074.5147,5611274.0721,"Gunshot Wound Victims","No","21-196263","MP2021196263",2021-08-29,"22:59:00+00","2021/08/29 22:59:00+00","Non NIBRS Data","Non NIBRS Data","Non NIBRS Data","Gunshot Wound Victims","Gunshot Wound Victims","Shooting (PFE)","Shooting (PFE)","0037XX COLUMBUS AVE",3,"Central",8,44.93487,-93.26376,-10382074.5146743,5611274.0720557,1,310279,2021,8
-10385092.186,5619301.9273,"Gunshot Wound Victims","No","21-204876","MP2021204876",2021-09-08,"15:41:00+00","2021/09/08 15:35:00+00","Non NIBRS Data","Non NIBRS Data","Non NIBRS Data","Gunshot Wound Victims","Gunshot Wound Victims","Shooting (PFE)","Shooting (PFE)","0007XX ALDRICH AVE N",4,"Sumner - Glenwood",5,44.9859,-93.29087,-10385092.18599,5619301.92732832,1,310280,2021,9
-10379969.4479,5614788.7631,"Gunshot Wound Victims","No","21-208957","MP2021208957",2021-09-13,"01:15:00+00","2021/09/12 22:55:00+00","Non NIBRS Data","Non NIBRS Data","Non NIBRS Data","Gunshot Wound Victims","Gunshot Wound Victims","Shooting (PFE)","Shooting (PFE)","0024XX OGEMA PL",3,"East Phillips",9,44.95722,-93.24485,-10379969.4478515,5614788.76310889,1,310281,2021,9
-10386582.8771,5629154.343,"Gunshot Wound Victims","No","21-159317","MP2021159317",2021-07-18,"22:04:00+00","2021/07/18 17:00:00+00","Non NIBRS Data","Non NIBRS Data","Non NIBRS Data","Gunshot Wound Victims","Gunshot Wound Victims","Shooting Report Only (P)","Shooting Report Only (P)","0051XX LOGAN AVE N",4,"Shingle Creek",4,45.04846,-93.30426,-10386582.8770759,5629154.34302716,1,310282,2021,7
-10383995.6361,5621926.0497,"Gunshot Wound Victims","No","21-160978","MP2021160978",2021-07-20,"17:00:00+00","2021/07/20 17:00:00+00","Non NIBRS Data","Non NIBRS Data","Non NIBRS Data","Gunshot Wound Victims","Gunshot Wound Victims","Shooting (PFE)","Shooting (PFE)","0002XX 23RD AVE N",4,"Hawthorne",5,45.00257,-93.28102,-10383995.6360887,5621926.04972424,1,310283,2021,7
-10384943.9719,5623303.7658,"Gunshot Wound Victims","No","21-162342","MP2021162342",2021-07-22,"01:55:00+00","2021/07/22 01:30:00+00","Non NIBRS Data","Non NIBRS Data","Non NIBRS Data","Gunshot Wound Victims","Gunshot Wound Victims","Shooting Report Only (P)","Shooting Report Only (P)","0007XX 30TH AVE N",4,"Hawthorne",5,45.01132,-93.28954,-10384943.9718837,5623303.76578426,1,310284,2021,7
-10386327.4343,5619679.9649,"Gunshot Wound Victims","No","21-171283","MP2021171283",2021-08-01,"00:54:00+00","2021/08/01 00:54:00+00","Non NIBRS Data","Non NIBRS Data","Non NIBRS Data","Gunshot Wound Victims","Gunshot Wound Victims","ShotSpotter Activation (P)","Shooting (PFE)","0010XX KNOX AVE N",4,"Near - North",5,44.9883,-93.30197,-10386327.434347,5619679.96488865,1,310285,2021,8
-10384483.5595,5625860.8754,"Gunshot Wound Victims","No","22-166818","MP2022166818",2022-07-21,"23:30:00+00","2022/07/21 23:30:00+00","Non NIBRS Data","Non NIBRS Data","Non NIBRS Data","Gunshot Wound Victims","Gunshot Wound Victims","Sound of Shots Fired (P)","Shooting Report Only (P)","0004XX 40TH AVE N",4,"Webber - Camden",4,45.02756,-93.2854,-10384483.5595457,5625860.87542079,1,310286,2022,7
-10386890.4777,5619222.4268,"Gunshot Wound Victims","No","22-170656","MP2022170656",2022-07-26,"02:41:00+00","2022/07/26 02:41:00+00","Non NIBRS Data","Non NIBRS Data","Non NIBRS Data","Gunshot Wound Victims","Gunshot Wound Victims","Shooting (PFE)","Shooting (PFE)","0006XX OLIVER AVE N",4,"Near - North",5,44.98539,-93.30702,-10386890.4776538,5619222.42677097,1,310287,2022,7
-10377322.703,5610168.3895,"Gunshot Wound Victims","No","22-174406","MP2022174406",2022-07-29,"23:38:00+00","2022/07/29 23:04:00+00","Non NIBRS Data","Non NIBRS Data","Non NIBRS Data","Gunshot Wound Victims","Gunshot Wound Victims","Shooting (PFE)","Shooting (PFE)","0041XX SNELLING AVE",3,"Hiawatha",12,44.92784,-93.22108,-10377322.7030426,5610168.38954084,1,310288,2022,7
-10380728.2868,5623593.7691,"Gunshot Wound Victims","No","22-175244","MP2022175244",2022-07-31,"00:37:00+00","2022/07/30 21:48:00+00","Non NIBRS Data","Non NIBRS Data","Non NIBRS Data","Gunshot Wound Victims","Gunshot Wound Victims","Shooting (PFE)","Shooting (PFE)","0007XX LOWRY AVE NE",2,"Holland",1,45.01316,-93.25167,-10380728.2867585,5623593.76908081,1,310289,2022,7
-10382671.0233,5618296.181,"Gunshot Wound Victims","Yes","22-177846","MP2022177846",2022-08-02,"19:17:00+00","2022/08/02 17:28:00+00","Non NIBRS Data","Non NIBRS Data","Non NIBRS Data","Gunshot Wound Victims","Gunshot Wound Victims","Shooting (PFE)","Shooting (PFE)","000XX 4TH ST S",1,"Downtown West",7,44.97951,-93.26912,-10382671.0232541,5618296.18104789,1,310290,2022,8
-10384774.5664,5615229.7072,"Gunshot Wound Victims","No","22-182078","MP2022182078",2022-08-07,"03:38:00+00","2022/08/07 03:38:00+00","Non NIBRS Data","Non NIBRS Data","Non NIBRS Data","Gunshot Wound Victims","Gunshot Wound Victims","Sound of Shots Fired (P)","Shooting (PFE)","0023XX LYNDALE AVE S",5,"Lowry Hill East",10,44.96002,-93.28802,-10384774.5663658,5615229.70717379,1,310291,2022,8
-10386327.4343,5619679.9649,"Gunshot Wound Victims","No","22-184248","MP2022184248",2022-08-09,"17:27:00+00","2022/08/09 17:27:00+00","Non NIBRS Data","Non NIBRS Data","Non NIBRS Data","Gunshot Wound Victims","Gunshot Wound Victims","Shooting (PFE)","Shooting (PFE)","0010XX KNOX AVE N",4,"Near - North",5,44.9883,-93.30197,-10386327.434347,5619679.96488865,1,310292,2022,8
-10384941.9664,5621657.1554,"Gunshot Wound Victims","No","22-185048","MP2022185048",2022-08-10,"15:49:00+00","2022/08/10 15:49:00+00","Non NIBRS Data","Non NIBRS Data","Non NIBRS Data","Gunshot Wound Victims","Gunshot Wound Victims","On Site (P)","Shooting (PFE)","0021XX ALDRICH AVE N",4,"Near - North",5,45.00086,-93.28952,-10384941.9664195,5621657.15536339,1,310293,2022,8
-10383300.242,5618818.2781,"Gunshot Wound Victims","No","23-276858","MP2023276858",2023-10-15,"00:11:00+00","2023/10/15 00:11:00+00","Non NIBRS Data","Non NIBRS Data","Non NIBRS Data","Gunshot Wound Victims","Gunshot Wound Victims","Shooting (PFE)","Shooting (PFE)","0004XX 3RD AVE N",1,"North Loop",3,44.98283,-93.27477,-10383300.2420196,5618818.27811792,4,310294,2023,10
-10383630.6244,5616881.2438,"Gunshot Wound Victims","Yes","23-282397","MP2023282397",2023-10-21,"04:35:00+00","2023/10/21 04:30:00+00","Non NIBRS Data","Non NIBRS Data","Non NIBRS Data","Gunshot Wound Victims","Gunshot Wound Victims","Shooting (PFE)","Shooting (PFE)","0013XX NICOLLET MALL",1,"Loring Park",7,44.97052,-93.27774,-10383630.6243561,5616881.24380765,2,310295,2023,10
-10386883.344,5620685.5349,"Gunshot Wound Victims","No","23-282986","MP2023282986",2023-10-21,"21:13:00+00","2023/10/21 19:17:00+00","Non NIBRS Data","Non NIBRS Data","Non NIBRS Data","Gunshot Wound Victims","Gunshot Wound Victims","Shooting (PFE)","Shooting (PFE)","0015XX OLIVER AVE N",4,"Willard - Hay",5,44.99469,-93.30696,-10386883.3439666,5620685.53494485,1,310296,2023,10
-10384026.427,5614664.824,"Gunshot Wound Victims","No","23-288797","MP2023288797",2023-10-27,"19:24:00+00","2023/10/27 19:24:00+00","Non NIBRS Data","Non NIBRS Data","Non NIBRS Data","Gunshot Wound Victims","Gunshot Wound Victims","Shooting (PFE)","Shooting (PFE)","0025XX PILLSBURY AVE",3,"Phillips West",6,44.95643,-93.2813,-10384026.4269504,5614664.82403158,1,310297,2023,10
-10377106.1927,5611879.1939,"Gunshot Wound Victims","No","23-291166","MP2023291166",2023-10-30,"10:25:00+00","2023/10/30 09:44:00+00","Non NIBRS Data","Non NIBRS Data","Non NIBRS Data","Gunshot Wound Victims","Gunshot Wound Victims","Robbery of Person (P)","Robbery of Person (P)","0035XX 37TH AVE S",3,"Howe",12,44.93872,-93.21913,-10377106.1927111,5611879.19390198,1,310298,2023,10
-10380577.962,5616626.55,"Gunshot Wound Victims","No","23-292609","MP2023292609",2023-10-31,"22:59:00+00","2023/10/31 22:59:00+00","Non NIBRS Data","Non NIBRS Data","Non NIBRS Data","Gunshot Wound Victims","Gunshot Wound Victims","Shooting (PFE)","Shooting (PFE)","0015XX 6TH ST S",1,"Cedar Riverside",6,44.9689,-93.25032,-10380577.9620403,5616626.54996096,1,310299,2023,10
-10386391.7707,5623601.0203,"Gunshot Wound Victims","No","23-295343","MP2023295343",2023-11-03,"23:28:00+00","2023/11/03 20:19:00+00","Non NIBRS Data","Non NIBRS Data","Non NIBRS Data","Gunshot Wound Victims","Gunshot Wound Victims","Shooting (PFE)","Shooting (PFE)","0018XX LOWRY AVE N",4,"Folwell",4,45.01321,-93.30254,-10386391.770734,5623601.02025032,1,310300,2023,11
-10382365.9921,5615847.941,"Gunshot Wound Victims","No","23-317096","MP2023317096",2023-11-28,"13:54:00+00","2023/11/28 11:10:00+00","Non NIBRS Data","Non NIBRS Data","Non NIBRS Data","Gunshot Wound Victims","Gunshot Wound Victims","Sound of Shots Fired (P)","Shooting Report Only (P)","0006XX 19TH ST E",3,"Ventura Village",6,44.96395,-93.26638,-10382365.9920814,5615847.94099618,1,310301,2023,11
-10384357.8907,5613677.6263,"Gunshot Wound Victims","No","23-321610","MP2023321610",2023-12-03,"04:10:00+00","2023/12/03 04:10:00+00","Non NIBRS Data","Non NIBRS Data","Non NIBRS Data","Gunshot Wound Victims","Gunshot Wound Victims","Sound of Shots Fired (P)~PD","Shooting (PFE)","0029XX GRAND AVE S",5,"Whittier",10,44.95015,-93.28427,-10384357.8906687,5613677.62634943,1,310302,2023,12
-10378159.9714,5619312.8458,"Gunshot Wound Victims","No","23-322032","MP2023322032",2023-12-03,"18:14:00+00","2023/12/02 23:00:00+00","Non NIBRS Data","Non NIBRS Data","Non NIBRS Data","Gunshot Wound Victims","Gunshot Wound Victims","Check the Welfare (P)","Check the Welfare (P)","0009XX 17TH AVE SE",2,"Como",2,44.98597,-93.2286,-10378159.9713549,5619312.84575958,1,310303,2023,12
-10381095.8682,5614666.6579,"Gunshot Wound Victims","No","23-324824","MP2023324824",2023-12-06,"23:04:00+00","2023/12/06 23:04:00+00","Non NIBRS Data","Non NIBRS Data","Non NIBRS Data","Gunshot Wound Victims","Gunshot Wound Victims","Shooting (PFE)","Shooting (PFE)","0025XX 14TH AVE S",3,"Midtown Phillips",9,44.95644,-93.25497,-10381095.8681795,5614666.65786319,1,310304,2023,12
-10380671.977,5614665.7188,"Gunshot Wound Victims","No","23-325800","MP2023325800",2023-12-07,"23:55:00+00","2023/12/07 23:55:00+00","Non NIBRS Data","Non NIBRS Data","Non NIBRS Data","Gunshot Wound Victims","Gunshot Wound Victims","Shooting (PFE)","Shooting (PFE)","0025XX 16TH AVE S",3,"East Phillips",9,44.95644,-93.25116,-10380671.9770206,5614665.71877787,1,310305,2023,12
-10383501.607,5615947.5898,"Gunshot Wound Victims","No","21-162183","MP2021162183",2021-07-22,"00:26:00+00","2021/07/21 21:42:00+00","Non NIBRS Data","Non NIBRS Data","Non NIBRS Data","Gunshot Wound Victims","Gunshot Wound Victims","Suspicious Person (P)","Shooting (PFE)","0018XX 1ST AVE S",5,"Steven's Square - Loring Heights",6,44.96458,-93.27658,-10383501.6069841,5615947.58977873,1,310306,2021,7
-10385693.269,5625299.1709,"Gunshot Wound Victims","No","21-174589","MP2021174589",2021-08-05,"00:01:00+00","2021/08/04 22:39:00+00","Non NIBRS Data","Non NIBRS Data","Non NIBRS Data","Gunshot Wound Victims","Gunshot Wound Victims","ShotSpotter Activation (P)","ShotSpotter Activation (P)","0013XX DOWLING AVE N",4,"Folwell",4,45.02399,-93.29627,-10385693.2689994,5625299.17088462,1,310307,2021,8
-10386323.218,5624878.6326,"Gunshot Wound Victims","No","21-180028","MP2021180028",2021-08-11,"08:28:00+00","2021/08/10 12:00:00+00","Non NIBRS Data","Non NIBRS Data","Non NIBRS Data","Gunshot Wound Victims","Gunshot Wound Victims","Down Outside-One w/Fire (PFE)","Down Outside-One w/Fire (PFE)","0036XX KNOX AVE N",4,"Folwell",4,45.02132,-93.30193,-10386323.2180196,5624878.63262383,1,310308,2021,8
-10386462.5726,5623743.9212,"Gunshot Wound Victims","No","21-041833","MP202141833",2021-02-28,"07:53:00+00","2021/02/28 07:53:00+00","Non NIBRS Data","Non NIBRS Data","Non NIBRS Data","Gunshot Wound Victims","Gunshot Wound Victims","ShotSpotter Activation (P)","Shooting (PFE)","0032XX LOGAN AVE N",4,"Folwell",4,45.01412,-93.30318,-10386462.5725875,5623743.92120553,1,310309,2021,2
-10382147.5146,5611446.5668,"Gunshot Wound Victims","Yes","21-047688","MP202147688",2021-03-08,"00:31:00+00","2021/03/07 16:48:00+00","Non NIBRS Data","Non NIBRS Data","Non NIBRS Data","Gunshot Wound Victims","Gunshot Wound Victims","Shooting Report Only (P)","Shooting Report Only (P)","0007XX 37TH ST E",3,"Powderhorn Park",8,44.93597,-93.26442,-10382147.5146303,5611446.56681588,1,310310,2021,3
-10378128.0205,5610445.2694,"Gunshot Wound Victims","No","21-050343","MP202150343",2021-03-10,"22:24:00+00","2021/03/10 19:23:00+00","Non NIBRS Data","Non NIBRS Data","Non NIBRS Data","Gunshot Wound Victims","Gunshot Wound Victims","Shooting (PFE)","Shooting (PFE)","0040XX NOKOMIS AVE S",3,"Howe",12,44.9296,-93.22831,-10378128.0204944,5610445.26940838,1,310311,2021,3
-10386208.2527,5621709.0858,"Gunshot Wound Victims","No","21-063912","MP202163912",2021-03-28,"19:38:00+00","2021/03/28 18:25:00+00","Non NIBRS Data","Non NIBRS Data","Non NIBRS Data","Gunshot Wound Victims","Gunshot Wound Victims","Shooting (PFE)","Shooting (PFE)","0016XX HILLSIDE AVE N",4,"Jordan",5,45.00119,-93.3009,-10386208.2527323,5621709.08581571,2,310312,2021,3
-10384941.9664,5621657.1554,"Gunshot Wound Victims","Yes","21-073194","MP202173194",2021-04-08,"14:30:00+00","2021/04/08 14:30:00+00","Non NIBRS Data","Non NIBRS Data","Non NIBRS Data","Gunshot Wound Victims","Gunshot Wound Victims","Shooting Report Only (P)","Shooting Report Only (P)","0021XX ALDRICH AVE N",4,"Near - North",5,45.00086,-93.28952,-10384941.9664195,5621657.15536339,1,310313,2021,4
-10382086.2576,5614382.9161,"Gunshot Wound Victims","No","21-075917","MP202175917",2021-04-12,"00:46:00+00","2021/04/11 22:56:00+00","Non NIBRS Data","Non NIBRS Data","Non NIBRS Data","Gunshot Wound Victims","Gunshot Wound Victims","ShotSpotter Activation (P)","Shooting (PFE)","0026XX COLUMBUS AVE",3,"Phillips West",6,44.95464,-93.26387,-10382086.2575905,5614382.91613808,1,310314,2021,4
-10384774.5664,5615229.7072,"Gunshot Wound Victims","No","21-076125","MP202176125",2021-04-12,"05:00:00+00","2021/04/12 03:00:00+00","Non NIBRS Data","Non NIBRS Data","Non NIBRS Data","Gunshot Wound Victims","Gunshot Wound Victims","Shooting (PFE)","Shooting (PFE)","0023XX LYNDALE AVE S",5,"Lowry Hill East",10,44.96002,-93.28802,-10384774.5663658,5615229.70717379,1,310315,2021,4
-10381103.3601,5613529.7516,"Gunshot Wound Victims","Yes","21-076170","MP202176170",2021-04-12,"06:14:00+00","2021/04/12 01:50:00+00","Non NIBRS Data","Non NIBRS Data","Non NIBRS Data","Gunshot Wound Victims","Gunshot Wound Victims","Shooting Report Only (P)","Shooting Report Only (P)","0029XX 14TH AVE S",3,"Midtown Phillips",9,44.94921,-93.25504,-10381103.3600722,5613529.75163781,1,310316,2021,4
-10381941.2915,5615440.2167,"Gunshot Wound Victims","No","21-212198","MP2021212198",2021-09-16,"16:23:00+00","2021/09/16 16:20:00+00","Non NIBRS Data","Non NIBRS Data","Non NIBRS Data","Gunshot Wound Victims","Gunshot Wound Victims","Stabbing (PE)","Stabbing (PE)","0021XX CHICAGO AVE",3,"Ventura Village",6,44.96136,-93.26257,-10381941.2914788,5615440.21670984,1,310317,2021,9
-10379745.1368,5615302.0029,"Gunshot Wound Victims","No","21-218840","MP2021218840",2021-09-23,"23:28:00+00","2021/09/23 23:28:00+00","Non NIBRS Data","Non NIBRS Data","Non NIBRS Data","Gunshot Wound Victims","Gunshot Wound Victims","Shooting (PFE)","Shooting (PFE)","0022XX MINNEHAHA AVE",3,"Seward",6,44.96048,-93.24284,-10379745.136783,5615302.00292426,1,310318,2021,9
-10386327.4343,5619679.9649,"Gunshot Wound Victims","No","21-223249","MP2021223249",2021-09-29,"02:22:00+00","2021/09/29 00:05:00+00","Non NIBRS Data","Non NIBRS Data","Non NIBRS Data","Gunshot Wound Victims","Gunshot Wound Victims","Shooting (PFE)","Shooting (PFE)","0010XX KNOX AVE N",4,"Near - North",5,44.9883,-93.30197,-10386327.434347,5619679.96488865,1,310319,2021,9
-10385013.0104,5628008.9785,"Gunshot Wound Victims","No","21-225967","MP2021225967",2021-10-01,"22:17:00+00","2021/10/01 22:17:00+00","Non NIBRS Data","Non NIBRS Data","Non NIBRS Data","Gunshot Wound Victims","Gunshot Wound Victims","Shooting (PFE)","Shooting (PFE)","0047XX ALDRICH AVE N",4,"Lind - Bohanon",4,45.04119,-93.29016,-10385013.0103632,5628008.97851742,1,310320,2021,10
-10380393.303,5616928.6815,"Gunshot Wound Victims","No","21-226349","MP2021226349",2021-10-02,"11:48:00+00","2021/10/02 10:22:00+00","Non NIBRS Data","Non NIBRS Data","Non NIBRS Data","Gunshot Wound Victims","Gunshot Wound Victims","Shooting (PFE)","Shooting (PFE)","0015XX 4TH ST S",1,"Cedar Riverside",6,44.97082,-93.24866,-10380393.3029583,5616928.68145733,1,310321,2021,10
-10383288.1808,5615848.6271,"Gunshot Wound Victims","No","21-233381","MP2021233381",2021-10-10,"04:02:00+00","2021/10/10 04:02:00+00","Non NIBRS Data","Non NIBRS Data","Non NIBRS Data","Gunshot Wound Victims","Gunshot Wound Victims","Shooting (PFE)","Shooting (PFE)","0001XX 19TH ST E",5,"Steven's Square - Loring Heights",6,44.96395,-93.27466,-10383288.1808157,5615848.62705652,1,310322,2021,10
-10380179.0632,5614242.9212,"Gunshot Wound Victims","No","21-238797","MP2021238797",2021-10-16,"19:52:00+00","2021/10/16 19:52:00+00","Non NIBRS Data","Non NIBRS Data","Non NIBRS Data","Gunshot Wound Victims","Gunshot Wound Victims","Shooting (PFE)","Shooting (PFE)","0018XX 27TH ST E",3,"East Phillips",9,44.95375,-93.24674,-10380179.0631507,5614242.92122461,2,310323,2021,10
-10384213.7161,5614100.8515,"Gunshot Wound Victims","Yes","24-023362","MP202423362",2024-01-28,"04:40:00+00","2024/01/28 04:40:00+00","Non NIBRS Data","Non NIBRS Data","Non NIBRS Data","Gunshot Wound Victims","Gunshot Wound Victims","Shooting Report Only (P)","Shooting Report Only (P)","0027XX PLEASANT AVE",5,"Whittier",10,44.95284,-93.28298,-10384213.7161272,5614100.85150681,1,310326,2024,1
-10383639.1389,5616551.8341,"Gunshot Wound Victims","No","22-190957","MP2022190957",2022-08-16,"22:29:00+00","2022/08/16 22:29:00+00","Non NIBRS Data","Non NIBRS Data","Non NIBRS Data","Gunshot Wound Victims","Gunshot Wound Victims","Shooting (PFE)","Shooting (PFE)","0014XX NICOLLET AVE",1,"Loring Park",7,44.96842,-93.27782,-10383639.1388882,5616551.83414762,1,310327,2022,8
-10380386.022,5614949.211,"Gunshot Wound Victims","No","22-196157","MP2022196157",2022-08-22,"18:35:00+00","2022/08/22 17:16:00+00","Non NIBRS Data","Non NIBRS Data","Non NIBRS Data","Gunshot Wound Victims","Gunshot Wound Victims","Sound of Shots Fired (P)","Shooting (PFE)","0024XX 18TH AVE S",3,"East Phillips",9,44.95824,-93.24859,-10380386.0220257,5614949.21102248,1,310328,2022,8
-10381386.1334,5613531.726,"Gunshot Wound Victims","No","22-206313","MP2022206313",2022-09-02,"17:33:00+00","2022/09/02 17:33:00+00","Non NIBRS Data","Non NIBRS Data","Non NIBRS Data","Gunshot Wound Victims","Gunshot Wound Victims","Property Damage Accident (P)","Shooting Report Only (P)","0029XX 12TH AVE S",3,"Midtown Phillips",9,44.94923,-93.25758,-10381386.1334218,5613531.72600997,1,310329,2022,9
-10384437.2388,5621005.0613,"Gunshot Wound Victims","Yes","22-208823","MP2022208823",2022-09-05,"14:55:00+00","2022/09/05 13:30:00+00","Non NIBRS Data","Non NIBRS Data","Non NIBRS Data","Gunshot Wound Victims","Gunshot Wound Victims","Shooting Report Only (P)","Shooting Report Only (P)","0016XX LYN CURVE AVE N",4,"Hawthorne",5,44.99672,-93.28499,-10384437.2387943,5621005.06125677,1,310330,2022,9
-10382671.0233,5618296.181,"Gunshot Wound Victims","Yes","22-219834","MP2022219834",2022-09-17,"03:32:00+00","2022/09/17 03:32:00+00","Non NIBRS Data","Non NIBRS Data","Non NIBRS Data","Gunshot Wound Victims","Gunshot Wound Victims","Sound of Shots Fired (P)","Officer Needs Help (P)","000XX 4TH ST S",1,"Downtown West",7,44.97951,-93.26912,-10382671.0232541,5618296.18104789,1,310331,2022,9
-10383501.607,5615947.5898,"Gunshot Wound Victims","No","22-220154","MP2022220154",2022-09-17,"15:40:00+00","2022/09/17 13:04:00+00","Non NIBRS Data","Non NIBRS Data","Non NIBRS Data","Gunshot Wound Victims","Gunshot Wound Victims","Shooting (PFE)","Shooting (PFE)","0018XX 1ST AVE S",5,"Steven's Square - Loring Heights",6,44.96458,-93.27658,-10383501.6069841,5615947.58977873,1,310332,2022,9
-10383501.607,5615947.5898,"Gunshot Wound Victims","No","22-224739","MP2022224739",2022-09-22,"09:17:00+00","2022/09/22 09:17:00+00","Non NIBRS Data","Non NIBRS Data","Non NIBRS Data","Gunshot Wound Victims","Gunshot Wound Victims","Sound of Shots Fired (P)","Shooting (PFE)","0018XX 1ST AVE S",5,"Steven's Square - Loring Heights",6,44.96458,-93.27658,-10383501.6069841,5615947.58977873,1,310333,2022,9
-10385547.5684,5624443.0434,"Gunshot Wound Victims","No","23-297944","MP2023297944",2023-11-06,"16:48:00+00","2023/11/06 16:48:00+00","Non NIBRS Data","Non NIBRS Data","Non NIBRS Data","Gunshot Wound Victims","Gunshot Wound Victims","ShotSpotter Activation (P)","Shooting (PFE)","0012XX 35TH AVE N",4,"Folwell",4,45.01855,-93.29496,-10385547.5684425,5624443.04340198,1,310334,2023,11
-10384929.7718,5612972.8963,"Gunshot Wound Victims","No","23-303754","MP2023303754",2023-11-13,"00:17:00+00","2023/11/12 22:51:00+00","Non NIBRS Data","Non NIBRS Data","Non NIBRS Data","Gunshot Wound Victims","Gunshot Wound Victims","Shooting (PFE)","Shooting (PFE)","0031XX ALDRICH AVE S",5,"Whittier",10,44.94567,-93.28941,-10384929.7718431,5612972.8963263,1,310335,2023,11
-10377884.2617,5615381.0493,"Gunshot Wound Victims","No","23-308381","MP2023308381",2023-11-17,"23:53:00+00","2023/11/17 23:50:00+00","Non NIBRS Data","Non NIBRS Data","Non NIBRS Data","Gunshot Wound Victims","Gunshot Wound Victims","Shooting (PFE)","Shooting (PFE)","0031XX 22ND ST E",3,"Seward",2,44.96098,-93.22612,-10377884.2617286,5615381.04926456,1,310336,2023,11
-10381244.887,5613253.5335,"Gunshot Wound Victims","No","23-309374","MP2023309374",2023-11-19,"03:18:00+00","2023/11/18 23:56:00+00","Non NIBRS Data","Non NIBRS Data","Non NIBRS Data","Gunshot Wound Victims","Gunshot Wound Victims","Shooting (PFE)","Shooting (PFE)","0030XX 13TH AVE S",3,"Midtown Phillips",9,44.94746,-93.25631,-10381244.8870021,5613253.53345264,1,310337,2023,11
-10384941.9664,5621657.1554,"Gunshot Wound Victims","No","23-310322","MP2023310322",2023-11-20,"04:06:00+00","2023/11/20 01:00:00+00","Non NIBRS Data","Non NIBRS Data","Non NIBRS Data","Gunshot Wound Victims","Gunshot Wound Victims","Shooting Report Only (P)","Shooting Report Only (P)","0021XX ALDRICH AVE N",4,"Hawthorne",5,45.00086,-93.28952,-10384941.9664195,5621657.15536339,1,310338,2023,11
-10387878.1374,5622328.3397,"Gunshot Wound Victims","No","23-313963","MP2023313963",2023-11-24,"14:58:00+00","2023/11/24 14:58:00+00","Non NIBRS Data","Non NIBRS Data","Non NIBRS Data","Gunshot Wound Victims","Gunshot Wound Victims","Shooting (PFE)","Shooting (PFE)","0025XX VINCENT AVE N",4,"Willard - Hay",4,45.00512,-93.3159,-10387878.1373598,5622328.33970573,1,310339,2023,11
-10387456.67,5619477.2694,"Gunshot Wound Victims","No","23-321366","MP2023321366",2023-12-02,"21:52:00+00","2023/12/02 21:52:00+00","Non NIBRS Data","Non NIBRS Data","Non NIBRS Data","Gunshot Wound Victims","Gunshot Wound Victims","Shooting (PFE)","Shooting (PFE)","0009XX SHERIDAN AVE N",4,"Willard - Hay",5,44.98701,-93.31211,-10387456.6700224,5619477.26941916,1,310340,2023,12
-10381244.887,5613253.5335,"Gunshot Wound Victims","No","23-322914","MP2023322914",2023-12-04,"20:54:00+00","2023/12/04 18:00:00+00","Non NIBRS Data","Non NIBRS Data","Non NIBRS Data","Gunshot Wound Victims","Gunshot Wound Victims","Sound of Shots Fired (P)","Sound of Shots Fired (P)","0030XX 13TH AVE S",3,"Midtown Phillips",9,44.94746,-93.25631,-10381244.8870021,5613253.53345264,1,310341,2023,12
-10381026.1041,5614524.6242,"Gunshot Wound Victims","No","24-024191","MP202424191",2024-01-29,"04:53:00+00","2024/01/29 04:53:00+00","Non NIBRS Data","Non NIBRS Data","Non NIBRS Data","Gunshot Wound Victims","Gunshot Wound Victims","Shooting (PFE)","Shooting (PFE)","0014XX 26TH ST E",3,"Midtown Phillips",9,44.95554,-93.25434,-10381026.1041483,5614524.62418153,1,310342,2024,1
-10377177.5056,5610883.2349,"Gunshot Wound Victims","No","24-029139","MP202429139",2024-02-03,"10:50:00+00","2024/02/03 10:49:00+00","Non NIBRS Data","Non NIBRS Data","Non NIBRS Data","Gunshot Wound Victims","Gunshot Wound Victims","Sound of Shots Fired (P)~PD","Shooting (PFE)","0036XX 39TH ST E",3,"Howe",12,44.93239,-93.21977,-10377177.5056462,5610883.23487193,2,310344,2024,2
-10380236.5498,5616919.9367,"Gunshot Wound Victims","No","24-035442","MP202435442",2024-02-10,"02:11:00+00","2024/02/10 02:11:00+00","Non NIBRS Data","Non NIBRS Data","Non NIBRS Data","Gunshot Wound Victims","Gunshot Wound Victims","Shooting (PFE)","Shooting (PFE)","0003XX CEDAR AVE S",1,"Cedar Riverside",6,44.97076,-93.24725,-10380236.5498339,5616919.93668407,1,310346,2024,2
-10385706.8208,5613396.5147,"Gunshot Wound Victims","No","24-050612","MP202450612",2024-02-26,"22:23:00+00","2024/02/26 22:20:00+00","Non NIBRS Data","Non NIBRS Data","Non NIBRS Data","Gunshot Wound Victims","Gunshot Wound Victims","Sound of Shots Fired (P)","Shooting (PFE)","0013XX LAKE ST W",5,"Lowry Hill East",10,44.94837,-93.29639,-10385706.8208395,5613396.514716,1,310348,2024,2
-10381831.5913,5622981.8129,"Gunshot Wound Victims","No","24-076169","MP202476169",2024-03-24,"01:35:00+00","2024/03/24 01:35:00+00","Non NIBRS Data","Non NIBRS Data","Non NIBRS Data","Gunshot Wound Victims","Gunshot Wound Victims","Shooting (PFE)","Shooting (PFE)","0021XX 4TH ST NE",2,"Holland",1,45.00928,-93.26158,-10381831.5913462,5622981.81289999,2,310350,2024,3
-10381807.8219,5613961.0113,"Gunshot Wound Victims","No","24-091417","MP202491417",2024-04-08,"22:45:00+00","2024/04/08 22:45:00+00","Non NIBRS Data","Non NIBRS Data","Non NIBRS Data","Gunshot Wound Victims","Gunshot Wound Victims","Shooting Report Only (P)","Shooting Report Only (P)","0009XX 28TH ST E",3,"Midtown Phillips",9,44.95196,-93.26137,-10381807.8219322,5613961.01130238,1,310353,2024,4
-10387307.3698,5621757.8171,"Gunshot Wound Victims","No","24-100457","MP2024100457",2024-04-17,"17:31:00+00","2024/04/17 17:00:00+00","Non NIBRS Data","Non NIBRS Data","Non NIBRS Data","Gunshot Wound Victims","Gunshot Wound Victims","Shooting Report Only (P)","Shooting Report Only (P)","0022XX RUSSELL AVE N",4,"Jordan",5,45.0015,-93.31077,-10387307.3697963,5621757.81707668,1,310354,2024,4
-10384217.3001,5619037.6264,"Gunshot Wound Victims","No","21-187743","MP2021187743",2021-08-20,"02:31:00+00","2021/08/20 02:31:00+00","Non NIBRS Data","Non NIBRS Data","Non NIBRS Data","Gunshot Wound Victims","Gunshot Wound Victims","ShotSpotter Activation (P)","Shooting (PFE)","0006XX OLSON MEMORIAL HWY",1,"North Loop",5,44.98422,-93.28301,-10384217.3001163,5619037.6263633,1,310355,2021,8
-10385098.7178,5619440.6582,"Gunshot Wound Victims","Yes","21-190732","MP2021190732",2021-08-23,"15:13:00+00","2021/08/23 15:13:00+00","Non NIBRS Data","Non NIBRS Data","Non NIBRS Data","Gunshot Wound Victims","Gunshot Wound Victims","Shooting Report Only (P)","Shooting Report Only (P)","0008XX ALDRICH AVE N",4,"Sumner - Glenwood",5,44.98678,-93.29093,-10385098.7178136,5619440.65820941,1,310356,2021,8
-10381101.5154,5613811.7512,"Gunshot Wound Victims","Yes","22-226831","MP2022226831",2022-09-24,"18:26:00+00","2022/09/24 18:26:00+00","Non NIBRS Data","Non NIBRS Data","Non NIBRS Data","Gunshot Wound Victims","Gunshot Wound Victims","Shooting Report Only (P)","Shooting Report Only (P)","0028XX 14TH AVE S",3,"East Phillips",9,44.95101,-93.25502,-10381101.5154197,5613811.75115983,1,310357,2022,9
-10384483.5595,5625860.8754,"Gunshot Wound Victims","No","21-196815","MP2021196815",2021-08-30,"17:59:00+00","2021/08/30 17:59:00+00","Non NIBRS Data","Non NIBRS Data","Non NIBRS Data","Gunshot Wound Victims","Gunshot Wound Victims","Shooting Report Only (P)","Shooting Report Only (P)","0004XX 40TH AVE N",4,"Webber - Camden",4,45.02756,-93.2854,-10384483.5595457,5625860.87542079,1,310358,2021,8
-10381244.887,5613253.5335,"Gunshot Wound Victims","No","22-228991","MP2022228991",2022-09-27,"02:38:00+00","2022/09/27 01:33:00+00","Non NIBRS Data","Non NIBRS Data","Non NIBRS Data","Gunshot Wound Victims","Gunshot Wound Victims","Shooting (PFE)","Shooting (PFE)","0030XX 13TH AVE S",3,"Midtown Phillips",9,44.94746,-93.25631,-10381244.8870021,5613253.53345264,1,310359,2022,9
-10384941.9664,5621657.1554,"Gunshot Wound Victims","No","21-198460","MP2021198460",2021-09-01,"09:19:00+00","2021/09/01 09:19:00+00","Non NIBRS Data","Non NIBRS Data","Non NIBRS Data","Gunshot Wound Victims","Gunshot Wound Victims","Shooting (PFE)","Shooting (PFE)","0021XX ALDRICH AVE N",4,"Hawthorne",5,45.00086,-93.28952,-10384941.9664195,5621657.15536339,1,310360,2021,9
-10383880.4802,5621252.9458,"Gunshot Wound Victims","No","22-232685","MP2022232685",2022-10-01,"04:41:00+00","2022/10/01 01:50:00+00","Non NIBRS Data","Non NIBRS Data","Non NIBRS Data","Gunshot Wound Victims","Gunshot Wound Victims","Shooting (PFE)","Shooting (PFE)","0019XX 2ND ST N",4,"Near - North",5,44.99829,-93.27999,-10383880.4801648,5621252.94578143,1,310361,2022,10
-10387280.6828,5622470.1787,"Gunshot Wound Victims","No","22-236314","MP2022236314",2022-10-04,"23:03:00+00","2022/10/04 23:03:00+00","Non NIBRS Data","Non NIBRS Data","Non NIBRS Data","Gunshot Wound Victims","Gunshot Wound Victims","On Site (P)","Shooting (PFE)","0023XX 26TH AVE N",4,"Jordan",5,45.00603,-93.31053,-10387280.682843,5622470.17865491,1,310362,2022,10
-10386602.9614,5623460.7652,"Gunshot Wound Victims","No","22-240700","MP2022240700",2022-10-09,"22:44:00+00","2022/10/09 20:04:00+00","Non NIBRS Data","Non NIBRS Data","Non NIBRS Data","Gunshot Wound Victims","Gunshot Wound Victims","Sound of Shots Fired (P)","Shooting (PFE)","0031XX MORGAN AVE N",4,"Jordan",5,45.01232,-93.30444,-10386602.9613628,5623460.76520985,1,310363,2022,10
-10385827.3614,5623027.8861,"Gunshot Wound Victims","No","22-250267","MP2022250267",2022-10-21,"02:59:00+00","2022/10/21 02:59:00+00","Non NIBRS Data","Non NIBRS Data","Non NIBRS Data","Gunshot Wound Victims","Gunshot Wound Victims","Sound of Shots Fired (P)","Shooting (PFE)","0014XX 29TH AVE N",4,"Jordan",5,45.00957,-93.29747,-10385827.3614407,5623027.88605615,1,310364,2022,10
-10382978.5305,5618383.6276,"Gunshot Wound Victims","Yes","22-257894","MP2022257894",2022-10-29,"02:28:00+00","2022/10/29 01:23:00+00","Non NIBRS Data","Non NIBRS Data","Non NIBRS Data","Gunshot Wound Victims","Gunshot Wound Victims","On Site (P)","Shooting (PFE)","0004XX HENNEPIN AVE",1,"Downtown West",7,44.98006,-93.27188,-10382978.5305231,5618383.62758409,2,310365,2022,10
-10387738.6317,5609869.0158,"Gunshot Wound Victims","No","23-334680","MP2023334680",2023-12-17,"20:20:00+00","2023/12/17 20:20:00+00","Non NIBRS Data","Non NIBRS Data","Non NIBRS Data","Gunshot Wound Victims","Gunshot Wound Victims","Shooting (PFE)","Shooting (PFE)","0042XX UPTON AVE S",5,"Linden Hills",13,44.92594,-93.31464,-10387738.6317377,5609869.01577796,1,310366,2023,12
-10384056.3995,5620861.677,"Gunshot Wound Victims","No","21-201791","MP2021201791",2021-09-05,"01:08:00+00","2021/09/05 01:08:00+00","Non NIBRS Data","Non NIBRS Data","Non NIBRS Data","Gunshot Wound Victims","Gunshot Wound Victims","ShotSpotter Activation (P)","ShotSpotter Activation (P)","0016XX WASHINGTON AVE N",4,"Near - North",5,44.99581,-93.28157,-10384056.3995044,5620861.67704219,1,310367,2021,9
-10386921.906,5618488.418,"Gunshot Wound Victims","No","21-206011","MP2021206011",2021-09-09,"20:03:00+00","2021/09/09 20:03:00+00","Non NIBRS Data","Non NIBRS Data","Non NIBRS Data","Gunshot Wound Victims","Gunshot Wound Victims","ShotSpotter Activation (P)","Shooting (PFE)","0020XX GLENWOOD AVE",4,"Harrison",5,44.98073,-93.30731,-10386921.9060465,5618488.41802456,2,310368,2021,9
-10379176.9846,5615019.7115,"Gunshot Wound Victims","No","21-208512","MP2021208512",2021-09-12,"12:10:00+00","2021/09/12 06:50:00+00","Non NIBRS Data","Non NIBRS Data","Non NIBRS Data","Gunshot Wound Victims","Gunshot Wound Victims","Slumper (PE)","Shooting (PFE)","0024XX 24TH AVE S",3,"Seward",2,44.95869,-93.23773,-10379176.9846042,5615019.71153931,1,310369,2021,9
-10382003.0331,5617172.4506,"Gunshot Wound Victims","Yes","21-212493","MP2021212493",2021-09-16,"23:21:00+00","2021/09/16 22:34:00+00","Non NIBRS Data","Non NIBRS Data","Non NIBRS Data","Gunshot Wound Victims","Gunshot Wound Victims","Shooting Report Only (P)","Shooting Report Only (P)","0007XX PARK AVE",NA,"Elliot Park",6,44.97237,-93.26312,-10382003.0331279,5617172.45057924,1,310370,2021,9
-10387806.2545,5621620.2178,"Gunshot Wound Victims","No","21-242976","MP2021242976",2021-10-21,"21:34:00+00","2021/10/21 20:27:00+00","Non NIBRS Data","Non NIBRS Data","Non NIBRS Data","Gunshot Wound Victims","Gunshot Wound Victims","ShotSpotter Activation (P)","Shooting Report Only (P)","0027XX 21ST AVE N",4,"Willard - Hay",5,45.00063,-93.31525,-10387806.2544652,5621620.21776757,1,310371,2021,10
-10384986.8627,5624437.0747,"Gunshot Wound Victims","No","21-252823","MP2021252823",2021-11-02,"15:56:00+00","2021/11/02 15:23:00+00","Non NIBRS Data","Non NIBRS Data","Non NIBRS Data","Gunshot Wound Victims","Gunshot Wound Victims","Shooting (PFE)","Shooting (PFE)","0008XX 35TH AVE N",4,"McKinley",4,45.01852,-93.28992,-10384986.8626542,5624437.07469342,1,310372,2021,11
-10380386.022,5614949.211,"Gunshot Wound Victims","No","21-256292","MP2021256292",2021-11-06,"17:52:00+00","2021/11/06 16:03:00+00","Non NIBRS Data","Non NIBRS Data","Non NIBRS Data","Gunshot Wound Victims","Gunshot Wound Victims","Shooting (PFE)","Shooting (PFE)","0024XX 18TH AVE S",3,"East Phillips",9,44.95824,-93.24859,-10380386.0220257,5614949.21102248,2,310373,2021,11
-10384214.9461,5613864.9114,"Gunshot Wound Victims","No","21-258057","MP2021258057",2021-11-08,"16:32:00+00","2021/11/08 16:30:00+00","Non NIBRS Data","Non NIBRS Data","Non NIBRS Data","Gunshot Wound Victims","Gunshot Wound Victims","Unknown Trouble (P)","Shooting (PFE)","0028XX PLEASANT AVE",5,"Whittier",10,44.95134,-93.28299,-10384214.9461462,5613864.91143249,1,310374,2021,11
-10384941.9664,5621657.1554,"Gunshot Wound Victims","No","21-260911","MP2021260911",2021-11-12,"09:47:00+00","2021/11/12 09:47:00+00","Non NIBRS Data","Non NIBRS Data","Non NIBRS Data","Gunshot Wound Victims","Gunshot Wound Victims","Poss Personal Injury Acc (P)","Shooting (PFE)","0021XX ALDRICH AVE N",4,"Hawthorne",5,45.00086,-93.28952,-10384941.9664195,5621657.15536339,1,310375,2021,11
-10385164.8678,5629432.2411,"Gunshot Wound Victims","No","21-262663","MP2021262663",2021-11-14,"13:32:00+00","2021/11/14 13:32:00+00","Non NIBRS Data","Non NIBRS Data","Non NIBRS Data","Gunshot Wound Victims","Gunshot Wound Victims","Shooting (PFE)","Shooting (PFE)","0052XX BRYANT AVE N",4,"Lind - Bohanon",4,45.05023,-93.29152,-10385164.8677584,5629432.24106979,1,310376,2021,11
-10386462.1913,5623459.5469,"Gunshot Wound Victims","No","21-276151","MP2021276151",2021-12-01,"22:15:00+00","2021/12/01 22:10:00+00","Non NIBRS Data","Non NIBRS Data","Non NIBRS Data","Gunshot Wound Victims","Gunshot Wound Victims","Shooting (PFE)","Shooting (PFE)","0031XX LOGAN AVE N",4,"Jordan",5,45.01231,-93.30318,-10386462.1912753,5623459.54693225,2,310377,2021,12
-10380537.4544,5613530.6985,"Gunshot Wound Victims","No","21-077267","MP202177267",2021-04-13,"11:39:00+00","2021/04/13 11:18:00+00","Non NIBRS Data","Non NIBRS Data","Non NIBRS Data","Gunshot Wound Victims","Gunshot Wound Victims","Shooting (PFE)","Shooting (PFE)","0029XX 17TH AVE S",3,"East Phillips",9,44.94922,-93.24995,-10380537.4544435,5613530.69846059,1,310378,2021,4
-10382144.5806,5610594.4852,"Gunshot Wound Victims","No","21-082839","MP202182839",2021-04-21,"01:02:00+00","2021/04/20 23:18:00+00","Non NIBRS Data","Non NIBRS Data","Non NIBRS Data","Gunshot Wound Victims","Gunshot Wound Victims","Shooting (PFE)~PD","Shooting (PFE)","0007XX 40TH ST E",3,"Bancroft",8,44.93055,-93.26439,-10382144.5805649,5610594.48517586,1,310379,2021,4
-10380673.9463,5614383.3818,"Gunshot Wound Victims","No","21-086342","MP202186342",2021-04-25,"20:50:00+00","2021/04/25 20:45:00+00","Non NIBRS Data","Non NIBRS Data","Non NIBRS Data","Gunshot Wound Victims","Gunshot Wound Victims","Shooting (PFE)","Shooting (PFE)","0026XX 16TH AVE S",3,"East Phillips",9,44.95464,-93.25118,-10380673.9463366,5614383.38183832,1,310380,2021,4
-10386462.5726,5623743.9212,"Gunshot Wound Victims","No","21-088522","MP202188522",2021-04-28,"21:59:00+00","2021/04/28 21:59:00+00","Non NIBRS Data","Non NIBRS Data","Non NIBRS Data","Gunshot Wound Victims","Gunshot Wound Victims","ShotSpotter Activation (P)","Shooting (PFE)","0032XX LOGAN AVE N",4,"Folwell",4,45.01412,-93.30318,-10386462.5725875,5623743.92120553,1,310381,2021,4
-10384869.9959,5627727.5961,"Gunshot Wound Victims","No","21-089495","MP202189495",2021-04-29,"23:30:00+00","2021/04/29 23:00:00+00","Non NIBRS Data","Non NIBRS Data","Non NIBRS Data","Gunshot Wound Victims","Gunshot Wound Victims","ShotSpotter Activation (P)","Shooting (PFE)","0046XX CAMDEN AVE N",4,"Lind - Bohanon",4,45.03941,-93.28887,-10384869.9958677,5627727.59613713,1,310382,2021,4
-10384512.819,5623210.9907,"Gunshot Wound Victims","No","21-090235","MP202190235",2021-04-30,"20:26:00+00","2021/04/30 20:26:00+00","Non NIBRS Data","Non NIBRS Data","Non NIBRS Data","Gunshot Wound Victims","Gunshot Wound Victims","Shooting (PFE)","Shooting (PFE)","0004XX 30TH AVE N",4,"Hawthorne",5,45.01073,-93.28567,-10384512.8190055,5623210.99069134,1,310383,2021,4
-10382513.3855,5612723.5248,"Gunshot Wound Victims",NA,"21-092093","MP202192093",2021-05-02,"23:44:00+00","2021/05/02 21:00:00+00","Non NIBRS Data","Non NIBRS Data","Non NIBRS Data","Gunshot Wound Victims","Gunshot Wound Victims","Shooting Report Only (P)","Shooting Report Only (P)","0032XX PORTLAND AVE",3,"Central",9,44.94409,-93.2677,-10382513.3854728,5612723.52481064,1,310384,2021,5
-10385708.2099,5621932.3709,"Gunshot Wound Victims","No","21-098637","MP202198637",2021-05-10,"13:51:00+00","2021/05/10 13:51:00+00","Non NIBRS Data","Non NIBRS Data","Non NIBRS Data","Gunshot Wound Victims","Gunshot Wound Victims","Shooting (PFE)","Shooting (PFE)","0012XX 23RD AVE N",4,"Jordan",5,45.00261,-93.2964,-10385708.2098747,5621932.37089891,1,310385,2021,5
-10383372.0627,5618243.5745,"Gunshot Wound Victims","Yes","21-214599","MP2021214599",2021-09-19,"01:50:00+00","2021/09/19 01:49:00+00","Non NIBRS Data","Non NIBRS Data","Non NIBRS Data","Gunshot Wound Victims","Gunshot Wound Victims","On Site (P)","Shooting (PFE)","0006XX 1ST AVE N",1,"Downtown West",7,44.97917,-93.27542,-10383372.0627086,5618243.57445301,3,310386,2021,9
-10384483.5595,5625860.8754,"Gunshot Wound Victims","No","22-252265","MP2022252265",2022-10-23,"03:31:00+00","2022/10/23 02:25:00+00","Non NIBRS Data","Non NIBRS Data","Non NIBRS Data","Gunshot Wound Victims","Gunshot Wound Victims","Sound of Shots Fired (P)","Shooting Report Only (P)","0004XX 40TH AVE N",4,"Webber - Camden",4,45.02756,-93.2854,-10384483.5595457,5625860.87542079,1,310387,2022,10
-10384774.5664,5615229.7072,"Gunshot Wound Victims","No","23-339483","MP2023339483",2023-12-23,"00:23:00+00","2023/12/22 22:39:00+00","Non NIBRS Data","Non NIBRS Data","Non NIBRS Data","Gunshot Wound Victims","Gunshot Wound Victims","Shooting (PFE)","Shooting (PFE)","0023XX LYNDALE AVE S",5,"Lowry Hill East",10,44.96002,-93.28802,-10384774.5663658,5615229.70717379,1,310388,2023,12
-10385112.3472,5622016.4583,"Gunshot Wound Victims","No","24-000050","MP202450",2024-01-01,"00:10:00+00","2024/01/01 00:05:00+00","Non NIBRS Data","Non NIBRS Data","Non NIBRS Data","Gunshot Wound Victims","Gunshot Wound Victims","Shooting (PFE)","Shooting (PFE)","0023XX BRYANT AVE N",4,"Hawthorne",5,45.00314,-93.29105,-10385112.3471847,5622016.45831539,1,310389,2024,1
-10386747.0779,5619757.9908,"Gunshot Wound Victims","No","24-002413","MP20242413",2024-01-03,"20:55:00+00","2024/01/03 18:54:00+00","Non NIBRS Data","Non NIBRS Data","Non NIBRS Data","Gunshot Wound Victims","Gunshot Wound Victims","On Site (P)~PD","Shooting (PFE)","0011XX NEWTON AVE N",4,"Near - North",5,44.9888,-93.30574,-10386747.077872,5619757.99076698,1,310390,2024,1
-10380248.1921,5614596.9989,"Gunshot Wound Victims","No","24-009378","MP20249378",2024-01-11,"19:21:00+00","2024/01/11 18:12:00+00","Non NIBRS Data","Non NIBRS Data","Non NIBRS Data","Gunshot Wound Victims","Gunshot Wound Victims","Shooting (PFE)","Shooting (PFE)","0025XX CEDAR AVE S",3,"East Phillips",9,44.956,-93.24736,-10380248.192103,5614596.99887235,2,310391,2024,1
-10383563.2106,5616495.4724,"Gunshot Wound Victims","No","24-012609","MP202412609",2024-01-16,"00:34:00+00","2024/01/15 22:27:00+00","Non NIBRS Data","Non NIBRS Data","Non NIBRS Data","Gunshot Wound Victims","Gunshot Wound Victims","Shooting (PFE)","Shooting (PFE)","000XX 15TH ST E",1,"Loring Park",7,44.96807,-93.27714,-10383563.2106286,5616495.47243324,1,310392,2024,1
-10384086.4173,5621470.2943,"Gunshot Wound Victims","No","24-020223","MP202420223",2024-01-24,"23:49:00+00","2024/01/24 23:49:00+00","Non NIBRS Data","Non NIBRS Data","Non NIBRS Data","Gunshot Wound Victims","Gunshot Wound Victims","Shooting (PFE)","Shooting (PFE)","0020XX WASHINGTON AVE N",4,"Hawthorne",5,44.99967,-93.28184,-10384086.4172852,5621470.2942612,1,310393,2024,1
-10383501.607,5615947.5898,"Gunshot Wound Victims","No","22-264296","MP2022264296",2022-11-04,"23:33:00+00","2022/11/04 21:00:00+00","Non NIBRS Data","Non NIBRS Data","Non NIBRS Data","Gunshot Wound Victims","Gunshot Wound Victims","Sound of Shots Fired (P)","Shooting (PFE)","0018XX 1ST AVE S",5,"Steven's Square - Loring Heights",6,44.96458,-93.27658,-10383501.6069841,5615947.58977873,1,310394,2022,11
-10384941.9664,5621657.1554,"Gunshot Wound Victims","No","22-272917","MP2022272917",2022-11-15,"18:15:00+00","2022/11/15 18:15:00+00","Non NIBRS Data","Non NIBRS Data","Non NIBRS Data","Gunshot Wound Victims","Gunshot Wound Victims","Sound of Shots Fired (P)~PD","Shooting (PFE)","0021XX ALDRICH AVE N",4,"Hawthorne",5,45.00086,-93.28952,-10384941.9664195,5621657.15536339,1,310395,2022,11
-10382509.3048,5614663.843,"Gunshot Wound Victims","No","22-279481","MP2022279481",2022-11-24,"00:44:00+00","2022/11/23 09:00:00+00","Non NIBRS Data","Non NIBRS Data","Non NIBRS Data","Gunshot Wound Victims","Gunshot Wound Victims","Unknown Trouble (P)","Shooting Report Only (P)","0025XX PORTLAND AVE",3,"Phillips West",6,44.95642,-93.26767,-10382509.3047947,5614663.84295557,1,310396,2022,11
-10385336.446,5623519.1175,"Gunshot Wound Victims","No","22-299263","MP2022299263",2022-12-19,"06:46:00+00","2022/12/18 23:49:00+00","Non NIBRS Data","Non NIBRS Data","Non NIBRS Data","Gunshot Wound Victims","Gunshot Wound Victims","Shooting (PFE)","Shooting (PFE)","0031XX DUPONT AVE N",4,"Hawthorne",5,45.01269,-93.29306,-10385336.4460097,5623519.1175274,1,310397,2022,12
-10381851.6622,5617081.4804,"Gunshot Wound Victims","Yes","22-308222","MP2022308222",2022-12-30,"21:50:00+00","2022/12/30 21:50:00+00","Non NIBRS Data","Non NIBRS Data","Non NIBRS Data","Gunshot Wound Victims","Gunshot Wound Victims","Shooting (PFE)","Shooting (PFE)","0007XX CHICAGO AVE",1,"Elliot Park",6,44.97179,-93.26176,-10381851.6622254,5617081.48038588,1,310398,2022,12
-10383501.607,5615947.5898,"Gunshot Wound Victims","No","23-001228","MP20231228",2023-01-02,"13:09:00+00","2023/01/02 11:19:00+00","Non NIBRS Data","Non NIBRS Data","Non NIBRS Data","Gunshot Wound Victims","Gunshot Wound Victims","Sound of Shots Fired (P)","Shooting Report Only (P)","0018XX 1ST AVE S",5,"Steven's Square - Loring Heights",6,44.96458,-93.27658,-10383501.6069841,5615947.58977873,1,310399,2023,1
-10383596.6657,5617757.5919,"Gunshot Wound Victims","Yes","23-005659","MP20235659",2023-01-08,"03:32:00+00","2023/01/08 03:32:00+00","Non NIBRS Data","Non NIBRS Data","Non NIBRS Data","Gunshot Wound Victims","Gunshot Wound Victims","Sound of Shots Fired (P)","Shooting (PFE)","0009XX HENNEPIN AVE",1,"Downtown West",7,44.97609,-93.27744,-10383596.6656848,5617757.59185938,4,310400,2023,1
-10384941.7424,5622190.1583,"Gunshot Wound Victims","No","21-214166","MP2021214166",2021-09-18,"18:31:00+00","2021/09/18 18:31:00+00","Non NIBRS Data","Non NIBRS Data","Non NIBRS Data","Gunshot Wound Victims","Gunshot Wound Victims","Shooting Report Only (P)","Shooting Report Only (P)","0024XX ALDRICH AVE N",4,"Hawthorne",5,45.00425,-93.28952,-10384941.742382,5622190.15826781,1,310401,2021,9
-10384985.1348,5623585.3313,"Gunshot Wound Victims","No","23-008575","MP20238575",2023-01-11,"20:19:00+00","2023/01/11 20:19:00+00","Non NIBRS Data","Non NIBRS Data","Non NIBRS Data","Gunshot Wound Victims","Gunshot Wound Victims","Sound of Shots Fired (P)","Shooting (PFE)","0008XX LOWRY AVE N",4,"McKinley",4,45.01311,-93.28991,-10384985.1347516,5623585.33128966,3,310402,2023,1
-10384777.965,5614383.0123,"Gunshot Wound Victims","Yes","24-037885","MP202437885",2024-02-12,"23:45:00+00","2024/02/12 22:00:00+00","Non NIBRS Data","Non NIBRS Data","Non NIBRS Data","Gunshot Wound Victims","Gunshot Wound Victims","Shooting Report Only (P)","Shooting Report Only (P)","0026XX LYNDALE AVE S",5,"Whittier",10,44.95464,-93.28805,-10384777.9650108,5614383.01225943,1,310403,2024,2
-10382659.6144,5613529.7762,"Gunshot Wound Victims","No","21-239344","MP2021239344",2021-10-17,"11:57:00+00","2021/10/17 11:55:00+00","Non NIBRS Data","Non NIBRS Data","Non NIBRS Data","Gunshot Wound Victims","Gunshot Wound Victims","Shooting (PFE)","Shooting (PFE)","0029XX 5TH AVE S",3,"Phillips West",6,44.94921,-93.26902,-10382659.614439,5613529.77621173,1,310404,2021,10
-10380892.173,5613396.6,"Gunshot Wound Victims","No","23-229479","MP2023229479",2023-08-27,"03:02:00+00","2023/08/27 03:02:00+00","Non NIBRS Data","Non NIBRS Data","Non NIBRS Data","Gunshot Wound Victims","Gunshot Wound Victims","On Site (P)","Shooting (PFE)","0015XX LAKE ST E",3,"Powderhorn Park",9,44.94837,-93.25314,-10380892.1729757,5613396.60000617,1,310405,2023,8
-10385827.3614,5623027.8861,"Gunshot Wound Victims","No","22-040552","MP202240552",2022-02-26,"00:41:00+00","2022/02/25 23:15:00+00","Non NIBRS Data","Non NIBRS Data","Non NIBRS Data","Gunshot Wound Victims","Gunshot Wound Victims","Shooting (PFE)","Shooting (PFE)","0014XX 29TH AVE N",4,"Folwell",5,45.00957,-93.29747,-10385827.3614407,5623027.88605615,1,310406,2022,2
-10378839.2854,5613113.1811,"Gunshot Wound Victims","No","24-043681","MP202443681",2024-02-19,"16:18:00+00","2024/02/19 16:18:00+00","Non NIBRS Data","Non NIBRS Data","Non NIBRS Data","Gunshot Wound Victims","Gunshot Wound Victims","Unknown Wireless/Cell Phone(P)","Shooting Report Only (P)","0030XX SNELLING AVE",3,"East Phillips",9,44.94657,-93.2347,-10378839.2854072,5613113.18107885,1,310407,2024,2
-10381941.2915,5615440.2167,"Gunshot Wound Victims","No","21-219647","MP2021219647",2021-09-25,"00:05:00+00","2021/09/24 22:18:00+00","Non NIBRS Data","Non NIBRS Data","Non NIBRS Data","Gunshot Wound Victims","Gunshot Wound Victims","ShotSpotter Activation (P)","Shooting (PFE)","0021XX CHICAGO AVE",3,"Ventura Village",6,44.96136,-93.26257,-10381941.2914788,5615440.21670984,1,310408,2021,9
-10387030.8836,5624886.0742,"Gunshot Wound Victims","No","24-047889","MP202447889",2024-02-24,"04:05:00+00","2024/02/24 02:02:00+00","Non NIBRS Data","Non NIBRS Data","Non NIBRS Data","Gunshot Wound Victims","Gunshot Wound Victims","Shooting (PFE)","Shooting (PFE)","0036XX PENN AVE N",4,"Folwell",4,45.02137,-93.30829,-10387030.8836363,5624886.07421939,1,310409,2024,2
-10382508.8742,5614948.839,"Gunshot Wound Victims","No","21-220819","MP2021220819",2021-09-26,"10:26:00+00","2021/09/26 10:26:00+00","Non NIBRS Data","Non NIBRS Data","Non NIBRS Data","Gunshot Wound Victims","Gunshot Wound Victims","Shooting (PFE)","Shooting (PFE)","0024XX PORTLAND AVE",3,"Phillips West",6,44.95824,-93.26766,-10382508.8741634,5614948.83898235,1,310410,2021,9
-10381777.3774,5615581.952,"Gunshot Wound Victims","No","24-051073","MP202451073",2024-02-27,"16:56:00+00","2024/02/27 13:28:00+00","Non NIBRS Data","Non NIBRS Data","Non NIBRS Data","Gunshot Wound Victims","Gunshot Wound Victims","Shooting (PFE)","Shooting (PFE)","0020XX ELLIOT AVE",3,"Ventura Village",6,44.96226,-93.26109,-10381777.3774456,5615581.95195485,4,310411,2024,2
-10381033.7667,5613396.1963,"Gunshot Wound Victims","No","21-226841","MP2021226841",2021-10-02,"23:50:00+00","2021/10/02 22:44:00+00","Non NIBRS Data","Non NIBRS Data","Non NIBRS Data","Gunshot Wound Victims","Gunshot Wound Victims","ShotSpotter Activation (P)","Shooting (PFE)","0014XX LAKE ST E",3,"Midtown Phillips",9,44.94836,-93.25441,-10381033.7667385,5613396.1962652,1,310412,2021,10
0,0,"Gunshot Wound Victims","No","21-235884","MP2021235884",2021-10-13,"10:27:00+00","2021/10/13 10:27:00+00","Non NIBRS Data","Non NIBRS Data","Non NIBRS Data","Gunshot Wound Victims","Gunshot Wound Victims","Shooting Report Only (P)","Shooting Report Only (P)","No Address",NA,NA,NA,0,0,0,0,1,310413,2021,10
-10389132.2276,5613549.658,"Gunshot Wound Victims","No","24-052859","MP202452859",2024-02-29,"17:39:00+00","2024/02/29 17:39:00+00","Non NIBRS Data","Non NIBRS Data","Non NIBRS Data","Gunshot Wound Victims","Gunshot Wound Victims","Sound of Shots Fired (P)","Sound of Shots Fired (P)","0029XX EWING AVE S",5,"Cedar - Isles - Dean",7,44.94934,-93.32716,-10389132.2276384,5613549.65799495,1,310414,2024,2
-10386391.7707,5623601.0203,"Gunshot Wound Victims","No","21-237223","MP2021237223",2021-10-14,"21:06:00+00","2021/10/14 21:06:00+00","Non NIBRS Data","Non NIBRS Data","Non NIBRS Data","Gunshot Wound Victims","Gunshot Wound Victims","Sound of Shots Fired (P)","Shooting (PFE)","0018XX LOWRY AVE N",4,"Folwell",4,45.01321,-93.30254,-10386391.770734,5623601.02025032,1,310415,2021,10
-10381934.75,5610168.9156,"Gunshot Wound Victims","No","24-068073","MP202468073",2024-03-15,"18:06:00+00","2024/03/15 16:55:00+00","Non NIBRS Data","Non NIBRS Data","Non NIBRS Data","Gunshot Wound Victims","Gunshot Wound Victims","Shooting (PFE)","Shooting (PFE)","0041XX CHICAGO AVE",3,"Bancroft",8,44.92784,-93.26251,-10381934.7499887,5610168.91560651,1,310416,2024,3
-10384773.3801,5615510.9303,"Gunshot Wound Victims","No","21-278675","MP2021278675",2021-12-05,"00:39:00+00","2021/12/04 23:19:00+00","Non NIBRS Data","Non NIBRS Data","Non NIBRS Data","Gunshot Wound Victims","Gunshot Wound Victims","Shooting Report Only (P)","Shooting Report Only (P)","0021XX LYNDALE AVE S",5,"Lowry Hill East",10,44.96181,-93.28801,-10384773.3800872,5615510.93029615,1,310417,2021,12
-10387313.6576,5624886.5413,"Gunshot Wound Victims","No","24-095391","MP202495391",2024-04-12,"23:12:00+00","2024/04/12 20:54:00+00","Non NIBRS Data","Non NIBRS Data","Non NIBRS Data","Gunshot Wound Victims","Gunshot Wound Victims","ShotSpotter Activation (P)","Shooting (PFE)","0036XX RUSSELL AVE N",4,"Cleveland",4,45.02137,-93.31083,-10387313.6575984,5624886.54132672,1,310418,2024,4
-10384483.5595,5625860.8754,"Gunshot Wound Victims","No","23-020871","MP202320871",2023-01-27,"02:18:00+00","2023/01/27 02:08:00+00","Non NIBRS Data","Non NIBRS Data","Non NIBRS Data","Gunshot Wound Victims","Gunshot Wound Victims","Shooting (PFE)","Shooting (PFE)","0004XX 40TH AVE N",4,"Camden Industrial",4,45.02756,-93.2854,-10384483.5595457,5625860.87542079,1,310419,2023,1
-10381807.8219,5613961.0113,"Gunshot Wound Victims","No","21-287966","MP2021287966",2021-12-17,"01:37:00+00","2021/12/17 01:00:00+00","Non NIBRS Data","Non NIBRS Data","Non NIBRS Data","Gunshot Wound Victims","Gunshot Wound Victims","Shooting Report Only (P)","Shooting Report Only (P)","0009XX 28TH ST E",3,"Midtown Phillips",9,44.95196,-93.26137,-10381807.8219322,5613961.01130238,1,310420,2021,12
-10385708.2099,5621932.3709,"Gunshot Wound Victims","No","23-083286","MP202383286",2023-04-06,"17:29:00+00","2023/04/06 17:29:00+00","Non NIBRS Data","Non NIBRS Data","Non NIBRS Data","Gunshot Wound Victims","Gunshot Wound Victims","Shooting (PFE)","Shooting (PFE)","0012XX 23RD AVE N",4,"Jordan",5,45.00261,-93.2964,-10385708.2098747,5621932.37089891,1,310421,2023,4
-10384917.8226,5624862.7354,"Gunshot Wound Victims","No","21-290505","MP2021290505",2021-12-20,"17:35:00+00","2021/12/20 14:08:00+00","Non NIBRS Data","Non NIBRS Data","Non NIBRS Data","Gunshot Wound Victims","Gunshot Wound Victims","Shooting (PFE)","Shooting (PFE)","0036XX ALDRICH AVE N",4,"McKinley",4,45.02122,-93.2893,-10384917.8226304,5624862.7354219,1,310422,2021,12
-10385350.9272,5626021.3045,"Gunshot Wound Victims","No","23-089908","MP202389908",2023-04-13,"02:30:00+00","2023/04/13 02:15:00+00","Non NIBRS Data","Non NIBRS Data","Non NIBRS Data","Gunshot Wound Victims","Gunshot Wound Victims","Shooting (PFE)","Shooting (PFE)","0040XX DUPONT AVE N",4,"Webber - Camden",4,45.02858,-93.29319,-10385350.9272326,5626021.30451731,1,310423,2023,4
-10386744.8963,5624030.1724,"Gunshot Wound Victims","No","22-007527","MP20227527",2022-01-11,"19:43:00+00","2022/01/11 19:43:00+00","Non NIBRS Data","Non NIBRS Data","Non NIBRS Data","Gunshot Wound Victims","Gunshot Wound Victims","Shooting (PFE)","Shooting (PFE)","0033XX NEWTON AVE N",4,"Folwell",4,45.01593,-93.30572,-10386744.8963446,5624030.1724301,1,310424,2022,1
-10386208.2527,5621709.0858,"Gunshot Wound Victims","No","23-104695","MP2023104695",2023-04-28,"10:50:00+00","2023/04/28 10:50:00+00","Non NIBRS Data","Non NIBRS Data","Non NIBRS Data","Gunshot Wound Victims","Gunshot Wound Victims","Shooting (PFE)","Shooting (PFE)","0016XX HILLSIDE AVE N",4,"Jordan",5,45.00119,-93.3009,-10386208.2527323,5621709.08581571,1,310425,2023,4
-10383767.8287,5616229.4722,"Gunshot Wound Victims","No","22-011454","MP202211454",2022-01-17,"15:23:00+00","2022/01/17 15:20:00+00","Non NIBRS Data","Non NIBRS Data","Non NIBRS Data","Gunshot Wound Victims","Gunshot Wound Victims","Shooting (PFE)","Shooting (PFE)","000XX OAK GROVE ST",1,"Loring Park",7,44.96638,-93.27897,-10383767.8286681,5616229.47221394,1,310426,2022,1
-10382081.996,5616354.0764,"Gunshot Wound Victims","No","23-120062","MP2023120062",2023-05-12,"16:07:00+00","2023/05/12 16:06:00+00","Non NIBRS Data","Non NIBRS Data","Non NIBRS Data","Gunshot Wound Victims","Gunshot Wound Victims","Shooting Report Only (P)","Shooting Report Only (P)","0007XX 16TH ST E",1,"Elliot Park",6,44.96717,-93.26383,-10382081.9959911,5616354.07636236,1,310427,2023,5
-10386180.3787,5624024.5734,"Gunshot Wound Victims","No","22-012372","MP202212372",2022-01-19,"00:08:00+00","2022/01/18 21:20:00+00","Non NIBRS Data","Non NIBRS Data","Non NIBRS Data","Gunshot Wound Victims","Gunshot Wound Victims","ShotSpotter Activation (P)","Shooting (PFE)","0033XX JAMES AVE N",4,"Folwell",4,45.0159,-93.30065,-10386180.3787315,5624024.57344086,1,310428,2022,1
-10379619.1335,5615857.5675,"Gunshot Wound Victims","No","23-129070","MP2023129070",2023-05-21,"07:00:00+00","2023/05/21 05:17:00+00","Non NIBRS Data","Non NIBRS Data","Non NIBRS Data","Gunshot Wound Victims","Gunshot Wound Victims","Shooting (PFE)","Shooting (PFE)","0021XX 9TH ST S",3,"Seward",6,44.96401,-93.24171,-10379619.1334507,5615857.56746286,1,310429,2023,5
-10381525.4582,5613038.6051,"Gunshot Wound Victims","No","22-016917","MP202216917",2022-01-24,"22:43:00+00","2022/01/24 22:43:00+00","Non NIBRS Data","Non NIBRS Data","Non NIBRS Data","Gunshot Wound Victims","Gunshot Wound Victims","Unknown Wireless/Cell Phone(P)","Shooting (PFE)","0031XX 11TH AVE S",3,"Powderhorn Park",9,44.94609,-93.25883,-10381525.4581759,5613038.60513118,1,310430,2022,1
-10384214.9461,5613864.9114,"Gunshot Wound Victims","No","22-025523","MP202225523",2022-02-05,"22:32:00+00","2022/02/05 19:48:00+00","Non NIBRS Data","Non NIBRS Data","Non NIBRS Data","Gunshot Wound Victims","Gunshot Wound Victims","Sound of Shots Fired (P)","Shooting (PFE)","0028XX PLEASANT AVE",5,"Whittier",10,44.95134,-93.28299,-10384214.9461462,5613864.91143249,1,310431,2022,2
-10388029.3618,5617838.1235,"Gunshot Wound Victims","No","23-142653","MP2023142653",2023-06-02,"22:01:00+00","2023/06/02 22:01:00+00","Non NIBRS Data","Non NIBRS Data","Non NIBRS Data","Gunshot Wound Victims","Gunshot Wound Victims","Shooting (PFE)","Shooting (PFE)","000XX WASHBURN AVE S",NA,NA,NA,44.9766,-93.31726,-10388029.3618344,5617838.12345758,2,310432,2023,6
-10380386.022,5614949.211,"Gunshot Wound Victims","No","21-104527","MP2021104527",2021-05-17,"08:08:00+00","2021/05/17 08:08:00+00","Non NIBRS Data","Non NIBRS Data","Non NIBRS Data","Gunshot Wound Victims","Gunshot Wound Victims","Shooting (PFE)","Shooting (PFE)","0024XX 18TH AVE S",3,"East Phillips",9,44.95824,-93.24859,-10380386.0220257,5614949.21102248,2,310433,2021,5
-10385123.7372,5622738.7012,"Gunshot Wound Victims","No","23-145821","MP2023145821",2023-06-05,"21:35:00+00","2023/06/05 21:31:00+00","Non NIBRS Data","Non NIBRS Data","Non NIBRS Data","Gunshot Wound Victims","Gunshot Wound Victims","Shooting (PFE)","Shooting (PFE)","0009XX 27TH AVE N",4,"Hawthorne",5,45.00773,-93.29115,-10385123.7371701,5622738.70123449,1,310434,2023,6
-10384941.9664,5621657.1554,"Gunshot Wound Victims","No","23-147397","MP2023147397",2023-06-07,"13:51:00+00","2023/06/07 12:30:00+00","Non NIBRS Data","Non NIBRS Data","Non NIBRS Data","Gunshot Wound Victims","Gunshot Wound Victims","Shooting (PFE)","Shooting (PFE)","0021XX ALDRICH AVE N",4,"Hawthorne",5,45.00086,-93.28952,-10384941.9664195,5621657.15536339,1,310435,2023,6
-10384483.5595,5625860.8754,"Gunshot Wound Victims","No","21-105793","MP2021105793",2021-05-18,"15:18:00+00","2021/05/18 15:10:00+00","Non NIBRS Data","Non NIBRS Data","Non NIBRS Data","Gunshot Wound Victims","Gunshot Wound Victims","ShotSpotter Activation (P)","ShotSpotter Activation (P)","0004XX 40TH AVE N",4,"Webber - Camden",4,45.02756,-93.2854,-10384483.5595457,5625860.87542079,1,310436,2021,5
-10382987.4721,5618633.8991,"Gunshot Wound Victims","Yes","21-108949","MP2021108949",2021-05-22,"04:08:00+00","2021/05/22 01:59:00+00","Non NIBRS Data","Non NIBRS Data","Non NIBRS Data","Gunshot Wound Victims","Gunshot Wound Victims","Shooting (PFE)","Shooting (PFE)","0003XX 1ST AVE N",1,"Downtown West",7,44.98165,-93.27196,-10382987.47215,5618633.89907388,10,310437,2021,5
-10387313.6576,5624886.5413,"Gunshot Wound Victims","No","23-162311","MP2023162311",2023-06-22,"01:23:00+00","2023/06/21 22:19:00+00","Non NIBRS Data","Non NIBRS Data","Non NIBRS Data","Gunshot Wound Victims","Gunshot Wound Victims","Shooting (PFE)","Shooting (PFE)","0036XX RUSSELL AVE N",4,"Cleveland",4,45.02137,-93.31083,-10387313.6575984,5624886.54132672,1,310438,2023,6
-10387310.0442,5623748.0142,"Gunshot Wound Victims","No","21-112170","MP2021112170",2021-05-25,"15:27:00+00","2021/05/25 15:00:00+00","Non NIBRS Data","Non NIBRS Data","Non NIBRS Data","Gunshot Wound Victims","Gunshot Wound Victims","Shooting Report Only (P)","Shooting Report Only (P)","0032XX RUSSELL AVE N",4,"Cleveland",4,45.01414,-93.31079,-10387310.0442252,5623748.01422908,1,310439,2021,5
-10383749.3904,5613393.4482,"Gunshot Wound Victims","No","23-170348","MP2023170348",2023-06-29,"16:25:00+00","2023/06/29 15:30:00+00","Non NIBRS Data","Non NIBRS Data","Non NIBRS Data","Gunshot Wound Victims","Gunshot Wound Victims","Shooting Report Only (P)","Shooting Report Only (P)","000XX LAKE ST W",5,"Whittier",10,44.94835,-93.27881,-10383749.3904002,5613393.44819115,1,310440,2023,6
-10386579.6043,5628582.332,"Gunshot Wound Victims","No","23-172365","MP2023172365",2023-07-01,"16:00:00+00","2023/07/01 15:52:00+00","Non NIBRS Data","Non NIBRS Data","Non NIBRS Data","Gunshot Wound Victims","Gunshot Wound Victims","Sound of Shots Fired (P)","Shooting (PFE)","0049XX LOGAN AVE N",4,"Shingle Creek",4,45.04483,-93.30423,-10386579.6042567,5628582.33195184,1,310441,2023,7
-10384696.3221,5627730.8676,"Gunshot Wound Victims","No","21-113283","MP2021113283",2021-05-26,"22:41:00+00","2021/05/26 19:28:00+00","Non NIBRS Data","Non NIBRS Data","Non NIBRS Data","Gunshot Wound Victims","Gunshot Wound Victims","ShotSpotter Activation (P)","Shooting (PFE)","0046XX LYNDALE AVE N",4,"Camden Industrial",4,45.03943,-93.28731,-10384696.322144,5627730.86758852,1,310442,2021,5
-10387378.9622,5621331.3283,"Gunshot Wound Victims","No","21-116141","MP2021116141",2021-05-30,"01:54:00+00","2021/05/30 01:21:00+00","Non NIBRS Data","Non NIBRS Data","Non NIBRS Data","Gunshot Wound Victims","Gunshot Wound Victims","Shooting (PFE)","Shooting (PFE)","0024XX GOLDEN VALLEY RD",4,"Willard - Hay",5,44.99879,-93.31141,-10387378.9621791,5621331.32831279,1,310443,2021,5
-10383366.307,5613677.0365,"Gunshot Wound Victims","No","23-191917","MP2023191917",2023-07-21,"05:22:00+00","2023/07/21 05:21:00+00","Non NIBRS Data","Non NIBRS Data","Non NIBRS Data","Gunshot Wound Victims","Gunshot Wound Victims","Shooting (PFE)","Shooting (PFE)","0029XX STEVENS AVE",5,"Whittier",10,44.95015,-93.27537,-10383366.3069789,5613677.0364866,1,310444,2023,7
-10385721.9333,5614583.6289,"Gunshot Wound Victims","No","23-205750","MP2023205750",2023-08-04,"01:15:00+00","2023/08/04 01:15:00+00","Non NIBRS Data","Non NIBRS Data","Non NIBRS Data","Gunshot Wound Victims","Gunshot Wound Victims","Shooting (PFE)","Shooting (PFE)","0025XX HENNEPIN AVE",5,"East Isles",7,44.95591,-93.29653,-10385721.9333394,5614583.62893382,1,310445,2023,8
-10380236.0452,5626296.335,"Gunshot Wound Victims","No","21-121205","MP2021121205",2021-06-04,"21:10:00+00","2021/06/04 18:45:00+00","Non NIBRS Data","Non NIBRS Data","Non NIBRS Data","Gunshot Wound Victims","Gunshot Wound Victims","Shooting (PFE)","Shooting (PFE)","0034XX CENTRAL AVE NE",2,"Waite Park",1,45.03032,-93.24725,-10380236.0452245,5626296.33499932,1,310446,2021,6
-10386044.5238,5620683.7077,"Gunshot Wound Victims","No","23-209786","MP2023209786",2023-08-08,"02:23:00+00","2023/08/08 02:00:00+00","Non NIBRS Data","Non NIBRS Data","Non NIBRS Data","Gunshot Wound Victims","Gunshot Wound Victims","Receive Information (P)","Shooting Report Only (P)","0015XX IRVING AVE N",4,"Willard - Hay",5,44.99468,-93.29943,-10386044.5237874,5620683.70765332,1,310447,2023,8
-10380892.173,5613396.6,"Gunshot Wound Victims","No","21-244284","MP2021244284",2021-10-23,"03:06:00+00","2021/10/23 02:38:00+00","Non NIBRS Data","Non NIBRS Data","Non NIBRS Data","Gunshot Wound Victims","Gunshot Wound Victims","ShotSpotter Activation (P)","Shooting (PFE)","0015XX LAKE ST E",3,"Powderhorn Park",9,44.94837,-93.25314,-10380892.1729757,5613396.60000617,2,310448,2021,10
-10384985.93,5623870.5676,"Gunshot Wound Victims","No","21-252531","MP2021252531",2021-11-02,"09:46:00+00","2021/11/02 07:50:00+00","Non NIBRS Data","Non NIBRS Data","Non NIBRS Data","Gunshot Wound Victims","Gunshot Wound Victims","ShotSpotter Activation (P)","Shooting (PFE)","0008XX 33RD AVE N",4,"McKinley",5,45.01492,-93.28992,-10384985.9300145,5623870.56759418,1,310450,2021,11
-10387307.3698,5621757.8171,"Gunshot Wound Victims","No","21-256823","MP2021256823",2021-11-07,"02:34:00+00","2021/11/07 01:14:00+00","Non NIBRS Data","Non NIBRS Data","Non NIBRS Data","Gunshot Wound Victims","Gunshot Wound Victims","ShotSpotter Activation (P)","Shooting Report Only (P)","0022XX RUSSELL AVE N",4,"Willard - Hay",5,45.0015,-93.31077,-10387307.3697963,5621757.81707668,1,310452,2021,11
-10382448.8757,5613394.1671,"Gunshot Wound Victims","No","21-259709","MP2021259709",2021-11-10,"19:37:00+00","2021/11/10 19:37:00+00","Non NIBRS Data","Non NIBRS Data","Non NIBRS Data","Gunshot Wound Victims","Gunshot Wound Victims","ShotSpotter Activation (P)","Shooting (PFE)","0006XX LAKE ST E",3,"Central",9,44.94835,-93.26713,-10382448.8757396,5613394.16710769,1,310455,2021,11
-10379745.1368,5615302.0029,"Gunshot Wound Victims","No","21-270787","MP2021270787",2021-11-24,"21:15:00+00","2021/11/24 18:40:00+00","Non NIBRS Data","Non NIBRS Data","Non NIBRS Data","Gunshot Wound Victims","Gunshot Wound Victims","Shooting Report Only (P)","Shooting Report Only (P)","0022XX MINNEHAHA AVE",3,"Seward",6,44.96048,-93.24284,-10379745.136783,5615302.00292426,1,310457,2021,11
-10384260.2126,5622550.3071,"Gunshot Wound Victims","No","21-271575","MP2021271575",2021-11-26,"02:01:00+00","2021/11/26 01:25:00+00","Non NIBRS Data","Non NIBRS Data","Non NIBRS Data","Gunshot Wound Victims","Gunshot Wound Victims","Shooting (PFE)","Shooting (PFE)","0026XX 3RD ST N",4,"Hawthorne",5,45.00653,-93.2834,-10384260.2125761,5622550.30708647,1,310459,2021,11
-10382671.0233,5618296.181,"Gunshot Wound Victims",NA,"21-272282","MP2021272282",2021-11-27,"04:19:00+00","2021/11/27 02:00:00+00","Non NIBRS Data","Non NIBRS Data","Non NIBRS Data","Gunshot Wound Victims","Gunshot Wound Victims","Shooting Report Only (P)","Shooting Report Only (P)","000XX 4TH ST S",1,"Downtown West",7,44.97951,-93.26912,-10382671.0232541,5618296.18104789,1,310461,2021,11
-10380728.2868,5623593.7691,"Gunshot Wound Victims","No","22-030308","MP202230308",2022-02-12,"06:29:00+00","2022/02/12 03:21:00+00","Non NIBRS Data","Non NIBRS Data","Non NIBRS Data","Gunshot Wound Victims","Gunshot Wound Victims","Sound of Shots Fired (P)","Shooting (PFE)","0007XX LOWRY AVE NE",2,"Holland",1,45.01316,-93.25167,-10380728.2867585,5623593.76908081,2,310463,2022,2
-10376895.6375,5609604.3663,"Gunshot Wound Victims","No","22-031637","MP202231637",2022-02-14,"01:37:00+00","2022/02/14 01:35:00+00","Non NIBRS Data","Non NIBRS Data","Non NIBRS Data","Gunshot Wound Victims","Gunshot Wound Victims","Sound of Shots Fired (P)~PD","Shooting (PFE)","0043XX MINNEHAHA AVE",3,"Hiawatha",12,44.92425,-93.21724,-10376895.6375486,5609604.36632189,1,310465,2022,2
-10383751.7703,5617954.2495,"Gunshot Wound Victims","Yes","23-215250","MP2023215250",2023-08-13,"02:35:00+00","2023/08/13 02:35:00+00","Non NIBRS Data","Non NIBRS Data","Non NIBRS Data","Gunshot Wound Victims","Gunshot Wound Victims","Shooting (PFE)","Shooting (PFE)","000XX 10TH ST N",1,"Downtown West",7,44.97734,-93.27883,-10383751.7703008,5617954.24949095,1,310466,2023,8
-10381095.8682,5614666.6579,"Gunshot Wound Victims","No","22-039177","MP202239177",2022-02-24,"02:42:00+00","2022/02/24 00:30:00+00","Non NIBRS Data","Non NIBRS Data","Non NIBRS Data","Gunshot Wound Victims","Gunshot Wound Victims","Shooting (PFE)","Shooting (PFE)","0025XX 14TH AVE S",3,"East Phillips",9,44.95644,-93.25497,-10381095.8681795,5614666.65786319,1,310467,2022,2
-10379531.6516,5615756.2775,"Gunshot Wound Victims","No","23-232296","MP2023232296",2023-08-29,"22:51:00+00","2023/08/29 22:51:00+00","Non NIBRS Data","Non NIBRS Data","Non NIBRS Data","Gunshot Wound Victims","Gunshot Wound Victims","Shooting (PFE)","Shooting (PFE)","0009XX 22ND AVE S",3,"Seward",6,44.96337,-93.24092,-10379531.6515501,5615756.27749881,1,310468,2023,8
-10382848.0404,5619280.1041,"Gunshot Wound Victims","No","22-057910","MP202257910",2022-03-20,"02:12:00+00","2022/03/20 01:08:00+00","Non NIBRS Data","Non NIBRS Data","Non NIBRS Data","Gunshot Wound Victims","Gunshot Wound Victims","On Site (P)","Sound of Shots Fired (P)","0001XX 3RD AVE N",1,"North Loop",3,44.98576,-93.27071,-10382848.0403817,5619280.10411441,1,310469,2022,3
-10380808.8456,5614948.9434,"Gunshot Wound Victims","No","23-256175","MP2023256175",2023-09-23,"03:23:00+00","2023/09/23 01:15:00+00","Non NIBRS Data","Non NIBRS Data","Non NIBRS Data","Gunshot Wound Victims","Gunshot Wound Victims","Shooting (PFE)","Shooting (PFE)","0024XX BLOOMINGTON AVE",3,"Midtown Phillips",9,44.95824,-93.25239,-10380808.84564,5614948.94338752,1,310470,2023,9
-10384941.9664,5621657.1554,"Gunshot Wound Victims","Yes","22-061104","MP202261104",2022-03-24,"03:24:00+00","2022/03/24 03:24:00+00","Non NIBRS Data","Non NIBRS Data","Non NIBRS Data","Gunshot Wound Victims","Gunshot Wound Victims","Shooting Report Only (P)","Shooting Report Only (P)","0021XX ALDRICH AVE N",4,"Hawthorne",5,45.00086,-93.28952,-10384941.9664195,5621657.15536339,1,310471,2022,3
-10381777.5883,5615229.3822,"Gunshot Wound Victims","No","22-068992","MP202268992",2022-04-02,"23:59:00+00","2022/04/02 21:57:00+00","Non NIBRS Data","Non NIBRS Data","Non NIBRS Data","Gunshot Wound Victims","Gunshot Wound Victims","ShotSpotter Activation (P)","Shooting (PFE)","0022XX ELLIOT AVE",3,"Midtown Phillips",9,44.96002,-93.26109,-10381777.5883496,5615229.38215095,1,310472,2022,4
-10386674.0719,5620601.201,"Gunshot Wound Victims","No","23-291077","MP2023291077",2023-10-30,"13:27:00+00","2023/10/30 07:10:00+00","Non NIBRS Data","Non NIBRS Data","Non NIBRS Data","Gunshot Wound Victims","Gunshot Wound Victims","Shooting (PFE)","Shooting (PFE)","0019XX 15TH AVE N",4,"Willard - Hay",5,44.99415,-93.30508,-10386674.0719198,5620601.20097313,1,310473,2023,10
-10382652.5567,5609032.5622,"Gunshot Wound Victims","No","21-273563","MP2021273563",2021-11-28,"20:46:00+00","2021/11/28 20:46:00+00","Non NIBRS Data","Non NIBRS Data","Non NIBRS Data","Gunshot Wound Victims","Gunshot Wound Victims","Shooting (PFE)","Shooting (PFE)","0045XX 5TH AVE S",3,"Regina",8,44.92061,-93.26895,-10382652.5567499,5609032.5622194,1,310474,2021,11
-10385827.3614,5623027.8861,"Gunshot Wound Victims","No","23-292018","MP2023292018",2023-10-31,"13:24:00+00","2023/10/31 09:17:00+00","Non NIBRS Data","Non NIBRS Data","Non NIBRS Data","Gunshot Wound Victims","Gunshot Wound Victims","Shooting Report Only (P)","Shooting Report Only (P)","0014XX 29TH AVE N",4,"Jordan",5,45.00957,-93.29747,-10385827.3614407,5623027.88605615,1,310475,2023,10
-10385354.8071,5626858.5567,"Gunshot Wound Victims","No","23-298976","MP2023298976",2023-11-07,"19:20:00+00","2023/11/07 18:50:00+00","Non NIBRS Data","Non NIBRS Data","Non NIBRS Data","Gunshot Wound Victims","Gunshot Wound Victims","Shooting Report Only (P)","Shooting Report Only (P)","0043XX DUPONT AVE N",4,"Webber - Camden",4,45.03389,-93.29323,-10385354.8070663,5626858.55671115,1,310476,2023,11
-10378034.5958,5611931.1357,"Gunshot Wound Victims","Yes","21-275246","MP2021275246",2021-11-30,"23:23:00+00","2021/11/30 21:30:00+00","Non NIBRS Data","Non NIBRS Data","Non NIBRS Data","Gunshot Wound Victims","Gunshot Wound Victims","Shooting Report Only (P)","Shooting Report Only (P)","0035XX MINNEHAHA AVE",3,"Howe",9,44.93905,-93.22747,-10378034.595797,5611931.13570964,1,310477,2021,11
-10380393.303,5616928.6815,"Gunshot Wound Victims","No","21-280388","MP2021280388",2021-12-07,"11:29:00+00","2021/12/07 11:29:00+00","Non NIBRS Data","Non NIBRS Data","Non NIBRS Data","Gunshot Wound Victims","Gunshot Wound Victims","Shooting (PFE)","Shooting (PFE)","0015XX 4TH ST S",1,"Cedar Riverside",6,44.97082,-93.24866,-10380393.3029583,5616928.68145733,1,310478,2021,12
-10381619.9343,5616356.5631,"Gunshot Wound Victims","No","23-311250","MP2023311250",2023-11-21,"03:20:00+00","2023/11/21 00:30:00+00","Non NIBRS Data","Non NIBRS Data","Non NIBRS Data","Gunshot Wound Victims","Gunshot Wound Victims","Shooting Report Only (P)","Shooting Report Only (P)","0015XX 10TH AVE S",1,"Elliot Park",6,44.96718,-93.25968,-10381619.9343463,5616356.56306537,1,310479,2023,11
-10378915.9287,5618527.9489,"Gunshot Wound Victims","No","23-321593","MP2023321593",2023-12-03,"02:15:00+00","2023/12/03 02:15:00+00","Non NIBRS Data","Non NIBRS Data","Non NIBRS Data","Gunshot Wound Victims","Gunshot Wound Victims","Shooting (PFE)","Shooting (PFE)","0004XX 14TH AVE SE",2,"Marcy Holmes",2,44.98098,-93.23539,-10378915.9287301,5618527.94887732,3,310480,2023,12
-10385148.6225,5627203.4696,"Gunshot Wound Victims","No","21-284247","MP2021284247",2021-12-12,"03:29:00+00","2021/12/12 03:29:00+00","Non NIBRS Data","Non NIBRS Data","Non NIBRS Data","Gunshot Wound Victims","Gunshot Wound Victims","ShotSpotter Activation (P)","Shooting (PFE)","0044XX BRYANT AVE N",4,"Lind - Bohanon",4,45.03608,-93.29138,-10385148.6225406,5627203.46959133,2,310481,2021,12
-10381857.9567,5615652.1446,"Gunshot Wound Victims","No","23-326401","MP2023326401",2023-12-08,"16:57:00+00","2023/12/08 16:50:00+00","Non NIBRS Data","Non NIBRS Data","Non NIBRS Data","Gunshot Wound Victims","Gunshot Wound Victims","Shooting (PFE)","Shooting (PFE)","0008XX FRANKLIN AVE E",3,"Ventura Village",6,44.96271,-93.26182,-10381857.9566926,5615652.14456797,1,310482,2023,12
-10385283.077,5621659.1267,"Gunshot Wound Victims","No","21-290742","MP2021290742",2021-12-20,"20:07:00+00","2021/12/20 20:07:00+00","Non NIBRS Data","Non NIBRS Data","Non NIBRS Data","Gunshot Wound Victims","Gunshot Wound Victims","Shooting (PFE)","Shooting (PFE)","0021XX DUPONT AVE N",4,"Hawthorne",5,45.00087,-93.29259,-10385283.077023,5621659.12666105,1,310483,2021,12
-10386747.9502,5619473.1936,"Gunshot Wound Victims","No","23-336480","MP2023336480",2023-12-19,"18:35:00+00","2023/12/19 18:35:00+00","Non NIBRS Data","Non NIBRS Data","Non NIBRS Data","Gunshot Wound Victims","Gunshot Wound Victims","Shooting (PFE)","Shooting (PFE)","0009XX NEWTON AVE N",4,"Near - North",5,44.98699,-93.30574,-10386747.9501648,5619473.19360214,1,310484,2023,12
-10380675.7126,5612683.0488,"Gunshot Wound Victims",NA,"21-600100","MP2021600100",2021-09-23,"23:34:00+00","2021/09/23 22:53:00+00","Non NIBRS Data","Non NIBRS Data","Non NIBRS Data","Gunshot Wound Victims","Gunshot Wound Victims",NA,NA,"0032XX 16TH AVE S",3,"East Phillips",9,44.94383,-93.2512,-10380675.7125735,5612683.04881551,1,310485,2021,9
-10381514.9797,5609884.46,"Gunshot Wound Victims","No","22-005649","MP20225649",2022-01-08,"23:17:00+00","2022/01/08 23:17:00+00","Non NIBRS Data","Non NIBRS Data","Non NIBRS Data","Gunshot Wound Victims","Gunshot Wound Victims","Property Damage Accident (P)","Shooting (PFE)","0042XX 11TH AVE S",3,"Northrop",8,44.92603,-93.25874,-10381514.9796995,5609884.45996781,1,310486,2022,1
-10380107.3419,5616618.5927,"Gunshot Wound Victims","No","24-023250","MP202423250",2024-01-28,"03:54:00+00","2024/01/28 00:47:00+00","Non NIBRS Data","Non NIBRS Data","Non NIBRS Data","Gunshot Wound Victims","Gunshot Wound Victims","Sound of Shots Fired (P)","Shooting (PFE)","0018XX 5TH ST S",1,"Cedar Riverside",6,44.96885,-93.24609,-10380107.3419057,5616618.59268907,1,310487,2024,1
-10381851.6622,5617081.4804,"Gunshot Wound Victims","Yes","24-011116","MP202411116",2024-01-13,"22:06:00+00","2024/01/13 22:06:00+00","Non NIBRS Data","Non NIBRS Data","Non NIBRS Data","Gunshot Wound Victims","Gunshot Wound Victims","Shooting Report Only (P)","Shooting Report Only (P)","0007XX CHICAGO AVE",3,"East Phillips",9,44.97179,-93.26176,-10381851.6622254,5617081.48038588,1,310488,2024,1
-10385098.7178,5619440.6582,"Gunshot Wound Victims","Yes","22-010892","MP202210892",2022-01-16,"18:44:00+00","2022/01/16 17:53:00+00","Non NIBRS Data","Non NIBRS Data","Non NIBRS Data","Gunshot Wound Victims","Gunshot Wound Victims","Shooting Report Only (P)","Shooting Report Only (P)","0008XX ALDRICH AVE N",4,"Near - North",5,44.98678,-93.29093,-10385098.7178136,5619440.65820941,1,310489,2022,1
-10382223.9488,5616424.3679,"Gunshot Wound Victims","No","24-041535","MP202441535",2024-02-16,"23:08:00+00","2024/02/16 23:08:00+00","Non NIBRS Data","Non NIBRS Data","Non NIBRS Data","Gunshot Wound Victims","Gunshot Wound Victims","Shooting (PFE)","Shooting (PFE)","0015XX PARK AVE",1,"Elliot Park",6,44.96761,-93.2651,-10382223.9488111,5616424.36791796,1,310490,2024,2
-10385708.2099,5621932.3709,"Gunshot Wound Victims","No","21-127125","MP2021127125",2021-06-11,"16:19:00+00","2021/06/11 10:48:00+00","Non NIBRS Data","Non NIBRS Data","Non NIBRS Data","Gunshot Wound Victims","Gunshot Wound Victims","Miscellaneous (P)","Shooting (PFE)","0012XX 23RD AVE N",4,"Near - North",5,45.00261,-93.2964,-10385708.2098747,5621932.37089891,2,310491,2021,6
-10384941.6526,5621842.1038,"Gunshot Wound Victims","No","21-128446","MP2021128446",2021-06-12,"21:55:00+00","2021/06/12 21:55:00+00","Non NIBRS Data","Non NIBRS Data","Non NIBRS Data","Gunshot Wound Victims","Gunshot Wound Victims","Shooting Report Only (P)","Shooting Report Only (P)","0022XX ALDRICH AVE N",4,"Hawthorne",5,45.00204,-93.28952,-10384941.6525957,5621842.10375601,1,310492,2021,6
-10381584.1004,5611443.3138,"Gunshot Wound Victims","No","24-046598","MP202446598",2024-02-22,"23:26:00+00","2024/02/22 19:59:00+00","Non NIBRS Data","Non NIBRS Data","Non NIBRS Data","Gunshot Wound Victims","Gunshot Wound Victims","Shooting (PFE)","Shooting (PFE)","0010XX 37TH ST E",3,"Powderhorn Park",9,44.93595,-93.25936,-10381584.1003758,5611443.31378496,2,310493,2024,2
-10386674.8967,5620183.8911,"Gunshot Wound Victims","No","21-131416","MP2021131416",2021-06-16,"14:31:00+00","2021/06/16 12:30:00+00","Non NIBRS Data","Non NIBRS Data","Non NIBRS Data","Gunshot Wound Victims","Gunshot Wound Victims","Shooting Report Only (P)","Shooting Report Only (P)","0019XX PLYMOUTH AVE N",4,"Near - North",5,44.9915,-93.30509,-10386674.8966792,5620183.89112344,1,310494,2021,6
-10387326.6094,5625742.6463,"Gunshot Wound Victims","No","24-052789","MP202452789",2024-02-29,"16:39:00+00","2024/02/29 16:39:00+00","Non NIBRS Data","Non NIBRS Data","Non NIBRS Data","Gunshot Wound Victims","Gunshot Wound Victims","Shooting (PFE)","Shooting (PFE)","0039XX RUSSELL AVE N",4,"Victory",4,45.02681,-93.31094,-10387326.6093536,5625742.64627526,1,310495,2024,2
-10383807.5102,5616334.9588,"Gunshot Wound Victims","No","21-132843","MP2021132843",2021-06-18,"02:44:00+00","2021/06/18 02:44:00+00","Non NIBRS Data","Non NIBRS Data","Non NIBRS Data","Gunshot Wound Victims","Gunshot Wound Victims","Shooting (PFE)","Shooting (PFE)","0015XX LASALLE AVE",1,"Loring Park",7,44.96705,-93.27933,-10383807.5101941,5616334.95876022,2,310496,2021,6
-10379224.6368,5613396.2728,"Gunshot Wound Victims","No","24-071407","MP202471407",2024-03-18,"21:14:00+00","2024/03/18 20:23:00+00","Non NIBRS Data","Non NIBRS Data","Non NIBRS Data","Gunshot Wound Victims","Gunshot Wound Victims","Sound of Shots Fired (P)","Shooting (PFE)","0023XX LAKE ST E",3,"Longfellow",9,44.94837,-93.23816,-10379224.6368015,5613396.2728041,1,310497,2024,3
-10380104.7455,5624874.4109,"Gunshot Wound Victims","Yes","21-142131","MP2021142131",2021-06-29,"01:47:00+00","2021/06/28 23:37:00+00","Non NIBRS Data","Non NIBRS Data","Non NIBRS Data","Gunshot Wound Victims","Gunshot Wound Victims","Shooting (PFE)","Shooting (PFE)","0029XX TYLER ST NE",2,"Audubon Park",1,45.02129,-93.24607,-10380104.7454525,5624874.4109095,1,310498,2021,6
-10382234.8151,5613676.7068,"Gunshot Wound Victims","No","24-091113","MP202491113",2024-04-08,"16:35:00+00","2024/04/08 13:57:00+00","Non NIBRS Data","Non NIBRS Data","Non NIBRS Data","Gunshot Wound Victims","Gunshot Wound Victims","ShotSpotter Activation (P)","Shooting (PFE)","0028XX PARK AVE",3,"Phillips West",6,44.95015,-93.2652,-10382234.8151401,5613676.70683913,1,310499,2024,4
-10385196.9129,5624296.5416,"Gunshot Wound Victims","No","21-145378","MP2021145378",2021-07-02,"18:43:00+00","2021/07/02 18:43:00+00","Non NIBRS Data","Non NIBRS Data","Non NIBRS Data","Gunshot Wound Victims","Gunshot Wound Victims","ShotSpotter Activation (P)","Shooting Report Only (P)","0034XX COLFAX AVE N",4,"McKinley",4,45.01762,-93.29181,-10385196.9128784,5624296.54159913,1,310500,2021,7
-10386044.5238,5620683.7077,"Gunshot Wound Victims","No","24-106085","MP2024106085",2024-04-22,"17:00:00+00","2024/04/22 17:00:00+00","Non NIBRS Data","Non NIBRS Data","Non NIBRS Data","Gunshot Wound Victims","Gunshot Wound Victims","ShotSpotter Activation (P)","Shooting (PFE)","0015XX IRVING AVE N",4,"Near - North",5,44.99468,-93.29943,-10386044.5237874,5620683.70765332,2,310501,2024,4
-10386602.689,5622257.6523,"Gunshot Wound Victims","No","21-146982","MP2021146982",2021-07-04,"19:33:00+00","2021/07/04 15:30:00+00","Non NIBRS Data","Non NIBRS Data","Non NIBRS Data","Gunshot Wound Victims","Gunshot Wound Victims","Shooting (PFE)","Shooting (PFE)","0024XX MORGAN AVE N",4,"Jordan",5,45.00468,-93.30444,-10386602.6890487,5622257.65229245,1,310502,2021,7
-10386328.7542,5618902.6882,"Gunshot Wound Victims","No","24-118960","MP2024118960",2024-05-05,"01:44:00+00","2024/05/05 01:02:00+00","Non NIBRS Data","Non NIBRS Data","Non NIBRS Data","Gunshot Wound Victims","Gunshot Wound Victims","Shooting Report Only (P)","Shooting Report Only (P)","0005XX KNOX AVE N",4,"Near - North",5,44.98336,-93.30198,-10386328.7541526,5618902.68816794,1,310503,2024,5
-10383241.6548,5618631.233,"Gunshot Wound Victims","Yes","22-069171","MP202269171",2022-04-03,"02:20:00+00","2022/04/03 02:20:00+00","Non NIBRS Data","Non NIBRS Data","Non NIBRS Data","Gunshot Wound Victims","Gunshot Wound Victims","On Site (P)","Shooting (PFE)","0004XX 2ND AVE N",1,"Downtown West",7,44.98164,-93.27425,-10383241.6547606,5618631.23304588,3,310504,2022,4
-10385827.3614,5623027.8861,"Gunshot Wound Victims","No","24-124080","MP2024124080",2024-05-09,"19:34:00+00","2024/05/09 19:34:00+00","Non NIBRS Data","Non NIBRS Data","Non NIBRS Data","Gunshot Wound Victims","Gunshot Wound Victims","Shooting (PFE)","Shooting (PFE)","0014XX 29TH AVE N",4,"Jordan",5,45.00957,-93.29747,-10385827.3614407,5623027.88605615,2,310505,2024,5
-10382223.5148,5616562.6262,"Gunshot Wound Victims","No","22-082862","MP202282862",2022-04-21,"02:35:00+00","2022/04/21 01:16:00+00","Non NIBRS Data","Non NIBRS Data","Non NIBRS Data","Gunshot Wound Victims","Gunshot Wound Victims","Sound of Shots Fired (P)","Shooting (PFE)","0014XX PARK AVE",1,"Elliot Park",6,44.96849,-93.2651,-10382223.5147671,5616562.62616643,1,310506,2022,4
-10386671.9747,5621325.085,"Gunshot Wound Victims","No","24-129959","MP2024129959",2024-05-15,"03:13:00+00","2024/05/15 02:30:00+00","Non NIBRS Data","Non NIBRS Data","Non NIBRS Data","Gunshot Wound Victims","Gunshot Wound Victims","Receive Information (P)~PD","Shooting Report Only (P)","0019XX GOLDEN VALLEY RD",4,"Willard - Hay",5,44.99875,-93.30506,-10386671.9747318,5621325.08504482,1,310508,2024,5
-10384501.0735,5613257.6259,"Gunshot Wound Victims","No","22-085317","MP202285317",2022-04-24,"00:41:00+00","2022/04/23 23:55:00+00","Non NIBRS Data","Non NIBRS Data","Non NIBRS Data","Gunshot Wound Victims","Gunshot Wound Victims","On Site (P)","Shooting (PFE)","0030XX HARRIET AVE",5,"Lyndale",8,44.94748,-93.28556,-10384501.0734958,5613257.62588976,1,310509,2022,4
-10386180.3787,5624024.5734,"Gunshot Wound Victims","No","22-090083","MP202290083",2022-04-29,"17:00:00+00","2022/04/29 17:00:00+00","Non NIBRS Data","Non NIBRS Data","Non NIBRS Data","Gunshot Wound Victims","Gunshot Wound Victims","ShotSpotter Activation (P)","Shooting (PFE)","0033XX JAMES AVE N",4,"Folwell",4,45.0159,-93.30065,-10386180.3787315,5624024.57344086,1,310511,2022,4
-10379341.4355,5616446.9634,"Gunshot Wound Victims","No","22-100144","MP2022100144",2022-05-11,"06:57:00+00","2022/05/11 03:20:00+00","Non NIBRS Data","Non NIBRS Data","Non NIBRS Data","Gunshot Wound Victims","Gunshot Wound Victims","Shooting Report Only (P)","Shooting Report Only (P)","0023XX 6TH ST S",1,"Cedar Riverside",2,44.96776,-93.23921,-10379341.4355378,5616446.96335878,1,310514,2022,5
-10384196.371,5622206.6681,"Gunshot Wound Victims","No","22-102651","MP2022102651",2022-05-13,"08:02:00+00","2022/05/13 08:02:00+00","Non NIBRS Data","Non NIBRS Data","Non NIBRS Data","Gunshot Wound Victims","Gunshot Wound Victims","Shooting (PFE)","Shooting (PFE)","0037XX INTERSTATE 94",4,"Near - North",5,45.00435,-93.28282,-10384196.3710005,5622206.66813541,1,310515,2022,5
-10385162.8358,5629148.3228,"Gunshot Wound Victims","No","22-107074","MP2022107074",2022-05-18,"19:07:00+00","2022/05/18 19:07:00+00","Non NIBRS Data","Non NIBRS Data","Non NIBRS Data","Gunshot Wound Victims","Gunshot Wound Victims","ShotSpotter Activation (P)","Shooting (PFE)","0051XX BRYANT AVE N",4,"Lind - Bohanon",4,45.04843,-93.29151,-10385162.8358114,5629148.32278124,1,310517,2022,5
-10381095.8682,5614666.6579,"Gunshot Wound Victims","No","22-111705","MP2022111705",2022-05-24,"04:58:00+00","2022/05/24 04:20:00+00","Non NIBRS Data","Non NIBRS Data","Non NIBRS Data","Gunshot Wound Victims","Gunshot Wound Victims","Shooting Report Only (P)","Shooting Report Only (P)","0025XX 14TH AVE S",3,"East Phillips",9,44.95644,-93.25497,-10381095.8681795,5614666.65786319,1,310519,2022,5
-10380393.303,5616928.6815,"Gunshot Wound Victims","Yes","22-019868","MP202219868",2022-01-29,"02:16:00+00","2022/01/29 02:00:00+00","Non NIBRS Data","Non NIBRS Data","Non NIBRS Data","Gunshot Wound Victims","Gunshot Wound Victims","Shooting Report Only (P)","Shooting Report Only (P)","0015XX 4TH ST S",1,"Cedar Riverside",6,44.97082,-93.24866,-10380393.3029583,5616928.68145733,1,310521,2022,1
-10386892.6234,5618706.7477,"Gunshot Wound Victims","Yes","22-020718","MP202220718",2022-01-30,"10:00:00+00","2022/01/30 08:30:00+00","Non NIBRS Data","Non NIBRS Data","Non NIBRS Data","Gunshot Wound Victims","Gunshot Wound Victims","Stabbing (PE)~PD","Shooting Report Only (P)","0004XX OLIVER AVE N",4,"Harrison",5,44.98212,-93.30704,-10386892.6234405,5618706.74766653,1,310523,2022,1
-10384056.3995,5620861.677,"Gunshot Wound Victims","No","22-025077","MP202225077",2022-02-05,"02:01:00+00","2022/02/05 02:00:00+00","Non NIBRS Data","Non NIBRS Data","Non NIBRS Data","Gunshot Wound Victims","Gunshot Wound Victims","Shooting (PFE)","Shooting (PFE)","0016XX WASHINGTON AVE N",4,"Hawthorne",5,44.99581,-93.28157,-10384056.3995044,5620861.67704219,1,310525,2022,2
-10382234.8151,5613676.7068,"Gunshot Wound Victims","Yes","22-025220","MP202225220",2022-02-05,"09:48:00+00","2022/02/04 23:00:00+00","Non NIBRS Data","Non NIBRS Data","Non NIBRS Data","Gunshot Wound Victims","Gunshot Wound Victims","Shooting Report Only (P)","Shooting Report Only (P)","0028XX PARK AVE",3,"Phillips West",9,44.95015,-93.2652,-10382234.8151401,5613676.70683913,1,310529,2022,2
-10380538.7079,5616803.9944,"Gunshot Wound Victims","No","22-026333","MP202226333",2022-02-06,"11:33:00+00","2022/02/06 11:33:00+00","Non NIBRS Data","Non NIBRS Data","Non NIBRS Data","Gunshot Wound Victims","Gunshot Wound Victims","Shooting (PFE)","Shooting (PFE)","0015XX 5TH ST S",1,"Cedar Riverside",6,44.97003,-93.24997,-10380538.7078879,5616803.99440665,1,310530,2022,2
-10384047.5099,5624523.3524,"Gunshot Wound Victims","No","22-031632","MP202231632",2022-02-14,"02:18:00+00","2022/02/14 01:09:00+00","Non NIBRS Data","Non NIBRS Data","Non NIBRS Data","Gunshot Wound Victims","Gunshot Wound Victims","Shooting (PFE)","Shooting (PFE)","0035XX 2ND ST N",4,"McKinley",4,45.01906,-93.28149,-10384047.5099156,5624523.3523531,1,310531,2022,2
-10382851.4189,5617991.5605,"Gunshot Wound Victims","Yes","22-035548","MP202235548",2022-02-19,"04:05:00+00","2022/02/19 02:19:00+00","Non NIBRS Data","Non NIBRS Data","Non NIBRS Data","Gunshot Wound Victims","Gunshot Wound Victims","Traffic Law Enforcement (P)","Shooting (PFE)","000XX 6TH ST S",1,"Downtown West",7,44.97757,-93.27074,-10382851.4188878,5617991.56048136,2,310532,2022,2
-10380750.0623,5613396.5962,"Gunshot Wound Victims","No","21-148464","MP2021148464",2021-07-06,"07:03:00+00","2021/07/06 07:03:00+00","Non NIBRS Data","Non NIBRS Data","Non NIBRS Data","Gunshot Wound Victims","Gunshot Wound Victims","Shooting (PFE)","Shooting (PFE)","0015XX LAKE ST E",3,"Powderhorn Park",9,44.94837,-93.25186,-10380750.0623359,5613396.5961874,2,310533,2021,7
-10380960.7776,5612967.9371,"Gunshot Wound Victims","No","21-152603","MP2021152603",2021-07-10,"19:02:00+00","2021/07/10 19:00:00+00","Non NIBRS Data","Non NIBRS Data","Non NIBRS Data","Gunshot Wound Victims","Gunshot Wound Victims","Shooting (PFE)","Shooting (PFE)","0031XX 15TH AVE S",3,"Powderhorn Park",9,44.94564,-93.25376,-10380960.7776356,5612967.93709,1,310534,2021,7
-10377136.2206,5616843.1646,"Gunshot Wound Victims","No","21-158027","MP2021158027",2021-07-17,"05:19:00+00","2021/07/17 03:11:00+00","Non NIBRS Data","Non NIBRS Data","Non NIBRS Data","Gunshot Wound Victims","Gunshot Wound Victims","Sound of Shots Fired (P)","Shooting (PFE)","0027XX ESSEX ST SE",2,"Prospect Park - East River Road",2,44.97028,-93.2194,-10377136.2206476,5616843.16464163,1,310535,2021,7
-10384783.2691,5626002.8158,"Gunshot Wound Victims","No","21-162116","MP2021162116",2021-07-21,"20:42:00+00","2021/07/21 20:42:00+00","Non NIBRS Data","Non NIBRS Data","Non NIBRS Data","Gunshot Wound Victims","Gunshot Wound Victims","Sound of Shots Fired (P)","Shooting (PFE)","0040XX LYNDALE AVE N",4,"Webber - Camden",4,45.02846,-93.2881,-10384783.2690732,5626002.81576368,2,310536,2021,7
-10381244.887,5613253.5335,"Gunshot Wound Victims","No","21-167707","MP2021167707",2021-07-28,"02:20:00+00","2021/07/28 02:20:00+00","Non NIBRS Data","Non NIBRS Data","Non NIBRS Data","Gunshot Wound Victims","Gunshot Wound Victims","On Site (P)","Shooting (PFE)","0030XX 13TH AVE S",3,"Midtown Phillips",9,44.94746,-93.25631,-10381244.8870021,5613253.53345264,1,310537,2021,7
-10380252.5084,5613813.0852,"Gunshot Wound Victims","No","21-169342","MP2021169342",2021-07-29,"22:50:00+00","2021/07/29 22:50:00+00","Non NIBRS Data","Non NIBRS Data","Non NIBRS Data","Gunshot Wound Victims","Gunshot Wound Victims","Sound of Shots Fired (P)","Shooting (PFE)","0028XX CEDAR AVE S",3,"East Phillips",9,44.95101,-93.24739,-10380252.5084442,5613813.08515919,1,310538,2021,7
-10380304.7313,5618590.0885,"Gunshot Wound Victims","No","21-173784","MP2021173784",2021-08-04,"03:06:00+00","2021/08/04 03:02:00+00","Non NIBRS Data","Non NIBRS Data","Non NIBRS Data","Gunshot Wound Victims","Gunshot Wound Victims","Sound of Shots Fired (P)","Shooting (PFE)","0007XX MAIN ST SE",2,"Marcy Holmes",3,44.98138,-93.24786,-10380304.7313251,5618590.0885165,1,310539,2021,8
-10381941.2915,5615440.2167,"Gunshot Wound Victims","Yes","21-175373","MP2021175373",2021-08-06,"01:06:00+00","2021/08/05 21:22:00+00","Non NIBRS Data","Non NIBRS Data","Non NIBRS Data","Gunshot Wound Victims","Gunshot Wound Victims","Shooting Report Only (P)","Shooting Report Only (P)","0021XX CHICAGO AVE",3,"Ventura Village",6,44.96136,-93.26257,-10381941.2914788,5615440.21670984,1,310540,2021,8
-10384943.9719,5623303.7658,"Gunshot Wound Victims","No","22-116900","MP2022116900",2022-05-30,"01:52:00+00","2022/05/30 01:45:00+00","Non NIBRS Data","Non NIBRS Data","Non NIBRS Data","Gunshot Wound Victims","Gunshot Wound Victims","Shooting (PFE)","Shooting (PFE)","0007XX 30TH AVE N",4,"Hawthorne",5,45.01132,-93.28954,-10384943.9718837,5623303.76578426,1,310541,2022,5
-10380729.4955,5623232.81,"Gunshot Wound Victims","No","22-119887","MP2022119887",2022-06-02,"13:08:00+00","2022/06/02 13:00:00+00","Non NIBRS Data","Non NIBRS Data","Non NIBRS Data","Gunshot Wound Victims","Gunshot Wound Victims","Person with a Gun (P)","Shooting (PFE)","0007XX 23RD AVE NE",2,"Holland",1,45.01087,-93.25168,-10380729.4955205,5623232.8100398,1,310542,2022,6
-10378507.8294,5617993.2209,"Gunshot Wound Victims","No","22-121430","MP2022121430",2022-06-04,"00:04:00+00","2022/06/04 00:04:00+00","Non NIBRS Data","Non NIBRS Data","Non NIBRS Data","Gunshot Wound Victims","Gunshot Wound Victims","Disturbance (P)","Shooting (PFE)","0017XX UNIVERSITY AVE SE",2,"University of Minnesota",2,44.97758,-93.23172,-10378507.8293705,5617993.22086573,1,310543,2022,6
-10382933.8653,5615948.0186,"Gunshot Wound Victims","No","22-124135","MP2022124135",2022-06-06,"20:10:00+00","2022/06/06 20:10:00+00","Non NIBRS Data","Non NIBRS Data","Non NIBRS Data","Gunshot Wound Victims","Gunshot Wound Victims","Sound of Shots Fired (P)","Shooting (PFE)","0018XX CLINTON AVE",5,"Whittier",10,44.96459,-93.27148,-10382933.8652718,5615948.01862077,1,310544,2022,6
-10380530.2065,5614665.6904,"Gunshot Wound Victims","No","22-131991","MP2022131991",2022-06-15,"00:33:00+00","2022/06/14 23:30:00+00","Non NIBRS Data","Non NIBRS Data","Non NIBRS Data","Gunshot Wound Victims","Gunshot Wound Victims","Shooting (PFE)","Shooting (PFE)","0025XX 17TH AVE S",3,"East Phillips",9,44.95644,-93.24989,-10380530.2064989,5614665.69041476,1,310545,2022,6
-10381014.0963,5619746.3542,"Gunshot Wound Victims","No","22-136009","MP2022136009",2022-06-19,"03:25:00+00","2022/06/19 02:10:00+00","Non NIBRS Data","Non NIBRS Data","Non NIBRS Data","Gunshot Wound Victims","Gunshot Wound Victims","On Site (P)","Shooting (PFE)","0004XX HENNEPIN AVE E",2,"Nicollet Island - East Bank",3,44.98872,-93.25424,-10381014.0962587,5619746.35416542,1,310546,2022,6
-10384432.2292,5621657.2143,"Gunshot Wound Victims","No","22-049754","MP202249754",2022-03-09,"19:59:00+00","2022/03/09 19:59:00+00","Non NIBRS Data","Non NIBRS Data","Non NIBRS Data","Gunshot Wound Victims","Gunshot Wound Victims","Sound of Shots Fired (P)","Shooting Report Only (P)","0021XX 4TH ST N",4,"Hawthorne",5,45.00086,-93.28494,-10384432.229173,5621657.21431922,1,310547,2022,3
-10380534.172,5614101.9352,"Gunshot Wound Victims","No","22-055453","MP202255453",2022-03-17,"16:31:00+00","2022/03/17 15:09:00+00","Non NIBRS Data","Non NIBRS Data","Non NIBRS Data","Gunshot Wound Victims","Gunshot Wound Victims","Sound of Shots Fired (P)~PD","Shooting (PFE)","0027XX 17TH AVE S",3,"East Phillips",9,44.95285,-93.24993,-10380534.1719685,5614101.93519224,1,310548,2022,3
-10384491.2206,5615228.4478,"Gunshot Wound Victims","Yes","22-134975","MP2022134975",2022-06-18,"01:54:00+00","2022/06/17 22:00:00+00","Non NIBRS Data","Non NIBRS Data","Non NIBRS Data","Gunshot Wound Victims","Gunshot Wound Victims","Shooting Report Only (P)","Shooting Report Only (P)","0022XX HARRIET AVE",5,"Whittier",10,44.96001,-93.28547,-10384491.2205912,5615228.44782492,1,310564,2022,6
-10380744.5009,5612293.415,"Gunshot Wound Victims","No","22-039642","MP202239642",2022-02-24,"19:18:00+00","2022/02/24 19:00:00+00","Non NIBRS Data","Non NIBRS Data","Non NIBRS Data","Gunshot Wound Victims","Gunshot Wound Victims","Shooting Report Only (P)","Shooting Report Only (P)","0015XX 34TH ST E",3,"Powderhorn Park",9,44.94135,-93.25181,-10380744.5008628,5612293.41499214,1,310567,2022,2
-10387030.8836,5624886.0742,"Gunshot Wound Victims","No","22-056828","MP202256828",2022-03-18,"22:11:00+00","2022/03/18 19:49:00+00","Non NIBRS Data","Non NIBRS Data","Non NIBRS Data","Gunshot Wound Victims","Gunshot Wound Victims","ShotSpotter Activation (P)","Shooting (PFE)","0036XX PENN AVE N",4,"Cleveland",4,45.02137,-93.30829,-10387030.8836363,5624886.07421939,1,310571,2022,3
-10383807.5102,5616334.9588,"Gunshot Wound Victims","No","22-061006","MP202261006",2022-03-24,"00:02:00+00","2022/03/24 00:02:00+00","Non NIBRS Data","Non NIBRS Data","Non NIBRS Data","Gunshot Wound Victims","Gunshot Wound Victims","Unknown Trouble (P)","Shooting (PFE)","0015XX LASALLE AVE",1,"Loring Park",7,44.96705,-93.27933,-10383807.5101941,5616334.95876022,1,310573,2022,3
-10386109.1008,5624733.3362,"Gunshot Wound Victims","No","22-063237","MP202263237",2022-03-26,"18:39:00+00","2022/03/26 15:00:00+00","Non NIBRS Data","Non NIBRS Data","Non NIBRS Data","Gunshot Wound Victims","Gunshot Wound Victims","Shooting Report Only (P)","Shooting Report Only (P)","0016XX 36TH AVE N",4,"Webber - Camden",4,45.0204,-93.30001,-10386109.10085,5624733.33616101,1,310575,2022,3
-10385054.2078,5623162.3236,"Gunshot Wound Victims","No","22-066296","MP202266296",2022-03-31,"02:41:00+00","2022/03/30 22:46:00+00","Non NIBRS Data","Non NIBRS Data","Non NIBRS Data","Gunshot Wound Victims","Gunshot Wound Victims","On Site (P)","Shooting (PFE)","0029XX BRYANT AVE N",4,"Hawthorne",5,45.01042,-93.29053,-10385054.2077601,5623162.32364997,2,310577,2022,3
-10385537.2657,5621561.4657,"Gunshot Wound Victims","No","22-072599","MP202272599",2022-04-07,"21:52:00+00","2022/04/07 21:52:00+00","Non NIBRS Data","Non NIBRS Data","Non NIBRS Data","Gunshot Wound Victims","Gunshot Wound Victims","Shooting (PFE)","Shooting (PFE)","0011XX 21ST AVE N",4,"Jordan",5,45.00025,-93.29487,-10385537.2656885,5621561.46568024,1,310579,2022,4
-10384941.9664,5621657.1554,"Gunshot Wound Victims","No","21-177213","MP2021177213",2021-08-08,"01:22:00+00","2021/08/07 21:06:00+00","Non NIBRS Data","Non NIBRS Data","Non NIBRS Data","Gunshot Wound Victims","Gunshot Wound Victims","Shooting (PFE)","Shooting (PFE)","0021XX ALDRICH AVE N",4,"Hawthorne",5,45.00086,-93.28952,-10384941.9664195,5621657.15536339,2,310581,2021,8
-10386684.2967,5618493.9101,"Gunshot Wound Victims","No","21-177993","MP2021177993",2021-08-08,"19:52:00+00","2021/08/08 19:52:00+00","Non NIBRS Data","Non NIBRS Data","Non NIBRS Data","Gunshot Wound Victims","Gunshot Wound Victims","Shooting (PFE)","Shooting (PFE)","0019XX GLENWOOD AVE",4,"Harrison",5,44.98077,-93.30517,-10386684.2967322,5618493.91010935,1,310583,2021,8
-10384602.6183,5621656.8105,"Gunshot Wound Victims","No","21-178145","MP2021178145",2021-08-08,"23:55:00+00","2021/08/08 23:55:00+00","Non NIBRS Data","Non NIBRS Data","Non NIBRS Data","Gunshot Wound Victims","Gunshot Wound Victims","ShotSpotter Activation (P)","Shooting (PFE)","0021XX 6TH ST N",4,"Hawthorne",5,45.00086,-93.28647,-10384602.6183477,5621656.81050117,1,310585,2021,8
-10385151.7809,5627440.3123,"Gunshot Wound Victims","No","21-179646","MP2021179646",2021-08-10,"18:45:00+00","2021/08/10 18:45:00+00","Non NIBRS Data","Non NIBRS Data","Non NIBRS Data","Gunshot Wound Victims","Gunshot Wound Victims","ShotSpotter Activation (P)","Shooting (PFE)","0045XX BRYANT AVE N",4,"Lind - Bohanon",4,45.03758,-93.29141,-10385151.7808624,5627440.31227599,1,310587,2021,8
-10379189.8393,5618581.6802,"Gunshot Wound Victims","No","21-183359","MP2021183359",2021-08-14,"23:52:00+00","2021/08/14 23:52:00+00","Non NIBRS Data","Non NIBRS Data","Non NIBRS Data","Gunshot Wound Victims","Gunshot Wound Victims","On Site (P)","Shooting (PFE)","0012XX 4TH ST SE",2,"Marcy Holmes",2,44.98132,-93.23785,-10379189.8392777,5618581.68015947,1,310589,2021,8
-10380525.7384,5615231.8277,"Gunshot Wound Victims","No","21-191838","MP2021191838",2021-08-24,"21:50:00+00","2021/08/24 21:48:00+00","Non NIBRS Data","Non NIBRS Data","Non NIBRS Data","Gunshot Wound Victims","Gunshot Wound Victims","ShotSpotter Activation (P)","Shooting (PFE)","0022XX 17TH AVE S",3,"East Phillips",9,44.96003,-93.24985,-10380525.7383841,5615231.82769347,1,310591,2021,8
-10379833.222,5615481.5732,"Gunshot Wound Victims","No","21-199201","MP2021199201",2021-09-02,"03:24:00+00","2021/09/02 03:24:00+00","Non NIBRS Data","Non NIBRS Data","Non NIBRS Data","Gunshot Wound Victims","Gunshot Wound Victims","Shooting (PFE)","Shooting (PFE)","0021XX MINNEHAHA AVE",3,"Seward",6,44.96162,-93.24363,-10379833.2219782,5615481.57318308,1,310593,2021,9
-10382003.0331,5617172.4506,"Gunshot Wound Victims","Yes","21-201060","MP2021201060",2021-09-04,"07:16:00+00","2021/09/04 07:16:00+00","Non NIBRS Data","Non NIBRS Data","Non NIBRS Data","Gunshot Wound Victims","Gunshot Wound Victims","Shooting (PFE)","Shooting (PFE)","0007XX PARK AVE",1,"Elliot Park",6,44.97237,-93.26312,-10382003.0331279,5617172.45057924,1,310595,2021,9
-10384850.4044,5626482.7722,"Gunshot Wound Victims","No","21-205919","MP2021205919",2021-09-10,"00:05:00+00","2021/09/09 18:17:00+00","Non NIBRS Data","Non NIBRS Data","Non NIBRS Data","Gunshot Wound Victims","Gunshot Wound Victims","Sound of Shots Fired (P)","Shooting (PFE)","0007XX 42ND AVE N",4,"Webber - Camden",4,45.03151,-93.2887,-10384850.4044317,5626482.7722348,3,310597,2021,9
-10387307.3698,5621757.8171,"Gunshot Wound Victims","No","21-207347","MP2021207347",2021-09-11,"04:53:00+00","2021/09/11 03:34:00+00","Non NIBRS Data","Non NIBRS Data","Non NIBRS Data","Gunshot Wound Victims","Gunshot Wound Victims","ShotSpotter Activation (P)","Shooting (PFE)","0022XX RUSSELL AVE N",4,"Willard - Hay",5,45.0015,-93.31077,-10387307.3697963,5621757.81707668,1,310599,2021,9
-10387878.9201,5621839.6497,"Gunshot Wound Victims","No","21-207765","MP2021207765",2021-09-11,"17:00:00+00","2021/09/11 17:00:00+00","Non NIBRS Data","Non NIBRS Data","Non NIBRS Data","Gunshot Wound Victims","Gunshot Wound Victims","Shooting Report Only (P)","Shooting Report Only (P)","0022XX VINCENT AVE N",4,"Willard - Hay",5,45.00202,-93.3159,-10387878.9201408,5621839.64969607,1,310601,2021,9
-10383484.8055,5617871.0411,"Gunshot Wound Victims",NA,"21-208359","MP2021208359",2021-09-12,"05:19:00+00","2021/09/12 05:19:00+00","Non NIBRS Data","Non NIBRS Data","Non NIBRS Data","Gunshot Wound Victims","Gunshot Wound Victims","Shooting Report Only (P)","Shooting Report Only (P)","0008XX HENNEPIN AVE",1,"Downtown West",7,44.97681,-93.27643,-10383484.8054914,5617871.04105438,1,310603,2021,9
-10383075.7565,5615947.797,"Gunshot Wound Victims","No","21-211046","MP2021211046",2021-09-15,"17:43:00+00","2021/09/15 11:48:00+00","Non NIBRS Data","Non NIBRS Data","Non NIBRS Data","Gunshot Wound Victims","Gunshot Wound Victims","Sound of Shots Fired (P)","Shooting (PFE)","0018XX 3RD AVE S",5,"Steven's Square - Loring Heights",6,44.96458,-93.27276,-10383075.7564917,5615947.79699802,1,310605,2021,9
-10381659.4071,5614947.4383,"Gunshot Wound Victims","No","21-214646","MP2021214646",2021-09-19,"05:10:00+00","2021/09/19 03:00:00+00","Non NIBRS Data","Non NIBRS Data","Non NIBRS Data","Gunshot Wound Victims","Gunshot Wound Victims","ShotSpotter Activation (P)","Shooting (PFE)","0024XX 10TH AVE S",3,"Midtown Phillips",9,44.95823,-93.26003,-10381659.4071488,5614947.43826967,2,310607,2021,9
-10380747.1898,5612824.6155,"Gunshot Wound Victims","No","21-218832","MP2021218832",2021-09-23,"23:34:00+00","2021/09/23 22:53:00+00","Non NIBRS Data","Non NIBRS Data","Non NIBRS Data","Gunshot Wound Victims","Gunshot Wound Victims","Shooting (PFE)","Shooting (PFE)","0015XX 32ND ST E",3,"East Phillips",9,44.94473,-93.25184,-10380747.1897739,5612824.61552647,1,310609,2021,9
-10387307.6494,5621187.3854,"Gunshot Wound Victims","No","22-143313","MP2022143313",2022-06-27,"00:10:00+00","2022/06/27 00:10:00+00","Non NIBRS Data","Non NIBRS Data","Non NIBRS Data","Gunshot Wound Victims","Gunshot Wound Victims","Shooting (PFE)","Shooting (PFE)","0017XX RUSSELL AVE N",4,"Willard - Hay",5,44.99788,-93.31077,-10387307.6494313,5621187.38535781,1,310611,2022,6
-10386532.2024,5623318.0046,"Gunshot Wound Victims","No","22-159259","MP2022159259",2022-07-13,"19:14:00+00","2022/07/13 19:14:00+00","Non NIBRS Data","Non NIBRS Data","Non NIBRS Data","Gunshot Wound Victims","Gunshot Wound Victims","ShotSpotter Activation (P)","Shooting (PFE)","0019XX 30TH AVE N",4,"Folwell",4,45.01141,-93.30381,-10386532.2024439,5623318.00458391,4,310613,2022,7
-10382182.9233,5619134.7205,"Gunshot Wound Victims","No","22-160963","MP2022160963",2022-07-15,"18:48:00+00","2022/07/15 16:48:00+00","Non NIBRS Data","Non NIBRS Data","Non NIBRS Data","Gunshot Wound Victims","Gunshot Wound Victims","Shooting Report Only (P)~PD","Shooting (PFE)","000XX HENNEPIN AVE",1,"North Loop",3,44.98484,-93.26474,-10382182.9233044,5619134.72049915,1,310615,2022,7
-10383639.0129,5616468.0028,"Gunshot Wound Victims","No","22-165040","MP2022165040",2022-07-20,"05:21:00+00","2022/07/20 02:37:00+00","Non NIBRS Data","Non NIBRS Data","Non NIBRS Data","Gunshot Wound Victims","Gunshot Wound Victims","Shooting (PFE)","Shooting (PFE)","0014XX NICOLLET AVE",1,"Loring Park",7,44.96789,-93.27782,-10383639.0129122,5616468.00284191,1,310616,2022,7
-10383751.7703,5617954.2495,"Gunshot Wound Victims","Yes","22-167884","MP2022167884",2022-07-23,"03:47:00+00","2022/07/23 03:47:00+00","Non NIBRS Data","Non NIBRS Data","Non NIBRS Data","Gunshot Wound Victims","Gunshot Wound Victims","On Site (P)","Sound of Shots Fired (P)","000XX 10TH ST N",1,"Downtown West",7,44.97734,-93.27883,-10383751.7703008,5617954.24949095,1,310617,2022,7
-10381941.2915,5615440.2167,"Gunshot Wound Victims","No","22-170361","MP2022170361",2022-07-25,"20:27:00+00","2022/07/25 19:45:00+00","Non NIBRS Data","Non NIBRS Data","Non NIBRS Data","Gunshot Wound Victims","Gunshot Wound Victims","ShotSpotter Activation (P)","Shooting (PFE)","0021XX CHICAGO AVE",3,"Ventura Village",6,44.96136,-93.26257,-10381941.2914788,5615440.21670984,1,310618,2022,7
-10387596.0654,5619836.0554,"Gunshot Wound Victims","No","22-172342","MP2022172342",2022-07-27,"20:30:00+00","2022/07/27 20:30:00+00","Non NIBRS Data","Non NIBRS Data","Non NIBRS Data","Gunshot Wound Victims","Gunshot Wound Victims","Shooting (PFE)","Shooting (PFE)","0010XX THOMAS AVE N",4,"Willard - Hay",5,44.98929,-93.31336,-10387596.0654165,5619836.05541105,1,310619,2022,7
-10378110.8809,5615758.97,"Gunshot Wound Victims","No","22-075216","MP202275216",2022-04-11,"03:43:00+00","2022/04/11 01:35:00+00","Non NIBRS Data","Non NIBRS Data","Non NIBRS Data","Gunshot Wound Victims","Gunshot Wound Victims","Sound of Shots Fired (P)","Shooting (PFE)","0009XX 30TH AVE S",3,"Seward",2,44.96338,-93.22816,-10378110.8808619,5615758.96996374,1,310620,2022,4
-10382571.3257,5609743.0066,"Gunshot Wound Victims","No","22-084795","MP202284795",2022-04-23,"11:55:00+00","2022/04/23 11:40:00+00","Non NIBRS Data","Non NIBRS Data","Non NIBRS Data","Gunshot Wound Victims","Gunshot Wound Victims","Shooting (PFE)","Shooting (PFE)","0005XX 43RD ST E",3,"Bryant",8,44.92513,-93.26823,-10382571.3256772,5609743.00658417,1,310621,2022,4
-10379341.4355,5616446.9634,"Gunshot Wound Victims","No","22-092032","MP202292032",2022-05-02,"03:36:00+00","2022/05/01 22:52:00+00","Non NIBRS Data","Non NIBRS Data","Non NIBRS Data","Gunshot Wound Victims","Gunshot Wound Victims","Shooting Report Only (P)","Shooting Report Only (P)","0023XX 6TH ST S",NA,"Cedar Riverside",2,44.96776,-93.23921,-10379341.4355378,5616446.96335878,1,310622,2022,5
-10383366.307,5613677.0365,"Gunshot Wound Victims","No","22-094432","MP202294432",2022-05-04,"21:56:00+00","2022/05/04 19:32:00+00","Non NIBRS Data","Non NIBRS Data","Non NIBRS Data","Gunshot Wound Victims","Gunshot Wound Victims","Shooting (PFE)","Shooting (PFE)","0029XX STEVENS AVE",3,"Phillips West",6,44.95015,-93.27537,-10383366.3069789,5613677.0364866,1,310623,2022,5
-10384996.7456,5613396.1464,"Gunshot Wound Victims","No","22-096626","MP202296626",2022-05-07,"04:05:00+00","2022/05/07 04:05:00+00","Non NIBRS Data","Non NIBRS Data","Non NIBRS Data","Gunshot Wound Victims","Gunshot Wound Victims","Shooting (PFE)","Shooting (PFE)","0008XX LAKE ST W",5,"South Uptown",10,44.94836,-93.29001,-10384996.7455633,5613396.14639177,2,310624,2022,5
-10381384.1779,5613813.6663,"Gunshot Wound Victims","No","22-111489","MP2022111489",2022-05-24,"01:01:00+00","2022/05/23 21:05:00+00","Non NIBRS Data","Non NIBRS Data","Non NIBRS Data","Gunshot Wound Victims","Gunshot Wound Victims","Shooting (PFE)","Shooting (PFE)","0028XX 12TH AVE S",3,"Midtown Phillips",9,44.95102,-93.25756,-10381384.1779143,5613813.66630311,1,310625,2022,5
-10387464.4634,5625457.9923,"Gunshot Wound Victims","No","22-118358","MP2022118358",2022-05-31,"20:14:00+00","2022/05/31 19:40:00+00","Non NIBRS Data","Non NIBRS Data","Non NIBRS Data","Gunshot Wound Victims","Gunshot Wound Victims","Sound of Shots Fired (P)","Shooting Report Only (P)","0038XX SHERIDAN AVE N",4,"Victory",4,45.025,-93.31218,-10387464.4634217,5625457.99228744,1,310626,2022,5
-10384089.2517,5616526.4224,"Gunshot Wound Victims","No","22-122545","MP2022122545",2022-06-05,"00:24:00+00","2022/06/05 00:24:00+00","Non NIBRS Data","Non NIBRS Data","Non NIBRS Data","Gunshot Wound Victims","Gunshot Wound Victims","Sound of Shots Fired (P)","Shooting (PFE)","0014XX WILLOW ST",1,"Loring Park",7,44.96826,-93.28186,-10384089.2517403,5616526.42236278,1,310627,2022,6
-10384031.9352,5613582.921,"Gunshot Wound Victims","No","21-220493","MP2021220493",2021-09-25,"21:38:00+00","2021/09/25 20:55:00+00","Non NIBRS Data","Non NIBRS Data","Non NIBRS Data","Gunshot Wound Victims","Gunshot Wound Victims","Sound of Shots Fired (P)~PD","Shooting (PFE)","0029XX PILLSBURY AVE",5,"Whittier",10,44.94955,-93.28135,-10384031.9351528,5613582.92104135,1,310628,2021,9
-10380817.5608,5614101.1281,"Gunshot Wound Victims","No","21-223103","MP2021223103",2021-09-28,"20:42:00+00","2021/09/28 20:42:00+00","Non NIBRS Data","Non NIBRS Data","Non NIBRS Data","Gunshot Wound Victims","Gunshot Wound Victims","ShotSpotter Activation (P)","Shooting (PFE)","0027XX BLOOMINGTON AVE",3,"East Phillips",9,44.95285,-93.25247,-10380817.5607511,5614101.12807021,4,310629,2021,9
-10379109.0881,5626305.316,"Gunshot Wound Victims","No","21-226580","MP2021226580",2021-10-02,"21:41:00+00","2021/10/02 16:55:00+00","Non NIBRS Data","Non NIBRS Data","Non NIBRS Data","Gunshot Wound Victims","Gunshot Wound Victims","Shooting (PFE)","Shooting (PFE)","0034XX JOHNSON ST NE",2,"Waite Park",1,45.03038,-93.23712,-10379109.0880922,5626305.31595172,1,310630,2021,10
-10382659.6144,5613529.7762,"Gunshot Wound Victims","No","21-235549","MP2021235549",2021-10-13,"02:23:00+00","2021/10/12 21:34:00+00","Non NIBRS Data","Non NIBRS Data","Non NIBRS Data","Gunshot Wound Victims","Gunshot Wound Victims","ShotSpotter Activation (P)","Shooting (PFE)","0029XX 5TH AVE S",3,"Phillips West",6,44.94921,-93.26902,-10382659.614439,5613529.77621173,1,310631,2021,10
-10383074.1321,5615509.0335,"Gunshot Wound Victims","No","21-237238","MP2021237238",2021-10-14,"21:25:00+00","2021/10/14 21:25:00+00","Non NIBRS Data","Non NIBRS Data","Non NIBRS Data","Gunshot Wound Victims","Gunshot Wound Victims","Shooting (PFE)","Shooting (PFE)","0020XX 3RD AVE S",5,"Whittier",10,44.9618,-93.27274,-10383074.1320762,5615509.03349329,1,310632,2021,10
-10384288.7897,5613394.7683,"Gunshot Wound Victims","No","21-238281","MP2021238281",2021-10-16,"06:02:00+00","2021/10/16 02:42:00+00","Non NIBRS Data","Non NIBRS Data","Non NIBRS Data","Gunshot Wound Victims","Gunshot Wound Victims","Sound of Shots Fired (P)","Shooting (PFE)","0003XX LAKE ST W",5,"Whittier",10,44.94836,-93.28365,-10384288.7896961,5613394.76828332,1,310633,2021,10
-10383366.307,5613677.0365,"Gunshot Wound Victims","No","22-178143","MP2022178143",2022-08-02,"22:24:00+00","2022/08/02 22:24:00+00","Non NIBRS Data","Non NIBRS Data","Non NIBRS Data","Gunshot Wound Victims","Gunshot Wound Victims","Shooting (PFE)","Shooting (PFE)","0029XX STEVENS AVE",5,"Whittier",10,44.95015,-93.27537,-10383366.3069789,5613677.0364866,1,310634,2022,8
-10382659.6144,5613529.7762,"Gunshot Wound Victims","No","21-236295","MP2021236295",2021-10-13,"22:21:00+00","2021/10/13 19:25:00+00","Non NIBRS Data","Non NIBRS Data","Non NIBRS Data","Gunshot Wound Victims","Gunshot Wound Victims","ShotSpotter Activation (P)","ShotSpotter Activation (P)","0029XX 5TH AVE S",3,"Phillips West",6,44.94921,-93.26902,-10382659.614439,5613529.77621173,1,310653,2021,10
-10383094.1187,5617413.65,"Gunshot Wound Victims","Yes","22-185165","MP2022185165",2022-08-10,"18:35:00+00","2022/08/10 17:45:00+00","Non NIBRS Data","Non NIBRS Data","Non NIBRS Data","Gunshot Wound Victims","Gunshot Wound Victims","Shooting (PFE)","Shooting (PFE)","0009XX MARQUETTE AVE",1,"Downtown West",7,44.9739,-93.27292,-10383094.1187114,5617413.64995348,1,310658,2022,8
-10383162.7502,5619720.0064,"Gunshot Wound Victims","Yes","22-201809","MP2022201809",2022-08-28,"20:07:00+00","2022/08/28 20:01:00+00","Non NIBRS Data","Non NIBRS Data","Non NIBRS Data","Gunshot Wound Victims","Gunshot Wound Victims","Shooting (PFE)","Shooting (PFE)","0007XX 1ST ST N",NA,NA,NA,44.98855,-93.27353,-10383162.7502,5619720.0064,1,310659,2022,8
-10386885.8037,5619970.4971,"Gunshot Wound Victims","No","22-202463","MP2022202463",2022-08-29,"16:33:00+00","2022/08/29 16:33:00+00","Non NIBRS Data","Non NIBRS Data","Non NIBRS Data","Gunshot Wound Victims","Gunshot Wound Victims","ShotSpotter Activation (P)","Shooting Report Only (P)","0012XX OLIVER AVE N",4,"Near - North",5,44.99015,-93.30698,-10386885.8037307,5619970.49708812,1,310660,2022,8
-10385452.7923,5621844.7413,"Gunshot Wound Victims","No","22-207701","MP2022207701",2022-09-04,"03:09:00+00","2022/09/04 01:14:00+00","Non NIBRS Data","Non NIBRS Data","Non NIBRS Data","Gunshot Wound Victims","Gunshot Wound Victims","Shooting (PFE)","Shooting (PFE)","0022XX EMERSON AVE N",4,"Hawthorne",5,45.00205,-93.29411,-10385452.7922966,5621844.74127373,1,310661,2022,9
-10380386.022,5614949.211,"Gunshot Wound Victims","No","22-221610","MP2022221610",2022-09-21,"20:20:00+00","2022/09/19 23:13:00+00","Non NIBRS Data","Non NIBRS Data","Non NIBRS Data","Gunshot Wound Victims","Gunshot Wound Victims","Shooting (PFE)","Shooting (PFE)","0024XX 18TH AVE S",3,"East Phillips",9,44.95824,-93.24859,-10380386.0220257,5614949.21102248,1,310662,2022,9
-10385123.7372,5622738.7012,"Gunshot Wound Victims","No","22-228747","MP2022228747",2022-09-27,"13:31:00+00","2022/06/26 17:30:00+00","Non NIBRS Data","Non NIBRS Data","Non NIBRS Data","Gunshot Wound Victims","Gunshot Wound Victims","Shooting Report Only (P)","Shooting Report Only (P)","0009XX 27TH AVE N",4,"Hawthorne",5,45.00773,-93.29115,-10385123.7371701,5622738.70123449,1,310663,2022,9
-10383941.5892,5613118.7114,"Gunshot Wound Victims","No","22-249188","MP2022249188",2022-10-20,"04:37:00+00","2022/10/19 22:25:00+00","Non NIBRS Data","Non NIBRS Data","Non NIBRS Data","Gunshot Wound Victims","Gunshot Wound Victims","Shooting Report Only (P)","Shooting Report Only (P)","0001XX 31ST ST W",5,"Lyndale",8,44.9466,-93.28053,-10383941.5891992,5613118.71140784,1,310664,2022,10
-10383995.6361,5621926.0497,"Gunshot Wound Victims",NA,"22-126045","MP2022126045",2022-06-08,"19:10:00+00","2022/06/08 19:10:00+00","Non NIBRS Data","Non NIBRS Data","Non NIBRS Data","Gunshot Wound Victims","Gunshot Wound Victims","Shooting Report Only (P)","Shooting Report Only (P)","0002XX 23RD AVE N",4,"Hawthorne",5,45.00257,-93.28102,-10383995.6360887,5621926.04972424,1,310665,2022,6
-10381807.8219,5613961.0113,"Gunshot Wound Victims","No","22-136183","MP2022136183",2022-06-19,"10:32:00+00","2022/06/19 05:00:00+00","Non NIBRS Data","Non NIBRS Data","Non NIBRS Data","Gunshot Wound Victims","Gunshot Wound Victims","Shooting Report Only (P)","Shooting Report Only (P)","0009XX 28TH ST E",3,"Midtown Phillips",9,44.95196,-93.26137,-10381807.8219322,5613961.01130238,1,310666,2022,6
-10382003.0331,5617172.4506,"Gunshot Wound Victims","No","22-149144","MP2022149144",2022-07-03,"06:59:00+00","2022/07/03 02:08:00+00","Non NIBRS Data","Non NIBRS Data","Non NIBRS Data","Gunshot Wound Victims","Gunshot Wound Victims","Shooting Report Only (P)","Shooting Report Only (P)","0007XX PARK AVE",4,"Near - North",5,44.97237,-93.26312,-10382003.0331279,5617172.45057924,1,310667,2022,7
-10380939.9438,5618121.8076,"Gunshot Wound Victims","Yes","22-151097","MP2022151097",2022-07-05,"03:02:00+00","2022/07/05 03:02:00+00","Non NIBRS Data","Non NIBRS Data","Non NIBRS Data","Gunshot Wound Victims","Gunshot Wound Victims","Shooting Report Only (P)","Shooting Report Only (P)","0010XX WEST RIVER PKWY",1,"Downtown East",3,44.9784,-93.25357,-10380939.9438166,5618121.80757102,1,310668,2022,7
-10380528.0577,5614948.7404,"Gunshot Wound Victims","No","22-154835","MP2022154835",2022-07-09,"00:14:00+00","2022/07/09 00:01:00+00","Non NIBRS Data","Non NIBRS Data","Non NIBRS Data","Gunshot Wound Victims","Gunshot Wound Victims","Shooting (PFE)","Shooting (PFE)","0024XX 17TH AVE S",3,"East Phillips",9,44.95823,-93.24987,-10380528.0576743,5614948.74043008,1,310669,2022,7
-10383325.3564,5616762.3161,"Gunshot Wound Victims","No","22-161113","MP2022161113",2022-07-15,"20:09:00+00","2022/07/15 20:09:00+00","Non NIBRS Data","Non NIBRS Data","Non NIBRS Data","Gunshot Wound Victims","Gunshot Wound Victims","Fight (P)","Shooting (PFE)","0012XX 2ND AVE S",1,"Loring Park",7,44.96976,-93.275,-10383325.3563962,5616762.31612293,1,310670,2022,7
-10383501.607,5615947.5898,"Gunshot Wound Victims","No","22-162753","MP2022162753",2022-07-17,"17:19:00+00","2022/07/17 17:19:00+00","Non NIBRS Data","Non NIBRS Data","Non NIBRS Data","Gunshot Wound Victims","Gunshot Wound Victims","Shooting (PFE)","Shooting (PFE)","0018XX 1ST AVE S",5,"Steven's Square - Loring Heights",6,44.96458,-93.27658,-10383501.6069841,5615947.58977873,2,310671,2022,7
-10386603.7988,5624312.7269,"Gunshot Wound Victims","No","22-250862","MP2022250862",2022-10-21,"21:58:00+00","2022/10/21 17:23:00+00","Non NIBRS Data","Non NIBRS Data","Non NIBRS Data","Gunshot Wound Victims","Gunshot Wound Victims","Shooting Report Only (P)","Shooting Report Only (P)","0034XX MORGAN AVE N",4,"Folwell",4,45.01773,-93.30445,-10386603.7987984,5624312.72687479,1,310672,2022,10
-10384985.93,5623870.5676,"Gunshot Wound Victims","No","22-252024","MP2022252024",2022-10-22,"22:01:00+00","2022/10/22 22:01:00+00","Non NIBRS Data","Non NIBRS Data","Non NIBRS Data","Gunshot Wound Victims","Gunshot Wound Victims","Shooting (PFE)","Shooting (PFE)","0008XX 33RD AVE N",4,"McKinley",4,45.01492,-93.28992,-10384985.9300145,5623870.56759418,2,310673,2022,10
-10384593.3811,5625575.5096,"Gunshot Wound Victims","No","22-254473","MP2022254473",2022-10-25,"13:55:00+00","2022/10/25 13:55:00+00","Non NIBRS Data","Non NIBRS Data","Non NIBRS Data","Gunshot Wound Victims","Gunshot Wound Victims","Shooting Report Only (P)","Shooting Report Only (P)","0004XX 39TH AVE N",4,"Webber - Camden",4,45.02575,-93.28639,-10384593.3810767,5625575.50955115,1,310674,2022,10
-10383438.5053,5612861.0979,"Gunshot Wound Victims",NA,"22-257634","MP2022257634",2022-10-28,"21:40:00+00","2022/10/28 20:30:00+00","Non NIBRS Data","Non NIBRS Data","Non NIBRS Data","Gunshot Wound Victims","Gunshot Wound Victims","Shooting Report Only (P)","Shooting Report Only (P)","0001XX 32ND ST E",5,"Lyndale",8,44.94496,-93.27602,-10383438.5052612,5612861.09789982,1,310675,2022,10
-10379969.4479,5614788.7631,"Gunshot Wound Victims","No","22-260743","MP2022260743",2022-11-01,"02:56:00+00","2022/11/01 02:56:00+00","Non NIBRS Data","Non NIBRS Data","Non NIBRS Data","Gunshot Wound Victims","Gunshot Wound Victims","Fight (P)","Shooting (PFE)","0024XX OGEMA PL",3,"East Phillips",9,44.95722,-93.24485,-10379969.4478515,5614788.76310889,1,310676,2022,11
-10385114.463,5623305.6212,"Gunshot Wound Victims","No","22-266082","MP2022266082",2022-11-06,"23:49:00+00","2022/11/06 23:10:00+00","Non NIBRS Data","Non NIBRS Data","Non NIBRS Data","Gunshot Wound Victims","Gunshot Wound Victims","ShotSpotter Activation (P)","Shooting (PFE)","0009XX 30TH AVE N",4,"McKinley",5,45.01133,-93.29107,-10385114.4630349,5623305.62116895,1,310677,2022,11
-10387189.2874,5626026.5965,"Gunshot Wound Victims","No","22-264553","MP2022264553",2022-11-05,"02:53:00+00","2022/11/05 02:47:00+00","Non NIBRS Data","Non NIBRS Data","Non NIBRS Data","Gunshot Wound Victims","Gunshot Wound Victims","ShotSpotter Activation (P)","Shooting Report Only (P)","0040XX QUEEN AVE N",4,"Victory",4,45.02861,-93.30971,-10387189.2873918,5626026.5965045,1,310701,2022,11
-10385686.9941,5622459.7304,"Gunshot Wound Victims","No","22-273610","MP2022273610",2022-11-16,"15:24:00+00","2022/11/16 15:24:00+00","Non NIBRS Data","Non NIBRS Data","Non NIBRS Data","Gunshot Wound Victims","Gunshot Wound Victims","Sound of Shots Fired (P)","Shooting (PFE)","0012XX 26TH AVE N",4,"Jordan",5,45.00596,-93.29621,-10385686.994135,5622459.73038071,1,310702,2022,11
-10387308.3741,5622896.6423,"Gunshot Wound Victims","No","22-177252","MP2022177252",2022-08-02,"02:08:00+00","2022/08/02 02:08:00+00","Non NIBRS Data","Non NIBRS Data","Non NIBRS Data","Gunshot Wound Victims","Gunshot Wound Victims","ShotSpotter Activation (P)","ShotSpotter Activation (P)","0028XX RUSSELL AVE N",4,"Jordan",4,45.00873,-93.31078,-10387308.3741498,5622896.64226652,1,310703,2022,8
-10387670.1297,5619335.4452,"Gunshot Wound Victims","No","22-182668","MP2022182668",2022-08-07,"20:45:00+00","2022/08/07 20:45:00+00","Non NIBRS Data","Non NIBRS Data","Non NIBRS Data","Gunshot Wound Victims","Gunshot Wound Victims","Shooting Report Only (P)","Shooting Report Only (P)","0026XX 8TH AVE N",4,"Willard - Hay",5,44.98611,-93.31403,-10387670.1297075,5619335.44522895,1,310704,2022,8
-10379619.1335,5615857.5675,"Gunshot Wound Victims","No","22-186355","MP2022186355",2022-08-11,"21:48:00+00","2022/08/11 21:48:00+00","Non NIBRS Data","Non NIBRS Data","Non NIBRS Data","Gunshot Wound Victims","Gunshot Wound Victims","Sound of Shots Fired (P)","Shooting (PFE)","0021XX 9TH ST S",3,"Seward",6,44.96401,-93.24171,-10379619.1334507,5615857.56746286,1,310705,2022,8
-10375742.245,5608351.3939,"Gunshot Wound Victims","No","22-188939","MP2022188939",2022-08-14,"20:42:00+00","2022/08/14 20:42:00+00","Non NIBRS Data","Non NIBRS Data","Non NIBRS Data","Gunshot Wound Victims","Gunshot Wound Victims","Unknown Trouble (P)","Shooting (PFE)","0049XX 46TH AVE S",3,"Hiawatha",12,44.91628,-93.20688,-10375742.2449868,5608351.39385141,1,310706,2022,8
-10382302.3659,5616835.3798,"Gunshot Wound Victims","Yes","22-203386","MP2022203386",2022-08-30,"19:30:00+00","2022/08/30 16:45:00+00","Non NIBRS Data","Non NIBRS Data","Non NIBRS Data","Gunshot Wound Victims","Gunshot Wound Victims","Shooting Report Only (P)","Shooting Report Only (P)","0006XX 10TH ST S",1,"Elliot Park",6,44.97023,-93.26581,-10382302.365936,5616835.37977745,1,310707,2022,8
-10377531.0706,5605782.0356,"Gunshot Wound Victims","No","22-210829","MP2022210829",2022-09-07,"17:49:00+00","2022/09/07 17:49:00+00","Non NIBRS Data","Non NIBRS Data","Non NIBRS Data","Gunshot Wound Victims","Gunshot Wound Victims","Shooting (PFE)","Shooting (PFE)","0057XX 34TH AVE S",3,"Wenonah",11,44.89994,-93.22295,-10377531.070598,5605782.03559732,1,310708,2022,9
-10385628.6321,5614383.886,"Gunshot Wound Victims","No","22-214969","MP2022214969",2022-09-12,"04:51:00+00","2022/09/12 00:48:00+00","Non NIBRS Data","Non NIBRS Data","Non NIBRS Data","Gunshot Wound Victims","Gunshot Wound Victims","Shooting (PFE)","Shooting (PFE)","0026XX FREMONT AVE S",5,"Lowry Hill East",10,44.95464,-93.29569,-10385628.6321073,5614383.88599326,1,310709,2022,9
-10380814.6051,5614383.4545,"Gunshot Wound Victims","No","21-242996","MP2021242996",2021-10-21,"20:50:00+00","2021/10/21 20:50:00+00","Non NIBRS Data","Non NIBRS Data","Non NIBRS Data","Gunshot Wound Victims","Gunshot Wound Victims","ShotSpotter Activation (P)","Shooting (PFE)","0026XX BLOOMINGTON AVE",3,"Midtown Phillips",9,44.95464,-93.25244,-10380814.6051226,5614383.45454647,2,310710,2021,10
-10381857.9567,5615652.1446,"Gunshot Wound Victims","No","21-254530","MP2021254530",2021-11-04,"16:21:00+00","2021/11/04 16:19:00+00","Non NIBRS Data","Non NIBRS Data","Non NIBRS Data","Gunshot Wound Victims","Gunshot Wound Victims","Shooting (PFE)","Shooting (PFE)","0008XX FRANKLIN AVE E",3,"Ventura Village",6,44.96271,-93.26182,-10381857.9566926,5615652.14456797,1,310711,2021,11
-10380248.1921,5614596.9989,"Gunshot Wound Victims","No","21-259078","MP2021259078",2021-11-09,"21:40:00+00","2021/11/09 21:40:00+00","Non NIBRS Data","Non NIBRS Data","Non NIBRS Data","Gunshot Wound Victims","Gunshot Wound Victims","ShotSpotter Activation (P)","Shooting (PFE)","0025XX CEDAR AVE S",3,"East Phillips",9,44.956,-93.24736,-10380248.192103,5614596.99887235,1,310712,2021,11
-10386670.3376,5622466.612,"Gunshot Wound Victims","No","21-266754","MP2021266754",2021-11-19,"20:17:00+00","2021/11/19 17:44:00+00","Non NIBRS Data","Non NIBRS Data","Non NIBRS Data","Gunshot Wound Victims","Gunshot Wound Victims","ShotSpotter Activation (P)","Shooting (PFE)","0020XX 26TH AVE N",4,"Jordan",5,45.006,-93.30505,-10386670.3375712,5622466.61202182,2,310713,2021,11
-10380325.3862,5613397.0917,"Gunshot Wound Victims","No","21-270534","MP2021270534",2021-11-24,"13:49:00+00","2021/11/24 13:47:00+00","Non NIBRS Data","Non NIBRS Data","Non NIBRS Data","Gunshot Wound Victims","Gunshot Wound Victims","Shooting Report Only (P)~PD","Shooting (PFE)","0018XX LAKE ST E",3,"Powderhorn Park",9,44.94837,-93.24805,-10380325.3862079,5613397.09173476,1,310714,2021,11
-10381600.8885,5618187.9479,"Gunshot Wound Victims","Yes","21-272821","MP2021272821",2021-11-27,"21:26:00+00","2021/11/27 20:40:00+00","Non NIBRS Data","Non NIBRS Data","Non NIBRS Data","Gunshot Wound Victims","Gunshot Wound Victims","Shooting (PFE)","Shooting (PFE)","0002XX PORTLAND AVE",1,"Downtown East",3,44.97882,-93.25951,-10381600.8884616,5618187.94790161,1,310715,2021,11
-10382978.5305,5618383.6276,"Gunshot Wound Victims","Yes","21-278037","MP2021278037",2021-12-04,"03:43:00+00","2021/12/04 02:35:00+00","Non NIBRS Data","Non NIBRS Data","Non NIBRS Data","Gunshot Wound Victims","Gunshot Wound Victims","Sound of Shots Fired (P)~PD","Shooting (PFE)","0004XX HENNEPIN AVE",1,"Downtown West",7,44.98006,-93.27188,-10382978.5305231,5618383.62758409,1,310716,2021,12
-10387022.2108,5621184.1038,"Gunshot Wound Victims","No","21-283326","MP2021283326",2021-12-11,"00:11:00+00","2021/12/11 00:11:00+00","Non NIBRS Data","Non NIBRS Data","Non NIBRS Data","Gunshot Wound Victims","Gunshot Wound Victims","ShotSpotter Activation (P)","Shooting (PFE)","0018XX PENN AVE N",4,"Willard - Hay",5,44.99786,-93.30821,-10387022.210831,5621184.10378961,4,310717,2021,12
-10381244.887,5613253.5335,"Gunshot Wound Victims","No","22-282605","MP2022282605",2022-11-28,"05:09:00+00","2022/11/28 05:09:00+00","Non NIBRS Data","Non NIBRS Data","Non NIBRS Data","Gunshot Wound Victims","Gunshot Wound Victims","Shooting (PFE)","Shooting (PFE)","0030XX 13TH AVE S",3,"Midtown Phillips",9,44.94746,-93.25631,-10381244.8870021,5613253.53345264,1,310747,2022,11
-10384513.8975,5623017.8124,"Gunshot Wound Victims","No","22-286698","MP2022286698",2022-12-03,"05:08:00+00","2022/12/03 05:08:00+00","Non NIBRS Data","Non NIBRS Data","Non NIBRS Data","Gunshot Wound Victims","Gunshot Wound Victims","Shooting (PFE)","Shooting (PFE)","0004XX 29TH AVE N",4,"Hawthorne",5,45.0095,-93.28568,-10384513.8974673,5623017.81243766,1,310748,2022,12
-10385705.4281,5613536.3193,"Gunshot Wound Victims","No","22-292169","MP2022292169",2022-12-10,"05:08:00+00","2022/12/10 02:56:00+00","Non NIBRS Data","Non NIBRS Data","Non NIBRS Data","Gunshot Wound Victims","Gunshot Wound Victims","Shooting (PFE)","Shooting (PFE)","0013XX LAGOON AVE",5,"Lowry Hill East",10,44.94926,-93.29638,-10385705.4280631,5613536.3192967,1,310749,2022,12
-10383930.1254,5615368.5727,"Gunshot Wound Victims","No","22-296016","MP2022296016",2022-12-14,"20:17:00+00","2022/12/14 19:56:00+00","Non NIBRS Data","Non NIBRS Data","Non NIBRS Data","Gunshot Wound Victims","Gunshot Wound Victims","Shooting (PFE)","Shooting (PFE)","0001XX 22ND ST W",5,"Whittier",10,44.9609,-93.28043,-10383930.1253623,5615368.57270556,1,310750,2022,12
-10375545.5893,5612744.1028,"Gunshot Wound Victims",NA,"22-298670","MP2022298670",2022-12-18,"05:13:00+00","2022/12/18 03:00:00+00","Non NIBRS Data","Non NIBRS Data","Non NIBRS Data","Gunshot Wound Victims","Gunshot Wound Victims","Shooting Report Only (P)","Shooting Report Only (P)","0032XX 48TH AVE S",3,"Cooper",12,44.94422,-93.20511,-10375545.5892979,5612744.10277485,1,310751,2022,12
-10381661.4785,5614664.9992,"Gunshot Wound Victims",NA,"22-600001","MP2022600001",2022-04-02,"23:59:00+00","2022/04/02 21:57:00+00","Non NIBRS Data","Non NIBRS Data","Non NIBRS Data","Gunshot Wound Victims","Gunshot Wound Victims",NA,NA,"0025XX 10TH AVE S",3,"Midtown Phillips",9,44.95643,-93.26005,-10381661.4784662,5614664.99916609,1,310752,2022,4
-10383148.8801,5612294.3571,"Gunshot Wound Victims","No","23-007750","MP20237750",2023-01-10,"19:30:00+00","2023/01/10 19:30:00+00","Non NIBRS Data","Non NIBRS Data","Non NIBRS Data","Gunshot Wound Victims","Gunshot Wound Victims","Shooting (PFE)","Shooting (PFE)","0002XX 34TH ST E",3,"Central",8,44.94136,-93.27341,-10383148.8801087,5612294.35713068,1,310753,2023,1
-10382397.6215,5618235.5734,"Gunshot Wound Victims","Yes","23-010515","MP202310515",2023-01-14,"03:36:00+00","2023/01/14 03:36:00+00","Non NIBRS Data","Non NIBRS Data","Non NIBRS Data","Gunshot Wound Victims","Gunshot Wound Victims","Sound of Shots Fired (P)","Shooting (PFE)","0003XX 2ND AVE S",1,"Downtown West",7,44.97912,-93.26666,-10382397.6214618,5618235.57341465,2,310754,2023,1
-10384417.2291,5617067.9271,"Gunshot Wound Victims","No","22-220918","MP2022220918",2022-09-18,"05:21:00+00","2022/09/18 05:21:00+00","Non NIBRS Data","Non NIBRS Data","Non NIBRS Data","Gunshot Wound Victims","Gunshot Wound Victims","Shooting (PFE)","Shooting (PFE)","0015XX HARMON PL",1,"Loring Park",7,44.9717,-93.28481,-10384417.2291433,5617067.92711679,1,310755,2022,9
-10385478.5688,5624868.9211,"Gunshot Wound Victims","No","22-226284","MP2022226284",2022-09-23,"20:57:00+00","2022/09/23 20:40:00+00","Non NIBRS Data","Non NIBRS Data","Non NIBRS Data","Gunshot Wound Victims","Gunshot Wound Victims","ShotSpotter Activation (P)","Shooting (PFE)","0036XX EMERSON AVE N",4,"Folwell",4,45.02126,-93.29434,-10385478.5687807,5624868.92114891,2,310756,2022,9
-10380996.3501,5617823.9572,"Gunshot Wound Victims","Yes","22-230578","MP2022230578",2022-09-28,"21:24:00+00","2022/09/28 21:24:00+00","Non NIBRS Data","Non NIBRS Data","Non NIBRS Data","Gunshot Wound Victims","Gunshot Wound Victims","Shooting (PFE)","Shooting (PFE)","0002XX 10TH AVE S",1,"Downtown East",3,44.97651,-93.25408,-10380996.350066,5617823.95721293,1,310757,2022,9
-10387878.9693,5620906.9199,"Gunshot Wound Victims","No","22-234792","MP2022234792",2022-10-03,"12:12:00+00","2022/10/03 12:12:00+00","Non NIBRS Data","Non NIBRS Data","Non NIBRS Data","Gunshot Wound Victims","Gunshot Wound Victims","Shooting (PFE)","Shooting (PFE)","0016XX VINCENT AVE N",4,"Willard - Hay",5,44.9961,-93.3159,-10387878.9693158,5620906.91986173,1,310758,2022,10
-10386532.2024,5623318.0046,"Gunshot Wound Victims","No","22-241115","MP2022241115",2022-10-10,"13:00:00+00","2022/10/10 10:18:00+00","Non NIBRS Data","Non NIBRS Data","Non NIBRS Data","Gunshot Wound Victims","Gunshot Wound Victims","Burglary Dwlng In Progress (P)","Shooting (PFE)","0019XX 30TH AVE N",4,"Jordan",5,45.01141,-93.30381,-10386532.2024439,5623318.00458391,1,310759,2022,10
-10383358.7196,5619397.2206,"Gunshot Wound Victims","No","22-246123","MP2022246123",2022-10-16,"01:40:00+00","2022/10/16 01:40:00+00","Non NIBRS Data","Non NIBRS Data","Non NIBRS Data","Gunshot Wound Victims","Gunshot Wound Victims","On Site (P)","Shooting (PFE)","0005XX WASHINGTON AVE N",1,"North Loop",3,44.9865,-93.2753,-10383358.7196202,5619397.22061186,1,310760,2022,10
-10386744.8963,5624030.1724,"Gunshot Wound Victims","No","22-260781","MP2022260781",2022-11-01,"04:45:00+00","2022/11/01 04:35:00+00","Non NIBRS Data","Non NIBRS Data","Non NIBRS Data","Gunshot Wound Victims","Gunshot Wound Victims","Shooting Report Only (P)","Shooting Report Only (P)","0033XX NEWTON AVE N",4,"Folwell",4,45.01593,-93.30572,-10386744.8963446,5624030.1724301,1,310761,2022,11
-10382215.4694,5611303.5963,"Gunshot Wound Victims","No","21-295225","MP2021295225",2021-12-27,"19:22:00+00","2021/12/27 11:40:00+00","Non NIBRS Data","Non NIBRS Data","Non NIBRS Data","Gunshot Wound Victims","Gunshot Wound Victims","Shooting (PFE)","Shooting (PFE)","0037XX PARK AVE",3,"Central",8,44.93506,-93.26503,-10382215.4693506,5611303.59626897,1,310762,2021,12
-10380317.4237,5621878.8558,"Gunshot Wound Victims","No","22-005074","MP20225074",2022-01-08,"01:42:00+00","2022/01/08 00:17:00+00","Non NIBRS Data","Non NIBRS Data","Non NIBRS Data","Gunshot Wound Victims","Gunshot Wound Victims","Shooting (PFE)","Shooting (PFE)","0009XX 14TH AVE NE",2,"Logan Park",1,45.00227,-93.24798,-10380317.4236847,5621878.85576946,1,310763,2022,1
-10380610.1292,5616746.0539,"Gunshot Wound Victims","No","22-013836","MP202213836",2022-01-20,"23:22:00+00","2022/01/20 23:22:00+00","Non NIBRS Data","Non NIBRS Data","Non NIBRS Data","Gunshot Wound Victims","Gunshot Wound Victims","Shooting (PFE)","Shooting (PFE)","0005XX 15TH AVE S",1,"Cedar Riverside",6,44.96966,-93.25061,-10380610.1291828,5616746.0539462,3,310764,2022,1
-10382003.0331,5617172.4506,"Gunshot Wound Victims","Yes","21-290899","MP2021290899",2021-12-21,"01:57:00+00","2021/12/21 00:31:00+00","Non NIBRS Data","Non NIBRS Data","Non NIBRS Data","Gunshot Wound Victims","Gunshot Wound Victims","Shooting Report Only (P)","Shooting Report Only (P)","0007XX PARK AVE",NA,"Elliot Park",6,44.97237,-93.26312,-10382003.0331279,5617172.45057924,1,310782,2021,12
-10386674.8967,5620183.8911,"Gunshot Wound Victims",NA,"22-008444","MP20228444",2022-01-13,"09:26:00+00","2022/01/13 00:00:00+00","Non NIBRS Data","Non NIBRS Data","Non NIBRS Data","Gunshot Wound Victims","Gunshot Wound Victims","Shooting Report Only (P)","Shooting Report Only (P)","0019XX PLYMOUTH AVE N",4,"Near - North",5,44.9915,-93.30509,-10386674.8966792,5620183.89112344,1,310789,2022,1
-10385543.0234,5620077.9132,"Gunshot Wound Victims","No","22-018064","MP202218064",2022-01-26,"17:30:00+00","2022/01/26 17:20:00+00","Non NIBRS Data","Non NIBRS Data","Non NIBRS Data","Gunshot Wound Victims","Gunshot Wound Victims","Sound of Shots Fired (P)~PD","Shooting Report Only (P)","0011XX 12TH AVE N",4,"Near - North",5,44.99083,-93.29492,-10385543.0234117,5620077.91321746,1,310790,2022,1
-10385624.2889,5625441.1955,"Gunshot Wound Victims","No","22-025366","MP202225366",2022-02-05,"14:56:00+00","2022/02/05 14:56:00+00","Non NIBRS Data","Non NIBRS Data","Non NIBRS Data","Gunshot Wound Victims","Gunshot Wound Victims","ShotSpotter Activation (P)","ShotSpotter Activation (P)","0038XX FREMONT AVE N",4,"Webber - Camden",4,45.02489,-93.29565,-10385624.2888868,5625441.19552063,1,310791,2022,2
-10385547.5684,5624443.0434,"Gunshot Wound Victims","No","22-027505","MP202227505",2022-02-08,"13:42:00+00","2022/02/08 13:40:00+00","Non NIBRS Data","Non NIBRS Data","Non NIBRS Data","Gunshot Wound Victims","Gunshot Wound Victims","ShotSpotter Activation (P)","ShotSpotter Activation (P)","0012XX 35TH AVE N",4,"Folwell",4,45.01855,-93.29496,-10385547.5684425,5624443.04340198,1,310792,2022,2
-10384515.7064,5622101.6826,"Gunshot Wound Victims","No","22-273751","MP2022273751",2022-11-16,"18:36:00+00","2022/11/16 18:36:00+00","Non NIBRS Data","Non NIBRS Data","Non NIBRS Data","Gunshot Wound Victims","Gunshot Wound Victims","Shooting (PFE)","Shooting (PFE)","0004XX 24TH AVE N",4,"Hawthorne",5,45.00369,-93.28569,-10384515.7063502,5622101.68259303,1,310793,2022,11
-10384513.8975,5623017.8124,"Gunshot Wound Victims","No","22-281724","MP2022281724",2022-11-26,"22:53:00+00","2022/11/26 22:53:00+00","Non NIBRS Data","Non NIBRS Data","Non NIBRS Data","Gunshot Wound Victims","Gunshot Wound Victims","Shooting (PFE)","Shooting (PFE)","0004XX 29TH AVE N",4,"Hawthorne",5,45.0095,-93.28568,-10384513.8974673,5623017.81243766,1,310794,2022,11
-10385282.7521,5620856.6019,"Gunshot Wound Victims","No","22-305706","MP2022305706",2022-12-27,"23:40:00+00","2022/12/27 21:15:00+00","Non NIBRS Data","Non NIBRS Data","Non NIBRS Data","Gunshot Wound Victims","Gunshot Wound Victims","Shooting Report Only (P)","Shooting Report Only (P)","0016XX DUPONT AVE N",4,"Hawthorne",5,44.99578,-93.29258,-10385282.7520634,5620856.60187697,1,310795,2022,12
-10379750.2293,5620749.8762,"Gunshot Wound Victims",NA,"22-710848","MP2022710848",2022-09-20,"09:25:00+00","2022/09/19 06:30:00+00","Non NIBRS Data","Non NIBRS Data","Non NIBRS Data","Gunshot Wound Victims","Gunshot Wound Victims",NA,NA,"0011XX SPRING ST NE",2,"Northeast Park",1,44.9951,-93.24288,-10379750.2292664,5620749.87619742,1,310796,2022,9
-10380577.962,5616626.55,"Gunshot Wound Victims","No","23-008816","MP20238816",2023-01-12,"07:54:00+00","2023/01/12 06:21:00+00","Non NIBRS Data","Non NIBRS Data","Non NIBRS Data","Gunshot Wound Victims","Gunshot Wound Victims","Shooting (PFE)","Shooting (PFE)","0015XX 6TH ST S",1,"Cedar Riverside",6,44.9689,-93.25032,-10380577.9620403,5616626.54996096,1,310797,2023,1
-10385004.776,5616258.2614,"Gunshot Wound Victims","No","23-029297","MP202329297",2023-02-06,"05:39:00+00","2023/02/06 01:15:00+00","Non NIBRS Data","Non NIBRS Data","Non NIBRS Data","Gunshot Wound Victims","Gunshot Wound Victims","Personal Injury Accident (PFE)","Shooting (PFE)","0008XX MOUNT CURVE AVE",5,"Loring Park",7,44.96656,-93.29009,-10385004.7760074,5616258.26144316,1,310798,2023,2
-10384913.447,5623161.7091,"Gunshot Wound Victims","No","23-060960","MP202360960",2023-03-14,"02:52:00+00","2023/03/14 02:52:00+00","Non NIBRS Data","Non NIBRS Data","Non NIBRS Data","Gunshot Wound Victims","Gunshot Wound Victims","ShotSpotter Activation (P)","Shooting (PFE)","0029XX ALDRICH AVE N",4,"Hawthorne",5,45.01042,-93.28926,-10384913.4470239,5623161.70908834,1,310799,2023,3
-10380667.7453,5610160.0667,"Gunshot Wound Victims","No","23-011808","MP202311808",2023-01-16,"01:16:00+00","2023/01/15 22:30:00+00","Non NIBRS Data","Non NIBRS Data","Non NIBRS Data","Gunshot Wound Victims","Gunshot Wound Victims","Shooting Report Only (P)","Shooting Report Only (P)","0041XX 16TH AVE S",3,"Bancroft",8,44.92779,-93.25112,-10380667.7453342,5610160.06667137,1,310800,2023,1
-10383241.6548,5618631.233,"Gunshot Wound Victims","Yes","23-028344","MP202328344",2023-02-05,"02:05:00+00","2023/02/05 02:04:00+00","Non NIBRS Data","Non NIBRS Data","Non NIBRS Data","Gunshot Wound Victims","Gunshot Wound Victims","On Site (P)","Shooting (PFE)","0004XX 2ND AVE N",1,"Downtown West",7,44.98164,-93.27425,-10383241.6547606,5618631.23304588,3,310801,2023,2
-10380236.5498,5616919.9367,"Gunshot Wound Victims","No","23-033796","MP202333796",2023-02-11,"03:38:00+00","2023/02/11 02:15:00+00","Non NIBRS Data","Non NIBRS Data","Non NIBRS Data","Gunshot Wound Victims","Gunshot Wound Victims","Shooting (PFE)","Shooting (PFE)","0003XX CEDAR AVE S",1,"Cedar Riverside",6,44.97076,-93.24725,-10380236.5498339,5616919.93668407,1,310802,2023,2
-10383995.6361,5621926.0497,"Gunshot Wound Victims","No","23-039833","MP202339833",2023-02-18,"00:50:00+00","2023/02/18 00:50:00+00","Non NIBRS Data","Non NIBRS Data","Non NIBRS Data","Gunshot Wound Victims","Gunshot Wound Victims","On Site (P)","Shooting (PFE)","0002XX 23RD AVE N",4,"Hawthorne",5,45.00257,-93.28102,-10383995.6360887,5621926.04972424,1,310803,2023,2
-10382978.5305,5618383.6276,"Gunshot Wound Victims","No","23-060037","MP202360037",2023-03-13,"01:39:00+00","2023/03/13 01:39:00+00","Non NIBRS Data","Non NIBRS Data","Non NIBRS Data","Gunshot Wound Victims","Gunshot Wound Victims","Shooting Report Only (P)","Shooting Report Only (P)","0004XX HENNEPIN AVE",4,"Hawthorne",5,44.98006,-93.27188,-10382978.5305231,5618383.62758409,1,310804,2023,3
-10381386.1334,5613531.726,"Gunshot Wound Victims","No","23-075727","MP202375727",2023-03-29,"23:00:00+00","2023/03/29 23:00:00+00","Non NIBRS Data","Non NIBRS Data","Non NIBRS Data","Gunshot Wound Victims","Gunshot Wound Victims","Shooting (PFE)","Shooting (PFE)","0029XX 12TH AVE S",3,"Midtown Phillips",9,44.94923,-93.25758,-10381386.1334218,5613531.72600997,2,310805,2023,3
-10386583.3027,5621824.0607,"Gunshot Wound Victims","No","23-082525","MP202382525",2023-04-05,"21:37:00+00","2023/04/05 21:37:00+00","Non NIBRS Data","Non NIBRS Data","Non NIBRS Data","Gunshot Wound Victims","Gunshot Wound Victims","Shooting (PFE)","Shooting (PFE)","0023XX JAMES AVE N",4,"Jordan",5,45.00192,-93.30427,-10386583.302674,5621824.06067562,1,310806,2023,4
-10384941.9664,5621657.1554,"Gunshot Wound Victims","No","22-032166","MP202232166",2022-02-14,"19:48:00+00","2022/02/14 18:10:00+00","Non NIBRS Data","Non NIBRS Data","Non NIBRS Data","Gunshot Wound Victims","Gunshot Wound Victims","Sound of Shots Fired (P)","Shooting (PFE)","0021XX ALDRICH AVE N",4,"Near - North",5,45.00086,-93.28952,-10384941.9664195,5621657.15536339,1,310807,2022,2
-10381783.6818,5618590.3623,"Gunshot Wound Victims","Yes","22-040913","MP202240913",2022-02-26,"13:31:00+00","2022/02/26 13:12:00+00","Non NIBRS Data","Non NIBRS Data","Non NIBRS Data","Gunshot Wound Victims","Gunshot Wound Victims","Shooting (PFE)","Shooting (PFE)","0003XX 1ST ST S",1,"Downtown East",3,44.98138,-93.26115,-10381783.6817614,5618590.36226546,1,310808,2022,2
-10384985.93,5623870.5676,"Gunshot Wound Victims",NA,"19-005644","MP20195644",2019-01-06,"19:01:00+00","2019/01/06 16:40:00+00","Non NIBRS Data","Non NIBRS Data","Non NIBRS Data","Gunshot Wound Victims","Gunshot Wound Victims",NA,NA,"0008XX 33RD AVE N",4,"McKinley",4,45.01492,-93.28992,-10384985.9300145,5623870.56759418,1,310823,2019,1
-10382234.8151,5613676.7068,"Gunshot Wound Victims",NA,"19-018500","MP201918500",2019-01-19,"17:08:00+00","2019/01/19 14:34:00+00","Non NIBRS Data","Non NIBRS Data","Non NIBRS Data","Gunshot Wound Victims","Gunshot Wound Victims",NA,NA,"0028XX PARK AVE",3,"Phillips West",9,44.95015,-93.2652,-10382234.8151401,5613676.70683913,1,310824,2019,1
-10386674.8967,5620183.8911,"Gunshot Wound Victims","No","23-088533","MP202388533",2023-04-11,"22:51:00+00","2023/04/11 20:45:00+00","Non NIBRS Data","Non NIBRS Data","Non NIBRS Data","Gunshot Wound Victims","Gunshot Wound Victims","Shooting Report Only (P)","Shooting Report Only (P)","0019XX PLYMOUTH AVE N",4,"Near - North",5,44.9915,-93.30509,-10386674.8966792,5620183.89112344,1,310825,2023,4
-10381661.4785,5614664.9992,"Gunshot Wound Victims",NA,"19-041930","MP201941930",2019-02-12,"22:30:00+00","2019/02/12 21:55:00+00","Non NIBRS Data","Non NIBRS Data","Non NIBRS Data","Gunshot Wound Victims","Gunshot Wound Victims",NA,NA,"0025XX 10TH AVE S",3,"Midtown Phillips",9,44.95643,-93.26005,-10381661.4784662,5614664.99916609,1,310826,2019,2
-10380236.5498,5616919.9367,"Gunshot Wound Victims",NA,"19-059665","MP201959665",2019-03-02,"04:08:00+00","2019/03/01 23:52:00+00","Non NIBRS Data","Non NIBRS Data","Non NIBRS Data","Gunshot Wound Victims","Gunshot Wound Victims",NA,NA,"0003XX CEDAR AVE S",1,"Cedar Riverside",6,44.97076,-93.24725,-10380236.5498339,5616919.93668407,2,310827,2019,3
-10387878.9693,5620906.9199,"Gunshot Wound Victims",NA,"19-088356","MP201988356",2019-03-29,"00:36:00+00","2019/03/28 23:47:00+00","Non NIBRS Data","Non NIBRS Data","Non NIBRS Data","Gunshot Wound Victims","Gunshot Wound Victims",NA,NA,"0016XX VINCENT AVE N",4,"Willard - Hay",5,44.9961,-93.3159,-10387878.9693158,5620906.91986173,1,310828,2019,3
-10381156.8128,5623353.9023,"Gunshot Wound Victims","No","22-048504","MP202248504",2022-03-08,"03:33:00+00","2022/03/08 03:33:00+00","Non NIBRS Data","Non NIBRS Data","Non NIBRS Data","Gunshot Wound Victims","Gunshot Wound Victims","Shooting (PFE)","Shooting (PFE)","0023XX JEFFERSON ST NE",2,"Holland",1,45.01164,-93.25552,-10381156.8128159,5623353.90226847,1,310829,2022,3
-10381941.2915,5615440.2167,"Gunshot Wound Victims",NA,"19-115662","MP2019115662",2019-04-25,"00:34:00+00","2019/04/24 22:15:00+00","Non NIBRS Data","Non NIBRS Data","Non NIBRS Data","Gunshot Wound Victims","Gunshot Wound Victims",NA,NA,"0021XX CHICAGO AVE",3,"Ventura Village",6,44.96136,-93.26257,-10381941.2914788,5615440.21670984,1,310830,2019,4
-10382365.8938,5616494.2064,"Gunshot Wound Victims",NA,"19-140392","MP2019140392",2019-05-18,"04:35:00+00","2019/05/18 01:10:00+00","Non NIBRS Data","Non NIBRS Data","Non NIBRS Data","Gunshot Wound Victims","Gunshot Wound Victims",NA,NA,"0006XX 15TH ST E",1,"Elliot Park",6,44.96806,-93.26638,-10382365.8937622,5616494.20641413,1,310831,2019,5
-10385077.9303,5619188.8987,"Gunshot Wound Victims","No","22-055942","MP202255942",2022-03-18,"02:35:00+00","2022/03/18 02:30:00+00","Non NIBRS Data","Non NIBRS Data","Non NIBRS Data","Gunshot Wound Victims","Gunshot Wound Victims","Sound of Shots Fired (P)","Shooting Report Only (P)","0008XX GERTRUDE BROWN PL",4,"Sumner - Glenwood",5,44.98518,-93.29074,-10385077.930321,5619188.89873747,1,310832,2022,3
-10381800.416,5614947.0376,"Gunshot Wound Victims","No","22-064584","MP202264584",2022-03-28,"22:30:00+00","2022/03/28 17:13:00+00","Non NIBRS Data","Non NIBRS Data","Non NIBRS Data","Gunshot Wound Victims","Gunshot Wound Victims","Sound of Shots Fired (P)","Shooting (PFE)","0024XX ELLIOT AVE",3,"Midtown Phillips",9,44.95822,-93.2613,-10381800.4159551,5614947.03758781,1,310833,2022,3
-10384941.9664,5621657.1554,"Gunshot Wound Victims","No","22-066063","MP202266063",2022-03-30,"17:27:00+00","2022/03/30 17:27:00+00","Non NIBRS Data","Non NIBRS Data","Non NIBRS Data","Gunshot Wound Victims","Gunshot Wound Victims","ShotSpotter Activation (P)","Shooting (PFE)","0021XX ALDRICH AVE N",4,"Hawthorne",5,45.00086,-93.28952,-10384941.9664195,5621657.15536339,1,310834,2022,3
-10387307.3698,5621757.8171,"Gunshot Wound Victims","No","22-072385","MP202272385",2022-04-07,"16:10:00+00","2022/04/07 14:26:00+00","Non NIBRS Data","Non NIBRS Data","Non NIBRS Data","Gunshot Wound Victims","Gunshot Wound Victims","Unknown Trouble (P)","Shooting (PFE)","0022XX RUSSELL AVE N",4,"Willard - Hay",5,45.0015,-93.31077,-10387307.3697963,5621757.81707668,2,310835,2022,4
-10383241.6548,5618631.233,"Gunshot Wound Victims","Yes","23-066199","MP202366199",2023-03-19,"21:20:00+00","2023/03/19 21:20:00+00","Non NIBRS Data","Non NIBRS Data","Non NIBRS Data","Gunshot Wound Victims","Gunshot Wound Victims","On Site (P)","Shooting (PFE)","0004XX 2ND AVE N",1,"Downtown West",7,44.98164,-93.27425,-10383241.6547606,5618631.23304588,1,310836,2023,3
-10377859.2321,5605763.7665,"Gunshot Wound Victims","No","23-071128","MP202371128",2023-03-25,"00:57:00+00","2023/03/25 00:57:00+00","Non NIBRS Data","Non NIBRS Data","Non NIBRS Data","Gunshot Wound Victims","Gunshot Wound Victims","Sound of Shots Fired (P)","Shooting Report Only (P)","0057XX BOSSEN TERR",3,"Wenonah",11,44.89982,-93.2259,-10377859.2321413,5605763.76646212,1,310837,2023,3
-10387613.2871,5629304.2046,"Gunshot Wound Victims","No","23-074066","MP202374066",2023-03-28,"09:43:00+00","2023/03/28 09:00:00+00","Non NIBRS Data","Non NIBRS Data","Non NIBRS Data","Gunshot Wound Victims","Gunshot Wound Victims","Shooting Report Only (P)","Shooting Report Only (P)","0025XX 52ND AVE N",4,"Shingle Creek",4,45.04941,-93.31352,-10387613.2870607,5629304.20462649,1,310838,2023,3
-10386044.5238,5620683.7077,"Gunshot Wound Victims","No","23-090646","MP202390646",2023-04-13,"19:24:00+00","2023/04/13 19:24:00+00","Non NIBRS Data","Non NIBRS Data","Non NIBRS Data","Gunshot Wound Victims","Gunshot Wound Victims","Fight (P)","Shooting (PFE)","0015XX IRVING AVE N",4,"Near - North",5,44.99468,-93.29943,-10386044.5237874,5620683.70765332,1,310839,2023,4
-10385827.3614,5623027.8861,"Gunshot Wound Victims","Yes","23-099924","MP202399924",2023-04-23,"16:28:00+00","2023/04/23 16:08:00+00","Non NIBRS Data","Non NIBRS Data","Non NIBRS Data","Gunshot Wound Victims","Gunshot Wound Victims","Shooting Report Only (P)","Shooting Report Only (P)","0014XX 29TH AVE N",4,"Jordan",5,45.00957,-93.29747,-10385827.3614407,5623027.88605615,1,310840,2023,4
-10384430.0999,5622014.4527,"Gunshot Wound Victims","No","23-103316","MP2023103316",2023-04-27,"00:55:00+00","2023/04/26 11:13:00+00","Non NIBRS Data","Non NIBRS Data","Non NIBRS Data","Gunshot Wound Victims","Gunshot Wound Victims","Shooting (PFE)","Shooting (PFE)","0023XX 4TH ST N",4,"Hawthorne",5,45.00313,-93.28492,-10384430.0998506,5622014.45267222,1,310841,2023,4
-10384774.9118,5623725.6964,"Gunshot Wound Victims","No","23-104379","MP2023104379",2023-04-28,"01:55:00+00","2023/04/27 23:45:00+00","Non NIBRS Data","Non NIBRS Data","Non NIBRS Data","Gunshot Wound Victims","Gunshot Wound Victims","ShotSpotter Activation (P)","Shooting (PFE)","0032XX LYNDALE AVE N",4,"McKinley",4,45.014,-93.28802,-10384774.9118067,5623725.69635525,1,310842,2023,4
-10386395.6921,5620183.1953,"Gunshot Wound Victims","No","23-108317","MP2023108317",2023-05-01,"22:43:00+00","2023/05/01 22:43:00+00","Non NIBRS Data","Non NIBRS Data","Non NIBRS Data","Gunshot Wound Victims","Gunshot Wound Victims","Shooting (PFE)","Shooting (PFE)","0017XX PLYMOUTH AVE N",4,"Near - North",5,44.9915,-93.30258,-10386395.6921015,5620183.19528941,1,310843,2023,5
-10381777.3774,5615581.952,"Gunshot Wound Victims","No","23-095253","MP202395253",2023-04-18,"18:11:00+00","2023/04/18 18:11:00+00","Non NIBRS Data","Non NIBRS Data","Non NIBRS Data","Gunshot Wound Victims","Gunshot Wound Victims","On Site (P)","Shooting (PFE)","0020XX ELLIOT AVE",3,"Ventura Village",6,44.96226,-93.26109,-10381777.3774456,5615581.95195485,3,310844,2023,4
-10385547.5684,5624443.0434,"Gunshot Wound Victims","No","23-107308","MP2023107308",2023-04-30,"23:25:00+00","2023/04/30 20:38:00+00","Non NIBRS Data","Non NIBRS Data","Non NIBRS Data","Gunshot Wound Victims","Gunshot Wound Victims","ShotSpotter Activation (P)","Shooting (PFE)","0012XX 35TH AVE N",4,"Folwell",4,45.01855,-93.29496,-10385547.5684425,5624443.04340198,1,310845,2023,4
-10386208.2527,5621709.0858,"Gunshot Wound Victims","No","23-115646","MP2023115646",2023-05-08,"17:56:00+00","2023/05/08 14:04:00+00","Non NIBRS Data","Non NIBRS Data","Non NIBRS Data","Gunshot Wound Victims","Gunshot Wound Victims","Shooting (PFE)","Shooting (PFE)","0016XX HILLSIDE AVE N",4,"Jordan",5,45.00119,-93.3009,-10386208.2527323,5621709.08581571,1,310846,2023,5
-10379499.0653,5613255.1872,"Gunshot Wound Victims","No","23-118254","MP2023118254",2023-05-10,"22:38:00+00","2023/05/10 22:38:00+00","Non NIBRS Data","Non NIBRS Data","Non NIBRS Data","Gunshot Wound Victims","Gunshot Wound Victims","Shooting (PFE)","Shooting (PFE)","0030XX 22ND AVE S",3,"Corcoran",9,44.94747,-93.24063,-10379499.0653323,5613255.18716876,1,310847,2023,5
-10386747.0779,5619757.9908,"Gunshot Wound Victims","No","23-121583","MP2023121583",2023-05-14,"02:44:00+00","2023/05/14 02:44:00+00","Non NIBRS Data","Non NIBRS Data","Non NIBRS Data","Gunshot Wound Victims","Gunshot Wound Victims","Shooting Report Only (P)","Shooting Report Only (P)","0011XX NEWTON AVE N",4,"Near - North",5,44.9888,-93.30574,-10386747.077872,5619757.99076698,1,310848,2023,5
-10385059.9025,5625149.8191,"Gunshot Wound Victims","No","23-137989","MP2023137989",2023-05-29,"17:45:00+00","2023/05/29 17:45:00+00","Non NIBRS Data","Non NIBRS Data","Non NIBRS Data","Gunshot Wound Victims","Gunshot Wound Victims","Shooting (PFE)","Shooting (PFE)","0037XX BRYANT AVE N",4,"McKinley",4,45.02304,-93.29058,-10385059.9024606,5625149.81912564,1,310849,2023,5
-10386180.3787,5624024.5734,"Gunshot Wound Victims","No","23-144282","MP2023144282",2023-06-04,"12:59:00+00","2023/06/04 12:59:00+00","Non NIBRS Data","Non NIBRS Data","Non NIBRS Data","Gunshot Wound Victims","Gunshot Wound Victims","Shooting (PFE)","Shooting (PFE)","0033XX JAMES AVE N",4,"Folwell",4,45.0159,-93.30065,-10386180.3787315,5624024.57344086,1,310850,2023,6
-10379530.3409,5616335.9834,"Gunshot Wound Victims","No","22-076425","MP202276425",2022-04-12,"16:51:00+00","2022/04/12 16:51:00+00","Non NIBRS Data","Non NIBRS Data","Non NIBRS Data","Gunshot Wound Victims","Gunshot Wound Victims","Shooting (PFE)","Shooting (PFE)","0006XX 22ND AVE S",1,"Cedar Riverside",2,44.96705,-93.24091,-10379530.3408783,5616335.98340013,1,310851,2022,4
-10379750.2293,5620749.8762,"Gunshot Wound Victims",NA,"19-141968","MP2019141968",2019-05-20,"00:47:00+00","2019/05/19 22:46:00+00","Non NIBRS Data","Non NIBRS Data","Non NIBRS Data","Gunshot Wound Victims","Gunshot Wound Victims",NA,NA,"0011XX SPRING ST NE",2,"Northeast Park",1,44.9951,-93.24288,-10379750.2292664,5620749.87619742,1,310852,2019,5
-10384357.8907,5613677.6263,"Gunshot Wound Victims",NA,"19-154085","MP2019154085",2019-05-31,"00:24:00+00","2019/05/30 22:55:00+00","Non NIBRS Data","Non NIBRS Data","Non NIBRS Data","Gunshot Wound Victims","Gunshot Wound Victims",NA,NA,"0029XX GRAND AVE S",5,"Whittier",10,44.95015,-93.28427,-10384357.8906687,5613677.62634943,1,310853,2019,5
-10384056.3995,5620861.677,"Gunshot Wound Victims",NA,"19-164885","MP2019164885",2019-06-08,"19:39:00+00","2019/06/08 17:56:00+00","Non NIBRS Data","Non NIBRS Data","Non NIBRS Data","Gunshot Wound Victims","Gunshot Wound Victims",NA,NA,"0016XX WASHINGTON AVE N",4,"Near - North",5,44.99581,-93.28157,-10384056.3995044,5620861.67704219,1,310854,2019,6
-10384941.9664,5621657.1554,"Gunshot Wound Victims",NA,"19-173804","MP2019173804",2019-06-16,"21:31:00+00","2019/06/16 21:31:00+00","Non NIBRS Data","Non NIBRS Data","Non NIBRS Data","Gunshot Wound Victims","Gunshot Wound Victims",NA,NA,"0021XX ALDRICH AVE N",4,"Hawthorne",5,45.00086,-93.28952,-10384941.9664195,5621657.15536339,1,310855,2019,6
-10386490.9979,5626939.7123,"Gunshot Wound Victims",NA,"19-190519","MP2019190519",2019-07-01,"01:41:00+00","2019/06/30 23:55:00+00","Non NIBRS Data","Non NIBRS Data","Non NIBRS Data","Gunshot Wound Victims","Gunshot Wound Victims",NA,NA,"0043XX LOGAN AVE N",4,"Webber - Camden",4,45.03441,-93.30344,-10386490.9979176,5626939.71230607,1,310856,2019,7
-10384602.6183,5621656.8105,"Gunshot Wound Victims",NA,"19-198032","MP2019198032",2019-07-07,"07:13:00+00","2019/07/07 03:45:00+00","Non NIBRS Data","Non NIBRS Data","Non NIBRS Data","Gunshot Wound Victims","Gunshot Wound Victims",NA,NA,"0021XX 6TH ST N",4,"Hawthorne",5,45.00086,-93.28647,-10384602.6183477,5621656.81050117,1,310857,2019,7
-10383484.8055,5617871.0411,"Gunshot Wound Victims",NA,"19-205067","MP2019205067",2019-07-13,"03:46:00+00","2019/07/13 02:02:00+00","Non NIBRS Data","Non NIBRS Data","Non NIBRS Data","Gunshot Wound Victims","Gunshot Wound Victims",NA,NA,"0008XX HENNEPIN AVE",1,"Downtown West",7,44.97681,-93.27643,-10383484.8054914,5617871.04105438,2,310858,2019,7
-10383995.6361,5621926.0497,"Gunshot Wound Victims",NA,"19-208140","MP2019208140",2019-07-16,"00:43:00+00","2019/07/15 21:30:00+00","Non NIBRS Data","Non NIBRS Data","Non NIBRS Data","Gunshot Wound Victims","Gunshot Wound Victims",NA,NA,"0002XX 23RD AVE N",4,"Hawthorne",5,45.00257,-93.28102,-10383995.6360887,5621926.04972424,1,310859,2019,7
-10385162.8358,5629148.3228,"Gunshot Wound Victims",NA,"19-215049","MP2019215049",2019-07-21,"19:49:00+00","2019/07/21 17:43:00+00","Non NIBRS Data","Non NIBRS Data","Non NIBRS Data","Gunshot Wound Victims","Gunshot Wound Victims",NA,NA,"0051XX BRYANT AVE N",4,"Lind - Bohanon",4,45.04843,-93.29151,-10385162.8358114,5629148.32278124,1,310860,2019,7
-10380238.299,5615772.5527,"Gunshot Wound Victims",NA,"19-217821","MP2019217821",2019-07-24,"03:38:00+00","2019/07/24 01:56:00+00","Non NIBRS Data","Non NIBRS Data","Non NIBRS Data","Gunshot Wound Victims","Gunshot Wound Victims",NA,NA,"0009XX CEDAR AVE S",3,"Seward",6,44.96347,-93.24727,-10380238.2990471,5615772.55265877,1,310861,2019,7
-10386674.8967,5620183.8911,"Gunshot Wound Victims",NA,"19-224595","MP2019224595",2019-07-30,"01:28:00+00","2019/07/29 21:40:00+00","Non NIBRS Data","Non NIBRS Data","Non NIBRS Data","Gunshot Wound Victims","Gunshot Wound Victims",NA,NA,"0019XX PLYMOUTH AVE N",4,"Near - North",5,44.9915,-93.30509,-10386674.8966792,5620183.89112344,1,310862,2019,7
-10383200.1745,5613742.1423,"Gunshot Wound Victims",NA,"19-236485","MP2019236485",2019-08-09,"00:29:00+00","2019/08/08 20:05:00+00","Non NIBRS Data","Non NIBRS Data","Non NIBRS Data","Gunshot Wound Victims","Gunshot Wound Victims",NA,NA,"0028XX 2ND AVE S",3,"Phillips West",6,44.95056,-93.27387,-10383200.1745306,5613742.14232738,1,310863,2019,8
-10387310.414,5624033.0556,"Gunshot Wound Victims",NA,"19-245596","MP2019245596",2019-08-16,"18:43:00+00","2019/08/16 17:58:00+00","Non NIBRS Data","Non NIBRS Data","Non NIBRS Data","Gunshot Wound Victims","Gunshot Wound Victims",NA,NA,"0033XX RUSSELL AVE N",4,"Cleveland",4,45.01595,-93.3108,-10387310.4140439,5624033.05560125,1,310864,2019,8
-10385477.1222,5624299.6748,"Gunshot Wound Victims",NA,"19-247086","MP2019247086",2019-08-18,"00:08:00+00","2019/08/17 22:42:00+00","Non NIBRS Data","Non NIBRS Data","Non NIBRS Data","Gunshot Wound Victims","Gunshot Wound Victims",NA,NA,"0034XX EMERSON AVE N",4,"Folwell",4,45.01764,-93.29433,-10385477.122197,5624299.6747655,1,310865,2019,8
-10377080.7719,5616728.1861,"Gunshot Wound Victims",NA,"19-274775","MP2019274775",2019-09-11,"04:33:00+00","2019/09/11 00:46:00+00","Non NIBRS Data","Non NIBRS Data","Non NIBRS Data","Gunshot Wound Victims","Gunshot Wound Victims",NA,NA,"000XX SAINT MARYS AVE",2,"Prospect Park - East River Road",2,44.96954,-93.2189,-10377080.7718529,5616728.18611246,1,310866,2019,9
-10380395.845,5613530.6702,"Gunshot Wound Victims",NA,"19-285435","MP2019285435",2019-09-20,"01:25:00+00","2019/09/20 01:25:00+00","Non NIBRS Data","Non NIBRS Data","Non NIBRS Data","Gunshot Wound Victims","Gunshot Wound Victims",NA,NA,"0029XX 18TH AVE S",3,"East Phillips",9,44.94922,-93.24868,-10380395.8450105,5613530.67020006,1,310867,2019,9
-10383751.7703,5617954.2495,"Gunshot Wound Victims",NA,"19-295674","MP2019295674",2019-09-28,"23:24:00+00","2019/09/28 22:21:00+00","Non NIBRS Data","Non NIBRS Data","Non NIBRS Data","Gunshot Wound Victims","Gunshot Wound Victims",NA,NA,"000XX 10TH ST N",1,"Downtown West",7,44.97734,-93.27883,-10383751.7703008,5617954.24949095,1,310868,2019,9
-10381941.2915,5615440.2167,"Gunshot Wound Victims",NA,"19-349424","MP2019349424",2019-11-24,"00:26:00+00","2019/11/23 22:30:00+00","Non NIBRS Data","Non NIBRS Data","Non NIBRS Data","Gunshot Wound Victims","Gunshot Wound Victims",NA,NA,"0021XX CHICAGO AVE",3,"Ventura Village",6,44.96136,-93.26257,-10381941.2914788,5615440.21670984,1,310869,2019,11
-10382165.7537,5613394.5334,"Gunshot Wound Victims",NA,"20-003351","MP20203351",2020-01-04,"20:47:00+00","2020/01/04 20:00:00+00","Non NIBRS Data","Non NIBRS Data","Non NIBRS Data","Gunshot Wound Victims","Gunshot Wound Victims",NA,NA,"0007XX LAKE ST E",3,"Phillips West",6,44.94835,-93.26458,-10382165.7537019,5613394.53343756,2,310870,2020,1
-10386724.3643,5629156.5607,"Gunshot Wound Victims",NA,"20-029228","MP202029228",2020-02-02,"09:26:00+00","2020/02/02 09:26:00+00","Non NIBRS Data","Non NIBRS Data","Non NIBRS Data","Gunshot Wound Victims","Gunshot Wound Victims",NA,NA,"0051XX MORGAN AVE N",4,"Shingle Creek",4,45.04848,-93.30553,-10386724.3643214,5629156.56070603,1,310871,2020,2
-10385446.3872,5628861.2298,"Gunshot Wound Victims","No","22-082511","MP202282511",2022-04-20,"16:48:00+00","2022/04/20 16:48:00+00","Non NIBRS Data","Non NIBRS Data","Non NIBRS Data","Gunshot Wound Victims","Gunshot Wound Victims","Sound of Shots Fired (P)","Shooting (PFE)","0050XX DUPONT AVE N",4,"Lind - Bohanon",4,45.0466,-93.29405,-10385446.3871712,5628861.22984061,1,310872,2022,4
-10385301.3196,5608013.1512,"Gunshot Wound Victims",NA,"20-054527","MP202054527",2020-02-29,"14:57:00+00","2020/02/29 08:40:00+00","Non NIBRS Data","Non NIBRS Data","Non NIBRS Data","Gunshot Wound Victims","Gunshot Wound Victims",NA,NA,"0010XX 49TH ST W",5,"Tangletown",11,44.91413,-93.29275,-10385301.31962,5608013.15123983,1,310873,2020,2
-10386180.3787,5624024.5734,"Gunshot Wound Victims","No","22-088411","MP202288411",2022-04-27,"17:59:00+00","2022/04/27 17:59:00+00","Non NIBRS Data","Non NIBRS Data","Non NIBRS Data","Gunshot Wound Victims","Gunshot Wound Victims","ShotSpotter Activation (P)","Shooting (PFE)","0033XX JAMES AVE N",4,"Folwell",4,45.0159,-93.30065,-10386180.3787315,5624024.57344086,1,310874,2022,4
-10376806.0015,5620050.6285,"Gunshot Wound Victims","No","22-091376","MP202291376",2022-05-01,"02:50:00+00","2022/05/01 02:50:00+00","Non NIBRS Data","Non NIBRS Data","Non NIBRS Data","Gunshot Wound Victims","Gunshot Wound Victims","Sound of Shots Fired (P)","Shooting (PFE)","0011XX 26TH AVE SE",2,"Como",1,44.99066,-93.21643,-10376806.001473,5620050.62848014,2,310875,2022,5
-10378775.3538,5618956.8622,"Gunshot Wound Victims","No","22-104178","MP2022104178",2022-05-15,"13:01:00+00","2022/05/15 11:24:00+00","Non NIBRS Data","Non NIBRS Data","Non NIBRS Data","Gunshot Wound Victims","Gunshot Wound Victims","Shooting (PFE)","Shooting (PFE)","0013XX 7TH ST SE",2,"Como",2,44.98371,-93.23413,-10378775.3537884,5618956.86220444,1,310876,2022,5
-10386892.6234,5618706.7477,"Gunshot Wound Victims","No","22-105926","MP2022105926",2022-05-17,"16:23:00+00","2022/05/17 14:29:00+00","Non NIBRS Data","Non NIBRS Data","Non NIBRS Data","Gunshot Wound Victims","Gunshot Wound Victims","Sound of Shots Fired (P)","Shooting (PFE)","0004XX OLIVER AVE N",4,"Harrison",5,44.98212,-93.30704,-10386892.6234405,5618706.74766653,1,310877,2022,5
-10383484.8055,5617871.0411,"Gunshot Wound Victims","Yes","22-109745","MP2022109745",2022-05-21,"21:31:00+00","2022/05/21 19:08:00+00","Non NIBRS Data","Non NIBRS Data","Non NIBRS Data","Gunshot Wound Victims","Gunshot Wound Victims","On Site (P)","Sound of Shots Fired (P)","0008XX HENNEPIN AVE",1,"Downtown West",7,44.97681,-93.27643,-10383484.8054914,5617871.04105438,1,310878,2022,5
-10380747.1898,5612824.6155,"Gunshot Wound Victims","No","22-116659","MP2022116659",2022-05-29,"20:35:00+00","2022/05/29 19:45:00+00","Non NIBRS Data","Non NIBRS Data","Non NIBRS Data","Gunshot Wound Victims","Gunshot Wound Victims","Sound of Shots Fired (P)~PD","Shooting (PFE)","0015XX 32ND ST E",3,"East Phillips",9,44.94473,-93.25184,-10380747.1897739,5612824.61552647,1,310879,2022,5
-10387164.7151,5621971.2477,"Gunshot Wound Victims","No","23-113843","MP2023113843",2023-05-07,"01:12:00+00","2023/05/07 01:12:00+00","Non NIBRS Data","Non NIBRS Data","Non NIBRS Data","Gunshot Wound Victims","Gunshot Wound Victims","Shooting (PFE)","Shooting (PFE)","0023XX QUEEN AVE N",4,"Willard - Hay",5,45.00286,-93.30949,-10387164.7150537,5621971.24766883,1,310880,2023,5
-10386671.9747,5621325.085,"Gunshot Wound Victims","No","23-128707","MP2023128707",2023-05-20,"21:52:00+00","2023/05/20 21:25:00+00","Non NIBRS Data","Non NIBRS Data","Non NIBRS Data","Gunshot Wound Victims","Gunshot Wound Victims","Shooting Report Only (P)","Shooting Report Only (P)","0019XX GOLDEN VALLEY RD",4,"Willard - Hay",5,44.99875,-93.30506,-10386671.9747318,5621325.08504482,1,310881,2023,5
-10383906.4138,5622275.2002,"Gunshot Wound Victims","No","23-129038","MP2023129038",2023-05-21,"03:55:00+00","2023/05/21 03:50:00+00","Non NIBRS Data","Non NIBRS Data","Non NIBRS Data","Gunshot Wound Victims","Gunshot Wound Victims","Shooting (PFE)","Shooting (PFE)","0025XX 2ND ST N",4,"Hawthorne",5,45.00479,-93.28022,-10383906.4138205,5622275.20017151,1,310882,2023,5
-10378826.6853,5619750.9437,"Gunshot Wound Victims","Yes","23-139853","MP2023139853",2023-05-31,"12:46:00+00","2023/05/31 12:40:00+00","Non NIBRS Data","Non NIBRS Data","Non NIBRS Data","Gunshot Wound Victims","Gunshot Wound Victims","Shooting Report Only (P)","Shooting Report Only (P)","0010XX 12TH AVE SE",2,"Como",1,44.98875,-93.23459,-10378826.685312,5619750.94370466,1,310883,2023,5
-10381944.0294,5614664.5705,"Gunshot Wound Victims","No","23-145959","MP2023145959",2023-06-06,"02:57:00+00","2023/06/06 00:58:00+00","Non NIBRS Data","Non NIBRS Data","Non NIBRS Data","Gunshot Wound Victims","Gunshot Wound Victims","Shooting Report Only (P)","Shooting Report Only (P)","0025XX CHICAGO AVE",3,"Midtown Phillips",9,44.95643,-93.26259,-10381944.0294104,5614664.57047208,1,310884,2023,6
-10385054.2078,5623162.3236,"Gunshot Wound Victims","No","23-162972","MP2023162972",2023-06-22,"17:03:00+00","2023/06/22 16:56:00+00","Non NIBRS Data","Non NIBRS Data","Non NIBRS Data","Gunshot Wound Victims","Gunshot Wound Victims","Sound of Shots Fired (P)","Shooting (PFE)","0029XX BRYANT AVE N",4,"Hawthorne",5,45.01042,-93.29053,-10385054.2077601,5623162.32364997,1,310885,2023,6
-10384483.5595,5625860.8754,"Gunshot Wound Victims","No","23-172781","MP2023172781",2023-07-01,"23:12:00+00","2023/07/01 23:12:00+00","Non NIBRS Data","Non NIBRS Data","Non NIBRS Data","Gunshot Wound Victims","Gunshot Wound Victims","Domestic with Weapons (P)","Shooting (PFE)","0004XX 40TH AVE N",4,"Webber - Camden",4,45.02756,-93.2854,-10384483.5595457,5625860.87542079,1,310886,2023,7
-10386671.9747,5621325.085,"Gunshot Wound Victims","Yes","23-151000","MP2023151000",2023-06-10,"20:23:00+00","2023/06/10 19:25:00+00","Non NIBRS Data","Non NIBRS Data","Non NIBRS Data","Gunshot Wound Victims","Gunshot Wound Victims","Shooting Report Only (P)","Shooting Report Only (P)","0019XX GOLDEN VALLEY RD",4,"Willard - Hay",5,44.99875,-93.30506,-10386671.9747318,5621325.08504482,1,310887,2023,6
-10385205.1711,5614101.256,"Gunshot Wound Victims","No","23-151345","MP2023151345",2023-06-11,"02:00:00+00","2023/06/11 02:00:00+00","Non NIBRS Data","Non NIBRS Data","Non NIBRS Data","Gunshot Wound Victims","Gunshot Wound Victims","Shooting (PFE)","Shooting (PFE)","0027XX COLFAX AVE S",5,"Lowry Hill East",10,44.95285,-93.29189,-10385205.1710665,5614101.25598965,1,310888,2023,6
-10386089.9853,5619604.4463,"Gunshot Wound Victims","No","23-154198","MP2023154198",2023-06-13,"21:53:00+00","2023/06/13 21:50:00+00","Non NIBRS Data","Non NIBRS Data","Non NIBRS Data","Gunshot Wound Victims","Gunshot Wound Victims","Shooting (PFE)","Shooting (PFE)","0010XX IRVING AVE N",4,"Near - North",5,44.98782,-93.29983,-10386089.9852667,5619604.44629286,1,310889,2023,6
-10384483.5595,5625860.8754,"Gunshot Wound Victims","No","23-160360","MP2023160360",2023-06-20,"01:52:00+00","2023/06/20 00:07:00+00","Non NIBRS Data","Non NIBRS Data","Non NIBRS Data","Gunshot Wound Victims","Gunshot Wound Victims","Shooting (PFE)","Shooting (PFE)","0004XX 40TH AVE N",4,"Webber - Camden",4,45.02756,-93.2854,-10384483.5595457,5625860.87542079,1,310890,2023,6
-10382366.2133,5616354.266,"Gunshot Wound Victims","No","23-167689","MP2023167689",2023-06-27,"08:25:00+00","2023/06/27 08:20:00+00","Non NIBRS Data","Non NIBRS Data","Non NIBRS Data","Gunshot Wound Victims","Gunshot Wound Victims","Shooting (PFE)","Shooting (PFE)","0006XX 16TH ST E",1,"Elliot Park",6,44.96717,-93.26638,-10382366.2133365,5616354.26600099,1,310891,2023,6
-10380204.6023,5615637.1687,"Gunshot Wound Victims","No","23-174632","MP2023174632",2023-07-03,"21:29:00+00","2023/07/03 19:56:00+00","Non NIBRS Data","Non NIBRS Data","Non NIBRS Data","Gunshot Wound Victims","Gunshot Wound Victims","Shooting (PFE)","Shooting (PFE)","0018XX FRANKLIN AVE E",3,"Seward",6,44.96261,-93.24696,-10380204.602276,5615637.16874772,2,310892,2023,7
-10386208.2527,5621709.0858,"Gunshot Wound Victims","No","23-187926","MP2023187926",2023-07-17,"03:40:00+00","2023/07/17 03:30:00+00","Non NIBRS Data","Non NIBRS Data","Non NIBRS Data","Gunshot Wound Victims","Gunshot Wound Victims","Unknown Trouble (P)","Shooting (PFE)","0016XX HILLSIDE AVE N",4,"Jordan",5,45.00119,-93.3009,-10386208.2527323,5621709.08581571,1,310893,2023,7
-10380107.8816,5612416.0554,"Gunshot Wound Victims",NA,"20-067655","MP202067655",2020-03-13,"14:38:00+00","2020/03/13 14:00:00+00","Non NIBRS Data","Non NIBRS Data","Non NIBRS Data","Gunshot Wound Victims","Gunshot Wound Victims",NA,NA,"0033XX LONGFELLOW AVE",3,"Corcoran",9,44.94213,-93.2461,-10380107.8816005,5612416.05541898,1,310894,2020,3
-10385918.5501,5620942.8512,"Gunshot Wound Victims",NA,"20-077257","MP202077257",2020-03-23,"22:14:00+00","2020/03/23 18:52:00+00","Non NIBRS Data","Non NIBRS Data","Non NIBRS Data","Gunshot Wound Victims","Gunshot Wound Victims",NA,NA,"0014XX 17TH AVE N",4,"Near - North",5,44.99632,-93.29829,-10385918.5501127,5620942.85121837,1,310895,2020,3
-10380393.303,5616928.6815,"Gunshot Wound Victims",NA,"20-102516","MP2020102516",2020-04-19,"13:34:00+00","2020/04/19 11:50:00+00","Non NIBRS Data","Non NIBRS Data","Non NIBRS Data","Gunshot Wound Victims","Gunshot Wound Victims",NA,NA,"0015XX 4TH ST S",1,"Cedar Riverside",6,44.97082,-93.24866,-10380393.3029583,5616928.68145733,1,310896,2020,4
-10384578.4753,5612002.3136,"Gunshot Wound Victims",NA,"20-122648","MP2020122648",2020-05-08,"21:10:00+00","2020/05/08 18:00:00+00","Non NIBRS Data","Non NIBRS Data","Non NIBRS Data","Gunshot Wound Victims","Gunshot Wound Victims",NA,NA,"0005XX 35TH ST W",5,"Lyndale",8,44.9395,-93.28626,-10384578.4752756,5612002.31355797,1,310897,2020,5
-10385757.0852,5623167.5502,"Gunshot Wound Victims",NA,"20-134141","MP2020134141",2020-05-20,"03:58:00+00","2020/05/20 00:24:00+00","Non NIBRS Data","Non NIBRS Data","Non NIBRS Data","Gunshot Wound Victims","Gunshot Wound Victims",NA,NA,"0029XX GIRARD AVE N",4,"Jordan",5,45.01045,-93.29684,-10385757.0852173,5623167.55022327,1,310898,2020,5
-10381807.8219,5613961.0113,"Gunshot Wound Victims",NA,"20-142051","MP2020142051",2020-05-27,"03:19:00+00","2020/05/27 03:00:00+00","Non NIBRS Data","Non NIBRS Data","Non NIBRS Data","Gunshot Wound Victims","Gunshot Wound Victims",NA,NA,"0009XX 28TH ST E",3,"Midtown Phillips",9,44.95196,-93.26137,-10381807.8219322,5613961.01130238,1,310899,2020,5
-10380594.8865,5615373.2442,"Gunshot Wound Victims","No","24-118939","MP2024118939",2024-05-05,"00:38:00+00","2024/05/05 00:38:00+00","Non NIBRS Data","Non NIBRS Data","Non NIBRS Data","Gunshot Wound Victims","Gunshot Wound Victims","Shooting (PFE)","Shooting (PFE)","0016XX 22ND ST E",3,"Seward",6,44.96093,-93.25047,-10380594.8864894,5615373.24420538,2,310900,2024,5
-10381948.3621,5614100.7576,"Gunshot Wound Victims","No","24-125053","MP2024125053",2024-05-10,"17:26:00+00","2024/05/10 17:26:00+00","Non NIBRS Data","Non NIBRS Data","Non NIBRS Data","Gunshot Wound Victims","Gunshot Wound Victims","Shooting (PFE)","Shooting (PFE)","0027XX CHICAGO AVE",3,"Phillips West",6,44.95284,-93.26263,-10381948.3620974,5614100.75763474,1,310901,2024,5
-10383940.3066,5613393.4596,"Gunshot Wound Victims","No","24-131425","MP2024131425",2024-05-16,"14:15:00+00","2024/05/16 14:15:00+00","Non NIBRS Data","Non NIBRS Data","Non NIBRS Data","Gunshot Wound Victims","Gunshot Wound Victims","Shooting (PFE)","Shooting (PFE)","0001XX LAKE ST W",5,"Whittier",10,44.94835,-93.28052,-10383940.3065747,5613393.45964733,1,310902,2024,5
-10385756.5195,5622885.2521,"Gunshot Wound Victims","No","24-149041","MP2024149041",2024-06-01,"22:19:00+00","2024/06/01 22:19:00+00","Non NIBRS Data","Non NIBRS Data","Non NIBRS Data","Gunshot Wound Victims","Gunshot Wound Victims","Shooting (PFE)","Shooting (PFE)","0028XX GIRARD AVE N",4,"Jordan",5,45.00866,-93.29684,-10385756.5194506,5622885.25209399,1,310903,2024,6
-10385282.5494,5622367.8627,"Gunshot Wound Victims","No","24-160196","MP2024160196",2024-06-12,"23:31:00+00","2024/06/12 22:20:00+00","Non NIBRS Data","Non NIBRS Data","Non NIBRS Data","Gunshot Wound Victims","Gunshot Wound Victims","ShotSpotter Activation (P)","Shooting (PFE)","0025XX DUPONT AVE N",4,"Hawthorne",5,45.00538,-93.29258,-10385282.5493949,5622367.86268932,1,310904,2024,6
-10382234.8151,5613676.7068,"Gunshot Wound Victims","No","24-163007","MP2024163007",2024-06-15,"20:13:00+00","2024/06/15 18:07:00+00","Non NIBRS Data","Non NIBRS Data","Non NIBRS Data","Gunshot Wound Victims","Gunshot Wound Victims","Sound of Shots Fired (P)","Shooting (PFE)","0028XX PARK AVE",3,"Phillips West",6,44.95015,-93.2652,-10382234.8151401,5613676.70683913,1,310905,2024,6
-10381184.4938,5616474.3222,"Gunshot Wound Victims","No","24-178905","MP2024178905",2024-06-30,"19:42:00+00","2024/06/30 19:37:00+00","Non NIBRS Data","Non NIBRS Data","Non NIBRS Data","Gunshot Wound Victims","Gunshot Wound Victims","Shooting Report Only (P)","Shooting (PFE)","0008XX 13TH AVE S",1,"Elliot Park",6,44.96793,-93.25577,-10381184.4938317,5616474.32216328,2,310906,2024,6
-10386532.2024,5623318.0046,"Gunshot Wound Victims","No","24-097708","MP202497708",2024-04-14,"10:35:00+00","2024/04/14 08:52:00+00","Non NIBRS Data","Non NIBRS Data","Non NIBRS Data","Gunshot Wound Victims","Gunshot Wound Victims","Shooting (PFE)","Shooting (PFE)","0019XX 30TH AVE N",4,"Folwell",4,45.01141,-93.30381,-10386532.2024439,5623318.00458391,3,310907,2024,4
-10386044.5238,5620683.7077,"Gunshot Wound Victims","No","24-117579","MP2024117579",2024-05-04,"04:05:00+00","2024/05/03 20:37:00+00","Non NIBRS Data","Non NIBRS Data","Non NIBRS Data","Gunshot Wound Victims","Gunshot Wound Victims","ShotSpotter Activation (P)","Shooting (PFE)","0015XX IRVING AVE N",4,"Willard - Hay",5,44.99468,-93.29943,-10386044.5237874,5620683.70765332,1,310908,2024,5
-10387110.5616,5618790.6731,"Gunshot Wound Victims","No","24-132160","MP2024132160",2024-05-17,"05:24:00+00","2024/05/17 04:43:00+00","Non NIBRS Data","Non NIBRS Data","Non NIBRS Data","Gunshot Wound Victims","Gunshot Wound Victims","Shooting (PFE)","Shooting (PFE)","0022XX 5TH AVE N",4,"Harrison",5,44.98265,-93.309,-10387110.5615981,5618790.67307276,1,310909,2024,5
-10381830.5614,5621919.1973,"Gunshot Wound Victims","Yes","24-141214","MP2024141214",2024-05-25,"03:11:00+00","2024/05/25 01:45:00+00","Non NIBRS Data","Non NIBRS Data","Non NIBRS Data","Gunshot Wound Victims","Gunshot Wound Victims","Shooting Report Only (P)","Shooting Report Only (P)","0014XX 4TH ST NE",2,"Sheridan",3,45.00253,-93.26157,-10381830.5614309,5621919.19733593,1,310910,2024,5
-10386180.3787,5624024.5734,"Gunshot Wound Victims","No","24-148440","MP2024148440",2024-06-01,"12:47:00+00","2024/06/01 11:30:00+00","Non NIBRS Data","Non NIBRS Data","Non NIBRS Data","Gunshot Wound Victims","Gunshot Wound Victims","Shooting (PFE)","Shooting (PFE)","0033XX JAMES AVE N",4,"Folwell",4,45.0159,-93.30065,-10386180.3787315,5624024.57344086,1,310911,2024,6
-10382234.8151,5613676.7068,"Gunshot Wound Victims","No","24-151365","MP2024151365",2024-06-04,"05:24:00+00","2024/06/04 04:55:00+00","Non NIBRS Data","Non NIBRS Data","Non NIBRS Data","Gunshot Wound Victims","Gunshot Wound Victims","Shooting (PFE)","Shooting (PFE)","0028XX PARK AVE",3,"Phillips West",6,44.95015,-93.2652,-10382234.8151401,5613676.70683913,1,310912,2024,6
-10382011.365,5616050.5556,"Gunshot Wound Victims","No","23-209704","MP2023209704",2023-08-08,"00:00:00+00","2023/08/08 00:00:00+00","Non NIBRS Data","Non NIBRS Data","Non NIBRS Data","Gunshot Wound Victims","Gunshot Wound Victims","Shooting (PFE)","Shooting (PFE)","0007XX 18TH ST E",3,"Ventura Village",6,44.96524,-93.26319,-10382011.3649798,5616050.55561946,3,310913,2023,8
-10382092.3994,5613676.6806,"Gunshot Wound Victims","No","24-154030","MP2024154030",2024-06-06,"20:02:00+00","2024/06/06 18:15:00+00","Non NIBRS Data","Non NIBRS Data","Non NIBRS Data","Gunshot Wound Victims","Gunshot Wound Victims","ShotSpotter Activation (P)","Shooting (PFE)","0028XX COLUMBUS AVE",3,"Phillips West",6,44.95015,-93.26392,-10382092.3994341,5613676.68063662,1,310914,2024,6
-10386744.8963,5624030.1724,"Gunshot Wound Victims","No","24-167193","MP2024167193",2024-06-20,"02:40:00+00","2024/06/20 02:40:00+00","Non NIBRS Data","Non NIBRS Data","Non NIBRS Data","Gunshot Wound Victims","Gunshot Wound Victims","Shooting Report Only (P)","Shooting Report Only (P)","0033XX NEWTON AVE N",4,"Folwell",4,45.01593,-93.30572,-10386744.8963446,5624030.1724301,1,310915,2024,6
-10381244.887,5613253.5335,"Gunshot Wound Victims","No","22-117215","MP2022117215",2022-05-30,"13:37:00+00","2022/05/30 13:35:00+00","Non NIBRS Data","Non NIBRS Data","Non NIBRS Data","Gunshot Wound Victims","Gunshot Wound Victims","ShotSpotter Activation (P)","Shooting (PFE)","0030XX 13TH AVE S",3,"Powderhorn Park",9,44.94746,-93.25631,-10381244.8870021,5613253.53345264,1,310916,2022,5
-10382978.5305,5618383.6276,"Gunshot Wound Victims","Yes","24-141141","MP2024141141",2024-05-25,"01:04:00+00","2024/05/25 01:04:00+00","Non NIBRS Data","Non NIBRS Data","Non NIBRS Data","Gunshot Wound Victims","Gunshot Wound Victims","Shooting (PFE)","Shooting (PFE)","0004XX HENNEPIN AVE",1,"Downtown West",7,44.98006,-93.27188,-10382978.5305231,5618383.62758409,1,310917,2024,5
-10385708.2099,5621932.3709,"Gunshot Wound Victims","No","22-118319","MP2022118319",2022-05-31,"06:56:00+00","2022/05/31 02:00:00+00","Non NIBRS Data","Non NIBRS Data","Non NIBRS Data","Gunshot Wound Victims","Gunshot Wound Victims","Sound of Shots Fired (P)~PD","Shooting (PFE)","0012XX 23RD AVE N",4,"Jordan",5,45.00261,-93.2964,-10385708.2098747,5621932.37089891,1,310918,2022,5
-10386747.4699,5624883.2796,"Gunshot Wound Victims","No","24-148842","MP2024148842",2024-06-01,"18:45:00+00","2024/06/01 18:45:00+00","Non NIBRS Data","Non NIBRS Data","Non NIBRS Data","Gunshot Wound Victims","Gunshot Wound Victims","Shooting (PFE)","Shooting (PFE)","0036XX NEWTON AVE N",4,"Folwell",4,45.02135,-93.30574,-10386747.4698802,5624883.27956364,1,310919,2024,6
-10380386.022,5614949.211,"Gunshot Wound Victims","No","22-122383","MP2022122383",2022-06-04,"21:52:00+00","2022/06/04 21:49:00+00","Non NIBRS Data","Non NIBRS Data","Non NIBRS Data","Gunshot Wound Victims","Gunshot Wound Victims","Sound of Shots Fired (P)","Shooting (PFE)","0024XX 18TH AVE S",3,"East Phillips",9,44.95824,-93.24859,-10380386.0220257,5614949.21102248,1,310920,2022,6
-10387448.431,5622043.0137,"Gunshot Wound Victims","No","22-123215","MP2022123215",2022-06-06,"00:07:00+00","2022/06/05 20:44:00+00","Non NIBRS Data","Non NIBRS Data","Non NIBRS Data","Gunshot Wound Victims","Gunshot Wound Victims","Shooting Report Only (P)","Shooting Report Only (P)","0023XX SHERIDAN AVE N",4,"Willard - Hay",5,45.00331,-93.31204,-10387448.4310154,5622043.01373947,1,310921,2022,6
-10384941.9664,5621657.1554,"Gunshot Wound Victims","Yes","22-132025","MP2022132025",2022-06-15,"00:08:00+00","2022/06/14 23:30:00+00","Non NIBRS Data","Non NIBRS Data","Non NIBRS Data","Gunshot Wound Victims","Gunshot Wound Victims","Shooting Report Only (P)","Shooting Report Only (P)","0021XX ALDRICH AVE N",4,"Hawthorne",5,45.00086,-93.28952,-10384941.9664195,5621657.15536339,1,310922,2022,6
-10382519.263,5618205.205,"Gunshot Wound Victims","Yes","22-132083","MP2022132083",2022-06-15,"03:18:00+00","2022/06/15 01:59:00+00","Non NIBRS Data","Non NIBRS Data","Non NIBRS Data","Gunshot Wound Victims","Gunshot Wound Victims","On Site (P)","Shooting (PFE)","0001XX 4TH ST S",1,"Downtown West",7,44.97893,-93.26776,-10382519.2630205,5618205.20498239,1,310923,2022,6
-10377668.8109,5605588.9224,"Gunshot Wound Victims","No","22-138646","MP2022138646",2022-06-22,"01:14:00+00","2022/06/22 01:10:00+00","Non NIBRS Data","Non NIBRS Data","Non NIBRS Data","Gunshot Wound Victims","Gunshot Wound Victims","Sound of Shots Fired (P)","Shooting (PFE)","0057XX 33RD AVE S",3,"Wenonah",11,44.89871,-93.22419,-10377668.8109193,5605588.92244843,1,310924,2022,6
-10381777.3774,5615581.952,"Gunshot Wound Victims","No","23-179352","MP2023179352",2023-07-08,"10:11:00+00","2023/07/08 07:25:00+00","Non NIBRS Data","Non NIBRS Data","Non NIBRS Data","Gunshot Wound Victims","Gunshot Wound Victims","Sound of Shots Fired (P)","Shooting (PFE)","0020XX ELLIOT AVE",3,"Ventura Village",6,44.96226,-93.26109,-10381777.3774456,5615581.95195485,1,310925,2023,7
-10383438.5053,5612861.0979,"Gunshot Wound Victims","No","23-182058","MP2023182058",2023-07-11,"05:40:00+00","2023/07/11 00:00:00+00","Non NIBRS Data","Non NIBRS Data","Non NIBRS Data","Gunshot Wound Victims","Gunshot Wound Victims","Shooting Report Only (P)","Shooting Report Only (P)","0001XX 32ND ST E",5,"Lyndale",8,44.94496,-93.27602,-10383438.5052612,5612861.09789982,1,310926,2023,7
-10385897.5957,5622886.8379,"Gunshot Wound Victims","No","23-190877","MP2023190877",2023-07-20,"03:40:00+00","2023/07/20 03:00:00+00","Non NIBRS Data","Non NIBRS Data","Non NIBRS Data","Gunshot Wound Victims","Gunshot Wound Victims","Shooting (PFE)","Shooting (PFE)","0028XX HUMBOLDT AVE N",4,"Jordan",5,45.00867,-93.29811,-10385897.5957173,5622886.83785103,1,310927,2023,7
-10383630.6244,5616881.2438,"Gunshot Wound Victims","No","24-158698","MP2024158698",2024-06-11,"10:45:00+00","2024/06/11 10:43:00+00","Non NIBRS Data","Non NIBRS Data","Non NIBRS Data","Gunshot Wound Victims","Gunshot Wound Victims","Shooting (PFE)","Shooting (PFE)","0013XX NICOLLET MALL",1,"Loring Park",7,44.97052,-93.27774,-10383630.6243561,5616881.24380765,1,310928,2024,6
-10384912.9191,5622878.8155,"Gunshot Wound Victims","No","23-194511","MP2023194511",2023-07-23,"18:22:00+00","2023/07/23 18:22:00+00","Non NIBRS Data","Non NIBRS Data","Non NIBRS Data","Gunshot Wound Victims","Gunshot Wound Victims","Shooting (PFE)","Shooting (PFE)","0028XX ALDRICH AVE N",4,"Hawthorne",5,45.00862,-93.28926,-10384912.9191371,5622878.8154978,1,310929,2023,7
-10385547.5684,5624443.0434,"Gunshot Wound Victims","No","24-170442","MP2024170442",2024-06-23,"02:05:00+00","2024/06/23 00:03:00+00","Non NIBRS Data","Non NIBRS Data","Non NIBRS Data","Gunshot Wound Victims","Gunshot Wound Victims","Shooting (PFE)","Shooting (PFE)","0012XX 35TH AVE N",4,"Folwell",4,45.01855,-93.29496,-10385547.5684425,5624443.04340198,1,310930,2024,6
-10382128.2928,5615369.4217,"Gunshot Wound Victims","No","24-176316","MP2024176316",2024-06-28,"18:02:00+00","2024/06/28 16:05:00+00","Non NIBRS Data","Non NIBRS Data","Non NIBRS Data","Gunshot Wound Victims","Gunshot Wound Victims","Sound of Shots Fired (P)~PD","Shooting (PFE)","0007XX 22ND ST E",3,"Ventura Village",6,44.96091,-93.26425,-10382128.2928162,5615369.42173842,1,310931,2024,6
-10385477.0745,5623445.7249,"Gunshot Wound Victims","No","23-196950","MP2023196950",2023-07-26,"05:26:00+00","2023/07/26 03:36:00+00","Non NIBRS Data","Non NIBRS Data","Non NIBRS Data","Gunshot Wound Victims","Gunshot Wound Victims","ShotSpotter Activation (P)","Shooting (PFE)","0031XX EMERSON AVE N",4,"Hawthorne",5,45.01222,-93.29433,-10385477.074484,5623445.72487831,2,310932,2023,7
-10383906.4138,5622275.2002,"Gunshot Wound Victims","No","23-201130","MP2023201130",2023-07-30,"04:23:00+00","2023/07/30 04:23:00+00","Non NIBRS Data","Non NIBRS Data","Non NIBRS Data","Gunshot Wound Victims","Gunshot Wound Victims","Shooting (PFE)","Shooting (PFE)","0025XX 2ND ST N",4,"Hawthorne",5,45.00479,-93.28022,-10383906.4138205,5622275.20017151,1,310933,2023,7
-10381777.3774,5615581.952,"Gunshot Wound Victims","No","24-182180","MP2024182180",2024-07-03,"20:22:00+00","2024/07/03 20:22:00+00","Non NIBRS Data","Non NIBRS Data","Non NIBRS Data","Gunshot Wound Victims","Gunshot Wound Victims","ShotSpotter Activation (P)","Shooting (PFE)","0020XX ELLIOT AVE",3,"Ventura Village",6,44.96226,-93.26109,-10381777.3774456,5615581.95195485,1,310934,2024,7
-10387028.5493,5624601.3691,"Gunshot Wound Victims","No","23-207521","MP2023207521",2023-08-05,"19:03:00+00","2023/08/05 19:03:00+00","Non NIBRS Data","Non NIBRS Data","Non NIBRS Data","Gunshot Wound Victims","Gunshot Wound Victims","Stabbing (PE)","Shooting (PFE)","0035XX PENN AVE N",4,"Folwell",4,45.01956,-93.30827,-10387028.5493165,5624601.36905374,1,310935,2023,8
-10387596.0654,5619836.0554,"Gunshot Wound Victims","No","23-210758","MP2023210758",2023-08-09,"00:01:00+00","2023/08/09 00:01:00+00","Non NIBRS Data","Non NIBRS Data","Non NIBRS Data","Gunshot Wound Victims","Gunshot Wound Victims","Shooting (PFE)","Shooting (PFE)","0010XX THOMAS AVE N",4,"Willard - Hay",5,44.98929,-93.31336,-10387596.0654165,5619836.05541105,1,310936,2023,8
-10387555.5317,5626779.2742,"Gunshot Wound Victims","No","23-214737","MP2023214737",2023-08-12,"22:19:00+00","2023/08/12 16:50:00+00","Non NIBRS Data","Non NIBRS Data","Non NIBRS Data","Gunshot Wound Victims","Gunshot Wound Victims","Shooting Report Only (P)","Shooting Report Only (P)","0025XX 43RD AVE N",4,"Victory",4,45.03339,-93.313,-10387555.531678,5626779.27423025,1,310937,2023,8
-10383638.8954,5616402.5245,"Gunshot Wound Victims","No","23-215891","MP2023215891",2023-08-13,"20:15:00+00","2023/08/13 20:15:00+00","Non NIBRS Data","Non NIBRS Data","Non NIBRS Data","Gunshot Wound Victims","Gunshot Wound Victims","Sound of Shots Fired (P)","Shooting (PFE)","0015XX NICOLLET AVE",1,"Loring Park",7,44.96747,-93.27782,-10383638.8954282,5616402.52450711,3,310938,2023,8
-10383156.6912,5613394.6656,"Gunshot Wound Victims","No","23-222301","MP2023222301",2023-08-20,"05:17:00+00","2023/08/20 01:57:00+00","Non NIBRS Data","Non NIBRS Data","Non NIBRS Data","Gunshot Wound Victims","Gunshot Wound Victims","Shooting (PFE)","Shooting (PFE)","0002XX LAKE ST E",3,"Central",8,44.94835,-93.27348,-10383156.6911799,5613394.66556264,1,310939,2023,8
-10385112.2853,5622191.0188,"Gunshot Wound Victims","No","23-226254","MP2023226254",2023-08-23,"23:31:00+00","2023/08/06 23:31:00+00","Non NIBRS Data","Non NIBRS Data","Non NIBRS Data","Gunshot Wound Victims","Gunshot Wound Victims","Shooting Report Only (P)","Shooting Report Only (P)","0024XX BRYANT AVE N",4,"Hawthorne",5,45.00425,-93.29105,-10385112.285265,5622191.01878098,1,310940,2023,8
-10380939.9438,5618121.8076,"Gunshot Wound Victims","No","23-234359","MP2023234359",2023-09-01,"01:42:00+00","2023/09/01 00:25:00+00","Non NIBRS Data","Non NIBRS Data","Non NIBRS Data","Gunshot Wound Victims","Gunshot Wound Victims","Shooting (PFE)","Shooting (PFE)","0010XX WEST RIVER PKWY",1,"Downtown East",3,44.9784,-93.25357,-10380939.9438166,5618121.80757102,1,310941,2023,9
-10386744.8963,5624030.1724,"Gunshot Wound Victims","No","23-238379","MP2023238379",2023-09-05,"00:27:00+00","2023/09/04 10:59:00+00","Non NIBRS Data","Non NIBRS Data","Non NIBRS Data","Gunshot Wound Victims","Gunshot Wound Victims","Shooting (PFE)","Shooting (PFE)","0033XX NEWTON AVE N",4,"Folwell",4,45.01593,-93.30572,-10386744.8963446,5624030.1724301,1,310942,2023,9
-10384773.3801,5615510.9303,"Gunshot Wound Victims","No","23-250059","MP2023250059",2023-09-17,"03:41:00+00","2023/09/17 01:26:00+00","Non NIBRS Data","Non NIBRS Data","Non NIBRS Data","Gunshot Wound Victims","Gunshot Wound Victims","Shooting (PFE)","Shooting (PFE)","0021XX LYNDALE AVE S",5,"Whittier",10,44.96181,-93.28801,-10384773.3800872,5615510.93029615,1,310943,2023,9
-10383221.242,5614381.5922,"Gunshot Wound Victims","No","22-143710","MP2022143710",2022-06-27,"13:06:00+00","2022/06/27 13:06:00+00","Non NIBRS Data","Non NIBRS Data","Non NIBRS Data","Gunshot Wound Victims","Gunshot Wound Victims","Shooting (PFE)","Shooting (PFE)","0026XX 2ND AVE S",5,"Whittier",10,44.95463,-93.27406,-10383221.2419601,5614381.59224994,1,310944,2022,6
-10379750.2293,5620749.8762,"Gunshot Wound Victims","Yes","22-146311","MP2022146311",2022-06-30,"04:23:00+00","2022/06/30 01:45:00+00","Non NIBRS Data","Non NIBRS Data","Non NIBRS Data","Gunshot Wound Victims","Gunshot Wound Victims","Shooting Report Only (P)","Shooting Report Only (P)","0011XX SPRING ST NE",2,"Beltrami",3,44.9951,-93.24288,-10379750.2292664,5620749.87619742,1,310945,2022,6
-10386674.8967,5620183.8911,"Gunshot Wound Victims","No","22-149182","MP2022149182",2022-07-03,"03:44:00+00","2022/07/03 02:45:00+00","Non NIBRS Data","Non NIBRS Data","Non NIBRS Data","Gunshot Wound Victims","Gunshot Wound Victims","Shooting Report Only (P)","Shooting Report Only (P)","0019XX PLYMOUTH AVE N",4,"Near - North",5,44.9915,-93.30509,-10386674.8966792,5620183.89112344,1,310946,2022,7
-10383570.114,5616047.5979,"Gunshot Wound Victims","No","22-151696","MP2022151696",2022-07-05,"18:25:00+00","2022/07/05 18:25:00+00","Non NIBRS Data","Non NIBRS Data","Non NIBRS Data","Gunshot Wound Victims","Gunshot Wound Victims","Sound of Shots Fired (P)","Shooting (PFE)","000XX 18TH ST E",5,"Steven's Square - Loring Heights",6,44.96522,-93.2772,-10383570.1140219,5616047.5979097,2,310947,2022,7
-10380245.4502,5614880.0102,"Gunshot Wound Victims","No","22-155877","MP2022155877",2022-07-10,"01:43:00+00","2022/07/10 01:43:00+00","Non NIBRS Data","Non NIBRS Data","Non NIBRS Data","Gunshot Wound Victims","Gunshot Wound Victims","Sound of Shots Fired (P)","Shooting (PFE)","0024XX CEDAR AVE S",3,"East Phillips",9,44.9578,-93.24733,-10380245.4502011,5614880.0101725,1,310948,2022,7
-10385589.7707,5628577.2159,"Gunshot Wound Victims","No","22-157560","MP2022157560",2022-07-12,"00:40:00+00","2022/07/11 23:38:00+00","Non NIBRS Data","Non NIBRS Data","Non NIBRS Data","Gunshot Wound Victims","Gunshot Wound Victims","ShotSpotter Activation (P)","Shooting (PFE)","0049XX EMERSON AVE N",4,"Lind - Bohanon",4,45.0448,-93.29534,-10385589.7706601,5628577.2158853,1,310949,2022,7
-10385477.1222,5624299.6748,"Gunshot Wound Victims","No","22-161225","MP2022161225",2022-07-15,"21:44:00+00","2022/07/15 21:44:00+00","Non NIBRS Data","Non NIBRS Data","Non NIBRS Data","Gunshot Wound Victims","Gunshot Wound Victims","ShotSpotter Activation (P)","Shooting (PFE)","0034XX EMERSON AVE N",4,"Folwell",4,45.01764,-93.29433,-10385477.122197,5624299.6747655,1,310950,2022,7
-10384988.8559,5625006.3664,"Gunshot Wound Victims","No","22-164416","MP2022164416",2022-07-19,"15:03:00+00","2022/07/19 14:04:00+00","Non NIBRS Data","Non NIBRS Data","Non NIBRS Data","Gunshot Wound Victims","Gunshot Wound Victims","ShotSpotter Activation (P)","Shooting (PFE)","0008XX 37TH AVE N",4,"McKinley",4,45.02213,-93.28994,-10384988.8558778,5625006.36640225,1,310951,2022,7
-10384426.004,5617428.3506,"Gunshot Wound Victims","No","23-237900","MP2023237900",2023-09-04,"14:57:00+00","2023/09/04 13:32:00+00","Non NIBRS Data","Non NIBRS Data","Non NIBRS Data","Gunshot Wound Victims","Gunshot Wound Victims","Sound of Shots Fired (P)~PD","Shooting (PFE)","0015XX LAUREL AVE",NA,"Loring Park",7,44.97399,-93.28489,-10384426.0039823,5617428.35059222,1,310952,2023,9
-10380394.2796,5612683.8293,"Gunshot Wound Victims","No","23-241763","MP2023241763",2023-09-08,"17:00:00+00","2023/09/08 15:11:00+00","Non NIBRS Data","Non NIBRS Data","Non NIBRS Data","Gunshot Wound Victims","Gunshot Wound Victims","Shooting (PFE)","Shooting (PFE)","0032XX 18TH AVE S",3,"Corcoran",9,44.94384,-93.24867,-10380394.2796076,5612683.8293391,1,310953,2023,9
-10384929.7718,5612972.8963,"Gunshot Wound Victims","No","23-256041","MP2023256041",2023-09-22,"22:45:00+00","2023/09/22 22:45:00+00","Non NIBRS Data","Non NIBRS Data","Non NIBRS Data","Gunshot Wound Victims","Gunshot Wound Victims","Sound of Shots Fired (P)","Shooting (PFE)","0031XX ALDRICH AVE S",5,"Whittier",8,44.94567,-93.28941,-10384929.7718431,5612972.8963263,4,310954,2023,9
-10384941.9664,5621657.1554,"Gunshot Wound Victims","No","24-204674","MP2024204674",2024-07-23,"22:39:00+00","2024/07/23 21:58:00+00","Non NIBRS Data","Non NIBRS Data","Non NIBRS Data","Gunshot Wound Victims","Gunshot Wound Victims","Shooting (PFE)","Shooting (PFE)","0021XX ALDRICH AVE N",4,"Hawthorne",5,45.00086,-93.28952,-10384941.9664195,5621657.15536339,1,310955,2024,7
-10384609.2787,5625146.785,"Gunshot Wound Victims",NA,"20-142330","MP2020142330",2020-05-27,"15:29:00+00","2020/05/27 13:04:00+00","Non NIBRS Data","Non NIBRS Data","Non NIBRS Data","Gunshot Wound Victims","Gunshot Wound Victims",NA,NA,"0037XX 6TH ST N",4,"McKinley",4,45.02302,-93.28653,-10384609.2786598,5625146.78502634,1,310956,2020,5
-10387172.2167,5624886.4743,"Gunshot Wound Victims",NA,"20-145528","MP2020145528",2020-05-29,"22:01:00+00","2020/05/29 19:46:00+00","Non NIBRS Data","Non NIBRS Data","Non NIBRS Data","Gunshot Wound Victims","Gunshot Wound Victims",NA,NA,"0036XX QUEEN AVE N",4,"Cleveland",4,45.02137,-93.30956,-10387172.2166545,5624886.4742783,1,310957,2020,5
-10386208.2527,5621709.0858,"Gunshot Wound Victims",NA,"20-153090","MP2020153090",2020-06-05,"18:41:00+00","2020/06/05 11:40:00+00","Non NIBRS Data","Non NIBRS Data","Non NIBRS Data","Gunshot Wound Victims","Gunshot Wound Victims",NA,NA,"0016XX HILLSIDE AVE N",4,"Jordan",5,45.00119,-93.3009,-10386208.2527323,5621709.08581571,1,310958,2020,6
-10380388.2522,5614666.2438,"Gunshot Wound Victims",NA,"20-156925","MP2020156925",2020-06-10,"22:58:00+00","2020/06/10 19:55:00+00","Non NIBRS Data","Non NIBRS Data","Non NIBRS Data","Gunshot Wound Victims","Gunshot Wound Victims",NA,NA,"0025XX 18TH AVE S",3,"East Phillips",9,44.95644,-93.24861,-10380388.2521812,5614666.24381882,1,310959,2020,6
-10385282.7521,5620856.6019,"Gunshot Wound Victims",NA,"20-159767","MP2020159767",2020-06-14,"06:01:00+00","2020/06/14 04:40:00+00","Non NIBRS Data","Non NIBRS Data","Non NIBRS Data","Gunshot Wound Victims","Gunshot Wound Victims",NA,NA,"0016XX DUPONT AVE N",4,"Hawthorne",5,44.99578,-93.29258,-10385282.7520634,5620856.60187697,1,310960,2020,6
-10381941.2915,5615440.2167,"Gunshot Wound Victims",NA,"20-162224","MP2020162224",2020-06-17,"11:21:00+00","2020/06/17 10:51:00+00","Non NIBRS Data","Non NIBRS Data","Non NIBRS Data","Gunshot Wound Victims","Gunshot Wound Victims",NA,NA,"0021XX CHICAGO AVE",3,"Ventura Village",6,44.96136,-93.26257,-10381941.2914788,5615440.21670984,1,310961,2020,6
-10385916.9402,5613466.4264,"Gunshot Wound Victims",NA,"20-165292","MP2020165292",2020-06-21,"03:18:00+00","2020/06/21 00:30:00+00","Non NIBRS Data","Non NIBRS Data","Non NIBRS Data","Gunshot Wound Victims","Gunshot Wound Victims",NA,NA,"0029XX HENNEPIN AVE",5,"Lowry Hill East",10,44.94881,-93.29828,-10385916.9401957,5613466.42636728,11,310962,2020,6
-10384771.4435,5621471.9676,"Gunshot Wound Victims",NA,"20-165884","MP2020165884",2020-06-21,"17:37:00+00","2020/06/21 16:37:00+00","Non NIBRS Data","Non NIBRS Data","Non NIBRS Data","Gunshot Wound Victims","Gunshot Wound Victims",NA,NA,"0020XX LYNDALE AVE N",4,"Hawthorne",5,44.99969,-93.28799,-10384771.443544,5621471.96755966,1,310963,2020,6
-10385009.3548,5627443.1535,"Gunshot Wound Victims","No","24-208185","MP2024208185",2024-07-26,"23:55:00+00","2024/07/26 23:54:00+00","Non NIBRS Data","Non NIBRS Data","Non NIBRS Data","Gunshot Wound Victims","Gunshot Wound Victims","ShotSpotter Activation (P)","ShotSpotter Activation (P)","0045XX ALDRICH AVE N",4,"Lind - Bohanon",4,45.0376,-93.29013,-10385009.3547891,5627443.15345458,1,310964,2024,7
-10380249.3967,5614383.4733,"Gunshot Wound Victims","No","24-209086","MP2024209086",2024-07-27,"22:29:00+00","2024/07/27 22:29:00+00","Non NIBRS Data","Non NIBRS Data","Non NIBRS Data","Gunshot Wound Victims","Gunshot Wound Victims","Shooting (PFE)","Shooting (PFE)","0026XX CEDAR AVE S",3,"East Phillips",9,44.95464,-93.24737,-10380249.3966646,5614383.47328116,1,310965,2024,7
-10386741.1208,5622609.2231,"Gunshot Wound Victims","No","24-216248","MP2024216248",2024-08-02,"21:53:00+00","2024/08/02 21:53:00+00","Non NIBRS Data","Non NIBRS Data","Non NIBRS Data","Gunshot Wound Victims","Gunshot Wound Victims","Shooting (PFE)","Shooting (PFE)","0026XX NEWTON AVE N",4,"Jordan",5,45.00691,-93.30568,-10386741.1208037,5622609.22309298,2,310966,2024,8
-10381244.887,5613253.5335,"Gunshot Wound Victims","No","24-230395","MP2024230395",2024-08-15,"13:50:00+00","2024/08/15 13:50:00+00","Non NIBRS Data","Non NIBRS Data","Non NIBRS Data","Gunshot Wound Victims","Gunshot Wound Victims","Shooting (PFE)","Shooting (PFE)","0030XX 13TH AVE S",3,"Midtown Phillips",9,44.94746,-93.25631,-10381244.8870021,5613253.53345264,1,310967,2024,8
-10385978.1068,5620183.3117,"Gunshot Wound Victims","No","24-233321","MP2024233321",2024-08-18,"01:03:00+00","2024/08/18 01:03:00+00","Non NIBRS Data","Non NIBRS Data","Non NIBRS Data","Gunshot Wound Victims","Gunshot Wound Victims","Shooting (PFE)","Shooting (PFE)","0014XX PLYMOUTH AVE N",4,"Near - North",5,44.9915,-93.29883,-10385978.1068015,5620183.31168906,4,310968,2024,8
-10386180.3787,5624024.5734,"Gunshot Wound Victims","No","24-240303","MP2024240303",2024-08-24,"13:49:00+00","2024/08/24 13:49:00+00","Non NIBRS Data","Non NIBRS Data","Non NIBRS Data","Gunshot Wound Victims","Gunshot Wound Victims","Shooting (PFE)","Shooting (PFE)","0033XX JAMES AVE N",4,"Folwell",4,45.0159,-93.30065,-10386180.3787315,5624024.57344086,1,310969,2024,8
-10381244.887,5613253.5335,"Gunshot Wound Victims","No","24-249906","MP2024249906",2024-09-02,"05:43:00+00","2024/09/02 03:07:00+00","Non NIBRS Data","Non NIBRS Data","Non NIBRS Data","Gunshot Wound Victims","Gunshot Wound Victims","ShotSpotter Activation (P)","Shooting (PFE)","0030XX 13TH AVE S",3,"Midtown Phillips",9,44.94746,-93.25631,-10381244.8870021,5613253.53345264,1,310970,2024,9
-10381661.4785,5614664.9992,"Gunshot Wound Victims","No","24-259729","MP2024259729",2024-09-11,"05:56:00+00","2024/09/11 05:56:00+00","Non NIBRS Data","Non NIBRS Data","Non NIBRS Data","Gunshot Wound Victims","Gunshot Wound Victims","Shooting (PFE)","Shooting (PFE)","0025XX 10TH AVE S",3,"Midtown Phillips",9,44.95643,-93.26005,-10381661.4784662,5614664.99916609,1,310971,2024,9
-10387310.0395,5623463.8452,"Gunshot Wound Victims",NA,"20-168649","MP2020168649",2020-06-25,"00:15:00+00","2020/06/24 23:19:00+00","Non NIBRS Data","Non NIBRS Data","Non NIBRS Data","Gunshot Wound Victims","Gunshot Wound Victims",NA,NA,"0031XX RUSSELL AVE N",4,"Jordan",4,45.01234,-93.31079,-10387310.0395315,5623463.84524511,1,310972,2020,6
-10384869.956,5628008.9366,"Gunshot Wound Victims",NA,"20-168684","MP2020168684",2020-06-25,"04:00:00+00","2020/06/24 23:54:00+00","Non NIBRS Data","Non NIBRS Data","Non NIBRS Data","Gunshot Wound Victims","Gunshot Wound Victims",NA,NA,"0047XX CAMDEN AVE N",4,"Lind - Bohanon",4,45.04119,-93.28887,-10384869.9560227,5628008.9366233,1,310973,2020,6
-10380093.4347,5614669.598,"Gunshot Wound Victims",NA,"20-169582","MP2020169582",2020-06-26,"03:26:00+00","2020/06/25 23:49:00+00","Non NIBRS Data","Non NIBRS Data","Non NIBRS Data","Gunshot Wound Victims","Gunshot Wound Victims",NA,NA,"0018XX EM STATELY ST",3,"East Phillips",9,44.95646,-93.24597,-10380093.4346873,5614669.59804375,1,310974,2020,6
-10382671.0233,5618296.181,"Gunshot Wound Victims",NA,"20-170514","MP2020170514",2020-06-27,"03:35:00+00","2020/06/27 03:35:00+00","Non NIBRS Data","Non NIBRS Data","Non NIBRS Data","Gunshot Wound Victims","Gunshot Wound Victims",NA,NA,"000XX 4TH ST S",1,"Downtown West",7,44.97951,-93.26912,-10382671.0232541,5618296.18104789,1,310975,2020,6
-10381661.4785,5614664.9992,"Gunshot Wound Victims","No","23-244821","MP2023244821",2023-09-11,"17:35:00+00","2023/09/11 12:00:00+00","Non NIBRS Data","Non NIBRS Data","Non NIBRS Data","Gunshot Wound Victims","Gunshot Wound Victims","Shooting Report Only (P)","Shooting Report Only (P)","0025XX 10TH AVE S",3,"Ventura Village",9,44.95643,-93.26005,-10381661.4784662,5614664.99916609,1,310976,2023,9
-10377106.1903,5610246.4042,"Gunshot Wound Victims","No","23-258617","MP2023258617",2023-09-25,"19:16:00+00","2023/09/25 17:20:00+00","Non NIBRS Data","Non NIBRS Data","Non NIBRS Data","Gunshot Wound Victims","Gunshot Wound Victims","Shooting (PFE)","Shooting (PFE)","0041XX 37TH AVE S",3,"Hiawatha",12,44.92834,-93.21913,-10377106.1902558,5610246.40423499,1,310977,2023,9
-10380248.1921,5614596.9989,"Gunshot Wound Victims","No","23-264761","MP2023264761",2023-10-02,"02:20:00+00","2023/10/01 22:26:00+00","Non NIBRS Data","Non NIBRS Data","Non NIBRS Data","Gunshot Wound Victims","Gunshot Wound Victims","ShotSpotter Activation (P)","Shooting (PFE)","0025XX CEDAR AVE S",3,"East Phillips",9,44.956,-93.24736,-10380248.192103,5614596.99887235,2,310978,2023,10
-10385778.5414,5612970.8131,"Gunshot Wound Victims","No","23-268802","MP2023268802",2023-10-06,"01:50:00+00","2023/10/06 01:50:00+00","Non NIBRS Data","Non NIBRS Data","Non NIBRS Data","Gunshot Wound Victims","Gunshot Wound Victims","Shooting (PFE)","Shooting (PFE)","0031XX GIRARD AVE S",5,"Lowry Hill East",10,44.94566,-93.29704,-10385778.541385,5612970.81314588,2,310979,2023,10
-10380669.4329,5614948.8634,"Gunshot Wound Victims","No","23-259369","MP2023259369",2023-09-26,"14:14:00+00","2023/09/26 13:00:00+00","Non NIBRS Data","Non NIBRS Data","Non NIBRS Data","Gunshot Wound Victims","Gunshot Wound Victims","Sound of Shots Fired (P)","Shooting (PFE)","0024XX 16TH AVE S",3,"East Phillips",9,44.95824,-93.25114,-10380669.4329487,5614948.86343832,1,310980,2023,9
-10384847.8262,5614525.1495,"Gunshot Wound Victims","No","23-262907","MP2023262907",2023-09-30,"01:38:00+00","2023/09/30 01:37:00+00","Non NIBRS Data","Non NIBRS Data","Non NIBRS Data","Gunshot Wound Victims","Gunshot Wound Victims","Shooting Report Only (P)","Shooting Report Only (P)","0007XX 26TH ST W",5,"Lowry Hill East",10,44.95554,-93.28868,-10384847.8261743,5614525.14953991,1,310981,2023,9
-10383501.607,5615947.5898,"Gunshot Wound Victims","No","23-264788","MP2023264788",2023-10-01,"23:00:00+00","2023/10/01 23:00:00+00","Non NIBRS Data","Non NIBRS Data","Non NIBRS Data","Gunshot Wound Victims","Gunshot Wound Victims","Sound of Shots Fired (P)","Sound of Shots Fired (P)","0018XX 1ST AVE S",5,"Steven's Square - Loring Heights",6,44.96458,-93.27658,-10383501.6069841,5615947.58977873,1,310982,2023,10
-10384431.9603,5621472.0766,"Gunshot Wound Victims","No","23-281228","MP2023281228",2023-10-19,"23:13:00+00","2023/10/19 23:13:00+00","Non NIBRS Data","Non NIBRS Data","Non NIBRS Data","Gunshot Wound Victims","Gunshot Wound Victims","Shooting (PFE)","Shooting (PFE)","0020XX 4TH ST N",4,"Hawthorne",5,44.99969,-93.28494,-10384431.9602648,5621472.07660956,1,310983,2023,10
-10382081.996,5616354.0764,"Gunshot Wound Victims","No","23-291299","MP2023291299",2023-10-30,"14:45:00+00","2023/10/30 13:23:00+00","Non NIBRS Data","Non NIBRS Data","Non NIBRS Data","Gunshot Wound Victims","Gunshot Wound Victims","Shooting (PFE)","Shooting (PFE)","0007XX 16TH ST E",1,"Elliot Park",6,44.96717,-93.26383,-10382081.9959911,5616354.07636236,1,310984,2023,10
-10385905.352,5620009.3082,"Gunshot Wound Victims","No","23-298674","MP2023298674",2023-11-07,"15:44:00+00","2023/11/07 15:44:00+00","Non NIBRS Data","Non NIBRS Data","Non NIBRS Data","Gunshot Wound Victims","Gunshot Wound Victims","Shooting (PFE)","Shooting (PFE)","0012XX HUMBOLDT AVE N",4,"Near - North",5,44.99039,-93.29818,-10385905.3520206,5620009.30818863,1,310985,2023,11
-10384216.5228,5613582.3645,"Gunshot Wound Victims","No","23-305434","MP2023305434",2023-11-14,"21:47:00+00","2023/11/14 19:45:00+00","Non NIBRS Data","Non NIBRS Data","Non NIBRS Data","Gunshot Wound Victims","Gunshot Wound Victims","Shooting (PFE)","Shooting (PFE)","0029XX PLEASANT AVE",5,"Whittier",8,44.94955,-93.283,-10384216.5227954,5613582.36453595,1,310986,2023,11
-10381777.3774,5615581.952,"Gunshot Wound Victims","No","23-310496","MP2023310496",2023-11-20,"11:37:00+00","2023/11/20 09:28:00+00","Non NIBRS Data","Non NIBRS Data","Non NIBRS Data","Gunshot Wound Victims","Gunshot Wound Victims","Shooting (PFE)","Shooting (PFE)","0020XX ELLIOT AVE",3,"Ventura Village",6,44.96226,-93.26109,-10381777.3774456,5615581.95195485,1,310987,2023,11
-10386113.4344,5625303.7895,"Gunshot Wound Victims","No","22-169193","MP2022169193",2022-07-24,"16:34:00+00","2022/07/23 20:57:00+00","Non NIBRS Data","Non NIBRS Data","Non NIBRS Data","Gunshot Wound Victims","Gunshot Wound Victims","Shooting Report Only (P)","Shooting Report Only (P)","0015XX DOWLING AVE N",4,"Folwell",4,45.02402,-93.30004,-10386113.4343923,5625303.78954618,1,310988,2022,7
-10383670.2987,5606222.4209,"Gunshot Wound Victims","No","22-173467","MP2022173467",2022-07-29,"02:42:00+00","2022/07/28 23:47:00+00","Non NIBRS Data","Non NIBRS Data","Non NIBRS Data","Gunshot Wound Victims","Gunshot Wound Victims","Shooting (PFE)","Shooting (PFE)","0055XX NICOLLET AVE",5,"Windom",11,44.90274,-93.2781,-10383670.2987075,5606222.42090372,1,310989,2022,7
-10380249.3967,5614383.4733,"Gunshot Wound Victims","No","22-174527","MP2022174527",2022-07-30,"01:27:00+00","2022/07/30 01:27:00+00","Non NIBRS Data","Non NIBRS Data","Non NIBRS Data","Gunshot Wound Victims","Gunshot Wound Victims","Person with a Gun (P)","Shooting (PFE)","0026XX CEDAR AVE S",3,"East Phillips",9,44.95464,-93.24737,-10380249.3966646,5614383.47328116,1,310990,2022,7
-10384941.9664,5621657.1554,"Gunshot Wound Victims","No","22-177573","MP2022177573",2022-08-02,"14:28:00+00","2022/08/02 14:28:00+00","Non NIBRS Data","Non NIBRS Data","Non NIBRS Data","Gunshot Wound Victims","Gunshot Wound Victims","Shooting (PFE)","Shooting (PFE)","0021XX ALDRICH AVE N",4,"Hawthorne",5,45.00086,-93.28952,-10384941.9664195,5621657.15536339,3,310991,2022,8
-10383484.8055,5617871.0411,"Gunshot Wound Victims","Yes","22-182008","MP2022182008",2022-08-07,"02:16:00+00","2022/08/07 02:16:00+00","Non NIBRS Data","Non NIBRS Data","Non NIBRS Data","Gunshot Wound Victims","Gunshot Wound Victims","Sound of Shots Fired (P)","Shooting (PFE)","0008XX HENNEPIN AVE",1,"Downtown West",7,44.97681,-93.27643,-10383484.8054914,5617871.04105438,1,310992,2022,8
-10383094.1187,5617413.65,"Gunshot Wound Victims","Yes","22-182626","MP2022182626",2022-08-07,"19:46:00+00","2022/08/07 19:46:00+00","Non NIBRS Data","Non NIBRS Data","Non NIBRS Data","Gunshot Wound Victims","Gunshot Wound Victims","Shooting (PFE)","Shooting (PFE)","0009XX MARQUETTE AVE",1,"Downtown West",7,44.9739,-93.27292,-10383094.1187114,5617413.64995348,1,310993,2022,8
-10381154.6709,5615373.0405,"Gunshot Wound Victims","No","22-184286","MP2022184286",2022-08-09,"18:01:00+00","2022/08/09 17:59:00+00","Non NIBRS Data","Non NIBRS Data","Non NIBRS Data","Gunshot Wound Victims","Gunshot Wound Victims","Person with a Gun (P)","Shooting (PFE)","0013XX 22ND ST E",3,"Ventura Village",6,44.96093,-93.2555,-10381154.6708787,5615373.04047332,1,310994,2022,8
-10380530.2065,5614665.6904,"Gunshot Wound Victims","No","23-276002","MP2023276002",2023-10-14,"04:06:00+00","2023/10/14 04:06:00+00","Non NIBRS Data","Non NIBRS Data","Non NIBRS Data","Gunshot Wound Victims","Gunshot Wound Victims","Shooting (PFE)","Shooting (PFE)","0025XX 17TH AVE S",3,"East Phillips",9,44.95644,-93.24989,-10380530.2064989,5614665.69041476,1,310995,2023,10
-10382003.0331,5617172.4506,"Gunshot Wound Victims","Yes","20-179288","MP2020179288",2020-07-07,"15:47:00+00","2020/07/07 15:47:00+00","Non NIBRS Data","Non NIBRS Data","Non NIBRS Data","Gunshot Wound Victims","Gunshot Wound Victims","Shooting Report Only (P)","Shooting Report Only (P)","0007XX PARK AVE",1,"Elliot Park",6,44.97237,-93.26312,-10382003.0331279,5617172.45057924,1,310996,2020,7
-10384941.7424,5622190.1583,"Gunshot Wound Victims","No","20-180744","MP2020180744",2020-07-09,"19:25:00+00","2020/07/09 18:54:00+00","Non NIBRS Data","Non NIBRS Data","Non NIBRS Data","Gunshot Wound Victims","Gunshot Wound Victims","Shooting (PFE)","Shooting (PFE)","0024XX ALDRICH AVE N",4,"Hawthorne",5,45.00425,-93.28952,-10384941.742382,5622190.15826781,1,310997,2020,7
-10381095.8682,5614666.6579,"Gunshot Wound Victims","No","20-182727","MP2020182727",2020-07-12,"05:50:00+00","2020/07/12 00:01:00+00","Non NIBRS Data","Non NIBRS Data","Non NIBRS Data","Gunshot Wound Victims","Gunshot Wound Victims","Shooting Report Only (P)","Shooting Report Only (P)","0025XX 14TH AVE S",3,"Midtown Phillips",9,44.95644,-93.25497,-10381095.8681795,5614666.65786319,1,310998,2020,7
-10383939.3095,5612541.4865,"Gunshot Wound Victims","No","24-260418","MP2024260418",2024-09-11,"17:38:00+00","2024/09/11 17:38:00+00","Non NIBRS Data","Non NIBRS Data","Non NIBRS Data","Gunshot Wound Victims","Gunshot Wound Victims","Shooting (PFE)","Shooting (PFE)","0001XX 33RD ST W",5,"Lyndale",8,44.94293,-93.28051,-10383939.309507,5612541.48647122,1,310999,2024,9
-10387307.6302,5622683.4,"Gunshot Wound Victims","No","24-267462","MP2024267462",2024-09-17,"23:37:00+00","2024/09/17 22:02:00+00","Non NIBRS Data","Non NIBRS Data","Non NIBRS Data","Gunshot Wound Victims","Gunshot Wound Victims","Shooting Report Only (P)","Shooting Report Only (P)","0026XX RUSSELL AVE N",4,"Willard - Hay",5,45.00738,-93.31077,-10387307.6301771,5622683.39999643,1,311000,2024,9
-10380386.022,5614949.211,"Gunshot Wound Victims","No","24-268372","MP2024268372",2024-09-18,"22:49:00+00","2024/09/18 19:19:00+00","Non NIBRS Data","Non NIBRS Data","Non NIBRS Data","Gunshot Wound Victims","Gunshot Wound Victims","Shooting (PFE)","Shooting (PFE)","0024XX 18TH AVE S",3,"East Phillips",9,44.95824,-93.24859,-10380386.0220257,5614949.21102248,1,311001,2024,9
-10378316.0666,5612720.4,"Gunshot Wound Victims","No","24-276571","MP2024276571",2024-09-26,"08:47:00+00","2024/09/26 06:13:00+00","Non NIBRS Data","Non NIBRS Data","Non NIBRS Data","Gunshot Wound Victims","Gunshot Wound Victims","Sound of Shots Fired (P)","Shooting (PFE)","0032XX 29TH AVE S",3,"Longfellow",9,44.94407,-93.23,-10378316.0665677,5612720.40003921,1,311002,2024,9
-10380277.8546,5616859.0596,"Gunshot Wound Victims","No","24-281148","MP2024281148",2024-09-30,"04:06:00+00","2024/09/30 02:01:00+00","Non NIBRS Data","Non NIBRS Data","Non NIBRS Data","Gunshot Wound Victims","Gunshot Wound Victims","Shooting (PFE)","Shooting (PFE)","0016XX 4TH ST S",1,"Cedar Riverside",6,44.97038,-93.24762,-10380277.854568,5616859.05960696,1,311003,2024,9
-10380728.2868,5623593.7691,"Gunshot Wound Victims","No","24-302150","MP2024302150",2024-10-20,"05:55:00+00","2024/10/20 04:02:00+00","Non NIBRS Data","Non NIBRS Data","Non NIBRS Data","Gunshot Wound Victims","Gunshot Wound Victims","Sound of Shots Fired (P)","Shooting (PFE)","0007XX LOWRY AVE NE",2,"Holland",1,45.01316,-93.25167,-10380728.2867585,5623593.76908081,3,311004,2024,10
-10380855.1021,5615815.8172,"Gunshot Wound Victims","No","24-308303","MP2024308303",2024-10-26,"05:49:00+00","2024/10/26 04:41:00+00","Non NIBRS Data","Non NIBRS Data","Non NIBRS Data","Gunshot Wound Victims","Gunshot Wound Victims","Shooting (PFE)","Shooting (PFE)","0015XX 19TH ST E",3,"Ventura Village",6,44.96375,-93.25281,-10380855.1021498,5615815.81715493,3,311005,2024,10
-10385275.7981,5614241.8944,"Gunshot Wound Victims","No","24-318574","MP2024318574",2024-11-05,"01:46:00+00","2024/11/04 01:15:00+00","Non NIBRS Data","Non NIBRS Data","Non NIBRS Data","Gunshot Wound Victims","Gunshot Wound Victims","Shooting (PFE)","Shooting (PFE)","0010XX 27TH ST W",5,"Lowry Hill East",10,44.95374,-93.29252,-10385275.7980664,5614241.89442369,1,311006,2024,11
-10380386.022,5614949.211,"Gunshot Wound Victims","No","20-191115","MP2020191115",2020-07-22,"07:58:00+00","2020/07/22 06:40:00+00","Non NIBRS Data","Non NIBRS Data","Non NIBRS Data","Gunshot Wound Victims","Gunshot Wound Victims","Shooting Report Only (P)","Shooting Report Only (P)","0024XX 18TH AVE S",3,"East Phillips",9,44.95824,-93.24859,-10380386.0220257,5614949.21102248,1,311007,2020,7
-10382152.6933,5612012.4422,"Gunshot Wound Victims","No","20-192582","MP2020192582",2020-07-24,"00:34:00+00","2020/07/23 18:11:00+00","Non NIBRS Data","Non NIBRS Data","Non NIBRS Data","Gunshot Wound Victims","Gunshot Wound Victims","Shooting (PFE)","Shooting (PFE)","0007XX 35TH ST E",3,"Powderhorn Park",9,44.93957,-93.26446,-10382152.6932997,5612012.44223979,1,311008,2020,7
-10386255.8128,5620182.905,"Gunshot Wound Victims","No","20-194529","MP2020194529",2020-07-25,"22:45:00+00","2020/07/25 22:45:00+00","Non NIBRS Data","Non NIBRS Data","Non NIBRS Data","Gunshot Wound Victims","Gunshot Wound Victims","Shooting (PFE)","Shooting (PFE)","0016XX PLYMOUTH AVE N",4,"Near - North",5,44.9915,-93.30132,-10386255.8128158,5620182.90502445,2,311009,2020,7
-10388090.3523,5621338.7155,"Gunshot Wound Victims","No","20-200064","MP2020200064",2020-08-01,"04:31:00+00","2020/08/01 04:00:00+00","Non NIBRS Data","Non NIBRS Data","Non NIBRS Data","Gunshot Wound Victims","Gunshot Wound Victims","Shooting Report Only (P)","Shooting Report Only (P)","0029XX GOLDEN VALLEY RD",4,"Willard - Hay",5,44.99884,-93.3178,-10388090.3523373,5621338.71551369,1,311010,2020,8
-10380104.7455,5624874.4109,"Gunshot Wound Victims","No","20-206361","MP2020206361",2020-08-08,"05:39:00+00","2020/08/08 02:50:00+00","Non NIBRS Data","Non NIBRS Data","Non NIBRS Data","Gunshot Wound Victims","Gunshot Wound Victims","Sound of Shots Fired (P)~PD","Shooting (PFE)","0029XX TYLER ST NE",2,"Audubon Park",1,45.02129,-93.24607,-10380104.7454525,5624874.4109095,1,311011,2020,8
-10385414.5183,5625581.7584,"Gunshot Wound Victims","No","20-211271","MP2020211271",2020-08-13,"23:01:00+00","2020/08/13 21:23:00+00","Non NIBRS Data","Non NIBRS Data","Non NIBRS Data","Gunshot Wound Victims","Gunshot Wound Victims","Shooting (PFE)","Shooting (PFE)","0011XX 39TH AVE N",4,"Webber - Camden",4,45.02579,-93.29377,-10385414.5183006,5625581.75843585,1,311012,2020,8
-10384088.4973,5616694.3751,"Gunshot Wound Victims","No","20-212011","MP2020212011",2020-08-14,"20:35:00+00","2020/08/14 18:43:00+00","Non NIBRS Data","Non NIBRS Data","Non NIBRS Data","Gunshot Wound Victims","Gunshot Wound Victims","Miscellaneous (P)","Shooting Report Only (P)","0013XX WILLOW ST",1,"Loring Park",7,44.96933,-93.28185,-10384088.4972863,5616694.37506241,1,311013,2020,8
-10380386.022,5614949.211,"Gunshot Wound Victims","No","24-332851","MP2024332851",2024-11-19,"20:40:00+00","2024/11/19 20:40:00+00","Non NIBRS Data","Non NIBRS Data","Non NIBRS Data","Gunshot Wound Victims","Gunshot Wound Victims","Shooting (PFE)","Shooting (PFE)","0024XX 18TH AVE S",3,"East Phillips",9,44.95824,-93.24859,-10380386.0220257,5614949.21102248,1,311014,2024,11
-10381804.3552,5612500.613,"Gunshot Wound Victims","No","24-343102","MP2024343102",2024-12-01,"12:33:00+00","2024/12/01 12:33:00+00","Non NIBRS Data","Non NIBRS Data","Non NIBRS Data","Gunshot Wound Victims","Gunshot Wound Victims","Down Outside-One (PE)~PD","Dead Person (P)","0033XX ELLIOT AVE",3,"Powderhorn Park",9,44.94267,-93.26134,-10381804.3551823,5612500.61298557,1,311015,2024,12
-10380952.4726,5614948.9907,"Gunshot Wound Victims","No","23-278161","MP2023278161",2023-10-16,"16:30:00+00","2023/10/16 14:30:00+00","Non NIBRS Data","Non NIBRS Data","Non NIBRS Data","Gunshot Wound Victims","Gunshot Wound Victims","Shooting Report Only (P)","Shooting Report Only (P)","0024XX 15TH AVE S",3,"Midtown Phillips",9,44.95824,-93.25368,-10380952.4726119,5614948.99071398,1,311016,2023,10
-10387028.5493,5624601.3691,"Gunshot Wound Victims","No","23-282413","MP2023282413",2023-10-21,"05:29:00+00","2023/10/21 05:29:00+00","Non NIBRS Data","Non NIBRS Data","Non NIBRS Data","Gunshot Wound Victims","Gunshot Wound Victims","Shooting (PFE)","Shooting (PFE)","0035XX PENN AVE N",4,"Folwell",4,45.01956,-93.30827,-10387028.5493165,5624601.36905374,1,311017,2023,10
-10386208.2527,5621709.0858,"Gunshot Wound Victims","No","23-283765","MP2023283765",2023-10-22,"16:32:00+00","2023/10/22 15:30:00+00","Non NIBRS Data","Non NIBRS Data","Non NIBRS Data","Gunshot Wound Victims","Gunshot Wound Victims","Shooting (PFE)","Shooting (PFE)","0016XX HILLSIDE AVE N",4,"Jordan",5,45.00119,-93.3009,-10386208.2527323,5621709.08581571,2,311018,2023,10
-10383638.8954,5616402.5245,"Gunshot Wound Victims","No","23-289607","MP2023289607",2023-10-28,"18:00:00+00","2023/10/28 15:30:00+00","Non NIBRS Data","Non NIBRS Data","Non NIBRS Data","Gunshot Wound Victims","Gunshot Wound Victims","Shooting (PFE)","Shooting (PFE)","0015XX NICOLLET AVE",1,"Loring Park",7,44.96747,-93.27782,-10383638.8954282,5616402.52450711,1,311019,2023,10
-10385918.7496,5626316.7861,"Gunshot Wound Victims","No","23-291760","MP2023291760",2023-10-30,"23:47:00+00","2023/10/30 15:00:00+00","Non NIBRS Data","Non NIBRS Data","Non NIBRS Data","Gunshot Wound Victims","Gunshot Wound Victims","Shooting (PFE)","Shooting (PFE)","0041XX HUMBOLDT AVE N",4,"Webber - Camden",4,45.03045,-93.2983,-10385918.7496255,5626316.78605867,1,311020,2023,10
-10382507.8856,5615938.321,"Gunshot Wound Victims","No","23-294708","MP2023294708",2023-11-03,"04:40:00+00","2023/11/03 04:35:00+00","Non NIBRS Data","Non NIBRS Data","Non NIBRS Data","Gunshot Wound Victims","Gunshot Wound Victims","Shooting (PFE)","Shooting (PFE)","0018XX PORTLAND AVE",3,"Ventura Village",6,44.96452,-93.26766,-10382507.8855961,5615938.32100898,2,311021,2023,11
-10387521.6513,5621333.1633,"Gunshot Wound Victims","No","23-295646","MP2023295646",2023-11-04,"03:58:00+00","2023/11/04 03:54:00+00","Non NIBRS Data","Non NIBRS Data","Non NIBRS Data","Gunshot Wound Victims","Gunshot Wound Victims","ShotSpotter Activation (P)","Shooting (PFE)","0025XX GOLDEN VALLEY RD",4,"Willard - Hay",5,44.9988,-93.31269,-10387521.6513381,5621333.16330021,1,311022,2023,11
-10382585.9498,5612864.3222,"Gunshot Wound Victims","No","23-317886","MP2023317886",2023-11-29,"09:00:00+00","2023/11/29 05:06:00+00","Non NIBRS Data","Non NIBRS Data","Non NIBRS Data","Gunshot Wound Victims","Gunshot Wound Victims","Dead Person (P)","Dead Person (P)","0005XX 32ND ST E",3,"Central",8,44.94498,-93.26836,-10382585.9497906,5612864.32219202,1,311023,2023,11
-10384941.9664,5621657.1554,"Gunshot Wound Victims","No","23-321910","MP2023321910",2023-12-03,"15:25:00+00","2023/12/03 13:46:00+00","Non NIBRS Data","Non NIBRS Data","Non NIBRS Data","Gunshot Wound Victims","Gunshot Wound Victims","Shooting (PFE)","Shooting (PFE)","0021XX ALDRICH AVE N",4,"Hawthorne",5,45.00086,-93.28952,-10384941.9664195,5621657.15536339,1,311024,2023,12
-10381244.887,5613253.5335,"Gunshot Wound Victims","No","23-322368","MP2023322368",2023-12-04,"01:06:00+00","2023/12/04 00:07:00+00","Non NIBRS Data","Non NIBRS Data","Non NIBRS Data","Gunshot Wound Victims","Gunshot Wound Victims","Shooting (PFE)","Shooting (PFE)","0030XX 13TH AVE S",3,"Midtown Phillips",9,44.94746,-93.25631,-10381244.8870021,5613253.53345264,2,311025,2023,12
-10384513.8975,5623017.8124,"Gunshot Wound Victims","No","23-324975","MP2023324975",2023-12-07,"04:33:00+00","2023/12/07 04:33:00+00","Non NIBRS Data","Non NIBRS Data","Non NIBRS Data","Gunshot Wound Victims","Gunshot Wound Victims","Shooting Report Only (P)","Shooting Report Only (P)","0004XX 29TH AVE N",4,"Hawthorne",5,45.0095,-93.28568,-10384513.8974673,5623017.81243766,1,311026,2023,12
-10385114.463,5623305.6212,"Gunshot Wound Victims","No","23-337136","MP2023337136",2023-12-20,"14:09:00+00","2023/12/20 14:09:00+00","Non NIBRS Data","Non NIBRS Data","Non NIBRS Data","Gunshot Wound Victims","Gunshot Wound Victims","Shooting (PFE)","Shooting (PFE)","0009XX 30TH AVE N",4,"Hawthorne",5,45.01133,-93.29107,-10385114.4630349,5623305.62116895,1,311027,2023,12
-10378486.6073,5622084.2967,"Gunshot Wound Victims","No","24-012318","MP202412318",2024-01-15,"15:47:00+00","2024/01/15 15:43:00+00","Non NIBRS Data","Non NIBRS Data","Non NIBRS Data","Gunshot Wound Victims","Gunshot Wound Victims","Shooting Report Only (P)~PD","Shooting (PFE)","0000XX QUARRY CENTER DR",2,"Northeast Park",1,45.00357,-93.23153,-10378486.607329,5622084.29665351,1,311028,2024,1
-10383569.9315,5623025.839,"Gunshot Wound Victims","No","24-016373","MP202416373",2024-01-20,"14:27:00+00","2024/01/20 12:30:00+00","Non NIBRS Data","Non NIBRS Data","Non NIBRS Data","Gunshot Wound Victims","Gunshot Wound Victims","Shooting Report Only (P)","Shooting Report Only (P)","0028XX PACIFIC ST",4,"Hawthorne",5,45.00955,-93.2772,-10383569.9315282,5623025.83901305,1,311029,2024,1
-10385778.5414,5612970.8131,"Gunshot Wound Victims","No","22-188331","MP2022188331",2022-08-14,"01:54:00+00","2022/08/14 01:54:00+00","Non NIBRS Data","Non NIBRS Data","Non NIBRS Data","Gunshot Wound Victims","Gunshot Wound Victims","Shooting (PFE)","Shooting (PFE)","0031XX GIRARD AVE S",5,"Lowry Hill East",10,44.94566,-93.29704,-10385778.541385,5612970.81314588,1,311030,2022,8
-10384588.7982,5628197.838,"Gunshot Wound Victims","No","22-195487","MP2022195487",2022-08-21,"23:41:00+00","2022/08/21 23:41:00+00","Non NIBRS Data","Non NIBRS Data","Non NIBRS Data","Gunshot Wound Victims","Gunshot Wound Victims","Shooting (PFE)","Shooting (PFE)","0048XX LYNDALE AVE N",4,"Lind - Bohanon",4,45.04239,-93.28635,-10384588.7982197,5628197.83798285,2,311031,2022,8
-10385201.9904,5614665.6447,"Gunshot Wound Victims","No","22-197469","MP2022197469",2022-08-24,"00:53:00+00","2022/08/23 22:55:00+00","Non NIBRS Data","Non NIBRS Data","Non NIBRS Data","Gunshot Wound Victims","Gunshot Wound Victims","Sound of Shots Fired (P)","Shooting (PFE)","0025XX COLFAX AVE S",5,"Lowry Hill East",10,44.95643,-93.29186,-10385201.9903515,5614665.64473501,2,311032,2022,8
-10383751.4056,5612007.2226,"Gunshot Wound Victims","No","22-208404","MP2022208404",2022-09-05,"01:22:00+00","2022/09/04 21:53:00+00","Non NIBRS Data","Non NIBRS Data","Non NIBRS Data","Gunshot Wound Victims","Gunshot Wound Victims","Shooting Report Only (P)","Shooting Report Only (P)","000XX 35TH ST W",5,"Lyndale",8,44.93953,-93.27883,-10383751.4055591,5612007.2225621,1,311033,2022,9
-10380351.2418,5617323.3458,"Gunshot Wound Victims","No","22-212130","MP2022212130",2022-09-09,"00:58:00+00","2022/09/09 00:58:00+00","Non NIBRS Data","Non NIBRS Data","Non NIBRS Data","Gunshot Wound Victims","Gunshot Wound Victims","Shooting (PFE)","Shooting (PFE)","0014XX WASHINGTON AVE S",1,"Cedar Riverside",6,44.97333,-93.24828,-10380351.2418054,5617323.3458145,4,311034,2022,9
-10383484.8055,5617871.0411,"Gunshot Wound Victims","Yes","22-219839","MP2022219839",2022-09-17,"02:37:00+00","2022/09/17 02:37:00+00","Non NIBRS Data","Non NIBRS Data","Non NIBRS Data","Gunshot Wound Victims","Gunshot Wound Victims","Shooting (PFE)","Shooting (PFE)","0008XX HENNEPIN AVE",1,"Downtown West",7,44.97681,-93.27643,-10383484.8054914,5617871.04105438,5,311035,2022,9
-10387307.8482,5621472.9227,"Gunshot Wound Victims","No","24-344360","MP2024344360",2024-12-02,"22:52:00+00","2024/12/02 22:30:00+00","Non NIBRS Data","Non NIBRS Data","Non NIBRS Data","Gunshot Wound Victims","Gunshot Wound Victims","Shooting Report Only (P)","Shooting Report Only (P)","0020XX RUSSELL AVE N",4,"Willard - Hay",5,44.99969,-93.31077,-10387307.8481541,5621472.92271858,1,311036,2024,12
-10381661.4785,5614664.9992,"Gunshot Wound Victims","No","24-356713","MP2024356713",2024-12-16,"19:13:00+00","2024/12/16 19:13:00+00","Non NIBRS Data","Non NIBRS Data","Non NIBRS Data","Gunshot Wound Victims","Gunshot Wound Victims","Shooting (PFE)","Shooting (PFE)","0025XX 10TH AVE S",3,"Midtown Phillips",9,44.95643,-93.26005,-10381661.4784662,5614664.99916609,1,311037,2024,12
-10387028.71,5624743.252,"Gunshot Wound Victims","No","24-362237","MP2024362237",2024-12-22,"22:58:00+00","2024/12/22 22:50:00+00","Non NIBRS Data","Non NIBRS Data","Non NIBRS Data","Gunshot Wound Victims","Gunshot Wound Victims","Shooting Report Only (P)","Shooting Report Only (P)","36TH AVE N / PENN AVE N",4,"Folwell",4,45.02046,-93.30827,-10387028.71,5624743.252,1,311038,2024,12
-10383995.6361,5621926.0497,"Gunshot Wound Victims","No","25-007660","MP20257660",2025-01-09,"22:14:00+00","2025/01/09 18:17:00+00","Non NIBRS Data","Non NIBRS Data","Non NIBRS Data","Gunshot Wound Victims","Gunshot Wound Victims","Shooting (PFE)","Shooting (PFE)","0002XX 23RD AVE N",4,"Hawthorne",5,45.00257,-93.28102,-10383995.6360887,5621926.04972424,1,311039,2025,1
-10379576.2746,5613397.2991,"Gunshot Wound Victims","No","25-034529","MP202534529",2025-02-11,"05:41:00+00","2025/02/11 05:41:00+00","Non NIBRS Data","Non NIBRS Data","Non NIBRS Data","Gunshot Wound Victims","Gunshot Wound Victims","Shooting (PFE)","Shooting (PFE)","0021XX LAKE ST E",3,"Corcoran",9,44.94837,-93.24132,-10379576.2746071,5613397.29909582,1,311040,2025,2
-10382003.0331,5617172.4506,"Gunshot Wound Victims","Yes","25-068594","MP202568594",2025-03-19,"14:45:00+00","2025/03/19 14:44:00+00","Non NIBRS Data","Non NIBRS Data","Non NIBRS Data","Gunshot Wound Victims","Gunshot Wound Victims","Shooting Report Only (P)","Shooting Report Only (P)","0007XX PARK AVE",1,"Elliot Park",6,44.97237,-93.26312,-10382003.0331279,5617172.45057924,1,311041,2025,3
-10381783.6818,5618590.3623,"Gunshot Wound Victims","Yes","20-218269","MP2020218269",2020-08-22,"02:16:00+00","2020/08/22 02:16:00+00","Non NIBRS Data","Non NIBRS Data","Non NIBRS Data","Gunshot Wound Victims","Gunshot Wound Victims","Shooting (PFE)","Shooting (PFE)","0003XX 1ST ST S",1,"Downtown West",3,44.98138,-93.26115,-10381783.6817614,5618590.36226546,1,311042,2020,8
-10385098.2216,5619586.255,"Gunshot Wound Victims","No","20-227992","MP2020227992",2020-09-02,"04:47:00+00","2020/09/02 04:19:00+00","Non NIBRS Data","Non NIBRS Data","Non NIBRS Data","Gunshot Wound Victims","Gunshot Wound Victims","Shooting Report Only (P)","Shooting Report Only (P)","0009XX ALDRICH AVE N",4,"Sumner - Glenwood",5,44.98771,-93.29092,-10385098.2215974,5619586.25504972,1,311043,2020,9
-10380538.7079,5616803.9944,"Gunshot Wound Victims","No","20-232465","MP2020232465",2020-09-07,"04:58:00+00","2020/09/07 03:50:00+00","Non NIBRS Data","Non NIBRS Data","Non NIBRS Data","Gunshot Wound Victims","Gunshot Wound Victims","Shooting Report Only (P)","Shooting Report Only (P)","0015XX 5TH ST S",1,"Cedar Riverside",6,44.97003,-93.24997,-10380538.7078879,5616803.99440665,1,311044,2020,9
-10384941.7424,5622190.1583,"Gunshot Wound Victims","No","20-240256","MP2020240256",2020-09-16,"17:16:00+00","2020/09/16 16:37:00+00","Non NIBRS Data","Non NIBRS Data","Non NIBRS Data","Gunshot Wound Victims","Gunshot Wound Victims","Shooting (PFE)","Shooting (PFE)","0024XX ALDRICH AVE N",4,"Hawthorne",5,45.00425,-93.28952,-10384941.742382,5622190.15826781,1,311045,2020,9
-10382508.8742,5614948.839,"Gunshot Wound Victims","No","20-246771","MP2020246771",2020-09-24,"00:24:00+00","2020/09/23 23:01:00+00","Non NIBRS Data","Non NIBRS Data","Non NIBRS Data","Gunshot Wound Victims","Gunshot Wound Victims","Shooting (PFE)","Shooting (PFE)","0024XX PORTLAND AVE",3,"Phillips West",6,44.95824,-93.26766,-10382508.8741634,5614948.83898235,1,311046,2020,9
-10385057.079,5624579.5385,"Gunshot Wound Victims","No","20-252056","MP2020252056",2020-09-30,"03:57:00+00","2020/09/30 00:49:00+00","Non NIBRS Data","Non NIBRS Data","Non NIBRS Data","Gunshot Wound Victims","Gunshot Wound Victims","ShotSpotter Activation (P)","Shooting (PFE)","0035XX BRYANT AVE N",4,"McKinley",4,45.01942,-93.29056,-10385057.0789738,5624579.53850112,1,311047,2020,9
-10385617.9,5624300.752,"Gunshot Wound Victims","No","20-260762","MP2020260762",2020-10-10,"00:29:00+00","2020/10/09 21:23:00+00","Non NIBRS Data","Non NIBRS Data","Non NIBRS Data","Gunshot Wound Victims","Gunshot Wound Victims","ShotSpotter Activation (P)","Shooting (PFE)","0034XX FREMONT AVE N",4,"Folwell",4,45.01765,-93.29559,-10385617.9000235,5624300.75200263,1,311048,2020,10
-10385624.2889,5625441.1955,"Gunshot Wound Victims","No","24-186692","MP2024186692",2024-07-07,"23:03:00+00","2024/07/07 23:03:00+00","Non NIBRS Data","Non NIBRS Data","Non NIBRS Data","Gunshot Wound Victims","Gunshot Wound Victims","ShotSpotter Activation (P)","Shooting (PFE)","0038XX FREMONT AVE N",4,"Webber - Camden",4,45.02489,-93.29565,-10385624.2888868,5625441.19552063,2,311049,2024,7
-10385452.5369,5621474.7249,"Gunshot Wound Victims","No","24-187922","MP2024187922",2024-07-09,"01:06:00+00","2024/07/08 23:31:00+00","Non NIBRS Data","Non NIBRS Data","Non NIBRS Data","Gunshot Wound Victims","Gunshot Wound Victims","ShotSpotter Activation (P)","Shooting (PFE)","0020XX EMERSON AVE N",4,"Jordan",5,44.9997,-93.29411,-10385452.5368591,5621474.72490098,1,311050,2024,7
-10386744.8963,5624030.1724,"Gunshot Wound Victims","No","24-207038","MP2024207038",2024-07-26,"02:04:00+00","2024/07/26 02:04:00+00","Non NIBRS Data","Non NIBRS Data","Non NIBRS Data","Gunshot Wound Victims","Gunshot Wound Victims","Shooting (PFE)","Shooting (PFE)","0033XX NEWTON AVE N",4,"Folwell",4,45.01593,-93.30572,-10386744.8963446,5624030.1724301,1,311051,2024,7
-10387379.2613,5620758.1568,"Gunshot Wound Victims","No","24-209438","MP2024209438",2024-07-28,"01:02:00+00","2024/07/28 01:02:00+00","Non NIBRS Data","Non NIBRS Data","Non NIBRS Data","Gunshot Wound Victims","Gunshot Wound Victims","Shooting (PFE)","Shooting (PFE)","0024XX 16TH AVE N",4,"Willard - Hay",5,44.99515,-93.31142,-10387379.2613344,5620758.15675359,1,311052,2024,7
-10384047.5099,5624523.3524,"Gunshot Wound Victims","No","22-224271","MP2022224271",2022-09-21,"21:28:00+00","2022/09/21 19:35:00+00","Non NIBRS Data","Non NIBRS Data","Non NIBRS Data","Gunshot Wound Victims","Gunshot Wound Victims","Shooting (PFE)","Shooting (PFE)","0035XX 2ND ST N",4,"McKinley",4,45.01906,-93.28149,-10384047.5099156,5624523.3523531,1,311053,2022,9
0,0,"Gunshot Wound Victims",NA,"24-209488","MP2024209488",2024-07-28,"05:16:00+00","2024/07/28 03:51:00+00","Non NIBRS Data","Non NIBRS Data","Non NIBRS Data","Gunshot Wound Victims","Gunshot Wound Victims","Shooting Report Only (P)","Shooting Report Only (P)","No Address",NA,NA,NA,0,0,0,0,1,311054,2024,7
-10385708.2099,5621932.3709,"Gunshot Wound Victims","No","22-225240","MP2022225240",2022-09-22,"20:04:00+00","2022/09/22 20:04:00+00","Non NIBRS Data","Non NIBRS Data","Non NIBRS Data","Gunshot Wound Victims","Gunshot Wound Victims","ShotSpotter Activation (P)","Shooting (PFE)","0012XX 23RD AVE N",4,"Jordan",5,45.00261,-93.2964,-10385708.2098747,5621932.37089891,4,311055,2022,9
-10383844.1671,5614100.5714,"Gunshot Wound Victims","No","24-216446","MP2024216446",2024-08-03,"02:39:00+00","2024/08/03 00:19:00+00","Non NIBRS Data","Non NIBRS Data","Non NIBRS Data","Gunshot Wound Victims","Gunshot Wound Victims","Shooting Report Only (P)","Shooting Report Only (P)","0027XX BLAISDELL AVE",5,"Whittier",10,44.95284,-93.27966,-10383844.1670874,5614100.57143999,1,311056,2024,8
-10384856.738,5621558.4726,"Gunshot Wound Victims","No","23-303081","MP2023303081",2023-11-12,"02:58:00+00","2023/11/12 02:58:00+00","Non NIBRS Data","Non NIBRS Data","Non NIBRS Data","Gunshot Wound Victims","Gunshot Wound Victims","ShotSpotter Activation (P)","Shooting (PFE)","0007XX 21ST AVE N",4,"Hawthorne",5,45.00023,-93.28876,-10384856.7380175,5621558.47260638,1,311057,2023,11
-10386328.7542,5618902.6882,"Gunshot Wound Victims","No","23-306120","MP2023306120",2023-11-15,"15:08:00+00","2023/11/15 15:08:00+00","Non NIBRS Data","Non NIBRS Data","Non NIBRS Data","Gunshot Wound Victims","Gunshot Wound Victims","Shooting (PFE)","Shooting (PFE)","0005XX KNOX AVE N",4,"Harrison",5,44.98336,-93.30198,-10386328.7541526,5618902.68816794,1,311058,2023,11
-10385177.2864,5615587.8716,"Gunshot Wound Victims","No","24-224171","MP2024224171",2024-08-09,"21:44:00+00","2024/08/09 21:44:00+00","Non NIBRS Data","Non NIBRS Data","Non NIBRS Data","Gunshot Wound Victims","Gunshot Wound Victims","Shooting (PFE)","Shooting (PFE)","0020XX HENNEPIN AVE",5,"Lowry Hill East",10,44.9623,-93.29163,-10385177.2864385,5615587.8716182,1,311059,2024,8
-10383995.6361,5621926.0497,"Gunshot Wound Victims","No","23-308468","MP2023308468",2023-11-18,"02:04:00+00","2023/11/18 02:04:00+00","Non NIBRS Data","Non NIBRS Data","Non NIBRS Data","Gunshot Wound Victims","Gunshot Wound Victims","On Site (P)","Shooting (PFE)","0002XX 23RD AVE N",4,"Hawthorne",5,45.00257,-93.28102,-10383995.6360887,5621926.04972424,2,311060,2023,11
-10380885.8801,5621663.4751,"Gunshot Wound Victims","No","24-228601","MP2024228601",2024-08-13,"19:11:00+00","2024/08/13 19:10:00+00","Non NIBRS Data","Non NIBRS Data","Non NIBRS Data","Gunshot Wound Victims","Gunshot Wound Victims","Shooting (PFE)","Shooting (PFE)","0006XX 13TH AVE NE",2,"Logan Park",1,45.0009,-93.25308,-10380885.8801476,5621663.47512138,1,311061,2024,8
-10380386.022,5614949.211,"Gunshot Wound Victims","Yes","23-309414","MP2023309414",2023-11-19,"00:28:00+00","2023/11/19 00:28:00+00","Non NIBRS Data","Non NIBRS Data","Non NIBRS Data","Gunshot Wound Victims","Gunshot Wound Victims","Shooting Report Only (P)","Shooting Report Only (P)","0024XX 18TH AVE S",3,"East Phillips",9,44.95824,-93.24859,-10380386.0220257,5614949.21102248,1,311062,2023,11
-10384985.93,5623870.5676,"Gunshot Wound Victims","No","20-270393","MP2020270393",2020-10-22,"04:52:00+00","2020/10/22 00:30:00+00","Non NIBRS Data","Non NIBRS Data","Non NIBRS Data","Gunshot Wound Victims","Gunshot Wound Victims","Shooting Report Only (P)","Shooting Report Only (P)","0008XX 33RD AVE N",4,"McKinley",4,45.01492,-93.28992,-10384985.9300145,5623870.56759418,1,311063,2020,10
-10379885.0714,5615757.4838,"Gunshot Wound Victims","No","23-313127","MP2023313127",2023-11-23,"10:03:00+00","2023/11/23 06:30:00+00","Non NIBRS Data","Non NIBRS Data","Non NIBRS Data","Gunshot Wound Victims","Gunshot Wound Victims","Shooting (PFE)","Shooting (PFE)","0009XX 20TH AVE S",3,"Seward",6,44.96338,-93.24409,-10379885.071448,5615757.48380332,1,311064,2023,11
-10379708.2497,5615517.4061,"Gunshot Wound Victims","No","20-276246","MP2020276246",2020-10-29,"19:08:00+00","2020/10/29 14:15:00+00","Non NIBRS Data","Non NIBRS Data","Non NIBRS Data","Gunshot Wound Victims","Gunshot Wound Victims","Shooting (PFE)","Shooting (PFE)","0020XX 21ST AVE S",3,"Seward",6,44.96185,-93.24251,-10379708.2496798,5615517.40612905,3,311065,2020,10
-10385547.5684,5624443.0434,"Gunshot Wound Victims","No","23-318449","MP2023318449",2023-11-29,"21:30:00+00","2023/11/29 21:00:00+00","Non NIBRS Data","Non NIBRS Data","Non NIBRS Data","Gunshot Wound Victims","Gunshot Wound Victims","Shooting Report Only (P)","Shooting Report Only (P)","0012XX 35TH AVE N",4,"Folwell",4,45.01855,-93.29496,-10385547.5684425,5624443.04340198,2,311066,2023,11
-10386744.8963,5624030.1724,"Gunshot Wound Victims","No","23-321977","MP2023321977",2023-12-03,"14:49:00+00","2023/12/03 14:40:00+00","Non NIBRS Data","Non NIBRS Data","Non NIBRS Data","Gunshot Wound Victims","Gunshot Wound Victims","Shooting (PFE)","Shooting (PFE)","0033XX NEWTON AVE N",4,"Folwell",4,45.01593,-93.30572,-10386744.8963446,5624030.1724301,1,311067,2023,12
-10386602.689,5622257.6523,"Gunshot Wound Victims","No","20-277495","MP2020277495",2020-10-30,"22:49:00+00","2020/10/30 21:35:00+00","Non NIBRS Data","Non NIBRS Data","Non NIBRS Data","Gunshot Wound Victims","Gunshot Wound Victims","ShotSpotter Activation (P)","Shooting (PFE)","0024XX MORGAN AVE N",4,"Jordan",5,45.00468,-93.30444,-10386602.6890487,5622257.65229245,1,311068,2020,10
-10385057.079,5624579.5385,"Gunshot Wound Victims","No","24-023722","MP202423722",2024-01-28,"18:23:00+00","2024/01/28 15:27:00+00","Non NIBRS Data","Non NIBRS Data","Non NIBRS Data","Gunshot Wound Victims","Gunshot Wound Victims","ShotSpotter Activation (P)","Shooting (PFE)","0035XX BRYANT AVE N",4,"Folwell",4,45.01942,-93.29056,-10385057.0789738,5624579.53850112,1,311069,2024,1
-10376962.0883,5605927.3092,"Gunshot Wound Victims","No","20-280761","MP2020280761",2020-11-03,"20:22:00+00","2020/11/03 19:47:00+00","Non NIBRS Data","Non NIBRS Data","Non NIBRS Data","Gunshot Wound Victims","Gunshot Wound Victims","Shooting Report Only (P)","Shooting Report Only (P)","0056XX 38TH AVE S",3,"Morris Park",12,44.90086,-93.21784,-10376962.0882514,5605927.30921628,1,311070,2020,11
-10384436.8977,5624576.026,"Gunshot Wound Victims","No","24-025688","MP202425688",2024-01-30,"19:44:00+00","2024/01/30 19:44:00+00","Non NIBRS Data","Non NIBRS Data","Non NIBRS Data","Gunshot Wound Victims","Gunshot Wound Victims","Shooting (PFE)","Shooting (PFE)","0035XX 4TH ST N",4,"McKinley",4,45.0194,-93.28498,-10384436.8977238,5624576.02600521,1,311071,2024,1
-10380252.5084,5613813.0852,"Gunshot Wound Victims","No","20-283500","MP2020283500",2020-11-06,"22:45:00+00","2020/11/06 22:00:00+00","Non NIBRS Data","Non NIBRS Data","Non NIBRS Data","Gunshot Wound Victims","Gunshot Wound Victims","ShotSpotter Activation (P)","Shooting (PFE)","0028XX CEDAR AVE S",3,"East Phillips",9,44.95101,-93.24739,-10380252.5084442,5613813.08515919,1,311072,2020,11
-10379998.0402,5619136.8156,"Gunshot Wound Victims","No","24-034423","MP202434423",2024-02-09,"03:40:00+00","2024/02/09 03:40:00+00","Non NIBRS Data","Non NIBRS Data","Non NIBRS Data","Gunshot Wound Victims","Gunshot Wound Victims","Shooting (PFE)","Shooting (PFE)","0004XX 7TH AVE SE",2,"Marcy Holmes",3,44.98485,-93.24511,-10379998.0402097,5619136.81560551,1,311073,2024,2
-10385589.9038,5628861.1624,"Gunshot Wound Victims","No","20-285065","MP2020285065",2020-11-08,"21:39:00+00","2020/11/08 17:05:00+00","Non NIBRS Data","Non NIBRS Data","Non NIBRS Data","Gunshot Wound Victims","Gunshot Wound Victims","Sound of Shots Fired (P)","Shooting (PFE)","0050XX EMERSON AVE N",4,"Lind - Bohanon",4,45.0466,-93.29534,-10385589.9038439,5628861.16239709,1,311074,2020,11
-10385282.7521,5620856.6019,"Gunshot Wound Victims","No","24-038793","MP202438793",2024-02-14,"01:08:00+00","2024/02/14 01:08:00+00","Non NIBRS Data","Non NIBRS Data","Non NIBRS Data","Gunshot Wound Victims","Gunshot Wound Victims","Shooting (PFE)","Shooting (PFE)","0016XX DUPONT AVE N",4,"Near - North",5,44.99578,-93.29258,-10385282.7520634,5620856.60187697,1,311075,2024,2
-10383074.1321,5615509.0335,"Gunshot Wound Victims","No","20-287483","MP2020287483",2020-11-12,"03:28:00+00","2020/11/12 01:50:00+00","Non NIBRS Data","Non NIBRS Data","Non NIBRS Data","Gunshot Wound Victims","Gunshot Wound Victims","Shooting (PFE)","Shooting (PFE)","0020XX 3RD AVE S",5,"Whittier",10,44.9618,-93.27274,-10383074.1320762,5615509.03349329,1,311076,2020,11
-10383650.7402,5610442.9691,"Gunshot Wound Victims","No","24-075943","MP202475943",2024-03-23,"21:17:00+00","2024/03/23 21:17:00+00","Non NIBRS Data","Non NIBRS Data","Non NIBRS Data","Gunshot Wound Victims","Gunshot Wound Victims","Sound of Shots Fired (P)","Shooting (PFE)","0040XX NICOLLET AVE",5,"King Field",8,44.92959,-93.27792,-10383650.7402392,5610442.96906797,1,311077,2024,3
-10382003.0331,5617172.4506,"Gunshot Wound Victims","Yes","20-290758","MP2020290758",2020-11-16,"23:25:00+00","2020/11/16 19:30:00+00","Non NIBRS Data","Non NIBRS Data","Non NIBRS Data","Gunshot Wound Victims","Gunshot Wound Victims","Shooting Report Only (P)","Shooting Report Only (P)","0007XX PARK AVE",1,"Elliot Park",6,44.97237,-93.26312,-10382003.0331279,5617172.45057924,1,311078,2020,11
-10380811.2544,5614666.3753,"Gunshot Wound Victims","No","24-083339","MP202483339",2024-04-01,"01:00:00+00","2024/04/01 00:59:00+00","Non NIBRS Data","Non NIBRS Data","Non NIBRS Data","Gunshot Wound Victims","Gunshot Wound Victims","Shooting (PFE)","Shooting (PFE)","0025XX BLOOMINGTON AVE",3,"Midtown Phillips",9,44.95644,-93.25241,-10380811.254353,5614666.37528062,1,311079,2024,4
-10387805.4491,5622755.1666,"Gunshot Wound Victims","No","20-293368","MP2020293368",2020-11-20,"14:03:00+00","2020/11/20 12:50:00+00","Non NIBRS Data","Non NIBRS Data","Non NIBRS Data","Gunshot Wound Victims","Gunshot Wound Victims","ShotSpotter Activation (P)","ShotSpotter Activation (P)","0027XX 27TH AVE N",4,"Willard - Hay",5,45.00784,-93.31524,-10387805.4491499,5622755.1666322,1,311080,2020,11
-10382585.9498,5612864.3222,"Gunshot Wound Victims","No","24-095956","MP202495956",2024-04-13,"12:08:00+00","2024/04/13 11:07:00+00","Non NIBRS Data","Non NIBRS Data","Non NIBRS Data","Gunshot Wound Victims","Gunshot Wound Victims","Sound of Shots Fired (P)","Shooting (PFE)","0005XX 32ND ST E",3,"Phillips West",8,44.94498,-93.26836,-10382585.9497906,5612864.32219202,1,311081,2024,4
-10382003.0331,5617172.4506,"Gunshot Wound Victims","Yes","20-295644","MP2020295644",2020-11-23,"17:55:00+00","2020/11/23 16:08:00+00","Non NIBRS Data","Non NIBRS Data","Non NIBRS Data","Gunshot Wound Victims","Gunshot Wound Victims","Shooting Report Only (P)","Shooting Report Only (P)","0007XX PARK AVE",1,"Elliot Park",6,44.97237,-93.26312,-10382003.0331279,5617172.45057924,1,311082,2020,11
-10387735.2811,5621477.544,"Gunshot Wound Victims","No","24-108390","MP2024108390",2024-04-24,"21:06:00+00","2024/04/24 21:06:00+00","Non NIBRS Data","Non NIBRS Data","Non NIBRS Data","Gunshot Wound Victims","Gunshot Wound Victims","Shooting (PFE)","Shooting (PFE)","0020XX UPTON AVE N",4,"Willard - Hay",5,44.99972,-93.31461,-10387735.2811265,5621477.54400181,2,311083,2024,4
-10385334.8402,5622881.9961,"Gunshot Wound Victims","No","20-297529","MP2020297529",2020-11-26,"04:23:00+00","2020/11/26 02:57:00+00","Non NIBRS Data","Non NIBRS Data","Non NIBRS Data","Gunshot Wound Victims","Gunshot Wound Victims","Shooting (PFE)","Shooting (PFE)","0028XX DUPONT AVE N",4,"Hawthorne",5,45.00864,-93.29305,-10385334.840205,5622881.99608292,1,311084,2020,11
-10381244.887,5613253.5335,"Gunshot Wound Victims","Yes","22-227510","MP2022227510",2022-09-25,"12:47:00+00","2022/09/25 05:00:00+00","Non NIBRS Data","Non NIBRS Data","Non NIBRS Data","Gunshot Wound Victims","Gunshot Wound Victims","Shooting Report Only (P)","Shooting Report Only (P)","0030XX 13TH AVE S",3,"Midtown Phillips",9,44.94746,-93.25631,-10381244.8870021,5613253.53345264,1,311085,2022,9
-10382784.5241,5610160.1768,"Gunshot Wound Victims","No","22-229034","MP2022229034",2022-09-27,"06:46:00+00","2022/09/27 06:00:00+00","Non NIBRS Data","Non NIBRS Data","Non NIBRS Data","Gunshot Wound Victims","Gunshot Wound Victims","Shooting (PFE)","Shooting (PFE)","0041XX 4TH AVE S",3,"Bryant",8,44.92779,-93.27014,-10382784.5240605,5610160.17682027,1,311086,2022,9
-10384941.9664,5621657.1554,"Gunshot Wound Victims","No","20-299800","MP2020299800",2020-11-29,"17:57:00+00","2020/11/29 17:10:00+00","Non NIBRS Data","Non NIBRS Data","Non NIBRS Data","Gunshot Wound Victims","Gunshot Wound Victims","Sound of Shots Fired (P)","Shooting (PFE)","0021XX ALDRICH AVE N",4,"Near - North",5,45.00086,-93.28952,-10384941.9664195,5621657.15536339,1,311087,2020,11
-10385615.6314,5622600.7056,"Gunshot Wound Victims","No","22-234953","MP2022234953",2022-10-03,"15:14:00+00","2022/10/03 15:14:00+00","Non NIBRS Data","Non NIBRS Data","Non NIBRS Data","Gunshot Wound Victims","Gunshot Wound Victims","Shooting (PFE)","Shooting (PFE)","0026XX FREMONT AVE N",4,"Jordan",5,45.00685,-93.29557,-10385615.6313852,5622600.70563272,1,311088,2022,10
-10384941.9664,5621657.1554,"Gunshot Wound Victims","No","20-306452","MP2020306452",2020-12-08,"22:32:00+00","2020/12/08 22:05:00+00","Non NIBRS Data","Non NIBRS Data","Non NIBRS Data","Gunshot Wound Victims","Gunshot Wound Victims","On Site (P)","Shooting (PFE)","0021XX ALDRICH AVE N",4,"Hawthorne",5,45.00086,-93.28952,-10384941.9664195,5621657.15536339,1,311089,2020,12
-10379797.3096,5615658.2315,"Gunshot Wound Victims","No","22-236426","MP2022236426",2022-10-05,"03:59:00+00","2022/10/05 01:35:00+00","Non NIBRS Data","Non NIBRS Data","Non NIBRS Data","Gunshot Wound Victims","Gunshot Wound Victims","Shooting (PFE)","Shooting (PFE)","0020XX FRANKLIN AVE E",3,"Seward",6,44.96274,-93.24331,-10379797.3096199,5615658.23146542,1,311090,2022,10
-10386183.697,5620855.3585,"Gunshot Wound Victims","No","20-319492","MP2020319492",2020-12-27,"03:55:00+00","2020/12/26 21:41:00+00","Non NIBRS Data","Non NIBRS Data","Non NIBRS Data","Gunshot Wound Victims","Gunshot Wound Victims","ShotSpotter Activation (P)","ShotSpotter Activation (P)","0016XX JAMES AVE N",4,"Willard - Hay",5,44.99577,-93.30068,-10386183.6970333,5620855.35854276,1,311091,2020,12
-10386328.7542,5618902.6882,"Gunshot Wound Victims","No","22-240756","MP2022240756",2022-10-09,"22:49:00+00","2022/10/09 22:49:00+00","Non NIBRS Data","Non NIBRS Data","Non NIBRS Data","Gunshot Wound Victims","Gunshot Wound Victims","ShotSpotter Activation (P)","Shooting (PFE)","0005XX KNOX AVE N",4,"Harrison",5,44.98336,-93.30198,-10386328.7541526,5618902.68816794,1,311092,2022,10
-10382152.6933,5612012.4422,"Gunshot Wound Victims","No","20-319899","MP2020319899",2020-12-27,"15:31:00+00","2020/12/27 15:25:00+00","Non NIBRS Data","Non NIBRS Data","Non NIBRS Data","Gunshot Wound Victims","Gunshot Wound Victims","ShotSpotter Activation (P)","Shooting (PFE)","0007XX 35TH ST E",3,"Central",8,44.93957,-93.26446,-10382152.6932997,5612012.44223979,1,311093,2020,12
-10387313.6576,5624886.5413,"Gunshot Wound Victims","No","22-251936","MP2022251936",2022-10-22,"20:02:00+00","2022/10/22 19:35:00+00","Non NIBRS Data","Non NIBRS Data","Non NIBRS Data","Gunshot Wound Victims","Gunshot Wound Victims","Shooting (PFE)","Shooting (PFE)","0036XX RUSSELL AVE N",4,"Webber - Camden",4,45.02137,-93.31083,-10387313.6575984,5624886.54132672,1,311094,2022,10
-10381777.3774,5615581.952,"Gunshot Wound Victims","No","22-253109","MP2022253109",2022-10-24,"01:30:00+00","2022/10/24 01:20:00+00","Non NIBRS Data","Non NIBRS Data","Non NIBRS Data","Gunshot Wound Victims","Gunshot Wound Victims","Shooting (PFE)","Shooting (PFE)","0020XX ELLIOT AVE",3,"Ventura Village",6,44.96226,-93.26109,-10381777.3774456,5615581.95195485,1,311095,2022,10
-10383366.307,5613677.0365,"Gunshot Wound Victims","No","24-235285","MP2024235285",2024-08-19,"20:16:00+00","2024/08/19 19:45:00+00","Non NIBRS Data","Non NIBRS Data","Non NIBRS Data","Gunshot Wound Victims","Gunshot Wound Victims","Shooting Report Only (P)","Shooting Report Only (P)","0029XX STEVENS AVE",3,"Phillips West",6,44.95015,-93.27537,-10383366.3069789,5613677.0364866,2,311096,2024,8
-10380732.0219,5615669.4784,"Gunshot Wound Victims","No","24-245084","MP2024245084",2024-08-29,"00:45:00+00","2024/08/28 22:05:00+00","Non NIBRS Data","Non NIBRS Data","Non NIBRS Data","Gunshot Wound Victims","Gunshot Wound Victims","Shooting Report Only (P)","Shooting Report Only (P)","0015XX FRANKLIN AVE E",3,"Ventura Village",6,44.96282,-93.2517,-10380732.021863,5615669.47844478,2,311097,2024,8
-10383873.668,5620864.1847,"Gunshot Wound Victims","No","23-324720","MP2023324720",2023-12-06,"20:52:00+00","2023/12/06 20:52:00+00","Non NIBRS Data","Non NIBRS Data","Non NIBRS Data","Gunshot Wound Victims","Gunshot Wound Victims","Shooting (PFE)","Shooting (PFE)","0016XX 2ND ST N",4,"Near - North",5,44.99582,-93.27992,-10383873.6679529,5620864.18469944,2,311098,2023,12
-10384216.5228,5613582.3645,"Gunshot Wound Victims","No","24-248571","MP2024248571",2024-08-31,"22:47:00+00","2024/08/31 22:46:00+00","Non NIBRS Data","Non NIBRS Data","Non NIBRS Data","Gunshot Wound Victims","Gunshot Wound Victims","Shooting (PFE)","Shooting (PFE)","0029XX PLEASANT AVE",5,"Whittier",10,44.94955,-93.283,-10384216.5227954,5613582.36453595,2,311099,2024,8
-10383501.607,5615947.5898,"Gunshot Wound Victims","No","24-251651","MP2024251651",2024-09-03,"23:25:00+00","2024/09/03 18:55:00+00","Non NIBRS Data","Non NIBRS Data","Non NIBRS Data","Gunshot Wound Victims","Gunshot Wound Victims","Shooting (PFE)","Shooting (PFE)","0018XX 1ST AVE S",5,"Steven's Square - Loring Heights",6,44.96458,-93.27658,-10383501.6069841,5615947.58977873,1,311100,2024,9
-10380179.0632,5614242.9212,"Gunshot Wound Victims","No","23-339402","MP2023339402",2023-12-22,"20:54:00+00","2023/12/22 20:53:00+00","Non NIBRS Data","Non NIBRS Data","Non NIBRS Data","Gunshot Wound Victims","Gunshot Wound Victims","Shooting (PFE)","Shooting (PFE)","0018XX 27TH ST E",3,"East Phillips",9,44.95375,-93.24674,-10380179.0631507,5614242.92122461,2,311101,2023,12
-10385334.3941,5622599.0681,"Gunshot Wound Victims","No","24-258409","MP2024258409",2024-09-09,"22:00:00+00","2024/09/09 21:19:00+00","Non NIBRS Data","Non NIBRS Data","Non NIBRS Data","Gunshot Wound Victims","Gunshot Wound Victims","Shooting Report Only (P)","Shooting Report Only (P)","0026XX DUPONT AVE N",4,"Hawthorne",5,45.00684,-93.29305,-10385334.3940929,5622599.0680991,1,311102,2024,9
-10385123.7372,5622738.7012,"Gunshot Wound Victims","Yes","23-340333","MP2023340333",2023-12-23,"23:15:00+00","2023/12/23 23:00:00+00","Non NIBRS Data","Non NIBRS Data","Non NIBRS Data","Gunshot Wound Victims","Gunshot Wound Victims","Shooting Report Only (P)","Shooting Report Only (P)","0009XX 27TH AVE N",4,"Hawthorne",5,45.00773,-93.29115,-10385123.7371701,5622738.70123449,1,311103,2023,12
-10382307.6515,5613394.2809,"Gunshot Wound Victims","No","24-262905","MP2024262905",2024-09-14,"00:55:00+00","2024/09/13 21:33:00+00","Non NIBRS Data","Non NIBRS Data","Non NIBRS Data","Gunshot Wound Victims","Gunshot Wound Victims","Shooting (PFE)","Shooting (PFE)","0006XX LAKE ST E",3,"Phillips West",6,44.94835,-93.26586,-10382307.6515165,5613394.28090101,1,311104,2024,9
-10384649.3017,5612144.4524,"Gunshot Wound Victims","No","24-002294","MP20242294",2024-01-03,"18:27:00+00","2024/01/03 16:38:00+00","Non NIBRS Data","Non NIBRS Data","Non NIBRS Data","Gunshot Wound Victims","Gunshot Wound Victims","Shooting (PFE)","Shooting (PFE)","0034XX GARFIELD AVE",5,"Lyndale",8,44.94041,-93.28689,-10384649.3016892,5612144.45237311,1,311105,2024,1
-10384086.4173,5621470.2943,"Gunshot Wound Victims","No","24-005355","MP20245355",2024-01-07,"00:14:00+00","2024/01/07 00:05:00+00","Non NIBRS Data","Non NIBRS Data","Non NIBRS Data","Gunshot Wound Victims","Gunshot Wound Victims","Shooting (PFE)","Shooting (PFE)","0020XX WASHINGTON AVE N",4,"Hawthorne",5,44.99967,-93.28184,-10384086.4172852,5621470.2942612,1,311106,2024,1
-10382791.1175,5618260.5879,"Gunshot Wound Victims","Yes","24-271065","MP2024271065",2024-09-21,"01:56:00+00","2024/09/21 01:56:00+00","Non NIBRS Data","Non NIBRS Data","Non NIBRS Data","Gunshot Wound Victims","Gunshot Wound Victims","Shooting (PFE)","Shooting (PFE)","0004XX NICOLLET MALL",1,"Downtown West",7,44.97928,-93.2702,-10382791.1174519,5618260.58787973,5,311107,2024,9
-10380817.5608,5614101.1281,"Gunshot Wound Victims","No","20-320725","MP2020320725",2020-12-28,"19:49:00+00","2020/12/28 18:25:00+00","Non NIBRS Data","Non NIBRS Data","Non NIBRS Data","Gunshot Wound Victims","Gunshot Wound Victims","Shooting (PFE)","Shooting (PFE)","0027XX BLOOMINGTON AVE",3,"Midtown Phillips",9,44.95285,-93.25247,-10380817.5607511,5614101.12807021,1,311108,2020,12
-10387165.6736,5622896.1135,"Gunshot Wound Victims","No","24-011511","MP202411511",2024-01-14,"14:50:00+00","2024/01/14 14:45:00+00","Non NIBRS Data","Non NIBRS Data","Non NIBRS Data","Gunshot Wound Victims","Gunshot Wound Victims","Sound of Shots Fired (P)","Shooting (PFE)","0028XX QUEEN AVE N",4,"Jordan",4,45.00873,-93.3095,-10387165.6735912,5622896.11352353,1,311109,2024,1
-10382948.7716,5607894.0278,"Gunshot Wound Victims","No","21-003657","MP20213657",2021-01-06,"07:57:00+00","2021/01/06 06:15:00+00","Non NIBRS Data","Non NIBRS Data","Non NIBRS Data","Gunshot Wound Victims","Gunshot Wound Victims","Sound of Shots Fired (P)","Shooting (PFE)","0049XX CLINTON AVE",3,"Field",8,44.91337,-93.27162,-10382948.7716074,5607894.02783649,1,311110,2021,1
-10384219.6562,5612971.8283,"Gunshot Wound Victims","No","24-017275","MP202417275",2024-01-21,"14:36:00+00","2024/01/21 13:13:00+00","Non NIBRS Data","Non NIBRS Data","Non NIBRS Data","Gunshot Wound Victims","Gunshot Wound Victims","Sound of Shots Fired (P)","Shooting (PFE)","0031XX PLEASANT AVE",5,"Lyndale",8,44.94567,-93.28303,-10384219.6561593,5612971.8282834,1,311111,2024,1
-10383501.607,5615947.5898,"Gunshot Wound Victims","Yes","21-010391","MP202110391",2021-01-15,"19:51:00+00","2021/01/15 17:30:00+00","Non NIBRS Data","Non NIBRS Data","Non NIBRS Data","Gunshot Wound Victims","Gunshot Wound Victims","On Site (P)","Shooting Report Only (P)","0018XX 1ST AVE S",5,"Steven's Square - Loring Heights",10,44.96458,-93.27658,-10383501.6069841,5615947.58977873,1,311112,2021,1
-10387523.0603,5623323.0753,"Gunshot Wound Victims","No","24-031643","MP202431643",2024-02-06,"01:18:00+00","2024/02/06 00:19:00+00","Non NIBRS Data","Non NIBRS Data","Non NIBRS Data","Gunshot Wound Victims","Gunshot Wound Victims","Dead Person (P)","Dead Person (P)","0025XX 30TH AVE N",4,"Jordan",4,45.01144,-93.31271,-10387523.0602812,5623323.07533683,1,311113,2024,2
-10378205.0292,5615662.1053,"Gunshot Wound Victims","No","21-012292","MP202112292",2021-01-18,"10:38:00+00","2021/01/18 07:25:00+00","Non NIBRS Data","Non NIBRS Data","Non NIBRS Data","Gunshot Wound Victims","Gunshot Wound Victims","Shooting (PFE)","Shooting (PFE)","0029XX FRANKLIN AVE E",3,"Seward",6,44.96277,-93.229,-10378205.0291587,5615662.10529003,1,311114,2021,1
-10381941.2915,5615440.2167,"Gunshot Wound Victims","No","22-265977","MP2022265977",2022-11-06,"23:11:00+00","2022/11/06 20:17:00+00","Non NIBRS Data","Non NIBRS Data","Non NIBRS Data","Gunshot Wound Victims","Gunshot Wound Victims","Shooting (PFE)","Shooting (PFE)","0021XX CHICAGO AVE",3,"Ventura Village",6,44.96136,-93.26257,-10381941.2914788,5615440.21670984,1,311115,2022,11
-10386208.2527,5621709.0858,"Gunshot Wound Victims","No","21-031690","MP202131690",2021-02-14,"01:38:00+00","2021/02/13 23:03:00+00","Non NIBRS Data","Non NIBRS Data","Non NIBRS Data","Gunshot Wound Victims","Gunshot Wound Victims","Shooting (PFE)","Shooting (PFE)","0016XX HILLSIDE AVE N",4,"Jordan",5,45.00119,-93.3009,-10386208.2527323,5621709.08581571,2,311116,2021,2
-10380525.7384,5615231.8277,"Gunshot Wound Victims","No","21-039863","MP202139863",2021-02-25,"18:45:00+00","2021/02/25 18:45:00+00","Non NIBRS Data","Non NIBRS Data","Non NIBRS Data","Gunshot Wound Victims","Gunshot Wound Victims","Shooting (PFE)","Shooting (PFE)","0022XX 17TH AVE S",3,"East Phillips",9,44.96003,-93.24985,-10380525.7383841,5615231.82769347,3,311117,2021,2
-10384941.9664,5621657.1554,"Gunshot Wound Victims","No","21-051160","MP202151160",2021-03-11,"20:05:00+00","2021/03/11 19:45:00+00","Non NIBRS Data","Non NIBRS Data","Non NIBRS Data","Gunshot Wound Victims","Gunshot Wound Victims","Shooting (PFE)","Shooting (PFE)","0021XX ALDRICH AVE N",4,"Near - North",5,45.00086,-93.28952,-10384941.9664195,5621657.15536339,1,311118,2021,3
-10379070.8518,5618615.2397,"Gunshot Wound Victims","No","21-064887","MP202164887",2021-03-29,"23:08:00+00","2021/03/29 23:08:00+00","Non NIBRS Data","Non NIBRS Data","Non NIBRS Data","Gunshot Wound Victims","Gunshot Wound Victims","Sound of Shots Fired (P)","Shooting (PFE)","0004XX 13TH AVE SE",2,"Marcy Holmes",2,44.98154,-93.23678,-10379070.8518325,5618615.23974097,2,311119,2021,3
-10388627.7303,5618223.8759,"Gunshot Wound Victims","Yes","24-173774","MP2024173774",2024-06-26,"05:05:00+00","2024/06/26 04:16:00+00","Non NIBRS Data","Non NIBRS Data","Non NIBRS Data","Gunshot Wound Victims","Gunshot Wound Victims","Shooting Report Only (P)","Shooting Report Only (P)","0037XX GLENWOOD AVE",NA,NA,NA,44.97905,-93.32263,-10388627.7303383,5618223.87587132,1,311120,2024,6
-10387028.5493,5624601.3691,"Gunshot Wound Victims","No","24-176738","MP2024176738",2024-06-28,"22:52:00+00","2024/06/28 22:52:00+00","Non NIBRS Data","Non NIBRS Data","Non NIBRS Data","Gunshot Wound Victims","Gunshot Wound Victims","Shooting (PFE)","Shooting (PFE)","0035XX PENN AVE N",4,"Cleveland",4,45.01956,-93.30827,-10387028.5493165,5624601.36905374,1,311121,2024,6
-10382791.1175,5618260.5879,"Gunshot Wound Victims","Yes","24-197963","MP2024197963",2024-07-17,"23:14:00+00","2024/07/17 23:14:00+00","Non NIBRS Data","Non NIBRS Data","Non NIBRS Data","Gunshot Wound Victims","Gunshot Wound Victims","Shooting (PFE)","Shooting (PFE)","0004XX NICOLLET MALL",1,"Downtown West",7,44.97928,-93.2702,-10382791.1174519,5618260.58787973,3,311122,2024,7
-10377606.6717,5613396.4356,"Gunshot Wound Victims","No","24-233436","MP2024233436",2024-08-18,"05:10:00+00","2024/08/18 04:09:00+00","Non NIBRS Data","Non NIBRS Data","Non NIBRS Data","Gunshot Wound Victims","Gunshot Wound Victims","Shooting (PFE)","Shooting (PFE)","0033XX LAKE ST E",3,"Longfellow",9,44.94837,-93.22363,-10377606.6717222,5613396.43555486,1,311123,2024,8
-10383241.6548,5618631.233,"Gunshot Wound Victims","Yes","24-245287","MP2024245287",2024-08-29,"02:50:00+00","2024/08/29 02:30:00+00","Non NIBRS Data","Non NIBRS Data","Non NIBRS Data","Gunshot Wound Victims","Gunshot Wound Victims","Shooting Report Only (P)","Shooting Report Only (P)","0004XX 2ND AVE N",1,"Downtown West",7,44.98164,-93.27425,-10383241.6547606,5618631.23304588,1,311124,2024,8
-10386892.6234,5618706.7477,"Gunshot Wound Victims","No","24-249295","MP2024249295",2024-09-01,"16:01:00+00","2024/09/01 15:00:00+00","Non NIBRS Data","Non NIBRS Data","Non NIBRS Data","Gunshot Wound Victims","Gunshot Wound Victims","Shooting (PFE)","Shooting (PFE)","0004XX OLIVER AVE N",4,"Harrison",5,44.98212,-93.30704,-10386892.6234405,5618706.74766653,1,311125,2024,9
-10377985.6189,5615794.3281,"Gunshot Wound Victims","No","24-260894","MP2024260894",2024-09-12,"06:41:00+00","2024/09/12 04:00:00+00","Non NIBRS Data","Non NIBRS Data","Non NIBRS Data","Gunshot Wound Victims","Gunshot Wound Victims","Shooting Report Only (P)","Shooting Report Only (P)","0009XX FRANKLIN TERR",3,"Seward",6,44.96361,-93.22703,-10377985.618862,5615794.32805953,1,311126,2024,9
-10383669.8016,5606509.6225,"Gunshot Wound Victims","No","24-271105","MP2024271105",2024-09-21,"06:03:00+00","2024/09/21 02:46:00+00","Non NIBRS Data","Non NIBRS Data","Non NIBRS Data","Gunshot Wound Victims","Gunshot Wound Victims","Shooting (PFE)","Officer Needs Help (P)","0054XX NICOLLET AVE",5,"Tangletown",11,44.90456,-93.27809,-10383669.8016001,5606509.62254411,2,311127,2024,9
-10387307.3698,5621757.8171,"Gunshot Wound Victims","No","24-275142","MP2024275142",2024-09-24,"21:56:00+00","2024/09/24 20:13:00+00","Non NIBRS Data","Non NIBRS Data","Non NIBRS Data","Gunshot Wound Victims","Gunshot Wound Victims","Shooting Report Only (P)","Shooting Report Only (P)","0022XX RUSSELL AVE N",4,"Willard - Hay",5,45.0015,-93.31077,-10387307.3697963,5621757.81707668,1,311128,2024,9
-10385733.5836,5629148.8186,"Gunshot Wound Victims","No","24-278819","MP2024278819",2024-09-27,"23:34:00+00","2024/09/27 23:34:00+00","Non NIBRS Data","Non NIBRS Data","Non NIBRS Data","Gunshot Wound Victims","Gunshot Wound Victims","ShotSpotter Activation (P)","Shooting (PFE)","0051XX FREMONT AVE N",4,"Lind - Bohanon",4,45.04843,-93.29663,-10385733.5835784,5629148.81864162,1,311129,2024,9
-10386244.8705,5627103.6128,"Gunshot Wound Victims","No","24-290994","MP2024290994",2024-10-09,"13:01:00+00","2024/10/09 08:00:00+00","Non NIBRS Data","Non NIBRS Data","Non NIBRS Data","Gunshot Wound Victims","Gunshot Wound Victims","Shooting Report Only (P)","Shooting Report Only (P)","0016XX 44TH AVE N",4,"Webber - Camden",4,45.03545,-93.30123,-10386244.8705406,5627103.6128359,1,311130,2024,10
-10382080.4348,5611870.2944,"Gunshot Wound Victims","No","24-310769","MP2024310769",2024-10-28,"17:15:00+00","2024/10/28 17:15:00+00","Non NIBRS Data","Non NIBRS Data","Non NIBRS Data","Gunshot Wound Victims","Gunshot Wound Victims","Shooting (PFE)","Shooting (PFE)","0035XX COLUMBUS AVE",3,"Central",9,44.93866,-93.26382,-10382080.434789,5611870.29439256,1,311131,2024,10
-10382368.4113,5615508.9971,"Gunshot Wound Victims","No","24-325682","MP2024325682",2024-11-12,"17:52:00+00","2024/11/12 17:50:00+00","Non NIBRS Data","Non NIBRS Data","Non NIBRS Data","Gunshot Wound Victims","Gunshot Wound Victims","Shooting (PFE)","Shooting (PFE)","0020XX OAKLAND AVE",3,"Ventura Village",6,44.9618,-93.2664,-10382368.4113087,5615508.99713904,1,311132,2024,11
-10385547.0709,5623589.1786,"Gunshot Wound Victims","No","24-335896","MP2024335896",2024-11-23,"02:00:00+00","2024/11/23 00:14:00+00","Non NIBRS Data","Non NIBRS Data","Non NIBRS Data","Gunshot Wound Victims","Gunshot Wound Victims","ShotSpotter Activation (P)","Shooting (PFE)","0012XX LOWRY AVE N",4,"Folwell",4,45.01313,-93.29496,-10385547.070854,5623589.17863116,1,311133,2024,11
-10386532.2024,5623318.0046,"Gunshot Wound Victims","No","24-338064","MP2024338064",2024-11-25,"11:50:00+00","2024/11/25 11:50:00+00","Non NIBRS Data","Non NIBRS Data","Non NIBRS Data","Gunshot Wound Victims","Gunshot Wound Victims","Unknown Wireless/Cell Phone(P)~PD","Shooting (PFE)","0019XX 30TH AVE N",4,"Folwell",4,45.01141,-93.30381,-10386532.2024439,5623318.00458391,1,311134,2024,11
-10386346.4231,5622315.9981,"Gunshot Wound Victims","No","24-301044","MP2024301044",2024-10-19,"05:56:00+00","2024/10/19 05:56:00+00","Non NIBRS Data","Non NIBRS Data","Non NIBRS Data","Gunshot Wound Victims","Gunshot Wound Victims","Shooting (PFE)","Shooting (PFE)","0017XX 25TH AVE N",4,"Jordan",5,45.00505,-93.30214,-10386346.4230785,5622315.99807627,1,311135,2024,10
-10379309.6456,5612684.5593,"Gunshot Wound Victims","No","24-303828","MP2024303828",2024-10-21,"20:50:00+00","2024/10/21 19:25:00+00","Non NIBRS Data","Non NIBRS Data","Non NIBRS Data","Gunshot Wound Victims","Gunshot Wound Victims","Sound of Shots Fired (P)","Shooting (PFE)","0032XX 23RD AVE S",3,"East Phillips",9,44.94384,-93.23892,-10379309.6456382,5612684.55928189,1,311136,2024,10
-10386532.2024,5623318.0046,"Gunshot Wound Victims","No","23-142903","MP2023142903",2023-06-03,"04:38:00+00","2023/06/03 02:36:00+00","Non NIBRS Data","Non NIBRS Data","Non NIBRS Data","Gunshot Wound Victims","Gunshot Wound Victims","Shooting Report Only (P)","Shooting Report Only (P)","0019XX 30TH AVE N",4,"Folwell",4,45.01141,-93.30381,-10386532.2024439,5623318.00458391,1,311137,2023,6
-10384774.9118,5623725.6964,"Gunshot Wound Victims","No","24-311261","MP2024311261",2024-10-29,"05:10:00+00","2024/10/29 04:12:00+00","Non NIBRS Data","Non NIBRS Data","Non NIBRS Data","Gunshot Wound Victims","Gunshot Wound Victims","Shooting (PFE)","Shooting (PFE)","0032XX LYNDALE AVE N",4,"McKinley",4,45.014,-93.28802,-10384774.9118067,5623725.69635525,1,311138,2024,10
-10378744.0924,5613305.4156,"Gunshot Wound Victims",NA,"23-145967","MP2023145967",2023-06-06,"01:09:00+00","2023/06/06 00:45:00+00","Non NIBRS Data","Non NIBRS Data","Non NIBRS Data","Gunshot Wound Victims","Gunshot Wound Victims","Shooting Report Only (P)","Shooting Report Only (P)","0030XX MINNEHAHA AVE",3,"Longfellow",9,44.94779,-93.23384,-10378744.0924223,5613305.41558351,1,311139,2023,6
-10381244.887,5613253.5335,"Gunshot Wound Victims","No","23-160830","MP2023160830",2023-06-20,"14:15:00+00","2023/06/20 14:15:00+00","Non NIBRS Data","Non NIBRS Data","Non NIBRS Data","Gunshot Wound Victims","Gunshot Wound Victims","Shooting (PFE)","Shooting (PFE)","0030XX 13TH AVE S",3,"Powderhorn Park",9,44.94746,-93.25631,-10381244.8870021,5613253.53345264,1,311140,2023,6
-10375451.006,5606968.3466,"Gunshot Wound Victims","No","24-322054","MP2024322054",2024-11-08,"19:11:00+00","2024/11/08 17:41:00+00","Non NIBRS Data","Non NIBRS Data","Non NIBRS Data","Gunshot Wound Victims","Gunshot Wound Victims","Shooting (PFE)","Shooting (PFE)","0048XX 53RD ST E",3,"Seward",6,44.90748,-93.20426,-10375451.0059908,5606968.34659853,2,311141,2024,11
-10385515.9224,5619787.5381,"Gunshot Wound Victims","No","24-340933","MP2024340933",2024-11-28,"23:36:00+00","2024/11/28 18:04:00+00","Non NIBRS Data","Non NIBRS Data","Non NIBRS Data","Gunshot Wound Victims","Gunshot Wound Victims","Shooting (PFE)","Shooting (PFE)","0012XX 11TH AVE N",4,"Near - North",5,44.98898,-93.29468,-10385515.922363,5619787.53810772,1,311142,2024,11
-10380594.8865,5615373.2442,"Gunshot Wound Victims","No","23-166762","MP2023166762",2023-06-26,"10:32:00+00","2023/06/26 09:13:00+00","Non NIBRS Data","Non NIBRS Data","Non NIBRS Data","Gunshot Wound Victims","Gunshot Wound Victims","Shooting (PFE)","Shooting (PFE)","0016XX 22ND ST E",3,"Ventura Village",6,44.96093,-93.25047,-10380594.8864894,5615373.24420538,1,311143,2023,6
-10387028.71,5624743.252,"Gunshot Wound Victims","No","24-351731","MP2024351731",2024-12-11,"05:20:00+00","2024/12/09 00:00:00+00","Non NIBRS Data","Non NIBRS Data","Non NIBRS Data","Gunshot Wound Victims","Gunshot Wound Victims","Shooting Report Only (P)","Shooting Report Only (P)","36TH AVE N / PENN AVE N",4,"Folwell",4,45.02046,-93.30827,-10387028.71,5624743.252,1,311144,2024,12
-10380236.5366,5616267.3603,"Gunshot Wound Victims","No","23-171406","MP2023171406",2023-06-30,"17:46:00+00","2023/06/30 17:46:00+00","Non NIBRS Data","Non NIBRS Data","Non NIBRS Data","Gunshot Wound Victims","Gunshot Wound Victims","Shooting (PFE)","Shooting (PFE)","0015XX 7TH ST S",1,"Cedar Riverside",6,44.96662,-93.24725,-10380236.5365941,5616267.36034933,1,311145,2023,6
-10382165.7537,5613394.5334,"Gunshot Wound Victims","No","24-365484","MP2024365484",2024-12-26,"22:37:00+00","2024/12/26 22:37:00+00","Non NIBRS Data","Non NIBRS Data","Non NIBRS Data","Gunshot Wound Victims","Gunshot Wound Victims","ShotSpotter Activation (P)","Shooting (PFE)","0007XX LAKE ST E",3,"Central",9,44.94835,-93.26458,-10382165.7537019,5613394.53343756,1,311146,2024,12
-10385682.082,5619045.726,"Gunshot Wound Victims","No","23-175848","MP2023175848",2023-07-05,"03:05:00+00","2023/07/05 03:05:00+00","Non NIBRS Data","Non NIBRS Data","Non NIBRS Data","Gunshot Wound Victims","Gunshot Wound Victims","Shooting (PFE)","Shooting (PFE)","0012XX OLSON MEMORIAL HWY",4,"Harrison",5,44.98427,-93.29617,-10385682.0819955,5619045.72600744,1,311147,2023,7
-10383440.4524,5613394.3982,"Gunshot Wound Victims","No","23-204400","MP2023204400",2023-08-02,"17:23:00+00","2023/08/02 17:23:00+00","Non NIBRS Data","Non NIBRS Data","Non NIBRS Data","Gunshot Wound Victims","Gunshot Wound Victims","Shooting (PFE)","Shooting (PFE)","0001XX LAKE ST E",5,"Whittier",10,44.94835,-93.27603,-10383440.4523962,5613394.39822574,1,311148,2023,8
-10385617.92,5624443.673,"Gunshot Wound Victims","No","24-358533","MP2024358533",2024-12-18,"19:07:00+00","2024/12/18 19:07:00+00","Non NIBRS Data","Non NIBRS Data","Non NIBRS Data","Gunshot Wound Victims","Gunshot Wound Victims","Shooting (PFE)","Shooting (PFE)","35TH AVE N / FREMONT AVE N",4,"Folwell",4,45.01856,-93.29559,-10385617.92,5624443.673,1,311149,2024,12
-10386604.4263,5620515.5217,"Gunshot Wound Victims","No","23-209680","MP2023209680",2023-08-07,"23:24:00+00","2023/08/07 23:24:00+00","Non NIBRS Data","Non NIBRS Data","Non NIBRS Data","Gunshot Wound Victims","Gunshot Wound Victims","Shooting (PFE)","Shooting (PFE)","0014XX MORGAN AVE N",4,"Willard - Hay",5,44.99361,-93.30446,-10386604.426257,5620515.5216813,1,311150,2023,8
-10377526.7588,5613821.289,"Gunshot Wound Victims","No","24-358576","MP2024358576",2024-12-18,"19:56:00+00","2024/12/18 19:56:00+00","Non NIBRS Data","Non NIBRS Data","Non NIBRS Data","Gunshot Wound Victims","Gunshot Wound Victims","Shooting (PFE)","Shooting (PFE)","0028XX 34TH AVE S",3,"Longfellow",9,44.95107,-93.22291,-10377526.7587667,5613821.28904854,1,311151,2024,12
-10379745.1368,5615302.0029,"Gunshot Wound Victims","No","23-210262","MP2023210262",2023-08-08,"15:26:00+00","2023/08/08 15:26:00+00","Non NIBRS Data","Non NIBRS Data","Non NIBRS Data","Gunshot Wound Victims","Gunshot Wound Victims","Shooting (PFE)","Shooting (PFE)","0022XX MINNEHAHA AVE",3,"Seward",6,44.96048,-93.24284,-10379745.136783,5615302.00292426,1,311152,2023,8
-10386747.0779,5619757.9908,"Gunshot Wound Victims","No","24-367665","MP2024367665",2024-12-29,"15:29:00+00","2024/12/29 12:37:00+00","Non NIBRS Data","Non NIBRS Data","Non NIBRS Data","Gunshot Wound Victims","Gunshot Wound Victims","Sound of Shots Fired (P)","Shooting (PFE)","0011XX NEWTON AVE N",4,"Near - North",5,44.9888,-93.30574,-10386747.077872,5619757.99076698,1,311153,2024,12
-10387028.5493,5624601.3691,"Gunshot Wound Victims","No","25-007709","MP20257709",2025-01-09,"20:45:00+00","2025/01/09 19:17:00+00","Non NIBRS Data","Non NIBRS Data","Non NIBRS Data","Gunshot Wound Victims","Gunshot Wound Victims","On Site (P)","Shooting Report Only (P)","0035XX PENN AVE N",4,"Folwell",4,45.01956,-93.30827,-10387028.5493165,5624601.36905374,1,311154,2025,1
-10380808.8456,5614948.9434,"Gunshot Wound Victims","No","25-013554","MP202513554",2025-01-17,"05:44:00+00","2025/01/17 02:13:00+00","Non NIBRS Data","Non NIBRS Data","Non NIBRS Data","Gunshot Wound Victims","Gunshot Wound Victims","Shooting (PFE)","Shooting (PFE)","0024XX BLOOMINGTON AVE",3,"Midtown Phillips",9,44.95824,-93.25239,-10380808.84564,5614948.94338752,1,311156,2025,1
-10378976.6674,5610163.5803,"Gunshot Wound Victims","No","25-034517","MP202534517",2025-02-11,"10:23:00+00","2025/02/11 05:04:00+00","Non NIBRS Data","Non NIBRS Data","Non NIBRS Data","Gunshot Wound Victims","Gunshot Wound Victims","Shooting (PFE)","Shooting (PFE)","0041XX 25TH AVE S",3,"Standish",12,44.92781,-93.23593,-10378976.6674145,5610163.58028542,1,311159,2025,2
-10381851.6622,5617081.4804,"Gunshot Wound Victims","Yes","25-058546","MP202558546",2025-03-09,"22:21:00+00","2025/03/09 19:45:00+00","Non NIBRS Data","Non NIBRS Data","Non NIBRS Data","Gunshot Wound Victims","Gunshot Wound Victims","Shooting Report Only (P)","Shooting Report Only (P)","0007XX CHICAGO AVE",4,"Folwell",4,44.97179,-93.26176,-10381851.6622254,5617081.48038588,1,311160,2025,3
-10386462.71,5623886.187,"Gunshot Wound Victims","No","25-091297","MP202591297",2025-04-10,"14:33:00+00","2025/04/10 13:00:00+00","Non NIBRS Data","Non NIBRS Data","Non NIBRS Data","Gunshot Wound Victims","Gunshot Wound Victims","Shooting Report Only (P)","Shooting Report Only (P)","LOGAN AVE N / 33RD AVE N",4,"Folwell",4,45.01502,-93.30318,-10386462.71,5623886.187,1,311162,2025,4
-10387028.5493,5624601.3691,"Gunshot Wound Victims","No","25-009772","MP20259772",2025-01-12,"13:46:00+00","2025/01/12 08:30:00+00","Non NIBRS Data","Non NIBRS Data","Non NIBRS Data","Gunshot Wound Victims","Gunshot Wound Victims","Sound of Shots Fired (P)","Shooting (PFE)","0035XX PENN AVE N",4,"Folwell",4,45.01956,-93.30827,-10387028.5493165,5624601.36905374,1,311164,2025,1
-10380386.022,5614949.211,"Gunshot Wound Victims","No","25-031169","MP202531169",2025-02-07,"00:27:00+00","2025/02/06 20:51:00+00","Non NIBRS Data","Non NIBRS Data","Non NIBRS Data","Gunshot Wound Victims","Gunshot Wound Victims","Shooting (PFE)","Shooting (PFE)","0024XX 18TH AVE S",3,"East Phillips",9,44.95824,-93.24859,-10380386.0220257,5614949.21102248,1,311166,2025,2
-10384941.9664,5621657.1554,"Gunshot Wound Victims","No","25-047069","MP202547069",2025-02-25,"17:17:00+00","2025/02/25 17:17:00+00","Non NIBRS Data","Non NIBRS Data","Non NIBRS Data","Gunshot Wound Victims","Gunshot Wound Victims","Shooting (PFE)","Shooting (PFE)","0021XX ALDRICH AVE N",4,"Hawthorne",5,45.00086,-93.28952,-10384941.9664195,5621657.15536339,3,311168,2025,2
-10381619.9343,5616356.5631,"Gunshot Wound Victims","No","25-053167","MP202553167",2025-03-03,"22:38:00+00","2025/03/03 21:00:00+00","Non NIBRS Data","Non NIBRS Data","Non NIBRS Data","Gunshot Wound Victims","Gunshot Wound Victims","On Site (P)","Shooting (PFE)","0015XX 10TH AVE S",1,"Elliot Park",6,44.96718,-93.25968,-10381619.9343463,5616356.56306537,1,311170,2025,3
-10379908.7763,5615235.9247,"Gunshot Wound Victims","No","23-212127","MP2023212127",2023-08-10,"06:02:00+00","2023/08/10 05:55:00+00","Non NIBRS Data","Non NIBRS Data","Non NIBRS Data","Gunshot Wound Victims","Gunshot Wound Victims","Shooting (PFE)","Shooting (PFE)","0022XX SNELLING AVE",3,"Seward",6,44.96006,-93.24431,-10379908.7762738,5615235.92465961,2,311171,2023,8
-10385919.47,5613116.339,"Gunshot Wound Victims","No","25-059742","MP202559742",2025-03-10,"23:32:00+00","2025/03/10 23:32:00+00","Non NIBRS Data","Non NIBRS Data","Non NIBRS Data","Gunshot Wound Victims","Gunshot Wound Victims","Robbery Dwlng/Person Rpt (P)~PD","Robbery of Person (P)","31ST ST W / HENNEPIN AVE",5,"South Uptown",10,44.94659,-93.2983,-10385919.47,5613116.339,1,311172,2025,3
-10381777.3774,5615581.952,"Gunshot Wound Victims","No","23-223056","MP2023223056",2023-08-20,"21:37:00+00","2023/08/20 17:57:00+00","Non NIBRS Data","Non NIBRS Data","Non NIBRS Data","Gunshot Wound Victims","Gunshot Wound Victims","Shooting (PFE)","Shooting (PFE)","0020XX ELLIOT AVE",3,"Ventura Village",6,44.96226,-93.26109,-10381777.3774456,5615581.95195485,9,311173,2023,8
-10379619.1335,5615857.5675,"Gunshot Wound Victims","No","25-101747","MP2025101747",2025-04-20,"07:28:00+00","2025/04/20 06:00:00+00","Non NIBRS Data","Non NIBRS Data","Non NIBRS Data","Gunshot Wound Victims","Gunshot Wound Victims","Shooting (PFE)","Shooting (PFE)","0021XX 9TH ST S",3,"Seward",6,44.96401,-93.24171,-10379619.1334507,5615857.56746286,1,311174,2025,4
-10387028.5493,5624601.3691,"Gunshot Wound Victims","No","23-232175","MP2023232175",2023-08-29,"23:05:00+00","2023/08/29 20:04:00+00","Non NIBRS Data","Non NIBRS Data","Non NIBRS Data","Gunshot Wound Victims","Gunshot Wound Victims","Shooting Report Only (P)","Shooting Report Only (P)","0035XX PENN AVE N",4,"Folwell",4,45.01956,-93.30827,-10387028.5493165,5624601.36905374,1,311175,2023,8
-10382942.01,5613665.241,"Gunshot Wound Victims","No","25-109819","MP2025109819",2025-04-27,"23:52:00+00","2025/04/27 23:51:00+00","Non NIBRS Data","Non NIBRS Data","Non NIBRS Data","Gunshot Wound Victims","Gunshot Wound Victims","Shooting (PFE)","Shooting (PFE)","29TH ST E / CLINTON AVE",3,"Phillips West",6,44.95008,-93.27156,-10382942.01,5613665.241,1,311176,2025,4
-10386391.7707,5623601.0203,"Gunshot Wound Victims","No","23-236242","MP2023236242",2023-09-02,"21:55:00+00","2023/09/02 17:38:00+00","Non NIBRS Data","Non NIBRS Data","Non NIBRS Data","Gunshot Wound Victims","Gunshot Wound Victims","Shooting Report Only (P)","Shooting Report Only (P)","0018XX LOWRY AVE N",4,"Folwell",4,45.01321,-93.30254,-10386391.770734,5623601.02025032,1,311177,2023,9
-10380238.299,5615772.5527,"Gunshot Wound Victims","No","23-291011","MP2023291011",2023-10-30,"03:22:00+00","2023/10/30 03:22:00+00","Non NIBRS Data","Non NIBRS Data","Non NIBRS Data","Gunshot Wound Victims","Gunshot Wound Victims","Shooting (PFE)","Shooting (PFE)","0009XX CEDAR AVE S",3,"Seward",6,44.96347,-93.24727,-10380238.2990471,5615772.55265877,4,311178,2023,10
-10382302.3659,5616835.3798,"Gunshot Wound Victims","Yes","23-291907","MP2023291907",2023-10-31,"04:33:00+00","2023/10/31 04:33:00+00","Non NIBRS Data","Non NIBRS Data","Non NIBRS Data","Gunshot Wound Victims","Gunshot Wound Victims","Shooting (PFE)","Shooting (PFE)","0006XX 10TH ST S",1,"Elliot Park",6,44.97023,-93.26581,-10382302.365936,5616835.37977745,1,311179,2023,10
-10381531.2985,5620203.9612,"Gunshot Wound Victims","No","23-298277","MP2023298277",2023-11-07,"00:37:00+00","2023/11/07 00:37:00+00","Non NIBRS Data","Non NIBRS Data","Non NIBRS Data","Gunshot Wound Victims","Gunshot Wound Victims","Sound of Shots Fired (P)","Shooting (PFE)","0003XX UNIVERSITY AVE NE",2,"St. Anthony West",3,44.99163,-93.25888,-10381531.2985205,5620203.96119103,1,311180,2023,11
-10385196.9129,5624296.5416,"Gunshot Wound Victims","No","23-302964","MP2023302964",2023-11-11,"22:55:00+00","2023/11/11 22:55:00+00","Non NIBRS Data","Non NIBRS Data","Non NIBRS Data","Gunshot Wound Victims","Gunshot Wound Victims","Shooting Report Only (P)","Shooting Report Only (P)","0034XX COLFAX AVE N",4,"McKinley",4,45.01762,-93.29181,-10385196.9128784,5624296.54159913,1,311181,2023,11
-10381807.8219,5613961.0113,"Gunshot Wound Victims","No","23-311322","MP2023311322",2023-11-21,"04:34:00+00","2023/11/21 04:34:00+00","Non NIBRS Data","Non NIBRS Data","Non NIBRS Data","Gunshot Wound Victims","Gunshot Wound Victims","Shooting Report Only (P)","Shooting Report Only (P)","0009XX 28TH ST E",3,"Midtown Phillips",9,44.95196,-93.26137,-10381807.8219322,5613961.01130238,1,311182,2023,11
-10382234.8151,5613676.7068,"Gunshot Wound Victims","No","23-325001","MP2023325001",2023-12-07,"05:58:00+00","2023/12/07 05:39:00+00","Non NIBRS Data","Non NIBRS Data","Non NIBRS Data","Gunshot Wound Victims","Gunshot Wound Victims","Shooting (PFE)","Shooting (PFE)","0028XX PARK AVE",3,"Phillips West",6,44.95015,-93.2652,-10382234.8151401,5613676.70683913,1,311183,2023,12
-10380676.1631,5619620.0312,"Gunshot Wound Victims","No","23-333146","MP2023333146",2023-12-16,"03:05:00+00","2023/12/16 02:12:00+00","Non NIBRS Data","Non NIBRS Data","Non NIBRS Data","Gunshot Wound Victims","Gunshot Wound Victims","Shooting (PFE)","Shooting (PFE)","0002XX 5TH ST SE",2,"Nicollet Island - East Bank",3,44.98792,-93.2512,-10380676.1630769,5619620.03124242,1,311184,2023,12
-10379309.6456,5612684.5593,"Gunshot Wound Victims","No","23-340185","MP2023340185",2023-12-23,"21:23:00+00","2023/12/23 19:38:00+00","Non NIBRS Data","Non NIBRS Data","Non NIBRS Data","Gunshot Wound Victims","Gunshot Wound Victims","Shooting (PFE)","Shooting (PFE)","0032XX 23RD AVE S",3,"East Phillips",9,44.94384,-93.23892,-10379309.6456382,5612684.55928189,2,311185,2023,12
-10381146.4504,5615941.1776,"Gunshot Wound Victims","No","24-016034","MP202416034",2024-01-20,"02:14:00+00","2024/01/20 01:15:00+00","Non NIBRS Data","Non NIBRS Data","Non NIBRS Data","Gunshot Wound Victims","Gunshot Wound Victims","Shooting (PFE)","Shooting (PFE)","0018XX 14TH AVE S",3,"Ventura Village",6,44.96454,-93.25543,-10381146.4503804,5615941.17757698,1,311186,2024,1
-10387378.9622,5621331.3283,"Gunshot Wound Victims","No","24-034884","MP202434884",2024-02-09,"15:37:00+00","2024/02/09 15:30:00+00","Non NIBRS Data","Non NIBRS Data","Non NIBRS Data","Gunshot Wound Victims","Gunshot Wound Victims","Shooting (PFE)","Shooting (PFE)","0024XX GOLDEN VALLEY RD",4,"Willard - Hay",5,44.99879,-93.31141,-10387378.9621791,5621331.32831279,2,311187,2024,2
-10387028.5493,5624601.3691,"Gunshot Wound Victims","No","24-045837","MP202445837",2024-02-22,"05:54:00+00","2024/02/22 02:32:00+00","Non NIBRS Data","Non NIBRS Data","Non NIBRS Data","Gunshot Wound Victims","Gunshot Wound Victims","Shooting (PFE)","Shooting (PFE)","0035XX PENN AVE N",4,"Folwell",4,45.01956,-93.30827,-10387028.5493165,5624601.36905374,1,311188,2024,2
-10380179.0632,5614242.9212,"Gunshot Wound Victims","No","24-050476","MP202450476",2024-02-26,"21:05:00+00","2024/02/26 19:17:00+00","Non NIBRS Data","Non NIBRS Data","Non NIBRS Data","Gunshot Wound Victims","Gunshot Wound Victims","ShotSpotter Activation (P)","Shooting (PFE)","0018XX 27TH ST E",3,"East Phillips",9,44.95375,-93.24674,-10380179.0631507,5614242.92122461,1,311189,2024,2
-10385633.91,5613466.2442,"Gunshot Wound Victims","No","24-069842","MP202469842",2024-03-17,"03:29:00+00","2024/03/17 03:29:00+00","Non NIBRS Data","Non NIBRS Data","Non NIBRS Data","Gunshot Wound Victims","Gunshot Wound Victims","Shooting (PFE)","Shooting (PFE)","0029XX FREMONT AVE S",5,"Lowry Hill East",10,44.94881,-93.29574,-10385633.9100016,5613466.24421444,1,311190,2024,3
-10386398.6915,5618507.1407,"Gunshot Wound Victims","No","24-088344","MP202488344",2024-04-05,"21:45:00+00","2024/04/05 21:45:00+00","Non NIBRS Data","Non NIBRS Data","Non NIBRS Data","Gunshot Wound Victims","Gunshot Wound Victims","Shooting (PFE)","Shooting (PFE)","0017XX GLENWOOD AVE",4,"Harrison",5,44.98085,-93.30261,-10386398.6914834,5618507.14071754,1,311191,2024,4
-10385827.3614,5623027.8861,"Gunshot Wound Victims","No","24-093150","MP202493150",2024-04-10,"18:41:00+00","2024/04/10 18:41:00+00","Non NIBRS Data","Non NIBRS Data","Non NIBRS Data","Gunshot Wound Victims","Gunshot Wound Victims","Shooting (PFE)","Shooting (PFE)","0014XX 29TH AVE N",4,"Jordan",5,45.00957,-93.29747,-10385827.3614407,5623027.88605615,1,311192,2024,4
-10383846.7136,5613581.2179,"Gunshot Wound Victims","No","24-111678","MP2024111678",2024-04-28,"01:58:00+00","2024/04/27 22:38:00+00","Non NIBRS Data","Non NIBRS Data","Non NIBRS Data","Gunshot Wound Victims","Gunshot Wound Victims","Shooting (PFE)","Shooting (PFE)","0029XX BLAISDELL AVE",5,"Whittier",10,44.94954,-93.27968,-10383846.713642,5613581.21792841,1,311193,2024,4
-10387313.6576,5624886.5413,"Gunshot Wound Victims","No","24-120739","MP2024120739",2024-05-06,"18:25:00+00","2024/05/06 18:25:00+00","Non NIBRS Data","Non NIBRS Data","Non NIBRS Data","Gunshot Wound Victims","Gunshot Wound Victims","Narcotics (Drug) Activity (P)","Shooting (PFE)","0036XX RUSSELL AVE N",4,"Cleveland",4,45.02137,-93.31083,-10387313.6575984,5624886.54132672,2,311194,2024,5
-10381584.1004,5611443.3138,"Gunshot Wound Victims","No","24-127592","MP2024127592",2024-05-13,"00:05:00+00","2024/05/12 19:22:00+00","Non NIBRS Data","Non NIBRS Data","Non NIBRS Data","Gunshot Wound Victims","Gunshot Wound Victims","Shooting (PFE)","Shooting (PFE)","0010XX 37TH ST E",3,"Powderhorn Park",9,44.93595,-93.25936,-10381584.1003758,5611443.31378496,1,311195,2024,5
-10380594.8865,5615373.2442,"Gunshot Wound Victims","No","24-134309","MP2024134309",2024-05-18,"22:46:00+00","2024/05/18 22:45:00+00","Non NIBRS Data","Non NIBRS Data","Non NIBRS Data","Gunshot Wound Victims","Gunshot Wound Victims","Shooting (PFE)","Shooting (PFE)","0016XX 22ND ST E",3,"Ventura Village",6,44.96093,-93.25047,-10380594.8864894,5615373.24420538,1,311196,2024,5
-10378714.7937,5606486.5319,"Gunshot Wound Victims","No","22-275500","MP2022275500",2022-11-19,"04:52:00+00","2022/11/18 22:16:00+00","Non NIBRS Data","Non NIBRS Data","Non NIBRS Data","Gunshot Wound Victims","Gunshot Wound Victims","Shooting (PFE)","Shooting (PFE)","0054XX 27TH AVE S",3,"Wenonah",11,44.90442,-93.23358,-10378714.7937212,5606486.53190549,1,311197,2022,11
-10385547.5684,5624443.0434,"Gunshot Wound Victims","No","22-298909","MP2022298909",2022-12-18,"16:04:00+00","2022/12/18 14:19:00+00","Non NIBRS Data","Non NIBRS Data","Non NIBRS Data","Gunshot Wound Victims","Gunshot Wound Victims","ShotSpotter Activation (P)","Shooting (PFE)","0012XX 35TH AVE N",4,"Folwell",4,45.01855,-93.29496,-10385547.5684425,5624443.04340198,1,311198,2022,12
-10383359.0616,5614952.9201,"Gunshot Wound Victims","No","22-300989","MP2022300989",2022-12-21,"13:57:00+00","2022/12/21 12:40:00+00","Non NIBRS Data","Non NIBRS Data","Non NIBRS Data","Gunshot Wound Victims","Gunshot Wound Victims","Shooting (PFE)","Shooting (PFE)","0024XX STEVENS AVE",5,"Whittier",10,44.95826,-93.2753,-10383359.0616266,5614952.9200821,1,311199,2022,12
-10381783.6818,5618590.3623,"Gunshot Wound Victims",NA,"22-710433","MP2022710433",2022-09-11,"14:25:00+00","2022/09/06 07:00:00+00","Non NIBRS Data","Non NIBRS Data","Non NIBRS Data","Gunshot Wound Victims","Gunshot Wound Victims",NA,NA,"0003XX 1ST ST S",1,"Downtown West",3,44.98138,-93.26115,-10381783.6817614,5618590.36226546,1,311200,2022,9
-10385708.2099,5621932.3709,"Gunshot Wound Victims","No","23-003075","MP20233075",2023-01-04,"22:05:00+00","2023/01/04 21:50:00+00","Non NIBRS Data","Non NIBRS Data","Non NIBRS Data","Gunshot Wound Victims","Gunshot Wound Victims","Shooting (PFE)~PD","Shooting Report Only (P)","0012XX 23RD AVE N",4,"Jordan",5,45.00261,-93.2964,-10385708.2098747,5621932.37089891,1,311201,2023,1
-10385916.9402,5613466.4264,"Gunshot Wound Victims","No","23-006882","MP20236882",2023-01-09,"19:05:00+00","2023/01/09 19:05:00+00","Non NIBRS Data","Non NIBRS Data","Non NIBRS Data","Gunshot Wound Victims","Gunshot Wound Victims","Shooting (PFE)","Shooting (PFE)","0029XX HENNEPIN AVE",5,"Lowry Hill East",10,44.94881,-93.29828,-10385916.9401957,5613466.42636728,1,311202,2023,1
-10386462.7551,5624595.6063,"Gunshot Wound Victims","No","24-035482","MP202435482",2024-02-10,"05:03:00+00","2024/02/10 03:47:00+00","Non NIBRS Data","Non NIBRS Data","Non NIBRS Data","Gunshot Wound Victims","Gunshot Wound Victims","ShotSpotter Activation (P)","Shooting (PFE)","0035XX LOGAN AVE N",4,"Folwell",4,45.01952,-93.30318,-10386462.7551135,5624595.60633486,1,311203,2024,2
-10384437.2388,5621005.0613,"Gunshot Wound Victims","No","24-043634","MP202443634",2024-02-19,"15:40:00+00","2024/02/19 02:45:00+00","Non NIBRS Data","Non NIBRS Data","Non NIBRS Data","Gunshot Wound Victims","Gunshot Wound Victims","Shooting (PFE)","Shooting (PFE)","0016XX LYN CURVE AVE N",4,"Hawthorne",5,44.99672,-93.28499,-10384437.2387943,5621005.06125677,1,311204,2024,2
-10381101.5154,5613811.7512,"Gunshot Wound Victims","No","24-045423","MP202445423",2024-02-21,"21:05:00+00","2024/02/21 17:14:00+00","Non NIBRS Data","Non NIBRS Data","Non NIBRS Data","Gunshot Wound Victims","Gunshot Wound Victims","Shooting (PFE)","Shooting (PFE)","0028XX 14TH AVE S",3,"East Phillips",9,44.95101,-93.25502,-10381101.5154197,5613811.75115983,2,311205,2024,2
-10387593.8147,5620617.4234,"Gunshot Wound Victims","No","24-048967","MP202448967",2024-02-25,"09:24:00+00","2024/02/25 08:15:00+00","Non NIBRS Data","Non NIBRS Data","Non NIBRS Data","Gunshot Wound Victims","Gunshot Wound Victims","Shooting (PFE)","Shooting (PFE)","0014XX THOMAS AVE N",4,"Willard - Hay",5,44.99426,-93.31334,-10387593.8147456,5620617.42343358,1,311206,2024,2
-10382007.5819,5624091.969,"Gunshot Wound Victims","No","24-051497","MP202451497",2024-02-28,"00:17:00+00","2024/02/28 00:17:00+00","Non NIBRS Data","Non NIBRS Data","Non NIBRS Data","Gunshot Wound Victims","Gunshot Wound Victims","Shooting (PFE)","Shooting (PFE)","0026XX UNIVERSITY AVE NE",2,"Marshall Terrace",1,45.01633,-93.26316,-10382007.5819142,5624091.96902506,2,311207,2024,2
-10382368.4113,5615508.9971,"Gunshot Wound Victims","No","24-058825","MP202458825",2024-03-06,"18:28:00+00","2024/03/06 18:28:00+00","Non NIBRS Data","Non NIBRS Data","Non NIBRS Data","Gunshot Wound Victims","Gunshot Wound Victims","Shooting (PFE)","Shooting (PFE)","0020XX OAKLAND AVE",3,"Phillips West",6,44.9618,-93.2664,-10382368.4113087,5615508.99713904,1,311208,2024,3
-10383169.4392,5619208.4886,"Gunshot Wound Victims","No","24-075263","MP202475263",2024-03-23,"04:08:00+00","2024/03/23 00:54:00+00","Non NIBRS Data","Non NIBRS Data","Non NIBRS Data","Gunshot Wound Victims","Gunshot Wound Victims","Shooting (PFE)","Shooting (PFE)","0004XX WASHINGTON AVE N",1,"North Loop",3,44.98531,-93.2736,-10383169.4392016,5619208.48862504,1,311209,2024,3
-10386747.4699,5624883.2796,"Gunshot Wound Victims","No","24-096725","MP202496725",2024-04-13,"22:53:00+00","2024/04/13 22:53:00+00","Non NIBRS Data","Non NIBRS Data","Non NIBRS Data","Gunshot Wound Victims","Gunshot Wound Victims","Shooting (PFE)","Shooting (PFE)","0036XX NEWTON AVE N",4,"Cleveland",4,45.02135,-93.30574,-10386747.4698802,5624883.27956364,1,311210,2024,4
-10385155.7265,5627722.5268,"Gunshot Wound Victims","No","23-070130","MP202370130",2023-03-24,"03:00:00+00","2023/03/24 01:30:00+00","Non NIBRS Data","Non NIBRS Data","Non NIBRS Data","Gunshot Wound Victims","Gunshot Wound Victims","Sound of Shots Fired (P)~PD","Shooting Report Only (P)","0046XX BRYANT AVE N",4,"Lind - Bohanon",4,45.03938,-93.29144,-10385155.7265321,5627722.52684822,1,311211,2023,3
-10380249.7121,5622845.0001,"Gunshot Wound Victims","No","23-084892","MP202384892",2023-04-08,"03:02:00+00","2023/04/07 23:00:00+00","Non NIBRS Data","Non NIBRS Data","Non NIBRS Data","Gunshot Wound Victims","Gunshot Wound Victims","Shooting Report Only (P)","Shooting Report Only (P)","0019XX CENTRAL AVE NE",2,"Prospect Park - East River Road",2,45.00841,-93.24737,-10380249.7120799,5622845.00012753,1,311212,2023,4
-10384941.9664,5621657.1554,"Gunshot Wound Victims","No","23-103959","MP2023103959",2023-04-27,"19:52:00+00","2023/04/27 16:18:00+00","Non NIBRS Data","Non NIBRS Data","Non NIBRS Data","Gunshot Wound Victims","Gunshot Wound Victims","Shooting (PFE)","Shooting (PFE)","0021XX ALDRICH AVE N",4,"Hawthorne",5,45.00086,-93.28952,-10384941.9664195,5621657.15536339,1,311213,2023,4
-10380813.8644,5621175.6654,"Gunshot Wound Victims","No","23-108628","MP2023108628",2023-05-02,"08:41:00+00","2023/05/01 21:30:00+00","Non NIBRS Data","Non NIBRS Data","Non NIBRS Data","Gunshot Wound Victims","Gunshot Wound Victims","Shooting (PFE)","Shooting (PFE)","0007XX MONROE ST NE",2,"St. Anthony East",3,44.9978,-93.25244,-10380813.8644236,5621175.66542242,1,311214,2023,5
-10386530.5617,5622749.7909,"Gunshot Wound Victims","No","23-121808","MP2023121808",2023-05-14,"01:42:00+00","2023/05/14 01:42:00+00","Non NIBRS Data","Non NIBRS Data","Non NIBRS Data","Gunshot Wound Victims","Gunshot Wound Victims","Sound of Shots Fired (P)~PD","Shooting (PFE)","0019XX 27TH AVE N",4,"Jordan",5,45.0078,-93.30379,-10386530.5617065,5622749.79089494,1,311215,2023,5
-10379619.1335,5615857.5675,"Gunshot Wound Victims","No","23-130439","MP2023130439",2023-05-22,"15:19:00+00","2023/05/22 15:19:00+00","Non NIBRS Data","Non NIBRS Data","Non NIBRS Data","Gunshot Wound Victims","Gunshot Wound Victims","Shooting (PFE)","Shooting (PFE)","0021XX 9TH ST S",3,"Seward",6,44.96401,-93.24171,-10379619.1334507,5615857.56746286,1,311216,2023,5
-10384505.3119,5612417.4299,"Gunshot Wound Victims","No","25-112532","MP2025112532",2025-04-30,"15:14:00+00","2025/04/30 14:25:00+00","Non NIBRS Data","Non NIBRS Data","Non NIBRS Data","Gunshot Wound Victims","Gunshot Wound Victims","Shooting (PFE)","Shooting (PFE)","0033XX HARRIET AVE",5,"Lyndale",8,44.94214,-93.2856,-10384505.3119154,5612417.42990018,1,311217,2025,4
-10382182.9233,5619134.7205,"Gunshot Wound Victims","No","25-118574","MP2025118574",2025-05-05,"23:19:00+00","2025/05/05 21:03:00+00","Non NIBRS Data","Non NIBRS Data","Non NIBRS Data","Gunshot Wound Victims","Gunshot Wound Victims","Shooting (PFE)","Shooting (PFE)","000XX HENNEPIN AVE",1,"North Loop",3,44.98484,-93.26474,-10382182.9233044,5619134.72049915,1,311218,2025,5
-10387326.6094,5625742.6463,"Gunshot Wound Victims","No","25-129854","MP2025129854",2025-05-15,"18:16:00+00","2025/05/15 18:16:00+00","Non NIBRS Data","Non NIBRS Data","Non NIBRS Data","Gunshot Wound Victims","Gunshot Wound Victims","Shooting Report Only (P)","Shooting Report Only (P)","0039XX RUSSELL AVE N",4,"Victory",4,45.02681,-93.31094,-10387326.6093536,5625742.64627526,1,311219,2025,5
-10387313.6576,5624886.5413,"Gunshot Wound Victims","No","25-172084","MP2025172084",2025-06-23,"14:08:00+00","2025/06/23 14:06:00+00","Non NIBRS Data","Non NIBRS Data","Non NIBRS Data","Gunshot Wound Victims","Gunshot Wound Victims","Shooting (PFE)","Shooting (PFE)","0036XX RUSSELL AVE N",4,"Folwell",4,45.02137,-93.31083,-10387313.6575984,5624886.54132672,1,311220,2025,6
-10385756.88,5623026.992,"Gunshot Wound Victims","No","25-179046","MP2025179046",2025-06-29,"23:50:00+00","2025/06/29 23:50:00+00","Non NIBRS Data","Non NIBRS Data","Non NIBRS Data","Gunshot Wound Victims","Gunshot Wound Victims","Shooting (PFE)","Shooting (PFE)","29TH AVE N / GIRARD AVE N",4,"Jordan",5,45.00956,-93.29684,-10385756.88,5623026.992,1,311221,2025,6
-10384088.4973,5616694.3751,"Gunshot Wound Victims",NA,"25-193431","MP2025193431",2025-07-12,"21:16:00+00","2025/07/12 12:00:00+00","Non NIBRS Data","Non NIBRS Data","Non NIBRS Data","Gunshot Wound Victims","Gunshot Wound Victims","Shooting Report Only (P)","Shooting Report Only (P)","0013XX WILLOW ST",1,"Loring Park",7,44.96933,-93.28185,-10384088.4972863,5616694.37506241,1,311222,2025,7
-10386744.8963,5624030.1724,"Gunshot Wound Victims","No","25-204932","MP2025204932",2025-07-23,"08:31:00+00","2025/07/23 08:31:00+00","Non NIBRS Data","Non NIBRS Data","Non NIBRS Data","Gunshot Wound Victims","Gunshot Wound Victims","Shooting (PFE)","Shooting (PFE)","0033XX NEWTON AVE N",4,"Folwell",4,45.01593,-93.30572,-10386744.8963446,5624030.1724301,1,311223,2025,7
-10383366.307,5613677.0365,"Gunshot Wound Victims","No","25-234034","MP2025234034",2025-08-18,"06:00:00+00","2025/08/18 06:00:00+00","Non NIBRS Data","Non NIBRS Data","Non NIBRS Data","Gunshot Wound Victims","Gunshot Wound Victims","Shooting (PFE)","Shooting (PFE)","0029XX STEVENS AVE",5,"Whittier",8,44.95015,-93.27537,-10383366.3069789,5613677.0364866,1,311224,2025,8
-10383221.242,5614381.5922,"Gunshot Wound Victims","No","25-243565","MP2025243565",2025-08-26,"20:02:00+00","2025/08/26 20:02:00+00","Non NIBRS Data","Non NIBRS Data","Non NIBRS Data","Gunshot Wound Victims","Gunshot Wound Victims","Shooting (PFE)","Shooting (PFE)","0026XX 2ND AVE S",5,"Whittier",10,44.95463,-93.27406,-10383221.2419601,5614381.59224994,2,311225,2025,8
-10383425.29,5617929.804,"Gunshot Wound Victims","Yes","25-243787","MP2025243787",2025-08-27,"02:21:00+00","2025/08/27 02:21:00+00","Non NIBRS Data","Non NIBRS Data","Non NIBRS Data","Gunshot Wound Victims","Gunshot Wound Victims","Shooting (PFE)","Shooting (PFE)","8TH ST S / HENNEPIN AVE",1,"Downtown West",7,44.97718,-93.2759,-10383425.29,5617929.804,2,311226,2025,8
-10381095.8682,5614666.6579,"Gunshot Wound Victims","No","25-254669","MP2025254669",2025-09-05,"18:28:00+00","2025/09/05 18:28:00+00","Non NIBRS Data","Non NIBRS Data","Non NIBRS Data","Gunshot Wound Victims","Gunshot Wound Victims","ShotSpotter Activation (P)","Shooting Report Only (P)","0025XX 14TH AVE S",3,"Midtown Phillips",9,44.95644,-93.25497,-10381095.8681795,5614666.65786319,2,311227,2025,9
-10382507.8856,5615938.321,"Gunshot Wound Victims","No","25-258105","MP2025258105",2025-09-09,"04:28:00+00","2025/09/09 04:28:00+00","Non NIBRS Data","Non NIBRS Data","Non NIBRS Data","Gunshot Wound Victims","Gunshot Wound Victims","Shooting (PFE)","Shooting (PFE)","0018XX PORTLAND AVE",3,"Ventura Village",6,44.96452,-93.26766,-10382507.8855961,5615938.32100898,1,311228,2025,9
-10387379.2613,5620758.1568,"Gunshot Wound Victims","No","25-263786","MP2025263786",2025-09-14,"13:33:00+00","2025/09/14 07:53:00+00","Non NIBRS Data","Non NIBRS Data","Non NIBRS Data","Gunshot Wound Victims","Gunshot Wound Victims","Sound of Shots Fired (P)~PD","Shooting (PFE)","0024XX 16TH AVE N",4,"Willard - Hay",5,44.99515,-93.31142,-10387379.2613344,5620758.15675359,1,311229,2025,9
-10378828.8213,5618682.5339,"Gunshot Wound Victims","No","25-273451","MP2025273451",2025-09-23,"01:26:00+00","2025/09/23 01:26:00+00","Non NIBRS Data","Non NIBRS Data","Non NIBRS Data","Gunshot Wound Victims","Gunshot Wound Victims","Sound of Shots Fired (P)","Shooting (PFE)","0005XX 14TH AVE SE",2,"Marcy Holmes",2,44.98196,-93.23461,-10378828.8212888,5618682.53386889,1,311230,2025,9
0,0,"Gunshot Wound Victims","No","25-279408","MP2025279408",2025-09-28,"05:10:00+00","2025/09/28 05:10:00+00","Non NIBRS Data","Non NIBRS Data","Non NIBRS Data","Gunshot Wound Victims","Gunshot Wound Victims","Shooting Report Only (P)","Shooting Report Only (P)","No Address",1,NA,NA,0,0,0,0,1,311231,2025,9
-10384941.9664,5621657.1554,"Gunshot Wound Victims","No","21-068539","MP202168539",2021-04-03,"03:39:00+00","2021/04/03 03:00:00+00","Non NIBRS Data","Non NIBRS Data","Non NIBRS Data","Gunshot Wound Victims","Gunshot Wound Victims","Shooting Report Only (P)","Shooting Report Only (P)","0021XX ALDRICH AVE N",4,"Hawthorne",5,45.00086,-93.28952,-10384941.9664195,5621657.15536339,1,311232,2021,4
-10384943.9719,5623303.7658,"Gunshot Wound Victims","No","21-079234","MP202179234",2021-04-16,"04:11:00+00","2021/04/16 04:11:00+00","Non NIBRS Data","Non NIBRS Data","Non NIBRS Data","Gunshot Wound Victims","Gunshot Wound Victims","Shooting Report Only (P)","Shooting Report Only (P)","0007XX 30TH AVE N",4,"Hawthorne",5,45.01132,-93.28954,-10384943.9718837,5623303.76578426,1,311233,2021,4
-10382438.5982,5615368.0223,"Gunshot Wound Victims","No","21-084158","MP202184158",2021-04-22,"20:39:00+00","2021/04/22 20:39:00+00","Non NIBRS Data","Non NIBRS Data","Non NIBRS Data","Gunshot Wound Victims","Gunshot Wound Victims","Shooting (PFE)","Shooting (PFE)","0006XX 22ND ST E",3,"Ventura Village",6,44.9609,-93.26703,-10382438.5981872,5615368.02231511,1,311234,2021,4
-10386208.2527,5621709.0858,"Gunshot Wound Victims","No","21-089456","MP202189456",2021-04-29,"23:42:00+00","2021/04/29 22:17:00+00","Non NIBRS Data","Non NIBRS Data","Non NIBRS Data","Gunshot Wound Victims","Gunshot Wound Victims","ShotSpotter Activation (P)","Shooting (PFE)","0016XX HILLSIDE AVE N",4,"Jordan",5,45.00119,-93.3009,-10386208.2527323,5621709.08581571,1,311235,2021,4
-10385477.369,5624015.3504,"Gunshot Wound Victims","No","21-151852","MP2021151852",2021-07-09,"21:47:00+00","2021/07/09 21:47:00+00","Non NIBRS Data","Non NIBRS Data","Non NIBRS Data","Gunshot Wound Victims","Gunshot Wound Victims","Shooting (PFE)","Shooting (PFE)","0033XX EMERSON AVE N",4,"Folwell",4,45.01584,-93.29433,-10385477.3689667,5624015.35035861,2,311260,2021,7
-10387028.5493,5624601.3691,"Gunshot Wound Victims","No","21-159046","MP2021159046",2021-07-18,"09:55:00+00","2021/07/18 09:55:00+00","Non NIBRS Data","Non NIBRS Data","Non NIBRS Data","Gunshot Wound Victims","Gunshot Wound Victims","Shooting (PFE)","Shooting (PFE)","0035XX PENN AVE N",4,"Folwell",4,45.01956,-93.30827,-10387028.5493165,5624601.36905374,1,311261,2021,7
-10386321.3218,5624594.268,"Gunshot Wound Victims","No","21-167380","MP2021167380",2021-07-27,"20:07:00+00","2021/07/27 20:07:00+00","Non NIBRS Data","Non NIBRS Data","Non NIBRS Data","Gunshot Wound Victims","Gunshot Wound Victims","ShotSpotter Activation (P)","Shooting (PFE)","0035XX KNOX AVE N",4,"Folwell",4,45.01952,-93.30191,-10386321.3218199,5624594.26801234,1,311262,2021,7
-10380248.6228,5623155.3718,"Gunshot Wound Victims","No","21-170472","MP2021170472",2021-07-31,"07:54:00+00","2021/07/31 05:34:00+00","Non NIBRS Data","Non NIBRS Data","Non NIBRS Data","Gunshot Wound Victims","Gunshot Wound Victims","Shooting Report Only (P)","Shooting Report Only (P)","0022XX CENTRAL AVE NE",2,"Windom Park",1,45.01038,-93.24736,-10380248.6227648,5623155.37175389,1,311263,2021,7
-10384941.9664,5621657.1554,"Gunshot Wound Victims","Yes","21-171720","MP2021171720",2021-08-01,"19:46:00+00","2021/08/01 18:22:00+00","Non NIBRS Data","Non NIBRS Data","Non NIBRS Data","Gunshot Wound Victims","Gunshot Wound Victims","Shooting Report Only (P)","Shooting Report Only (P)","0021XX ALDRICH AVE N",4,"Hawthorne",5,45.00086,-93.28952,-10384941.9664195,5621657.15536339,1,311264,2021,8
-10381777.5883,5615229.3822,"Gunshot Wound Victims","No","21-174279","MP2021174279",2021-08-04,"18:03:00+00","2021/08/04 17:10:00+00","Non NIBRS Data","Non NIBRS Data","Non NIBRS Data","Gunshot Wound Victims","Gunshot Wound Victims","Shooting (PFE)","Shooting (PFE)","0022XX ELLIOT AVE",3,"Ventura Village",6,44.96002,-93.26109,-10381777.5883496,5615229.38215095,1,311265,2021,8
-10378012.0118,5605689.3666,"Gunshot Wound Victims","No","21-103088","MP2021103088",2021-05-15,"17:16:00+00","2021/05/15 17:16:00+00","Non NIBRS Data","Non NIBRS Data","Non NIBRS Data","Gunshot Wound Victims","Gunshot Wound Victims","Shooting (PFE)","Shooting (PFE)","0057XX 31ST AVE S",3,"Wenonah",11,44.89935,-93.22727,-10378012.011841,5605689.36662165,1,311302,2021,5
-10382933.8653,5615948.0186,"Gunshot Wound Victims","No","25-289123","MP2025289123",2025-10-06,"14:42:00+00","2025/10/06 14:42:00+00","Non NIBRS Data","Non NIBRS Data","Non NIBRS Data","Gunshot Wound Victims","Gunshot Wound Victims","Shooting (PFE)","Shooting (PFE)","0018XX CLINTON AVE",5,"Steven's Square - Loring Heights",6,44.96459,-93.27148,-10382933.8652718,5615948.01862077,1,311304,2025,10
-10379027.74,5618692.617,"Gunshot Wound Victims","No","25-316715","MP2025316715",2025-11-01,"05:25:00+00","2025/11/01 02:37:00+00","Non NIBRS Data","Non NIBRS Data","Non NIBRS Data","Gunshot Wound Victims","Gunshot Wound Victims","Shooting (PFE)~PD","Shooting (PFE)","5TH ST SE / 13TH AVE SE",2,"Marcy Holmes",2,44.98203,-93.23639,-10379027.74,5618692.617,3,311306,2025,11
-10380182.8867,5613397.1682,"Gunshot Wound Victims","No","25-333450","MP2025333450",2025-11-17,"20:08:00+00","2025/11/17 15:31:00+00","Non NIBRS Data","Non NIBRS Data","Non NIBRS Data","Gunshot Wound Victims","Gunshot Wound Victims","ShotSpotter Activation (P)","Shooting (PFE)","0018XX LAKE ST E",3,"Corcoran",9,44.94837,-93.24677,-10380182.8866716,5613397.16816754,1,311308,2025,11
-10381777.3774,5615581.952,"Gunshot Wound Victims","No","25-354640","MP2025354640",2025-12-10,"21:52:00+00","2025/12/10 21:52:00+00","Non NIBRS Data","Non NIBRS Data","Non NIBRS Data","Gunshot Wound Victims","Gunshot Wound Victims","Shooting (PFE)","Shooting (PFE)","0020XX ELLIOT AVE",3,"Ventura Village",6,44.96226,-93.26109,-10381777.3774456,5615581.95195485,1,311310,2025,12
-10386328.7542,5618902.6882,"Gunshot Wound Victims","No","25-366682","MP2025366682",2025-12-24,"16:18:00+00","2025/12/24 16:18:00+00","Non NIBRS Data","Non NIBRS Data","Non NIBRS Data","Gunshot Wound Victims","Gunshot Wound Victims","Shooting (PFE)","Shooting (PFE)","0005XX KNOX AVE N",4,"Near - North",5,44.98336,-93.30198,-10386328.7541526,5618902.68816794,1,311312,2025,12
-10383608.9177,5605103.0636,"Gunshot Wound Victims","No","26-028549","MP202628549",2026-02-04,"18:58:00+00","2026/02/04 16:00:00+00","Non NIBRS Data","Non NIBRS Data","Non NIBRS Data","Gunshot Wound Victims","Gunshot Wound Victims","Shooting (PFE)","Shooting (PFE)","000XX 59TH ST E",5,"Windom",11,44.89561,-93.27755,-10383608.9177049,5605103.06363369,1,311314,2026,2
-10383429.8423,5616046.8084,"Gunshot Wound Victims","No","26-046675","MP202646675",2026-02-25,"05:22:00+00","2026/02/24 22:41:00+00","Non NIBRS Data","Non NIBRS Data","Non NIBRS Data","Gunshot Wound Victims","Gunshot Wound Victims","Sound of Shots Fired (P)","Shooting (PFE)","0001XX 18TH ST E",5,"Steven's Square - Loring Heights",6,44.96521,-93.27594,-10383429.8423469,5616046.80835558,1,311316,2026,2
-10379750.2293,5620749.8762,"Gunshot Wound Victims","No","26-055310","MP202655310",2026-03-05,"18:29:00+00","2026/03/05 18:29:00+00","Non NIBRS Data","Non NIBRS Data","Non NIBRS Data","Gunshot Wound Victims","Gunshot Wound Victims","Sound of Shots Fired (P)","Shooting (PFE)","0011XX SPRING ST NE",2,"Beltrami",3,44.9951,-93.24288,-10379750.2292664,5620749.87619742,1,311318,2026,3
-10381099.9091,5612480.5754,"Gunshot Wound Victims","No","21-255999","MP2021255999",2021-11-06,"08:22:00+00","2021/11/06 08:22:00+00","Non NIBRS Data","Non NIBRS Data","Non NIBRS Data","Gunshot Wound Victims","Gunshot Wound Victims","Shooting Report Only (P)","Shooting Report Only (P)","0033XX 14TH AVE S",3,"Powderhorn Park",9,44.94254,-93.25501,-10381099.909132,5612480.57538698,1,311320,2021,11
-10383501.607,5615947.5898,"Gunshot Wound Victims","No","25-311140","MP2025311140",2025-10-26,"19:53:00+00","2025/10/26 19:53:00+00","Non NIBRS Data","Non NIBRS Data","Non NIBRS Data","Gunshot Wound Victims","Gunshot Wound Victims","Sound of Shots Fired (P)","Shooting (PFE)","0018XX 1ST AVE S",5,"Steven's Square - Loring Heights",6,44.96458,-93.27658,-10383501.6069841,5615947.58977873,1,311321,2025,10
-10387037.07,5625314.422,"Gunshot Wound Victims","Yes","25-345959","MP2025345959",2025-11-30,"21:09:00+00","2025/11/30 21:09:00+00","Non NIBRS Data","Non NIBRS Data","Non NIBRS Data","Gunshot Wound Victims","Gunshot Wound Victims","Shooting Report Only (P)","Shooting Report Only (P)","DOWLING AVE N / PENN AVE N",4,"Webber - Camden",4,45.02409,-93.30834,-10387037.07,5625314.422,1,311322,2025,11
-10384022.938,5617047.079,"Gunshot Wound Victims","Yes","26-177208","MP2026177208",2026-06-28,"01:26:00+00","2026/06/28 01:26:00+00","Non NIBRS Data","Non NIBRS Data","Non NIBRS Data","Gunshot Wound Victims","Gunshot Wound Victims","Sound of Shots Fired (P)","Shooting (PFE)","000XX GREENWAY GABLES",1,"Loring Park",7,44.97157,-93.28127,-10384022.9380445,5617047.07897565,1,311326,2026,6
-10387307.3698,5621757.8171,"Gunshot Wound Victims","No","21-090535","MP202190535",2021-05-01,"04:15:00+00","2021/05/01 02:23:00+00","Non NIBRS Data","Non NIBRS Data","Non NIBRS Data","Gunshot Wound Victims","Gunshot Wound Victims","Shooting (PFE)","Shooting (PFE)","0022XX RUSSELL AVE N",4,"Jordan",5,45.0015,-93.31077,-10387307.3697963,5621757.81707668,2,311360,2021,5
-10382234.8151,5613676.7068,"Gunshot Wound Victims","No","21-100527","MP2021100527",2021-05-12,"22:01:00+00","2021/05/12 20:36:00+00","Non NIBRS Data","Non NIBRS Data","Non NIBRS Data","Gunshot Wound Victims","Gunshot Wound Victims","ShotSpotter Activation (P)","Shooting Report Only (P)","0028XX PARK AVE",3,"Phillips West",9,44.95015,-93.2652,-10382234.8151401,5613676.70683913,1,311362,2021,5
-10385708.2099,5621932.3709,"Gunshot Wound Victims","No","21-102365","MP2021102365",2021-05-14,"21:28:00+00","2021/05/14 21:28:00+00","Non NIBRS Data","Non NIBRS Data","Non NIBRS Data","Gunshot Wound Victims","Gunshot Wound Victims","Shooting Report Only (P)","Shooting Report Only (P)","0012XX 23RD AVE N",4,"Hawthorne",5,45.00261,-93.2964,-10385708.2098747,5621932.37089891,1,311364,2021,5
-10384941.9664,5621657.1554,"Gunshot Wound Victims","Yes","21-104246","MP2021104246",2021-05-16,"22:24:00+00","2021/05/16 21:14:00+00","Non NIBRS Data","Non NIBRS Data","Non NIBRS Data","Gunshot Wound Victims","Gunshot Wound Victims","Shooting Report Only (P)","Shooting Report Only (P)","0021XX ALDRICH AVE N",4,"Near - North",5,45.00086,-93.28952,-10384941.9664195,5621657.15536339,1,311366,2021,5
-10377526.7588,5613821.289,"Gunshot Wound Victims","No","25-314623","MP2025314623",2025-10-30,"06:53:00+00","2025/10/30 06:26:00+00","Non NIBRS Data","Non NIBRS Data","Non NIBRS Data","Gunshot Wound Victims","Gunshot Wound Victims","Shooting (PFE)","Shooting (PFE)","0028XX 34TH AVE S",3,"Seward",2,44.95107,-93.22291,-10377526.7587667,5613821.28904854,1,311369,2025,10
-10387878.1374,5622328.3397,"Gunshot Wound Victims","No","25-321581","MP2025321581",2025-11-05,"17:46:00+00","2025/11/05 17:46:00+00","Non NIBRS Data","Non NIBRS Data","Non NIBRS Data","Gunshot Wound Victims","Gunshot Wound Victims","Shooting (PFE)","Shooting (PFE)","0025XX VINCENT AVE N",4,"Willard - Hay",4,45.00512,-93.3159,-10387878.1373598,5622328.33970573,1,311370,2025,11
-10385624.2889,5625441.1955,"Gunshot Wound Victims","No","25-345716","MP2025345716",2025-11-30,"15:55:00+00","2025/11/30 15:55:00+00","Non NIBRS Data","Non NIBRS Data","Non NIBRS Data","Gunshot Wound Victims","Gunshot Wound Victims","Shooting (PFE)","Shooting (PFE)","0038XX FREMONT AVE N",4,"Webber - Camden",4,45.02489,-93.29565,-10385624.2888868,5625441.19552063,1,311373,2025,11
-10387593.5645,5620903.9679,"Gunshot Wound Victims","No","25-365460","MP2025365460",2025-12-23,"07:16:00+00","2025/12/23 02:31:00+00","Non NIBRS Data","Non NIBRS Data","Non NIBRS Data","Gunshot Wound Victims","Gunshot Wound Victims","Shooting (PFE)","Shooting (PFE)","0016XX THOMAS AVE N",4,"Willard - Hay",5,44.99608,-93.31334,-10387593.5644975,5620903.96789404,1,311375,2025,12
-10382667.4719,5617259.7168,"Gunshot Wound Victims",NA,"25-600036","MP2025600036",2025-04-18,"18:34:00+00","2025/04/18 18:34:00+00","Non NIBRS Data","Non NIBRS Data","Non NIBRS Data","Gunshot Wound Victims","Gunshot Wound Victims",NA,NA,"0003XX 9TH ST S",1,"Downtown West",7,44.97292,-93.26909,-10382667.4719001,5617259.71681011,1,311377,2025,4
-10381939.9625,5615748.6044,"Gunshot Wound Victims","No","26-031540","MP202631540",2026-02-07,"22:40:00+00","2026/02/07 22:40:00+00","Non NIBRS Data","Non NIBRS Data","Non NIBRS Data","Gunshot Wound Victims","Gunshot Wound Victims","Sound of Shots Fired (P)","Shooting (PFE)","0019XX CHICAGO AVE",3,"Ventura Village",6,44.96332,-93.26255,-10381939.9625171,5615748.60444782,1,311379,2026,2
-10380236.5498,5616919.9367,"Gunshot Wound Victims","No","26-050688","MP202650688",2026-03-01,"04:43:00+00","2026/03/01 01:21:00+00","Non NIBRS Data","Non NIBRS Data","Non NIBRS Data","Gunshot Wound Victims","Gunshot Wound Victims","Shooting (PFE)","Shooting (PFE)","0003XX CEDAR AVE S",1,"Cedar Riverside",6,44.97076,-93.24725,-10380236.5498339,5616919.93668407,2,311381,2026,3
-10381777.3774,5615581.952,"Gunshot Wound Victims","No","21-104398","MP2021104398",2021-05-17,"02:09:00+00","2021/05/17 01:21:00+00","Non NIBRS Data","Non NIBRS Data","Non NIBRS Data","Gunshot Wound Victims","Gunshot Wound Victims","Shooting (PFE)","Shooting (PFE)","0020XX ELLIOT AVE",3,"Ventura Village",6,44.96226,-93.26109,-10381777.3774456,5615581.95195485,1,311382,2021,5
-10386046.4246,5620306.4826,"Gunshot Wound Victims","No","21-108503","MP2021108503",2021-05-21,"17:52:00+00","2021/05/21 17:52:00+00","Non NIBRS Data","Non NIBRS Data","Non NIBRS Data","Gunshot Wound Victims","Gunshot Wound Victims","ShotSpotter Activation (P)","Shooting (PFE)","0013XX IRVING AVE N",4,"Near - North",5,44.99228,-93.29944,-10386046.4245513,5620306.48260065,1,311384,2021,5
-10380537.4748,5613254.1165,"Gunshot Wound Victims","No","21-113359","MP2021113359",2021-05-26,"22:48:00+00","2021/05/26 21:05:00+00","Non NIBRS Data","Non NIBRS Data","Non NIBRS Data","Gunshot Wound Victims","Gunshot Wound Victims","Shooting (PFE)","Shooting (PFE)","0030XX 17TH AVE S",3,"Powderhorn Park",9,44.94746,-93.24995,-10380537.4747996,5613254.11652324,1,311386,2021,5
-10382669.7153,5617779.2249,"Gunshot Wound Victims","Yes","21-116209","MP2021116209",2021-05-30,"06:05:00+00","2021/05/30 03:06:00+00","Non NIBRS Data","Non NIBRS Data","Non NIBRS Data","Gunshot Wound Victims","Gunshot Wound Victims","Fight (P)","Shooting (PFE)","0006XX 2ND AVE S",1,"Downtown West",7,44.97622,-93.26911,-10382669.7153102,5617779.22486456,1,311388,2021,5
-10383986.4839,5624007.7673,"Gunshot Wound Victims","No","21-118708","MP2021118708",2021-06-01,"22:30:00+00","2021/06/01 22:30:00+00","Non NIBRS Data","Non NIBRS Data","Non NIBRS Data","Gunshot Wound Victims","Gunshot Wound Victims","Shooting Report Only (P)","Shooting (PFE)","0033XX 2ND ST N",4,"McKinley",4,45.01579,-93.28094,-10383986.4839423,5624007.76727154,1,311391,2021,6
-10379224.6368,5613396.2728,"Gunshot Wound Victims","No","21-121548","MP2021121548",2021-06-05,"03:38:00+00","2021/06/05 01:48:00+00","Non NIBRS Data","Non NIBRS Data","Non NIBRS Data","Gunshot Wound Victims","Gunshot Wound Victims","Shooting (PFE)","Shooting (PFE)","0023XX LAKE ST E",3,"Longfellow",9,44.94837,-93.23816,-10379224.6368015,5613396.2728041,1,311392,2021,6
-10384869.9959,5627727.5961,"Gunshot Wound Victims","No","21-122323","MP2021122323",2021-06-05,"22:35:00+00","2021/06/05 22:00:00+00","Non NIBRS Data","Non NIBRS Data","Non NIBRS Data","Gunshot Wound Victims","Gunshot Wound Victims","Shooting (PFE)","Shooting (PFE)","0046XX CAMDEN AVE N",4,"Lind - Bohanon",4,45.03941,-93.28887,-10384869.9958677,5627727.59613713,1,311395,2021,6
-10384941.9664,5621657.1554,"Gunshot Wound Victims","No","21-123971","MP2021123971",2021-06-07,"18:28:00+00","2021/06/07 18:28:00+00","Non NIBRS Data","Non NIBRS Data","Non NIBRS Data","Gunshot Wound Victims","Gunshot Wound Victims","Shooting (PFE)","Shooting (PFE)","0021XX ALDRICH AVE N",4,"Hawthorne",5,45.00086,-93.28952,-10384941.9664195,5621657.15536339,2,311397,2021,6
-10385063.366,5625720.6652,"Gunshot Wound Victims","No","21-127754","MP2021127754",2021-06-12,"01:34:00+00","2021/06/12 01:34:00+00","Non NIBRS Data","Non NIBRS Data","Non NIBRS Data","Gunshot Wound Victims","Gunshot Wound Victims","ShotSpotter Activation (P)","Shooting Report Only (P)","0039XX BRYANT AVE N",4,"Webber - Camden",4,45.02667,-93.29061,-10385063.3659589,5625720.66522311,1,311399,2021,6
-10386326.5789,5620040.7524,"Gunshot Wound Victims","No","21-134625","MP2021134625",2021-06-20,"00:28:00+00","2021/06/20 00:28:00+00","Non NIBRS Data","Non NIBRS Data","Non NIBRS Data","Gunshot Wound Victims","Gunshot Wound Victims","ShotSpotter Activation (P)","Shooting (PFE)","0012XX KNOX AVE N",4,"Near - North",5,44.99059,-93.30196,-10386326.5788845,5620040.7524202,1,311400,2021,6
-10386921.906,5618488.418,"Gunshot Wound Victims","No","21-141995","MP2021141995",2021-06-28,"20:35:00+00","2021/06/28 20:35:00+00","Non NIBRS Data","Non NIBRS Data","Non NIBRS Data","Gunshot Wound Victims","Gunshot Wound Victims","Sound of Shots Fired (P)","Shooting (PFE)","0020XX GLENWOOD AVE",4,"Harrison",5,44.98073,-93.30731,-10386921.9060465,5618488.41802456,1,311403,2021,6
-10383973.7506,5617129.526,"Gunshot Wound Victims","Yes","21-143981","MP2021143981",2021-07-01,"05:13:00+00","2021/07/01 03:40:00+00","Non NIBRS Data","Non NIBRS Data","Non NIBRS Data","Gunshot Wound Victims","Gunshot Wound Victims","Shooting (PFE)","Shooting (PFE)","0013XX YALE PL",1,"Loring Park",7,44.9721,-93.28082,-10383973.7506178,5617129.52604163,1,311405,2021,7
-10382671.0233,5618296.181,"Gunshot Wound Victims","Yes","21-146608","MP2021146608",2021-07-04,"00:46:00+00","2021/07/04 00:46:00+00","Non NIBRS Data","Non NIBRS Data","Non NIBRS Data","Gunshot Wound Victims","Gunshot Wound Victims","Miscellaneous (P)","Shooting Report Only (P)","000XX 4TH ST S",1,"Downtown West",7,44.97951,-93.26912,-10382671.0232541,5618296.18104789,1,311407,2021,7
-10382853.1622,5620543.1257,"Gunshot Wound Victims","No","21-147397","MP2021147397",2021-07-04,"22:51:00+00","2021/07/04 22:51:00+00","Non NIBRS Data","Non NIBRS Data","Non NIBRS Data","Gunshot Wound Victims","Gunshot Wound Victims","Shooting (PFE)","Shooting (PFE)","000XX 8TH AVE NE",2,"St. Anthony West",3,44.99379,-93.27076,-10382853.1622476,5620543.12567659,2,311409,2021,7
-10380521.5878,5616893.6173,"Gunshot Wound Victims","No","21-148394","MP2021148394",2021-07-06,"02:31:00+00","2021/07/06 02:31:00+00","Non NIBRS Data","Non NIBRS Data","Non NIBRS Data","Gunshot Wound Victims","Gunshot Wound Victims","Shooting (PFE)","Shooting (PFE)","0004XX 15TH AVE S",1,"Cedar Riverside",6,44.9706,-93.24981,-10380521.5878434,5616893.61730552,2,311411,2021,7
-10378842.0335,5613823.5292,"Gunshot Wound Victims","No","25-094577","MP202594577",2025-04-13,"14:55:00+00","2025/04/13 13:43:00+00","Non NIBRS Data","Non NIBRS Data","Non NIBRS Data","Gunshot Wound Victims","Gunshot Wound Victims","Shooting (PFE)","Shooting (PFE)","0028XX 26TH AVE S",3,"Longfellow",9,44.95108,-93.23472,-10378842.0335049,5613823.52919786,3,311413,2025,4
-10380594.8865,5615373.2442,"Gunshot Wound Victims","No","25-112451","MP2025112451",2025-04-30,"17:04:00+00","2025/04/30 13:00:00+00","Non NIBRS Data","Non NIBRS Data","Non NIBRS Data","Gunshot Wound Victims","Gunshot Wound Victims","Sound of Shots Fired (P)","Shooting (PFE)","0016XX 22ND ST E",3,"Ventura Village",6,44.96093,-93.25047,-10380594.8864894,5615373.24420538,1,311415,2025,4
-10386554.89,5611718.509,"Gunshot Wound Victims","No","25-123456","MP2025123456",2025-05-09,"21:57:00+00","2025/05/09 21:57:00+00","Non NIBRS Data","Non NIBRS Data","Non NIBRS Data","Gunshot Wound Victims","Gunshot Wound Victims","Person with a Gun (P)","Shooting (PFE)","36TH ST W / EAST BDE MAKA SKA PKWY",5,"East Bde Maka Ska",13,44.9377,-93.30401,-10386554.89,5611718.509,1,311417,2025,5
-10381241.1191,5614099.8182,"Gunshot Wound Victims","No","25-139839","MP2025139839",2025-05-25,"14:23:00+00","2025/05/25 12:57:00+00","Non NIBRS Data","Non NIBRS Data","Non NIBRS Data","Gunshot Wound Victims","Gunshot Wound Victims","Shooting (PFE)","Shooting (PFE)","0027XX 13TH AVE S",3,"Midtown Phillips",9,44.95284,-93.25628,-10381241.1190673,5614099.81819503,2,311419,2025,5
-10387023.84,5620184.05,"Gunshot Wound Victims","No","25-148673","MP2025148673",2025-06-02,"16:48:00+00","2025/06/02 16:48:00+00","Non NIBRS Data","Non NIBRS Data","Non NIBRS Data","Gunshot Wound Victims","Gunshot Wound Victims","Shooting Report Only (P)","Shooting Report Only (P)","PENN AVE N / PLYMOUTH AVE N",4,"Willard - Hay",5,44.9915,-93.30822,-10387023.84,5620184.05,1,311421,2025,6
-10382003.0331,5617172.4506,"Gunshot Wound Victims","Yes","25-153853","MP2025153853",2025-06-07,"02:06:00+00","2025/06/07 02:06:00+00","Non NIBRS Data","Non NIBRS Data","Non NIBRS Data","Gunshot Wound Victims","Gunshot Wound Victims","Shooting Report Only (P)","Shooting Report Only (P)","0007XX PARK AVE",5,"Lowry Hill East",7,44.97237,-93.26312,-10382003.0331279,5617172.45057924,1,311424,2025,6
-10382368.4113,5615508.9971,"Gunshot Wound Victims","No","25-165476","MP2025165476",2025-06-17,"18:14:00+00","2025/06/17 17:45:00+00","Non NIBRS Data","Non NIBRS Data","Non NIBRS Data","Gunshot Wound Victims","Gunshot Wound Victims","Shooting (PFE)","Shooting (PFE)","0020XX OAKLAND AVE",3,"Ventura Village",6,44.9618,-93.2664,-10382368.4113087,5615508.99713904,1,311425,2025,6
-10384941.7081,5622365.8484,"Gunshot Wound Victims","No","25-168126","MP2025168126",2025-06-20,"00:00:00+00","2025/06/20 00:00:00+00","Non NIBRS Data","Non NIBRS Data","Non NIBRS Data","Gunshot Wound Victims","Gunshot Wound Victims","Sound of Shots Fired (P)~PD","Shooting (PFE)","0025XX ALDRICH AVE N",4,"Hawthorne",5,45.00536,-93.28952,-10384941.708062,5622365.84835308,1,311427,2025,6
-10381453.3792,5616551.3281,"Gunshot Wound Victims","No","25-172285","MP2025172285",2025-06-23,"17:22:00+00","2025/06/23 17:22:00+00","Non NIBRS Data","Non NIBRS Data","Non NIBRS Data","Gunshot Wound Victims","Gunshot Wound Victims","Shooting (PFE)","Shooting (PFE)","0014XX 11TH AVE S",1,"Elliot Park",6,44.96842,-93.25818,-10381453.3792186,5616551.32811461,1,311429,2025,6
-10386057.9886,5613536.9218,"Gunshot Wound Victims","No","25-201502","MP2025201502",2025-07-20,"02:14:00+00","2025/07/20 02:14:00+00","Non NIBRS Data","Non NIBRS Data","Non NIBRS Data","Gunshot Wound Victims","Gunshot Wound Victims","Shooting (PFE)","Shooting (PFE)","0014XX LAGOON AVE",5,"East Isles",7,44.94926,-93.29955,-10386057.9885542,5613536.92176214,2,311431,2025,7
-10384694.714,5625289.4916,"Gunshot Wound Victims","No","25-204570","MP2025204570",2025-07-22,"23:18:00+00","2025/07/22 19:20:00+00","Non NIBRS Data","Non NIBRS Data","Non NIBRS Data","Gunshot Wound Victims","Gunshot Wound Victims","ShotSpotter Activation (P)","Shooting (PFE)","0006XX DOWLING AVE N",4,"McKinley",4,45.02393,-93.2873,-10384694.7140204,5625289.49158196,1,311433,2025,7
-10384360.5635,5613257.1743,"Gunshot Wound Victims","No","25-208650","MP2025208650",2025-07-26,"15:58:00+00","2025/07/26 13:03:00+00","Non NIBRS Data","Non NIBRS Data","Non NIBRS Data","Gunshot Wound Victims","Gunshot Wound Victims","Sound of Shots Fired (P)","Shooting (PFE)","0030XX GRAND AVE S",5,"Lyndale",8,44.94748,-93.2843,-10384360.5634751,5613257.17428479,1,311435,2025,7
-10381697.1122,5615652.7479,"Gunshot Wound Victims","No","25-211392","MP2025211392",2025-07-28,"23:50:00+00","2025/07/28 23:50:00+00","Non NIBRS Data","Non NIBRS Data","Non NIBRS Data","Gunshot Wound Victims","Gunshot Wound Victims","Shooting (PFE)","Shooting (PFE)","0009XX FRANKLIN AVE E",3,"Ventura Village",6,44.96271,-93.26037,-10381697.1121517,5615652.74789581,1,311437,2025,7
-10381667.0475,5613892.1542,"Gunshot Wound Victims","No","25-224848","MP2025224848",2025-08-09,"23:03:00+00","2025/08/09 18:45:00+00","Non NIBRS Data","Non NIBRS Data","Non NIBRS Data","Gunshot Wound Victims","Gunshot Wound Victims","Sound of Shots Fired (P)","Shooting (PFE)","0028XX 10TH AVE S",3,"Midtown Phillips",9,44.95152,-93.2601,-10381667.0474589,5613892.15422734,1,311439,2025,8
-10380394.2796,5612683.8293,"Gunshot Wound Victims","No","25-232800","MP2025232800",2025-08-17,"23:49:00+00","2025/08/17 23:49:00+00","Non NIBRS Data","Non NIBRS Data","Non NIBRS Data","Gunshot Wound Victims","Gunshot Wound Victims","Shooting (PFE)","Shooting (PFE)","0032XX 18TH AVE S",3,"Powderhorn Park",9,44.94384,-93.24867,-10380394.2796076,5612683.8293391,1,311441,2025,8
-10383012.202,5612862.428,"Gunshot Wound Victims","No","25-243193","MP2025243193",2025-08-26,"13:29:00+00","2025/08/26 13:29:00+00","Non NIBRS Data","Non NIBRS Data","Non NIBRS Data","Gunshot Wound Victims","Gunshot Wound Victims","Shooting (PFE)","Shooting (PFE)","0003XX 32ND ST E",3,"Phillips West",6,44.94497,-93.27219,-10383012.2019787,5612862.42802168,7,311443,2025,8
-10382234.8151,5613676.7068,"Gunshot Wound Victims","No","25-250990","MP2025250990",2025-09-02,"16:47:00+00","2025/09/02 12:31:00+00","Non NIBRS Data","Non NIBRS Data","Non NIBRS Data","Gunshot Wound Victims","Gunshot Wound Victims","Sound of Shots Fired (P)","Shooting (PFE)","0028XX PARK AVE",3,"Midtown Phillips",9,44.95015,-93.2652,-10382234.8151401,5613676.70683913,1,311445,2025,9
-10380962.5598,5613253.59,"Gunshot Wound Victims","No","25-261720","MP2025261720",2025-09-12,"14:09:00+00","2025/09/12 12:29:00+00","Non NIBRS Data","Non NIBRS Data","Non NIBRS Data","Gunshot Wound Victims","Gunshot Wound Victims","Sound of Shots Fired (P)~PD","Shooting (PFE)","0030XX 15TH AVE S",3,"Powderhorn Park",9,44.94746,-93.25377,-10380962.5597721,5613253.58997673,1,311447,2025,9
-10383563.4921,5616770.7739,"Gunshot Wound Victims","No","25-278579","MP2025278579",2025-09-27,"16:40:00+00","2025/09/27 13:45:00+00","Non NIBRS Data","Non NIBRS Data","Non NIBRS Data","Gunshot Wound Victims","Gunshot Wound Victims","Fight (P)","Shooting (PFE)","000XX GRANT ST E",1,"Loring Park",7,44.96982,-93.27714,-10383563.4921455,5616770.77392162,2,311449,2025,9
-10383651.66,5610016.42,"Gunshot Wound Victims","Yes","25-295917","MP2025295917",2025-10-12,"20:13:00+00","2025/10/12 20:00:00+00","Non NIBRS Data","Non NIBRS Data","Non NIBRS Data","Gunshot Wound Victims","Gunshot Wound Victims","Shooting Report Only (P)","Shooting Report Only (P)","42ND ST E / NICOLLET AVE",5,"King Field",8,44.92687,-93.27793,-10383651.66,5610016.42,1,311451,2025,10
-10382793.6382,5612437.494,"Gunshot Wound Victims","No","25-319618","MP2025319618",2025-11-03,"20:24:00+00","2025/11/03 20:24:00+00","Non NIBRS Data","Non NIBRS Data","Non NIBRS Data","Gunshot Wound Victims","Gunshot Wound Victims","Shooting (PFE)","Shooting (PFE)","0033XX 4TH AVE S",3,"Central",8,44.94227,-93.27022,-10382793.6381938,5612437.49398573,1,311453,2025,11
-10383241.6548,5618631.233,"Gunshot Wound Victims","Yes","25-323817","MP2025323817",2025-11-07,"09:11:00+00","2025/11/07 09:11:00+00","Non NIBRS Data","Non NIBRS Data","Non NIBRS Data","Gunshot Wound Victims","Gunshot Wound Victims","Shooting (PFE)","Shooting (PFE)","0004XX 2ND AVE N",1,"Downtown West",7,44.98164,-93.27425,-10383241.6547606,5618631.23304588,1,311455,2025,11
-10381033.7667,5613396.1963,"Gunshot Wound Victims","No","25-331577","MP2025331577",2025-11-15,"16:59:00+00","2025/11/15 15:39:00+00","Non NIBRS Data","Non NIBRS Data","Non NIBRS Data","Gunshot Wound Victims","Gunshot Wound Victims","Shooting (PFE)","Shooting (PFE)","0014XX LAKE ST E",3,"Powderhorn Park",9,44.94836,-93.25441,-10381033.7667385,5613396.1962652,1,311457,2025,11
-10384779.62,5625289.444,"Gunshot Wound Victims","Yes","25-094069","MP202594069",2025-04-13,"01:40:00+00","2024/04/12 22:00:00+00","Non NIBRS Data","Non NIBRS Data","Non NIBRS Data","Gunshot Wound Victims","Gunshot Wound Victims","Shooting Report Only (P)","Shooting Report Only (P)","LYNDALE AVE N / DOWLING AVE N",4,"Webber - Camden",4,45.02393,-93.28806,-10384779.62,5625289.444,1,311459,2025,4
-10385354.8071,5626858.5567,"Gunshot Wound Victims","No","25-102071","MP2025102071",2025-04-20,"18:36:00+00","2025/04/20 16:28:00+00","Non NIBRS Data","Non NIBRS Data","Non NIBRS Data","Gunshot Wound Victims","Gunshot Wound Victims","Shooting (PFE)","Shooting (PFE)","0043XX DUPONT AVE N",4,"Webber - Camden",4,45.03389,-93.29323,-10385354.8070663,5626858.55671115,1,311461,2025,4
-10380962.5598,5613253.59,"Gunshot Wound Victims","No","25-112872","MP2025112872",2025-04-30,"20:57:00+00","2025/04/30 19:47:00+00","Non NIBRS Data","Non NIBRS Data","Non NIBRS Data","Gunshot Wound Victims","Gunshot Wound Victims","Shooting (PFE)","Shooting (PFE)","0030XX 15TH AVE S",3,"Powderhorn Park",9,44.94746,-93.25377,-10380962.5597721,5613253.58997673,1,311464,2025,4
-10383366.307,5613677.0365,"Gunshot Wound Victims","No","25-117702","MP2025117702",2025-05-05,"06:57:00+00","2025/05/05 06:57:00+00","Non NIBRS Data","Non NIBRS Data","Non NIBRS Data","Gunshot Wound Victims","Gunshot Wound Victims","Shooting (PFE)","Shooting (PFE)","0029XX STEVENS AVE",5,"Whittier",10,44.95015,-93.27537,-10383366.3069789,5613677.0364866,1,311465,2025,5
-10384029.2236,5614100.7838,"Gunshot Wound Victims","No","25-126999","MP2025126999",2025-05-13,"02:19:00+00","2025/05/13 02:19:00+00","Non NIBRS Data","Non NIBRS Data","Non NIBRS Data","Gunshot Wound Victims","Gunshot Wound Victims","Sound of Shots Fired (P)","Shooting (PFE)","0027XX PILLSBURY AVE",5,"Whittier",10,44.95284,-93.28132,-10384029.223642,5614100.78379079,1,311490,2025,5
-10385547.5684,5624443.0434,"Gunshot Wound Victims","No","25-134083","MP2025134083",2025-05-19,"22:28:00+00","2025/05/19 19:56:00+00","Non NIBRS Data","Non NIBRS Data","Non NIBRS Data","Gunshot Wound Victims","Gunshot Wound Victims","Assist Other Agency (P)","Shooting (PFE)","0012XX 35TH AVE N",4,"Hawthorne",5,45.01855,-93.29496,-10385547.5684425,5624443.04340198,1,311491,2025,5
-10387313.6576,5624886.5413,"Gunshot Wound Victims","No","25-143817","MP2025143817",2025-05-29,"13:40:00+00","2025/05/29 11:04:00+00","Non NIBRS Data","Non NIBRS Data","Non NIBRS Data","Gunshot Wound Victims","Gunshot Wound Victims","ShotSpotter Activation (P)","Shooting (PFE)","0036XX RUSSELL AVE N",4,"Cleveland",4,45.02137,-93.31083,-10387313.6575984,5624886.54132672,1,311492,2025,5
-10386744.8963,5624030.1724,"Gunshot Wound Victims","No","25-331911","MP2025331911",2025-11-16,"02:47:00+00","2025/11/15 21:58:00+00","Non NIBRS Data","Non NIBRS Data","Non NIBRS Data","Gunshot Wound Victims","Gunshot Wound Victims","Shooting (PFE)","Shooting (PFE)","0033XX NEWTON AVE N",4,"Folwell",4,45.01593,-93.30572,-10386744.8963446,5624030.1724301,1,311493,2025,11
-10386883.5116,5623178.8794,"Gunshot Wound Victims","No","25-338249","MP2025338249",2025-11-22,"06:10:00+00","2025/11/22 04:50:00+00","Non NIBRS Data","Non NIBRS Data","Non NIBRS Data","Gunshot Wound Victims","Gunshot Wound Victims","Shooting (PFE)","Shooting (PFE)","0029XX OLIVER AVE N",4,"Jordan",5,45.01053,-93.30696,-10386883.511586,5623178.87939207,1,311494,2025,11
-10387878.9693,5620906.9199,"Gunshot Wound Victims","No","25-355557","MP2025355557",2025-12-11,"21:57:00+00","2025/12/11 21:08:00+00","Non NIBRS Data","Non NIBRS Data","Non NIBRS Data","Gunshot Wound Victims","Gunshot Wound Victims","Shooting (PFE)","Shooting (PFE)","0016XX VINCENT AVE N",4,"Willard - Hay",5,44.9961,-93.3159,-10387878.9693158,5620906.91986173,2,311495,2025,12
-10386744.8963,5624030.1724,"Gunshot Wound Victims","No","25-357839","MP2025357839",2025-12-14,"13:33:00+00","2025/12/14 13:33:00+00","Non NIBRS Data","Non NIBRS Data","Non NIBRS Data","Gunshot Wound Victims","Gunshot Wound Victims","ShotSpotter Activation (P)","ShotSpotter Activation (P)","0033XX NEWTON AVE N",4,"Folwell",4,45.01593,-93.30572,-10386744.8963446,5624030.1724301,1,311496,2025,12
-10381667.0475,5613892.1542,"Gunshot Wound Victims","No","25-368753","MP2025368753",2025-12-27,"11:29:00+00","2025/12/27 11:29:00+00","Non NIBRS Data","Non NIBRS Data","Non NIBRS Data","Gunshot Wound Victims","Gunshot Wound Victims","Sound of Shots Fired (P)","Shooting (PFE)","0028XX 10TH AVE S",3,"Midtown Phillips",9,44.95152,-93.2601,-10381667.0474589,5613892.15422734,1,311497,2025,12
-10386432.5707,5621799.3839,"Gunshot Wound Victims","No","25-369833","MP2025369833",2025-12-28,"18:23:00+00","2025/12/28 18:23:00+00","Non NIBRS Data","Non NIBRS Data","Non NIBRS Data","Gunshot Wound Victims","Gunshot Wound Victims","Shooting (PFE)","Shooting (PFE)","0022XX ILION AVE N",4,"Jordan",5,45.00177,-93.30291,-10386432.5706513,5621799.38385658,1,311498,2025,12
-10385112.1113,5621249.7465,"Gunshot Wound Victims","No","26-029813","MP202629813",2026-02-05,"23:06:00+00","2026/02/05 23:06:00+00","Non NIBRS Data","Non NIBRS Data","Non NIBRS Data","Gunshot Wound Victims","Gunshot Wound Victims","ShotSpotter Activation (P)","Shooting (PFE)","0018XX BRYANT AVE N",4,"Near - North",5,44.99827,-93.29105,-10385112.1112943,5621249.74649774,1,311499,2026,2
-10385408.1524,5615166.853,"Gunshot Wound Victims","No","26-063443","MP202663443",2026-03-14,"02:33:00+00","2026/03/14 02:33:00+00","Non NIBRS Data","Non NIBRS Data","Non NIBRS Data","Gunshot Wound Victims","Gunshot Wound Victims","Shooting (PFE)","Shooting (PFE)","0023XX HENNEPIN AVE",5,"East Isles",7,44.95962,-93.29371,-10385408.1524434,5615166.85298625,1,311500,2026,3
-10385976.0556,5618060.7382,"Gunshot Wound Victims","No","25-158267","MP2025158267",2025-06-10,"21:45:00+00","2025/06/10 21:45:00+00","Non NIBRS Data","Non NIBRS Data","Non NIBRS Data","Gunshot Wound Victims","Gunshot Wound Victims","Shooting (PFE)","Shooting (PFE)","0014XX CURRIE AVE W",4,"Harrison",5,44.97801,-93.29881,-10385976.0556111,5618060.73818281,1,311501,2025,6
-10381661.4785,5614664.9992,"Gunshot Wound Victims","No","25-184884","MP2025184884",2025-07-05,"05:56:00+00","2025/07/05 02:35:00+00","Non NIBRS Data","Non NIBRS Data","Non NIBRS Data","Gunshot Wound Victims","Gunshot Wound Victims","Shooting (PFE)","Shooting (PFE)","0025XX 10TH AVE S",5,"Whittier",8,44.95643,-93.26005,-10381661.4784662,5614664.99916609,1,311502,2025,7
-10381851.6622,5617081.4804,"Gunshot Wound Victims","Yes","25-202283","MP2025202283",2025-07-20,"20:42:00+00","2025/07/20 20:42:00+00","Non NIBRS Data","Non NIBRS Data","Non NIBRS Data","Gunshot Wound Victims","Gunshot Wound Victims","Shooting Report Only (P)","Shooting Report Only (P)","0007XX CHICAGO AVE",5,"Steven's Square - Loring Heights",6,44.97179,-93.26176,-10381851.6622254,5617081.48038588,1,311503,2025,7
-10385918.77,5627862.524,"Gunshot Wound Victims","No","25-205165","MP2025205165",2025-07-23,"12:32:00+00","2025/07/23 12:05:00+00","Non NIBRS Data","Non NIBRS Data","Non NIBRS Data","Gunshot Wound Victims","Gunshot Wound Victims","ShotSpotter Activation (P)","Shooting (PFE)","47TH AVE N / SHINGLE CREEK PKWY",4,"Lind - Bohanon",4,45.04026,-93.2983,-10385918.77,5627862.524,1,311504,2025,7
-10380245.4502,5614880.0102,"Gunshot Wound Victims","No","25-208202","MP2025208202",2025-07-26,"01:00:00+00","2025/07/26 00:56:00+00","Non NIBRS Data","Non NIBRS Data","Non NIBRS Data","Gunshot Wound Victims","Gunshot Wound Victims","Shooting Report Only (P)~PD","Shooting (PFE)","0024XX CEDAR AVE S",3,"East Phillips",9,44.9578,-93.24733,-10380245.4502011,5614880.0101725,1,311505,2025,7
-10383638.9901,5616702.3647,"Gunshot Wound Victims","No","25-222842","MP2025222842",2025-08-08,"00:05:00+00","2025/08/07 11:25:00+00","Non NIBRS Data","Non NIBRS Data","Non NIBRS Data","Gunshot Wound Victims","Gunshot Wound Victims","Sound of Shots Fired (P)","Shooting (PFE)","0013XX NICOLLET AVE",1,"Loring Park",7,44.96938,-93.27782,-10383638.990059,5616702.36472201,2,311506,2025,8
-10381972.8063,5617051.0576,"Gunshot Wound Victims","No","25-248367","MP2025248367",2025-08-31,"02:08:00+00","2025/08/31 02:08:00+00","Non NIBRS Data","Non NIBRS Data","Non NIBRS Data","Gunshot Wound Victims","Gunshot Wound Victims","Shooting (PFE)~PD","Shooting Report Only (P)","0007XX 8TH ST S",3,"East Phillips",9,44.9716,-93.26285,-10381972.8063377,5617051.05762031,1,311507,2025,8
-10384357.8907,5613677.6263,"Gunshot Wound Victims","No","26-069858","MP202669858",2026-03-20,"23:56:00+00","2026/03/20 23:56:00+00","Non NIBRS Data","Non NIBRS Data","Non NIBRS Data","Gunshot Wound Victims","Gunshot Wound Victims","Shooting (PFE)","Shooting (PFE)","0029XX GRAND AVE S",5,"Whittier",10,44.95015,-93.28427,-10384357.8906687,5613677.62634943,4,311508,2026,3
-10381829.2291,5623733.4105,"Gunshot Wound Victims","No","26-138942","MP2026138942",2026-05-25,"02:10:00+00","2026/05/25 02:10:00+00","Non NIBRS Data","Non NIBRS Data","Non NIBRS Data","Gunshot Wound Victims","Gunshot Wound Victims","Sound of Shots Fired (P)","Shooting (PFE)","0025XX 4TH ST NE",2,"Holland",1,45.01405,-93.26156,-10381829.2291116,5623733.41053706,1,311509,2026,5
-10377106.1903,5610246.4042,"Gunshot Wound Victims","No","26-139932","MP2026139932",2026-05-25,"23:10:00+00","2026/05/25 23:04:00+00","Non NIBRS Data","Non NIBRS Data","Non NIBRS Data","Gunshot Wound Victims","Gunshot Wound Victims","Sound of Shots Fired (P)","Shooting (PFE)","0041XX 37TH AVE S",3,"Hiawatha",12,44.92834,-93.21913,-10377106.1902558,5610246.40423499,1,311510,2026,5
-10383198.79,5617583.563,"Gunshot Wound Victims","Yes","26-143736","MP2026143736",2026-05-29,"08:24:00+00","2026/05/29 08:24:00+00","Non NIBRS Data","Non NIBRS Data","Non NIBRS Data","Gunshot Wound Victims","Gunshot Wound Victims","Shooting (PFE)","Shooting (PFE)","9TH ST S / NICOLLET MALL",1,"Downtown West",7,44.97498,-93.27386,-10383198.79,5617583.563,2,311511,2026,5
-10381939.9625,5615748.6044,"Gunshot Wound Victims","No","26-158111","MP2026158111",2026-06-10,"11:05:00+00","2026/06/10 11:05:00+00","Non NIBRS Data","Non NIBRS Data","Non NIBRS Data","Gunshot Wound Victims","Gunshot Wound Victims","Shooting (PFE)","Shooting (PFE)","0019XX CHICAGO AVE",3,"Ventura Village",6,44.96332,-93.26255,-10381939.9625171,5615748.60444782,1,311512,2026,6
-10385978.1068,5620183.3117,"Gunshot Wound Victims","No","26-170353","MP2026170353",2026-06-21,"17:46:00+00","2026/06/21 17:46:00+00","Non NIBRS Data","Non NIBRS Data","Non NIBRS Data","Gunshot Wound Victims","Gunshot Wound Victims","Shooting Report Only (P)","Shooting Report Only (P)","0014XX PLYMOUTH AVE N",4,"Near - North",5,44.9915,-93.29883,-10385978.1068015,5620183.31168906,1,311514,2026,6
0,0,"Gunshot Wound Victims","No","26-174838","MP2026174838",2026-06-26,"00:51:00+00","2026/06/26 00:51:00+00","Non NIBRS Data","Non NIBRS Data","Non NIBRS Data","Gunshot Wound Victims","Gunshot Wound Victims","Shooting Report Only (P)","Shooting Report Only (P)","No Address",NA,NA,NA,0,0,0,0,1,311516,2026,6
-10380808.8456,5614948.9434,"Gunshot Wound Victims","No","26-177188","MP2026177188",2026-06-28,"01:01:00+00","2026/06/28 01:01:00+00","Non NIBRS Data","Non NIBRS Data","Non NIBRS Data","Gunshot Wound Victims","Gunshot Wound Victims","ShotSpotter Activation (P)","Shooting (PFE)","0024XX BLOOMINGTON AVE",3,"East Phillips",9,44.95824,-93.25239,-10380808.84564,5614948.94338752,1,311518,2026,6
-10387523.0603,5623323.0753,"Gunshot Wound Victims","No","26-064007","MP202664007",2026-03-14,"17:53:00+00","2026/03/14 17:53:00+00","Non NIBRS Data","Non NIBRS Data","Non NIBRS Data","Gunshot Wound Victims","Gunshot Wound Victims","Shooting (PFE)","Shooting (PFE)","0025XX 30TH AVE N",4,"Jordan",4,45.01144,-93.31271,-10387523.0602812,5623323.07533683,4,311520,2026,3
-10381940.07,5615651.971,"Gunshot Wound Victims","No","26-075976","MP202675976",2026-03-27,"00:28:00+00","2026/03/27 00:28:00+00","Non NIBRS Data","Non NIBRS Data","Non NIBRS Data","Gunshot Wound Victims","Gunshot Wound Victims","Sound of Shots Fired (P)","Shooting (PFE)","CHICAGO AVE / FRANKLIN AVE E",3,"Ventura Village",6,44.9627,-93.26255,-10381940.07,5615651.971,3,311522,2026,3
-10383650.7402,5610442.9691,"Gunshot Wound Victims","No","26-113217","MP2026113217",2026-05-01,"23:06:00+00","2026/05/01 08:48:00+00","Non NIBRS Data","Non NIBRS Data","Non NIBRS Data","Gunshot Wound Victims","Gunshot Wound Victims","Shooting (PFE)","Shooting (PFE)","0040XX NICOLLET AVE",5,"King Field",8,44.92959,-93.27792,-10383650.7402392,5610442.96906797,4,311524,2026,5
-10386201.9425,5621497.75,"Gunshot Wound Victims","No","26-127218","MP2026127218",2026-05-14,"17:00:00+00","2026/05/14 14:32:00+00","Non NIBRS Data","Non NIBRS Data","Non NIBRS Data","Gunshot Wound Victims","Gunshot Wound Victims","Shooting (PFE)","Shooting (PFE)","0020XX JAMES AVE N",4,"Lind - Bohanon",4,44.99985,-93.30084,-10386201.9424952,5621497.74996159,1,311526,2026,5
-10387840.85,5627786.161,"Gunshot Wound Victims","No","26-135067","MP2026135067",2026-05-21,"15:24:00+00","2026/05/21 15:24:00+00","Non NIBRS Data","Non NIBRS Data","Non NIBRS Data","Gunshot Wound Victims","Gunshot Wound Victims","Shooting Report Only (P)~PD","Shooting (PFE)","47TH AVE N / OSSEO RD",4,"Victory",4,45.03978,-93.31556,-10387840.85,5627786.161,1,311528,2026,5
-10387031.5251,5619209.1399,"Gunshot Wound Victims","No","26-138464","MP2026138464",2026-05-24,"17:12:00+00","2026/05/24 17:12:00+00","Non NIBRS Data","Non NIBRS Data","Non NIBRS Data","Gunshot Wound Victims","Gunshot Wound Victims","SAFE (P)","Shooting (PFE)","0007XX PENN AVE N",4,"Willard - Hay",5,44.98531,-93.30829,-10387031.5251348,5619209.13990029,2,311530,2026,5
-10385057.079,5624579.5385,"Gunshot Wound Victims","No","26-143336","MP2026143336",2026-05-28,"21:01:00+00","2026/05/28 20:58:00+00","Non NIBRS Data","Non NIBRS Data","Non NIBRS Data","Gunshot Wound Victims","Gunshot Wound Victims","ShotSpotter Activation (P)","Shooting (PFE)","0035XX BRYANT AVE N",4,"McKinley",4,45.01942,-93.29056,-10385057.0789738,5624579.53850112,1,311531,2026,5
-10384336.8911,5616194.3899,"Gunshot Wound Victims","No","25-257566","MP2025257566",2025-09-08,"17:08:00+00","2025/09/08 16:05:00+00","Non NIBRS Data","Non NIBRS Data","Non NIBRS Data","Gunshot Wound Victims","Gunshot Wound Victims","Shooting (PFE)","Shooting (PFE)","0004XX CLIFTON AVE",1,"Loring Park",7,44.96615,-93.28409,-10384336.8910752,5616194.38985028,1,311532,2025,9
-10383364.1649,5617992.9622,"Gunshot Wound Victims","Yes","25-277625","MP2025277625",2025-09-26,"18:35:00+00","2025/09/26 18:35:00+00","Non NIBRS Data","Non NIBRS Data","Non NIBRS Data","Gunshot Wound Victims","Gunshot Wound Victims","Shooting (PFE)","Shooting (PFE)","0007XX HENNEPIN AVE",1,"Downtown West",7,44.97758,-93.27535,-10383364.1649281,5617992.96218687,3,311533,2025,9
-10380538.7079,5616803.9944,"Gunshot Wound Victims","No","25-306941","MP2025306941",2025-10-22,"20:34:00+00","2025/10/22 20:34:00+00","Non NIBRS Data","Non NIBRS Data","Non NIBRS Data","Gunshot Wound Victims","Gunshot Wound Victims","Shooting (PFE)","Shooting (PFE)","0015XX 5TH ST S",1,"Cedar Riverside",6,44.97003,-93.24997,-10380538.7078879,5616803.99440665,1,311534,2025,10
-10387309.5068,5623180.7406,"Gunshot Wound Victims","No","25-318694","MP2025318694",2025-11-02,"22:48:00+00","2025/11/02 22:48:00+00","Non NIBRS Data","Non NIBRS Data","Non NIBRS Data","Gunshot Wound Victims","Gunshot Wound Victims","Shooting (PFE)","Shooting (PFE)","0029XX RUSSELL AVE N",4,"Jordan",4,45.01054,-93.31079,-10387309.5067798,5623180.74059228,1,311535,2025,11
-10380675.7126,5612683.0488,"Gunshot Wound Victims","No","25-339329","MP2025339329",2025-11-23,"07:21:00+00","2025/11/23 05:50:00+00","Non NIBRS Data","Non NIBRS Data","Non NIBRS Data","Gunshot Wound Victims","Gunshot Wound Victims","Shooting (PFE)","Shooting (PFE)","0032XX 16TH AVE S",3,"Powderhorn Park",9,44.94383,-93.2512,-10380675.7125735,5612683.04881551,1,311536,2025,11
-10387023.84,5620184.05,"Gunshot Wound Victims","No","25-353120","MP2025353120",2025-12-09,"01:04:00+00","2025/12/09 01:04:00+00","Non NIBRS Data","Non NIBRS Data","Non NIBRS Data","Gunshot Wound Victims","Gunshot Wound Victims","Shooting Report Only (P)","Shooting Report Only (P)","PENN AVE N / PLYMOUTH AVE N",4,"Willard - Hay",5,44.9915,-93.30822,-10387023.84,5620184.05,1,311537,2025,12
-10381857.9567,5615652.1446,"Gunshot Wound Victims","No","25-366665","MP2025366665",2025-12-24,"15:51:00+00","2025/12/24 15:51:00+00","Non NIBRS Data","Non NIBRS Data","Non NIBRS Data","Gunshot Wound Victims","Gunshot Wound Victims","Sound of Shots Fired (P)","Shooting (PFE)","0008XX FRANKLIN AVE E",3,"Ventura Village",6,44.96271,-93.26182,-10381857.9566926,5615652.14456797,1,311538,2025,12
-10387310.414,5624033.0556,"Gunshot Wound Victims","No","26-010970","MP202610970",2026-01-13,"18:08:00+00","2026/01/13 18:08:00+00","Non NIBRS Data","Non NIBRS Data","Non NIBRS Data","Gunshot Wound Victims","Gunshot Wound Victims","Shooting (PFE)","Shooting (PFE)","0033XX RUSSELL AVE N",4,"Cleveland",4,45.01595,-93.3108,-10387310.4140439,5624033.05560125,1,311539,2026,1
-10383807.5102,5616334.9588,"Gunshot Wound Victims","No","26-015502","MP202615502",2026-01-19,"15:18:00+00","2026/01/19 15:00:00+00","Non NIBRS Data","Non NIBRS Data","Non NIBRS Data","Gunshot Wound Victims","Gunshot Wound Victims","Shooting (PFE)","Shooting (PFE)","0015XX LASALLE AVE",1,"Loring Park",7,44.96705,-93.27933,-10383807.5101941,5616334.95876022,1,311547,2026,1
-10381777.3774,5615581.952,"Gunshot Wound Victims","No","26-055336","MP202655336",2026-03-05,"18:46:00+00","2026/03/05 18:46:00+00","Non NIBRS Data","Non NIBRS Data","Non NIBRS Data","Gunshot Wound Victims","Gunshot Wound Victims","Shooting (PFE)","Shooting (PFE)","0020XX ELLIOT AVE",3,"Ventura Village",6,44.96226,-93.26109,-10381777.3774456,5615581.95195485,1,311548,2026,3
-10380530.2065,5614665.6904,"Gunshot Wound Victims","No","26-070892","MP202670892",2026-03-21,"23:08:00+00","2026/03/21 22:16:00+00","Non NIBRS Data","Non NIBRS Data","Non NIBRS Data","Gunshot Wound Victims","Gunshot Wound Victims","Shooting (PFE)","Shooting (PFE)","0025XX 17TH AVE S",3,"East Phillips",9,44.95644,-93.24989,-10380530.2064989,5614665.69041476,2,311549,2026,3
-10377016.9322,5620189.2809,"Gunshot Wound Victims","No","26-084150","MP202684150",2026-04-03,"11:39:00+00","2026/04/03 11:39:00+00","Non NIBRS Data","Non NIBRS Data","Non NIBRS Data","Gunshot Wound Victims","Gunshot Wound Victims","Shooting (PFE)","Shooting (PFE)","0024XX HENNEPIN AVE E",2,"Como",1,44.99154,-93.21833,-10377016.9322004,5620189.28089485,1,311550,2026,4
-10381946.44,5612579.469,"Gunshot Wound Victims","No","26-030605","MP202630605",2026-02-06,"20:51:00+00","2026/02/06 20:25:00+00","Non NIBRS Data","Non NIBRS Data","Non NIBRS Data","Gunshot Wound Victims","Gunshot Wound Victims","Poss Personal Injury Acc (P)","Shooting (PFE)","33RD ST E / CHICAGO AVE",3,"Powderhorn Park",9,44.94317,-93.26261,-10381946.44,5612579.469,1,311551,2026,2
-10385515.9224,5619787.5381,"Gunshot Wound Victims","No","26-088926","MP202688926",2026-04-09,"03:01:00+00","2026/04/08 22:46:00+00","Non NIBRS Data","Non NIBRS Data","Non NIBRS Data","Gunshot Wound Victims","Gunshot Wound Victims","Shooting (PFE)","Shooting (PFE)","0012XX 11TH AVE N",4,"Near - North",5,44.98898,-93.29468,-10385515.922363,5619787.53810772,1,311552,2026,4
-10382235.433,5613262.2106,"Gunshot Wound Victims","Yes","26-103424","MP2026103424",2026-04-22,"16:32:00+00","2026/04/22 16:00:00+00","Non NIBRS Data","Non NIBRS Data","Non NIBRS Data","Gunshot Wound Victims","Gunshot Wound Victims","Shooting Report Only (P)","Shooting Report Only (P)","0030XX PARK AVE",3,"Central",9,44.94751,-93.26521,-10382235.4329901,5613262.21055616,1,311554,2026,4
-10384856.7885,5621385.7323,"Gunshot Wound Victims","No","26-118160","MP2026118160",2026-05-06,"17:19:00+00","2026/05/06 16:00:00+00","Non NIBRS Data","Non NIBRS Data","Non NIBRS Data","Gunshot Wound Victims","Gunshot Wound Victims","ShotSpotter Activation (P)","Shooting (PFE)","0007XX WEST BROADWAY",4,"Near - North",5,44.99914,-93.28876,-10384856.7884996,5621385.73229237,1,311556,2026,5
-10381291.9198,5619709.909,"Gunshot Wound Victims","No","26-170713","MP2026170713",2026-06-22,"00:24:00+00","2026/06/22 00:24:00+00","Non NIBRS Data","Non NIBRS Data","Non NIBRS Data","Gunshot Wound Victims","Gunshot Wound Victims","Shooting (PFE)","Shooting (PFE)","000XX UNIVERSITY AVE NE",2,"Nicollet Island - East Bank",3,44.98849,-93.25673,-10381291.9197993,5619709.90897626,3,311558,2026,6
-10383012.202,5612862.428,"Gunshot Wound Victims","No","26-126498","MP2026126498",2026-05-13,"21:08:00+00","2026/05/13 21:08:00+00","Non NIBRS Data","Non NIBRS Data","Non NIBRS Data","Gunshot Wound Victims","Gunshot Wound Victims","Shooting (PFE)","Shooting (PFE)","0003XX 32ND ST E",3,"Central",8,44.94497,-93.27219,-10383012.2019787,5612862.42802168,1,311631,2026,5
-10384773.3801,5615510.9303,"Gunshot Wound Victims","No","26-175980","MP2026175980",2026-06-27,"00:31:00+00","2026/06/27 00:31:00+00","Non NIBRS Data","Non NIBRS Data","Non NIBRS Data","Gunshot Wound Victims","Gunshot Wound Victims","Shooting (PFE)","Shooting (PFE)","0021XX LYNDALE AVE S",5,"Whittier",10,44.96181,-93.28801,-10384773.3800872,5615510.93029615,1,311632,2026,6
-10382003.0331,5617172.4506,"Gunshot Wound Victims",NA,"19-002181","MP20192181",2019-01-03,"05:14:00+00","2019/01/03 04:00:00+00","Non NIBRS Data","Non NIBRS Data","Non NIBRS Data","Gunshot Wound Victims","Gunshot Wound Victims",NA,NA,"0007XX PARK AVE",1,"Elliot Park",6,44.97237,-93.26312,-10382003.0331279,5617172.45057924,1,311650,2019,1
-10386602.8178,5621029.4904,"Gunshot Wound Victims",NA,"19-014665","MP201914665",2019-01-15,"22:48:00+00","2019/01/15 19:12:00+00","Non NIBRS Data","Non NIBRS Data","Non NIBRS Data","Gunshot Wound Victims","Gunshot Wound Victims",NA,NA,"0017XX MORGAN AVE N",4,"Willard - Hay",5,44.99687,-93.30444,-10386602.8177755,5621029.49043249,1,311651,2019,1
-10379745.1368,5615302.0029,"Gunshot Wound Victims",NA,"19-020454","MP201920454",2019-01-21,"22:26:00+00","2019/01/21 20:14:00+00","Non NIBRS Data","Non NIBRS Data","Non NIBRS Data","Gunshot Wound Victims","Gunshot Wound Victims",NA,NA,"0022XX MINNEHAHA AVE",3,"Seward",6,44.96048,-93.24284,-10379745.136783,5615302.00292426,1,311652,2019,1
-10384031.9352,5613582.921,"Gunshot Wound Victims",NA,"19-059515","MP201959515",2019-03-01,"22:42:00+00","2019/03/01 21:18:00+00","Non NIBRS Data","Non NIBRS Data","Non NIBRS Data","Gunshot Wound Victims","Gunshot Wound Victims",NA,NA,"0029XX PILLSBURY AVE",5,"Whittier",10,44.94955,-93.28135,-10384031.9351528,5613582.92104135,1,311653,2019,3
-10382234.8151,5613676.7068,"Gunshot Wound Victims",NA,"19-080777","MP201980777",2019-03-22,"02:38:00+00","2019/03/21 22:11:00+00","Non NIBRS Data","Non NIBRS Data","Non NIBRS Data","Gunshot Wound Victims","Gunshot Wound Victims",NA,NA,"0028XX PARK AVE",3,"Phillips West",9,44.95015,-93.2652,-10382234.8151401,5613676.70683913,1,311654,2019,3
-10384515.7064,5622101.6826,"Gunshot Wound Victims",NA,"19-092340","MP201992340",2019-04-02,"04:49:00+00","2019/04/02 04:04:00+00","Non NIBRS Data","Non NIBRS Data","Non NIBRS Data","Gunshot Wound Victims","Gunshot Wound Victims",NA,NA,"0004XX 24TH AVE N",4,"Hawthorne",5,45.00369,-93.28569,-10384515.7063502,5622101.68259303,1,311655,2019,4
-10380675.5454,5614101.7542,"Gunshot Wound Victims",NA,"19-138150","MP2019138150",2019-05-16,"05:09:00+00","2019/05/16 04:23:00+00","Non NIBRS Data","Non NIBRS Data","Non NIBRS Data","Gunshot Wound Victims","Gunshot Wound Victims",NA,NA,"0027XX 16TH AVE S",3,"East Phillips",9,44.95285,-93.2512,-10380675.5453699,5614101.75422695,1,311656,2019,5
-10381661.4785,5614664.9992,"Gunshot Wound Victims","No","26-168431","MP2026168431",2026-06-19,"23:29:00+00","2026/06/19 23:00:00+00","Non NIBRS Data","Non NIBRS Data","Non NIBRS Data","Gunshot Wound Victims","Gunshot Wound Victims","Shooting Report Only (P)","Shooting Report Only (P)","0025XX 10TH AVE S",3,"Midtown Phillips",9,44.95643,-93.26005,-10381661.4784662,5614664.99916609,1,311657,2026,6
-10380594.8865,5615373.2442,"Gunshot Wound Victims",NA,"19-141179","MP2019141179",2019-05-19,"00:15:00+00","2019/05/18 22:26:00+00","Non NIBRS Data","Non NIBRS Data","Non NIBRS Data","Gunshot Wound Victims","Gunshot Wound Victims",NA,NA,"0016XX 22ND ST E",3,"Ventura Village",6,44.96093,-93.25047,-10380594.8864894,5615373.24420538,2,311660,2019,5
-10385519.828,5629290.6289,"Gunshot Wound Victims",NA,"19-148480","MP2019148480",2019-05-26,"03:01:00+00","2019/05/25 21:00:00+00","Non NIBRS Data","Non NIBRS Data","Non NIBRS Data","Gunshot Wound Victims","Gunshot Wound Victims",NA,NA,"0011XX 52ND AVE N",4,"Lind - Bohanon",4,45.04933,-93.29471,-10385519.8279757,5629290.62894776,1,311662,2019,5
-10379619.1335,5615857.5675,"Gunshot Wound Victims",NA,"19-156572","MP2019156572",2019-06-02,"02:25:00+00","2019/06/02 00:45:00+00","Non NIBRS Data","Non NIBRS Data","Non NIBRS Data","Gunshot Wound Victims","Gunshot Wound Victims",NA,NA,"0021XX 9TH ST S",3,"Seward",6,44.96401,-93.24171,-10379619.1334507,5615857.56746286,2,311664,2019,6
-10380247.7212,5622168.7978,"Gunshot Wound Victims",NA,"19-168111","MP2019168111",2019-06-11,"20:37:00+00","2019/06/11 16:49:00+00","Non NIBRS Data","Non NIBRS Data","Non NIBRS Data","Gunshot Wound Victims","Gunshot Wound Victims",NA,NA,"0014XX CENTRAL AVE NE",2,"Northeast Park",1,45.00411,-93.24735,-10380247.721217,5622168.79776708,1,311666,2019,6
-10382024.0227,5613394.6385,"Gunshot Wound Victims",NA,"19-177454","MP2019177454",2019-06-19,"23:06:00+00","2019/06/19 22:02:00+00","Non NIBRS Data","Non NIBRS Data","Non NIBRS Data","Gunshot Wound Victims","Gunshot Wound Victims",NA,NA,"0007XX LAKE ST E",3,"Phillips West",6,44.94835,-93.26331,-10382024.0226761,5613394.638491,1,311668,2019,6
-10383751.7703,5617954.2495,"Gunshot Wound Victims",NA,"19-196822","MP2019196822",2019-07-06,"03:21:00+00","2019/07/06 01:23:00+00","Non NIBRS Data","Non NIBRS Data","Non NIBRS Data","Gunshot Wound Victims","Gunshot Wound Victims",NA,NA,"000XX 10TH ST N",1,"Downtown West",7,44.97734,-93.27883,-10383751.7703008,5617954.24949095,2,311670,2019,7
-10382787.2135,5611586.9893,"Gunshot Wound Victims",NA,"19-202306","MP2019202306",2019-07-11,"00:18:00+00","2019/07/10 22:10:00+00","Non NIBRS Data","Non NIBRS Data","Non NIBRS Data","Gunshot Wound Victims","Gunshot Wound Victims",NA,NA,"0036XX 4TH AVE S",3,"Central",8,44.93686,-93.27016,-10382787.2134798,5611586.98930329,1,311673,2019,7
-10384941.9664,5621657.1554,"Gunshot Wound Victims",NA,"19-206160","MP2019206160",2019-07-14,"04:21:00+00","2019/07/14 01:43:00+00","Non NIBRS Data","Non NIBRS Data","Non NIBRS Data","Gunshot Wound Victims","Gunshot Wound Victims",NA,NA,"0021XX ALDRICH AVE N",4,"Hawthorne",5,45.00086,-93.28952,-10384941.9664195,5621657.15536339,1,311675,2019,7
-10378753.9092,5619467.2156,"Gunshot Wound Victims","No","21-150662","MP2021150662",2021-07-08,"16:47:00+00","2021/07/08 14:53:00+00","Non NIBRS Data","Non NIBRS Data","Non NIBRS Data","Gunshot Wound Victims","Gunshot Wound Victims","Shooting (PFE)","Shooting (PFE)","0012XX BROOK AVE SE",2,"Como",2,44.98695,-93.23393,-10378753.9092255,5619467.21556861,1,311676,2021,7
-10386116.4262,5620183.052,"Gunshot Wound Victims",NA,"19-214413","MP2019214413",2019-07-21,"04:53:00+00","2019/07/21 00:19:00+00","Non NIBRS Data","Non NIBRS Data","Non NIBRS Data","Gunshot Wound Victims","Gunshot Wound Victims",NA,NA,"0015XX PLYMOUTH AVE N",4,"Near - North",5,44.9915,-93.30007,-10386116.4261531,5620183.05201308,1,311677,2019,7
-10386602.2583,5621219.7741,"Gunshot Wound Victims",NA,"19-217047","MP2019217047",2019-07-23,"16:41:00+00","2019/07/23 14:18:00+00","Non NIBRS Data","Non NIBRS Data","Non NIBRS Data","Gunshot Wound Victims","Gunshot Wound Victims",NA,NA,"0018XX MORGAN AVE N",4,"Willard - Hay",5,44.99808,-93.30444,-10386602.2582838,5621219.77413052,1,311678,2019,7
-10384943.9719,5623303.7658,"Gunshot Wound Victims",NA,"19-220140","MP2019220140",2019-07-25,"22:55:00+00","2019/07/25 22:55:00+00","Non NIBRS Data","Non NIBRS Data","Non NIBRS Data","Gunshot Wound Victims","Gunshot Wound Victims",NA,NA,"0007XX 30TH AVE N",4,"Hawthorne",5,45.01132,-93.28954,-10384943.9718837,5623303.76578426,1,311679,2019,7
-10377834.1581,5617102.2573,"Gunshot Wound Victims",NA,"19-236276","MP2019236276",2019-08-08,"18:21:00+00","2019/08/08 16:00:00+00","Non NIBRS Data","Non NIBRS Data","Non NIBRS Data","Gunshot Wound Victims","Gunshot Wound Victims",NA,NA,"0004XX ONTARIO ST SE",2,"Prospect Park - East River Road",2,44.97192,-93.22567,-10377834.1580848,5617102.25730535,1,311680,2019,8
-10383995.6361,5621926.0497,"Gunshot Wound Victims",NA,"19-238150","MP2019238150",2019-08-10,"05:14:00+00","2019/08/10 02:36:00+00","Non NIBRS Data","Non NIBRS Data","Non NIBRS Data","Gunshot Wound Victims","Gunshot Wound Victims",NA,NA,"0002XX 23RD AVE N",4,"Hawthorne",5,45.00257,-93.28102,-10383995.6360887,5621926.04972424,1,311681,2019,8
-10386208.2527,5621709.0858,"Gunshot Wound Victims",NA,"19-246890","MP2019246890",2019-08-17,"21:50:00+00","2019/08/17 20:06:00+00","Non NIBRS Data","Non NIBRS Data","Non NIBRS Data","Gunshot Wound Victims","Gunshot Wound Victims",NA,NA,"0016XX HILLSIDE AVE N",4,"Jordan",5,45.00119,-93.3009,-10386208.2527323,5621709.08581571,1,311682,2019,8
-10385348.6132,5613810.1146,"Gunshot Wound Victims",NA,"19-251770","MP2019251770",2019-08-22,"03:38:00+00","2019/08/22 03:30:00+00","Non NIBRS Data","Non NIBRS Data","Non NIBRS Data","Gunshot Wound Victims","Gunshot Wound Victims",NA,NA,"0028XX DUPONT AVE S",5,"Lowry Hill East",10,44.951,-93.29317,-10385348.6131925,5613810.11459808,1,311683,2019,8
-10384696.3221,5627730.8676,"Gunshot Wound Victims",NA,"19-281588","MP2019281588",2019-09-17,"01:19:00+00","2019/09/16 23:45:00+00","Non NIBRS Data","Non NIBRS Data","Non NIBRS Data","Gunshot Wound Victims","Gunshot Wound Victims",NA,NA,"0046XX LYNDALE AVE N",4,"Lind - Bohanon",4,45.03943,-93.28731,-10384696.322144,5627730.86758852,1,311684,2019,9
-10381384.1779,5613813.6663,"Gunshot Wound Victims",NA,"19-292323","MP2019292323",2019-09-26,"11:29:00+00","2019/09/25 23:30:00+00","Non NIBRS Data","Non NIBRS Data","Non NIBRS Data","Gunshot Wound Victims","Gunshot Wound Victims",NA,NA,"0028XX 12TH AVE S",3,"Midtown Phillips",9,44.95102,-93.25756,-10381384.1779143,5613813.66630311,1,311685,2019,9
-10380249.3967,5614383.4733,"Gunshot Wound Victims",NA,"19-345520","MP2019345520",2019-11-19,"22:44:00+00","2019/11/19 22:03:00+00","Non NIBRS Data","Non NIBRS Data","Non NIBRS Data","Gunshot Wound Victims","Gunshot Wound Victims",NA,NA,"0026XX CEDAR AVE S",3,"East Phillips",9,44.95464,-93.24737,-10380249.3966646,5614383.47328116,1,311686,2019,11
-10387878.9693,5620906.9199,"Gunshot Wound Victims",NA,"19-378975","MP2019378975",2019-12-29,"03:40:00+00","2019/12/29 00:56:00+00","Non NIBRS Data","Non NIBRS Data","Non NIBRS Data","Gunshot Wound Victims","Gunshot Wound Victims",NA,NA,"0016XX VINCENT AVE N",4,"Willard - Hay",5,44.9961,-93.3159,-10387878.9693158,5620906.91986173,1,311687,2019,12
-10381941.2915,5615440.2167,"Gunshot Wound Victims",NA,"20-008727","MP20208727",2020-01-10,"19:14:00+00","2020/01/10 19:00:00+00","Non NIBRS Data","Non NIBRS Data","Non NIBRS Data","Gunshot Wound Victims","Gunshot Wound Victims",NA,NA,"0021XX CHICAGO AVE",3,"Ventura Village",6,44.96136,-93.26257,-10381941.2914788,5615440.21670984,1,311688,2020,1
-10383241.6548,5618631.233,"Gunshot Wound Victims",NA,"20-048704","MP202048704",2020-02-23,"02:44:00+00","2020/02/23 02:05:00+00","Non NIBRS Data","Non NIBRS Data","Non NIBRS Data","Gunshot Wound Victims","Gunshot Wound Victims",NA,NA,"0004XX 2ND AVE N",1,"Downtown West",7,44.98164,-93.27425,-10383241.6547606,5618631.23304588,2,311689,2020,2
-10383930.5479,5623112.0074,"Gunshot Wound Victims",NA,"20-065834","MP202065834",2020-03-11,"19:56:00+00","2020/03/11 17:45:00+00","Non NIBRS Data","Non NIBRS Data","Non NIBRS Data","Gunshot Wound Victims","Gunshot Wound Victims",NA,NA,"0029XX 2ND ST N",4,"Hawthorne",5,45.0101,-93.28044,-10383930.5479362,5623112.00740312,1,311690,2020,3
-10386301.6808,5629151.2797,"Gunshot Wound Victims",NA,"20-076340","MP202076340",2020-03-22,"20:58:00+00","2020/03/22 16:17:00+00","Non NIBRS Data","Non NIBRS Data","Non NIBRS Data","Gunshot Wound Victims","Gunshot Wound Victims",NA,NA,"0051XX JAMES AVE N",4,"Shingle Creek",4,45.04844,-93.30174,-10386301.6807714,5629151.27968639,3,311691,2020,3
-10378832.0656,5615989.204,"Gunshot Wound Victims",NA,"20-083316","MP202083316",2020-03-30,"17:01:00+00","2020/03/30 14:55:00+00","Non NIBRS Data","Non NIBRS Data","Non NIBRS Data","Gunshot Wound Victims","Gunshot Wound Victims",NA,NA,"0025XX RIVERSIDE AVE",1,"Cedar Riverside",2,44.96485,-93.23463,-10378832.0655999,5615989.20397969,1,311692,2020,3
-10381154.6709,5615373.0405,"Gunshot Wound Victims",NA,"20-115798","MP2020115798",2020-05-02,"04:32:00+00","2020/05/02 01:39:00+00","Non NIBRS Data","Non NIBRS Data","Non NIBRS Data","Gunshot Wound Victims","Gunshot Wound Victims",NA,NA,"0013XX 22ND ST E",3,"Ventura Village",6,44.96093,-93.2555,-10381154.6708787,5615373.04047332,1,311693,2020,5
-10385477.1222,5624299.6748,"Gunshot Wound Victims",NA,"20-130087","MP2020130087",2020-05-16,"00:42:00+00","2020/05/15 22:29:00+00","Non NIBRS Data","Non NIBRS Data","Non NIBRS Data","Gunshot Wound Victims","Gunshot Wound Victims",NA,NA,"0034XX EMERSON AVE N",4,"Folwell",4,45.01764,-93.29433,-10385477.122197,5624299.6747655,3,311694,2020,5
-10384941.9664,5621657.1554,"Gunshot Wound Victims",NA,"20-140706","MP2020140706",2020-05-26,"00:15:00+00","2020/05/25 08:35:00+00","Non NIBRS Data","Non NIBRS Data","Non NIBRS Data","Gunshot Wound Victims","Gunshot Wound Victims",NA,NA,"0021XX ALDRICH AVE N",4,"Hawthorne",5,45.00086,-93.28952,-10384941.9664195,5621657.15536339,1,311695,2020,5
-10384213.7161,5614100.8515,"Gunshot Wound Victims","No","24-109865","MP2024109865",2024-04-26,"09:47:00+00","2024/04/26 09:47:00+00","Non NIBRS Data","Non NIBRS Data","Non NIBRS Data","Gunshot Wound Victims","Gunshot Wound Victims","Shooting (PFE)","Shooting (PFE)","0027XX PLEASANT AVE",5,"Whittier",10,44.95284,-93.28298,-10384213.7161272,5614100.85150681,1,311696,2024,4
-10384606.8351,5624576.4581,"Gunshot Wound Victims","No","24-124340","MP2024124340",2024-05-10,"00:23:00+00","2024/05/10 00:23:00+00","Non NIBRS Data","Non NIBRS Data","Non NIBRS Data","Gunshot Wound Victims","Gunshot Wound Victims","ShotSpotter Activation (P)","Shooting (PFE)","0035XX 6TH ST N",4,"McKinley",4,45.0194,-93.28651,-10384606.8351392,5624576.45811086,1,311697,2024,5
-10386607.1858,5619757.2797,"Gunshot Wound Victims","No","24-131297","MP2024131297",2024-05-16,"12:05:00+00","2024/05/16 12:05:00+00","Non NIBRS Data","Non NIBRS Data","Non NIBRS Data","Gunshot Wound Victims","Gunshot Wound Victims","On Site (P)","Shooting (PFE)","0010XX MORGAN AVE N",4,"Near - North",5,44.98879,-93.30448,-10386607.1858,5619757.27966767,1,311698,2024,5
-10383846.7136,5613581.2179,"Gunshot Wound Victims","No","24-137016","MP2024137016",2024-05-21,"12:28:00+00","2024/05/21 11:19:00+00","Non NIBRS Data","Non NIBRS Data","Non NIBRS Data","Gunshot Wound Victims","Gunshot Wound Victims","Shooting (PFE)","Shooting (PFE)","0029XX BLAISDELL AVE",5,"Whittier",10,44.94954,-93.27968,-10383846.713642,5613581.21792841,1,311699,2024,5
-10384941.9664,5621657.1554,"Gunshot Wound Victims","No","24-155600","MP2024155600",2024-06-08,"05:31:00+00","2024/06/08 02:30:00+00","Non NIBRS Data","Non NIBRS Data","Non NIBRS Data","Gunshot Wound Victims","Gunshot Wound Victims","Shooting Report Only (P)","Shooting Report Only (P)","0021XX ALDRICH AVE N",4,"Hawthorne",5,45.00086,-93.28952,-10384941.9664195,5621657.15536339,1,311703,2024,6
-10379619.1335,5615857.5675,"Gunshot Wound Victims","No","24-162656","MP2024162656",2024-06-15,"12:56:00+00","2024/06/15 11:17:00+00","Non NIBRS Data","Non NIBRS Data","Non NIBRS Data","Gunshot Wound Victims","Gunshot Wound Victims","Shooting (PFE)","Shooting (PFE)","0021XX 9TH ST S",3,"Seward",6,44.96401,-93.24171,-10379619.1334507,5615857.56746286,1,311705,2024,6
-10381033.7667,5613396.1963,"Gunshot Wound Victims","No","24-176978","MP2024176978",2024-06-29,"05:40:00+00","2024/06/29 02:55:00+00","Non NIBRS Data","Non NIBRS Data","Non NIBRS Data","Gunshot Wound Victims","Gunshot Wound Victims","Shooting (PFE)","Shooting (PFE)","0014XX LAKE ST E",3,"Midtown Phillips",9,44.94836,-93.25441,-10381033.7667385,5613396.1962652,1,311707,2024,6
-10383221.242,5614381.5922,"Gunshot Wound Victims","No","24-186568","MP2024186568",2024-07-08,"00:42:00+00","2024/07/07 19:52:00+00","Non NIBRS Data","Non NIBRS Data","Non NIBRS Data","Gunshot Wound Victims","Gunshot Wound Victims","Shooting (PFE)","Shooting (PFE)","0026XX 2ND AVE S",5,"Whittier",10,44.95463,-93.27406,-10383221.2419601,5614381.59224994,1,311708,2024,7
-10386747.0779,5619757.9908,"Gunshot Wound Victims","Yes","24-108318","MP2024108318",2024-04-24,"19:31:00+00","2024/04/24 19:31:00+00","Non NIBRS Data","Non NIBRS Data","Non NIBRS Data","Gunshot Wound Victims","Gunshot Wound Victims","Shooting Report Only (P)","Shooting Report Only (P)","0011XX NEWTON AVE N",4,"Near - North",5,44.9888,-93.30574,-10386747.077872,5619757.99076698,1,311710,2024,4
-10382214.7713,5617506.0577,"Gunshot Wound Victims","Yes","24-125447","MP2024125447",2024-05-11,"00:21:00+00","2024/05/10 22:30:00+00","Non NIBRS Data","Non NIBRS Data","Non NIBRS Data","Gunshot Wound Victims","Gunshot Wound Victims","Shooting (PFE)","Shooting (PFE)","0006XX 5TH AVE S",1,"Downtown West",7,44.97449,-93.26502,-10382214.7713152,5617506.05765937,2,311713,2024,5
-10386890.1982,5622008.9594,"Gunshot Wound Victims","No","24-134297","MP2024134297",2024-05-18,"22:38:00+00","2024/05/18 22:38:00+00","Non NIBRS Data","Non NIBRS Data","Non NIBRS Data","Gunshot Wound Victims","Gunshot Wound Victims","Shooting (PFE)","Shooting (PFE)","0020XX WEST BROADWAY",4,"Jordan",5,45.0031,-93.30702,-10386890.1982368,5622008.95943946,2,311715,2024,5
-10382234.8151,5613676.7068,"Gunshot Wound Victims","No","24-148398","MP2024148398",2024-06-01,"10:44:00+00","2024/06/01 10:44:00+00","Non NIBRS Data","Non NIBRS Data","Non NIBRS Data","Gunshot Wound Victims","Gunshot Wound Victims","Shooting (PFE)","Shooting (PFE)","0028XX PARK AVE",3,"Phillips West",6,44.95015,-93.2652,-10382234.8151401,5613676.70683913,1,311717,2024,6
-10378665.4651,5613821.2211,"Gunshot Wound Victims","No","24-149355","MP2024149355",2024-06-02,"07:02:00+00","2024/06/02 04:14:00+00","Non NIBRS Data","Non NIBRS Data","Non NIBRS Data","Gunshot Wound Victims","Gunshot Wound Victims","Sound of Shots Fired (P)","Sound of Shots Fired (P)","0028XX 27TH AVE S",3,"Longfellow",9,44.95107,-93.23314,-10378665.4650672,5613821.22114307,1,311720,2024,6
-10386532.2024,5623318.0046,"Gunshot Wound Victims","No","24-152668","MP2024152668",2024-06-05,"17:37:00+00","2024/06/05 11:19:00+00","Non NIBRS Data","Non NIBRS Data","Non NIBRS Data","Gunshot Wound Victims","Gunshot Wound Victims","Shooting Report Only (P)","Shooting Report Only (P)","0019XX 30TH AVE N",4,"Folwell",4,45.01141,-93.30381,-10386532.2024439,5623318.00458391,1,311721,2024,6
-10382092.3994,5613676.6806,"Gunshot Wound Victims","No","24-157229","MP2024157229",2024-06-09,"18:44:00+00","2024/06/09 18:44:00+00","Non NIBRS Data","Non NIBRS Data","Non NIBRS Data","Gunshot Wound Victims","Gunshot Wound Victims","Shooting (PFE)","Shooting (PFE)","0028XX COLUMBUS AVE",3,"Phillips West",6,44.95015,-93.26392,-10382092.3994341,5613676.68063662,1,311722,2024,6
-10385616.0468,5622884.2764,"Gunshot Wound Victims","No","24-141031","MP2024141031",2024-05-25,"01:19:00+00","2024/05/25 01:19:00+00","Non NIBRS Data","Non NIBRS Data","Non NIBRS Data","Gunshot Wound Victims","Gunshot Wound Victims","Shooting (PFE)","Shooting (PFE)","0027XX FREMONT AVE N",4,"Jordan",5,45.00866,-93.29558,-10385616.0467669,5622884.27639241,1,311723,2024,5
-10383838.4847,5615227.8991,"Gunshot Wound Victims","No","24-146842","MP2024146842",2024-05-30,"17:15:00+00","2024/05/30 17:15:00+00","Non NIBRS Data","Non NIBRS Data","Non NIBRS Data","Gunshot Wound Victims","Gunshot Wound Victims","Officer Needs Help (P)","Officer Needs Help (P)","0023XX BLAISDELL AVE",5,"Whittier",10,44.96001,-93.27961,-10383838.4846991,5615227.89913741,5,311724,2024,5
-10386744.8963,5624030.1724,"Gunshot Wound Victims","No","24-149139","MP2024149139",2024-06-01,"23:42:00+00","2024/06/01 22:42:00+00","Non NIBRS Data","Non NIBRS Data","Non NIBRS Data","Gunshot Wound Victims","Gunshot Wound Victims","Shooting Report Only (P)","Shooting Report Only (P)","0033XX NEWTON AVE N",4,"Folwell",4,45.01593,-93.30572,-10386744.8963446,5624030.1724301,1,311725,2024,6
-10384874.0734,5628863.6054,"Gunshot Wound Victims","No","24-165249","MP2024165249",2024-06-18,"01:58:00+00","2024/06/18 01:58:00+00","Non NIBRS Data","Non NIBRS Data","Non NIBRS Data","Gunshot Wound Victims","Gunshot Wound Victims","Sound of Shots Fired (P)","Sound of Shots Fired (P)","0050XX CAMDEN AVE N",4,"Lind - Bohanon",4,45.04662,-93.28891,-10384874.0734145,5628863.60542046,1,311726,2024,6
-10381101.5154,5613811.7512,"Gunshot Wound Victims","No","24-170604","MP2024170604",2024-06-23,"05:41:00+00","2024/06/23 03:55:00+00","Non NIBRS Data","Non NIBRS Data","Non NIBRS Data","Gunshot Wound Victims","Gunshot Wound Victims","Sound of Shots Fired (P)~PD","Shooting (PFE)","0028XX 14TH AVE S",3,"Midtown Phillips",9,44.95101,-93.25502,-10381101.5154197,5613811.75115983,1,311727,2024,6
-10381103.3601,5613529.7516,"Gunshot Wound Victims","No","24-178957","MP2024178957",2024-06-30,"20:22:00+00","2024/06/30 20:22:00+00","Non NIBRS Data","Non NIBRS Data","Non NIBRS Data","Gunshot Wound Victims","Gunshot Wound Victims","ShotSpotter Activation (P)","Shooting (PFE)","0029XX 14TH AVE S",3,"Midtown Phillips",9,44.94921,-93.25504,-10381103.3600722,5613529.75163781,1,311728,2024,6
-10382003.0331,5617172.4506,"Gunshot Wound Victims","Yes","24-186903","MP2024186903",2024-07-08,"02:18:00+00","2024/07/08 01:39:00+00","Non NIBRS Data","Non NIBRS Data","Non NIBRS Data","Gunshot Wound Victims","Gunshot Wound Victims","Shooting Report Only (P)","Shooting Report Only (P)","0007XX PARK AVE",1,"Elliot Park",6,44.97237,-93.26312,-10382003.0331279,5617172.45057924,1,311729,2024,7
-10380594.8865,5615373.2442,"Gunshot Wound Victims","No","24-205940","MP2024205940",2024-07-25,"03:47:00+00","2024/07/25 01:45:00+00","Non NIBRS Data","Non NIBRS Data","Non NIBRS Data","Gunshot Wound Victims","Gunshot Wound Victims","Shooting (PFE)","Shooting (PFE)","0016XX 22ND ST E",3,"Ventura Village",9,44.96093,-93.25047,-10380594.8864894,5615373.24420538,1,311730,2024,7
-10380252.5084,5613813.0852,"Gunshot Wound Victims",NA,"20-143063","MP2020143063",2020-05-28,"02:03:00+00","2020/05/28 00:10:00+00","Non NIBRS Data","Non NIBRS Data","Non NIBRS Data","Gunshot Wound Victims","Gunshot Wound Victims",NA,NA,"0028XX CEDAR AVE S",3,"East Phillips",9,44.95101,-93.24739,-10380252.5084442,5613813.08515919,1,311731,2020,5
-10380245.4502,5614880.0102,"Gunshot Wound Victims",NA,"20-151529","MP2020151529",2020-06-03,"22:17:00+00","2020/06/03 22:17:00+00","Non NIBRS Data","Non NIBRS Data","Non NIBRS Data","Gunshot Wound Victims","Gunshot Wound Victims",NA,NA,"0024XX CEDAR AVE S",3,"East Phillips",9,44.9578,-93.24733,-10380245.4502011,5614880.0101725,1,311732,2020,6
-10384941.9664,5621657.1554,"Gunshot Wound Victims",NA,"20-153401","MP2020153401",2020-06-06,"01:08:00+00","2020/06/06 00:20:00+00","Non NIBRS Data","Non NIBRS Data","Non NIBRS Data","Gunshot Wound Victims","Gunshot Wound Victims",NA,NA,"0021XX ALDRICH AVE N",4,"Hawthorne",5,45.00086,-93.28952,-10384941.9664195,5621657.15536339,1,311733,2020,6
-10383995.6361,5621926.0497,"Gunshot Wound Victims",NA,"20-157168","MP2020157168",2020-06-11,"04:23:00+00","2020/06/11 02:03:00+00","Non NIBRS Data","Non NIBRS Data","Non NIBRS Data","Gunshot Wound Victims","Gunshot Wound Victims",NA,NA,"0002XX 23RD AVE N",4,"Hawthorne",5,45.00257,-93.28102,-10383995.6360887,5621926.04972424,1,311734,2020,6
-10384941.9664,5621657.1554,"Gunshot Wound Victims",NA,"20-161174","MP2020161174",2020-06-16,"02:44:00+00","2020/06/15 23:00:00+00","Non NIBRS Data","Non NIBRS Data","Non NIBRS Data","Gunshot Wound Victims","Gunshot Wound Victims",NA,NA,"0021XX ALDRICH AVE N",4,"Hawthorne",5,45.00086,-93.28952,-10384941.9664195,5621657.15536339,1,311735,2020,6
-10384941.9664,5621657.1554,"Gunshot Wound Victims",NA,"20-165062","MP2020165062",2020-06-20,"20:18:00+00","2020/06/20 16:42:00+00","Non NIBRS Data","Non NIBRS Data","Non NIBRS Data","Gunshot Wound Victims","Gunshot Wound Victims",NA,NA,"0021XX ALDRICH AVE N",4,"Hawthorne",5,45.00086,-93.28952,-10384941.9664195,5621657.15536339,2,311736,2020,6
-10386605.6877,5620041.3765,"Gunshot Wound Victims",NA,"20-165564","MP2020165564",2020-06-21,"05:21:00+00","2020/06/21 03:20:00+00","Non NIBRS Data","Non NIBRS Data","Non NIBRS Data","Gunshot Wound Victims","Gunshot Wound Victims",NA,NA,"0012XX MORGAN AVE N",4,"Near - North",5,44.9906,-93.30447,-10386605.687665,5620041.37651102,1,311737,2020,6
-10385056.154,5624011.8026,"Gunshot Wound Victims",NA,"20-166003","MP2020166003",2020-06-21,"21:53:00+00","2020/06/21 20:10:00+00","Non NIBRS Data","Non NIBRS Data","Non NIBRS Data","Gunshot Wound Victims","Gunshot Wound Victims",NA,NA,"0033XX BRYANT AVE N",4,"McKinley",4,45.01582,-93.29055,-10385056.1540487,5624011.80258678,1,311738,2020,6
-10383221.242,5614381.5922,"Gunshot Wound Victims","No","24-209076","MP2024209076",2024-07-27,"19:13:00+00","2024/07/27 19:13:00+00","Non NIBRS Data","Non NIBRS Data","Non NIBRS Data","Gunshot Wound Victims","Gunshot Wound Victims","Shooting (PFE)","Shooting (PFE)","0026XX 2ND AVE S",5,"Whittier",10,44.95463,-93.27406,-10383221.2419601,5614381.59224994,2,311739,2024,7
-10383078.6261,5614381.9806,"Gunshot Wound Victims","No","24-212951","MP2024212951",2024-07-31,"03:33:00+00","2024/07/31 03:32:00+00","Non NIBRS Data","Non NIBRS Data","Non NIBRS Data","Gunshot Wound Victims","Gunshot Wound Victims","Shooting (PFE)","Shooting (PFE)","0026XX 3RD AVE S",5,"Whittier",10,44.95463,-93.27278,-10383078.6261496,5614381.98056966,1,311740,2024,7
-10385619.1417,5624870.3078,"Gunshot Wound Victims","No","24-219735","MP2024219735",2024-08-06,"01:11:00+00","2024/08/06 01:11:00+00","Non NIBRS Data","Non NIBRS Data","Non NIBRS Data","Gunshot Wound Victims","Gunshot Wound Victims","Shooting (PFE)","Shooting (PFE)","0036XX FREMONT AVE N",4,"Folwell",4,45.02127,-93.2956,-10385619.1417297,5624870.30782703,1,311765,2024,8
-10385916.9402,5613466.4264,"Gunshot Wound Victims","No","24-231906","MP2024231906",2024-08-16,"20:42:00+00","2024/08/16 20:42:00+00","Non NIBRS Data","Non NIBRS Data","Non NIBRS Data","Gunshot Wound Victims","Gunshot Wound Victims","Sound of Shots Fired (P)","Shooting Report Only (P)","0029XX HENNEPIN AVE",5,"Lowry Hill East",10,44.94881,-93.29828,-10385916.9401957,5613466.42636728,1,311767,2024,8
-10383012.202,5612862.428,"Gunshot Wound Victims","No","24-235114","MP2024235114",2024-08-19,"18:25:00+00","2024/08/19 16:39:00+00","Non NIBRS Data","Non NIBRS Data","Non NIBRS Data","Gunshot Wound Victims","Gunshot Wound Victims","ShotSpotter Activation (P)~PD","Shooting (PFE)","0003XX 32ND ST E",3,"Central",8,44.94497,-93.27219,-10383012.2019787,5612862.42802168,1,311769,2024,8
-10382234.8151,5613676.7068,"Gunshot Wound Victims","No","24-247451","MP2024247451",2024-08-30,"23:27:00+00","2024/08/30 23:27:00+00","Non NIBRS Data","Non NIBRS Data","Non NIBRS Data","Gunshot Wound Victims","Gunshot Wound Victims","Sound of Shots Fired (P)","Shooting (PFE)","0028XX PARK AVE",3,"Phillips West",6,44.95015,-93.2652,-10382234.8151401,5613676.70683913,3,311771,2024,8
-10382519.263,5618205.205,"Gunshot Wound Victims","Yes","24-257587","MP2024257587",2024-09-09,"02:22:00+00","2024/09/09 02:22:00+00","Non NIBRS Data","Non NIBRS Data","Non NIBRS Data","Gunshot Wound Victims","Gunshot Wound Victims","Shooting (PFE)","Shooting (PFE)","0001XX 4TH ST S",1,"Downtown West",7,44.97893,-93.26776,-10382519.2630205,5618205.20498239,1,311773,2024,9
-10380386.022,5614949.211,"Gunshot Wound Victims",NA,"20-166213","MP2020166213",2020-06-22,"02:55:00+00","2020/06/22 02:22:00+00","Non NIBRS Data","Non NIBRS Data","Non NIBRS Data","Gunshot Wound Victims","Gunshot Wound Victims",NA,NA,"0024XX 18TH AVE S",3,"East Phillips",9,44.95824,-93.24859,-10380386.0220257,5614949.21102248,1,311775,2020,6
-10384941.9664,5621657.1554,"Gunshot Wound Victims",NA,"20-168665","MP2020168665",2020-06-25,"04:56:00+00","2020/06/24 23:37:00+00","Non NIBRS Data","Non NIBRS Data","Non NIBRS Data","Gunshot Wound Victims","Gunshot Wound Victims",NA,NA,"0021XX ALDRICH AVE N",4,"Hawthorne",5,45.00086,-93.28952,-10384941.9664195,5621657.15536339,1,311777,2020,6
-10381184.4938,5616474.3222,"Gunshot Wound Victims",NA,"20-169002","MP2020169002",2020-06-25,"11:27:00+00","2020/06/25 10:35:00+00","Non NIBRS Data","Non NIBRS Data","Non NIBRS Data","Gunshot Wound Victims","Gunshot Wound Victims",NA,NA,"0008XX 13TH AVE S",3,"Ventura Village",6,44.96793,-93.25577,-10381184.4938317,5616474.32216328,1,311779,2020,6
-10384518.3334,5623868.0729,"Gunshot Wound Victims",NA,"20-170471","MP2020170471",2020-06-27,"01:58:00+00","2020/06/27 00:45:00+00","Non NIBRS Data","Non NIBRS Data","Non NIBRS Data","Gunshot Wound Victims","Gunshot Wound Victims",NA,NA,"0004XX 33RD AVE N",4,"McKinley",4,45.0149,-93.28572,-10384518.3333575,5623868.07285522,1,311780,2020,6
-10380386.022,5614949.211,"Gunshot Wound Victims",NA,"20-171404","MP2020171404",2020-06-28,"03:59:00+00","2020/06/28 03:00:00+00","Non NIBRS Data","Non NIBRS Data","Non NIBRS Data","Gunshot Wound Victims","Gunshot Wound Victims",NA,NA,"0024XX 18TH AVE S",3,"East Phillips",9,44.95824,-93.24859,-10380386.0220257,5614949.21102248,1,311783,2020,6
-10382147.5146,5611446.5668,"Gunshot Wound Victims","Yes","20-180343","MP2020180343",2020-07-09,"11:21:00+00","2020/07/08 23:30:00+00","Non NIBRS Data","Non NIBRS Data","Non NIBRS Data","Gunshot Wound Victims","Gunshot Wound Victims","Shooting Report Only (P)","Shooting Report Only (P)","0007XX 37TH ST E",3,"Powderhorn Park",8,44.93597,-93.26442,-10382147.5146303,5611446.56681588,1,311785,2020,7
-10384941.7424,5622190.1583,"Gunshot Wound Victims","No","20-182397","MP2020182397",2020-07-11,"23:37:00+00","2020/07/11 20:03:00+00","Non NIBRS Data","Non NIBRS Data","Non NIBRS Data","Gunshot Wound Victims","Gunshot Wound Victims","On Site (P)","Shooting (PFE)","0024XX ALDRICH AVE N",4,"Hawthorne",5,45.00425,-93.28952,-10384941.742382,5622190.15826781,1,311787,2020,7
-10386109.1008,5624733.3362,"Gunshot Wound Victims","No","20-184415","MP2020184415",2020-07-14,"12:58:00+00","2020/07/14 11:00:00+00","Non NIBRS Data","Non NIBRS Data","Non NIBRS Data","Gunshot Wound Victims","Gunshot Wound Victims","Shooting Report Only (P)","Shooting Report Only (P)","0016XX 36TH AVE N",4,"Folwell",4,45.0204,-93.30001,-10386109.10085,5624733.33616101,1,311789,2020,7
-10386532.2024,5623318.0046,"Gunshot Wound Victims","No","24-265612","MP2024265612",2024-09-16,"11:00:00+00","2024/09/16 03:45:00+00","Non NIBRS Data","Non NIBRS Data","Non NIBRS Data","Gunshot Wound Victims","Gunshot Wound Victims","Shooting (PFE)","Shooting (PFE)","0019XX 30TH AVE N",4,"Jordan",5,45.01141,-93.30381,-10386532.2024439,5623318.00458391,1,311791,2024,9
-10382508.4949,5615230.4464,"Gunshot Wound Victims",NA,"24-267614","MP2024267614",2024-09-18,"07:42:00+00","2024/09/18 07:42:00+00","Non NIBRS Data","Non NIBRS Data","Non NIBRS Data","Gunshot Wound Victims","Gunshot Wound Victims","Shooting Report Only (P)","Shooting Report Only (P)","0023XX PORTLAND AVE",3,"Phillips West",6,44.96003,-93.26766,-10382508.4948962,5615230.44635443,1,311793,2024,9
-10384784.6096,5613257.7941,"Gunshot Wound Victims","No","24-271005","MP2024271005",2024-09-21,"01:38:00+00","2024/09/21 00:45:00+00","Non NIBRS Data","Non NIBRS Data","Non NIBRS Data","Gunshot Wound Victims","Gunshot Wound Victims","Shooting (PFE)","Shooting (PFE)","0030XX LYNDALE AVE S",5,"Lyndale",8,44.94748,-93.28811,-10384784.6096327,5613257.79407167,1,311795,2024,9
-10384941.9664,5621657.1554,"Gunshot Wound Victims","No","24-278191","MP2024278191",2024-09-27,"16:00:00+00","2024/09/27 15:10:00+00","Non NIBRS Data","Non NIBRS Data","Non NIBRS Data","Gunshot Wound Victims","Gunshot Wound Victims","Shooting (PFE)","Shooting (PFE)","0021XX ALDRICH AVE N",4,"Hawthorne",5,45.00086,-93.28952,-10384941.9664195,5621657.15536339,1,311797,2024,9
-10387555.5317,5626779.2742,"Gunshot Wound Victims","No","24-292253","MP2024292253",2024-10-10,"16:18:00+00","2024/10/10 16:18:00+00","Non NIBRS Data","Non NIBRS Data","Non NIBRS Data","Gunshot Wound Victims","Gunshot Wound Victims","Shooting (PFE)","Shooting (PFE)","0025XX 43RD AVE N",4,"Victory",4,45.03339,-93.313,-10387555.531678,5626779.27423025,1,311799,2024,10
-10382515.9512,5613811.5833,"Gunshot Wound Victims","No","24-306711","MP2024306711",2024-10-24,"20:09:00+00","2024/10/24 16:00:00+00","Non NIBRS Data","Non NIBRS Data","Non NIBRS Data","Gunshot Wound Victims","Gunshot Wound Victims","Shooting Report Only (P)","Shooting Report Only (P)","0028XX PORTLAND AVE",3,"Phillips West",6,44.95101,-93.26773,-10382515.9512497,5613811.58325016,1,311801,2024,10
-10387366.2979,5622239.3073,"Gunshot Wound Victims","No","24-318568","MP2024318568",2024-11-05,"01:32:00+00","2024/11/05 01:32:00+00","Non NIBRS Data","Non NIBRS Data","Non NIBRS Data","Gunshot Wound Victims","Gunshot Wound Victims","Shooting (PFE)","Shooting (PFE)","0024XX FERRANT PL",4,"Willard - Hay",5,45.00456,-93.3113,-10387366.2978761,5622239.3072556,1,311802,2024,11
-10381291.0015,5616643.0689,"Gunshot Wound Victims","No","20-186619","MP2020186619",2020-07-17,"00:12:00+00","2020/07/16 22:44:00+00","Non NIBRS Data","Non NIBRS Data","Non NIBRS Data","Gunshot Wound Victims","Gunshot Wound Victims","Shooting (PFE)","Shooting (PFE)","0012XX 8TH ST S",1,"Elliot Park",6,44.969,-93.25672,-10381291.0015372,5616643.06890968,1,311803,2020,7
-10380956.4652,5614382.9464,"Gunshot Wound Victims","No","20-192320","MP2020192320",2020-07-23,"15:25:00+00","2020/07/23 12:40:00+00","Non NIBRS Data","Non NIBRS Data","Non NIBRS Data","Gunshot Wound Victims","Gunshot Wound Victims","Sound of Shots Fired (P)","Shooting (PFE)","0026XX 15TH AVE S",3,"Midtown Phillips",9,44.95464,-93.25372,-10380956.4651763,5614382.94637027,1,311804,2020,7
-10386921.906,5618488.418,"Gunshot Wound Victims","No","20-192857","MP2020192857",2020-07-24,"01:40:00+00","2020/07/23 23:41:00+00","Non NIBRS Data","Non NIBRS Data","Non NIBRS Data","Gunshot Wound Victims","Gunshot Wound Victims","ShotSpotter Activation (P)","Shooting (PFE)","0020XX GLENWOOD AVE",4,"Harrison",5,44.98073,-93.30731,-10386921.9060465,5618488.41802456,1,311805,2020,7
-10385915.2845,5626014.4713,"Gunshot Wound Victims","No","20-199721","MP2020199721",2020-08-01,"06:08:00+00","2020/07/31 19:48:00+00","Non NIBRS Data","Non NIBRS Data","Non NIBRS Data","Gunshot Wound Victims","Gunshot Wound Victims","Shooting (PFE)","Shooting (PFE)","0040XX HUMBOLDT AVE N",4,"Webber - Camden",4,45.02853,-93.29826,-10385915.284505,5626014.471328,1,311806,2020,8
-10383751.7703,5617954.2495,"Gunshot Wound Victims","Yes","20-200093","MP2020200093",2020-08-01,"04:45:00+00","2020/08/01 03:12:00+00","Non NIBRS Data","Non NIBRS Data","Non NIBRS Data","Gunshot Wound Victims","Gunshot Wound Victims","On Site (P)","Shooting (PFE)","000XX 10TH ST N",1,"Downtown West",7,44.97734,-93.27883,-10383751.7703008,5617954.24949095,3,311807,2020,8
-10384941.6526,5621842.1038,"Gunshot Wound Victims","No","20-206983","MP2020206983",2020-08-08,"22:47:00+00","2020/08/08 21:50:00+00","Non NIBRS Data","Non NIBRS Data","Non NIBRS Data","Gunshot Wound Victims","Gunshot Wound Victims","Shooting (PFE)","Shooting (PFE)","0022XX ALDRICH AVE N",4,"Hawthorne",5,45.00204,-93.28952,-10384941.6525957,5621842.10375601,1,311808,2020,8
-10385733.3559,5629432.8604,"Gunshot Wound Victims","No","20-211359","MP2020211359",2020-08-14,"00:32:00+00","2020/08/13 23:16:00+00","Non NIBRS Data","Non NIBRS Data","Non NIBRS Data","Gunshot Wound Victims","Gunshot Wound Victims","ShotSpotter Activation (P)","Shooting (PFE)","0052XX FREMONT AVE N",4,"Lind - Bohanon",4,45.05023,-93.29663,-10385733.355935,5629432.8604109,1,311809,2020,8
-10385336.3775,5623377.3557,"Gunshot Wound Victims","No","20-212219","MP2020212219",2020-08-15,"01:03:00+00","2020/08/14 23:24:00+00","Non NIBRS Data","Non NIBRS Data","Non NIBRS Data","Gunshot Wound Victims","Gunshot Wound Victims","ShotSpotter Activation (P)","Shooting (PFE)","0030XX DUPONT AVE N",4,"Hawthorne",5,45.01179,-93.29306,-10385336.3774972,5623377.35573733,1,311810,2020,8
-10380386.022,5614949.211,"Gunshot Wound Victims","No","24-336019","MP2024336019",2024-11-23,"04:48:00+00","2024/11/23 04:48:00+00","Non NIBRS Data","Non NIBRS Data","Non NIBRS Data","Gunshot Wound Victims","Gunshot Wound Victims","Shooting (PFE)","Shooting (PFE)","0024XX 18TH AVE S",3,"East Phillips",9,44.95824,-93.24859,-10380386.0220257,5614949.21102248,1,311811,2024,11
-10380249.3967,5614383.4733,"Gunshot Wound Victims","No","24-344356","MP2024344356",2024-12-02,"22:43:00+00","2024/12/02 22:40:00+00","Non NIBRS Data","Non NIBRS Data","Non NIBRS Data","Gunshot Wound Victims","Gunshot Wound Victims","Shooting (PFE)","Shooting (PFE)","0026XX CEDAR AVE S",3,"East Phillips",9,44.95464,-93.24737,-10380249.3966646,5614383.47328116,1,311812,2024,12
-10383646.52,5614241.453,"Gunshot Wound Victims","No","24-355048","MP2024355048",2024-12-14,"21:22:00+00","2024/12/14 21:31:00+00","Non NIBRS Data","Non NIBRS Data","Non NIBRS Data","Gunshot Wound Victims","Gunshot Wound Victims","Shooting (PFE)","Shooting (PFE)","NICOLLET AVE / 27TH ST W",5,"Whittier",10,44.95374,-93.27788,-10383646.52,5614241.453,1,311813,2024,12
-10386889.288,5624884.6582,"Gunshot Wound Victims","No","24-357058","MP2024357058",2024-12-17,"06:28:00+00","2024/12/17 05:30:00+00","Non NIBRS Data","Non NIBRS Data","Non NIBRS Data","Gunshot Wound Victims","Gunshot Wound Victims","Shooting (PFE)","Shooting (PFE)","0036XX OLIVER AVE N",4,"Folwell",4,45.02136,-93.30701,-10386889.288045,5624884.65820386,1,311814,2024,12
-10382502.8059,5611872.175,"Gunshot Wound Victims","Yes","25-006080","MP20256080",2025-01-08,"04:52:00+00","2025/01/08 03:00:00+00","Non NIBRS Data","Non NIBRS Data","Non NIBRS Data","Gunshot Wound Victims","Gunshot Wound Victims","Stabbing Report Only (P)","Shooting Report Only (P)","0035XX PORTLAND AVE",3,"Central",8,44.93867,-93.26761,-10382502.805867,5611872.1750001,1,311815,2025,1
-10378775.3538,5618956.8622,"Gunshot Wound Victims","No","25-027644","MP202527644",2025-02-02,"20:01:00+00","2025/02/02 18:32:00+00","Non NIBRS Data","Non NIBRS Data","Non NIBRS Data","Gunshot Wound Victims","Gunshot Wound Victims","Shooting (PFE)","Shooting (PFE)","0013XX 7TH ST SE",2,"Como",2,44.98371,-93.23413,-10378775.3537884,5618956.86220444,1,311816,2025,2
-10385112.1113,5621249.7465,"Gunshot Wound Victims","No","25-035303","MP202535303",2025-02-11,"23:40:00+00","2025/02/11 23:40:00+00","Non NIBRS Data","Non NIBRS Data","Non NIBRS Data","Gunshot Wound Victims","Gunshot Wound Victims","Shooting (PFE)","Shooting (PFE)","0018XX BRYANT AVE N",4,"Near - North",5,44.99827,-93.29105,-10385112.1112943,5621249.74649774,1,311817,2025,2
-10386532.2024,5623318.0046,"Gunshot Wound Victims","No","20-225969","MP2020225969",2020-08-30,"22:37:00+00","2020/08/30 19:35:00+00","Non NIBRS Data","Non NIBRS Data","Non NIBRS Data","Gunshot Wound Victims","Gunshot Wound Victims","Shooting (PFE)","Shooting (PFE)","0019XX 30TH AVE N",4,"Folwell",4,45.01141,-93.30381,-10386532.2024439,5623318.00458391,1,311818,2020,8
-10383325.3564,5616762.3161,"Gunshot Wound Victims","Yes","20-231603","MP2020231603",2020-09-06,"03:13:00+00","2020/09/06 02:22:00+00","Non NIBRS Data","Non NIBRS Data","Non NIBRS Data","Gunshot Wound Victims","Gunshot Wound Victims","Shooting (PFE)","Shooting (PFE)","0012XX 2ND AVE S",1,"Loring Park",7,44.96976,-93.275,-10383325.3563962,5616762.31612293,1,311819,2020,9
-10382987.4721,5618633.8991,"Gunshot Wound Victims","Yes","20-243364","MP2020243364",2020-09-20,"02:31:00+00","2020/09/20 02:11:00+00","Non NIBRS Data","Non NIBRS Data","Non NIBRS Data","Gunshot Wound Victims","Gunshot Wound Victims","On Site (P)","Shooting (PFE)","0003XX 1ST AVE N",1,"Downtown West",7,44.98165,-93.27196,-10382987.47215,5618633.89907388,1,311820,2020,9
-10388007.0354,5611302.3529,"Gunshot Wound Victims","No","20-212988","MP2020212988",2020-08-15,"22:48:00+00","2020/08/15 21:39:00+00","Non NIBRS Data","Non NIBRS Data","Non NIBRS Data","Gunshot Wound Victims","Gunshot Wound Victims","Sound of Shots Fired (P)~PD","Shooting (PFE)","0037XX WEST BDE MAKA SKA PKWY",5,"Linden Hills",7,44.93505,-93.31705,-10388007.0353791,5611302.35293707,2,311841,2020,8
-10385198.1786,5624865.7714,"Gunshot Wound Victims","No","20-237944","MP2020237944",2020-09-14,"04:20:00+00","2020/09/14 01:32:00+00","Non NIBRS Data","Non NIBRS Data","Non NIBRS Data","Gunshot Wound Victims","Gunshot Wound Victims","ShotSpotter Activation (P)","Shooting Report Only (P)","0036XX COLFAX AVE N",4,"McKinley",4,45.02124,-93.29182,-10385198.1785898,5624865.77135034,1,311842,2020,9
-10385616.0468,5622884.2764,"Gunshot Wound Victims","No","20-251884","MP2020251884",2020-09-29,"20:07:00+00","2020/09/29 20:07:00+00","Non NIBRS Data","Non NIBRS Data","Non NIBRS Data","Gunshot Wound Victims","Gunshot Wound Victims","ShotSpotter Activation (P)","Shooting (PFE)","0027XX FREMONT AVE N",4,"Jordan",5,45.00866,-93.29558,-10385616.0467669,5622884.27639241,2,311843,2020,9
-10385624.2889,5625441.1955,"Gunshot Wound Victims","Yes","20-258962","MP2020258962",2020-10-07,"22:03:00+00","2020/10/07 20:48:00+00","Non NIBRS Data","Non NIBRS Data","Non NIBRS Data","Gunshot Wound Victims","Gunshot Wound Victims","Shooting Report Only (P)","Shooting Report Only (P)","0038XX FREMONT AVE N",4,"Webber - Camden",4,45.02489,-93.29565,-10385624.2888868,5625441.19552063,1,311844,2020,10
-10377856.9367,5611586.4741,"Gunshot Wound Victims","No","20-266356","MP2020266356",2020-10-16,"19:51:00+00","2020/10/16 19:11:00+00","Non NIBRS Data","Non NIBRS Data","Non NIBRS Data","Gunshot Wound Victims","Gunshot Wound Victims","Shooting (PFE)","Shooting (PFE)","0036XX MINNEHAHA AVE",3,"Howe",12,44.93686,-93.22588,-10377856.936675,5611586.47409175,1,311845,2020,10
-10385452.5369,5621474.7249,"Gunshot Wound Victims","No","24-187704","MP2024187704",2024-07-08,"19:21:00+00","2024/07/08 19:21:00+00","Non NIBRS Data","Non NIBRS Data","Non NIBRS Data","Gunshot Wound Victims","Gunshot Wound Victims","ShotSpotter Activation (P)","Shooting (PFE)","0020XX EMERSON AVE N",4,"Jordan",5,44.9997,-93.29411,-10385452.5368591,5621474.72490098,1,311846,2024,7
-10385057.079,5624579.5385,"Gunshot Wound Victims","No","24-204902","MP2024204902",2024-07-24,"06:03:00+00","2024/07/24 06:03:00+00","Non NIBRS Data","Non NIBRS Data","Non NIBRS Data","Gunshot Wound Victims","Gunshot Wound Victims","Shooting Report Only (P)","Shooting Report Only (P)","0035XX BRYANT AVE N",4,"McKinley",4,45.01942,-93.29056,-10385057.0789738,5624579.53850112,2,311847,2024,7
-10385621.779,5625155.6267,"Gunshot Wound Victims","No","24-209188","MP2024209188",2024-07-27,"21:08:00+00","2024/07/27 21:08:00+00","Non NIBRS Data","Non NIBRS Data","Non NIBRS Data","Gunshot Wound Victims","Gunshot Wound Victims","Shooting (PFE)","Shooting (PFE)","0037XX FREMONT AVE N",4,"Folwell",4,45.02308,-93.29563,-10385621.7789837,5625155.62667578,1,311848,2024,7
-10387026.2469,5623750.4666,"Gunshot Wound Victims","No","24-209467","MP2024209467",2024-07-28,"01:16:00+00","2024/07/28 01:16:00+00","Non NIBRS Data","Non NIBRS Data","Non NIBRS Data","Gunshot Wound Victims","Gunshot Wound Victims","Shooting (PFE)","Shooting (PFE)","0032XX PENN AVE N",4,"Folwell",4,45.01416,-93.30824,-10387026.2468659,5623750.46657605,1,311849,2024,7
-10385638.179,5626949.1011,"Gunshot Wound Victims","No","24-210665","MP2024210665",2024-07-29,"07:28:00+00","2024/07/29 06:03:00+00","Non NIBRS Data","Non NIBRS Data","Non NIBRS Data","Gunshot Wound Victims","Gunshot Wound Victims","Sound of Shots Fired (P)","Sound of Shots Fired (P)","0043XX FREMONT AVE N",4,"Webber - Camden",4,45.03447,-93.29578,-10385638.1790345,5626949.1010632,1,311850,2024,7
-10384489.9159,5615510.0321,"Gunshot Wound Victims","Yes","24-221075","MP2024221075",2024-08-07,"09:48:00+00","2024/08/05 18:30:00+00","Non NIBRS Data","Non NIBRS Data","Non NIBRS Data","Gunshot Wound Victims","Gunshot Wound Victims","Shooting Report Only (P)","Shooting Report Only (P)","0020XX HARRIET AVE",5,"Steven's Square - Loring Heights",10,44.9618,-93.28546,-10384489.9158723,5615510.03214313,1,311851,2024,8
-10382003.0331,5617172.4506,"Gunshot Wound Victims","Yes","24-225071","MP2024225071",2024-08-10,"17:20:00+00","2024/08/10 17:20:00+00","Non NIBRS Data","Non NIBRS Data","Non NIBRS Data","Gunshot Wound Victims","Gunshot Wound Victims","Shooting Report Only (P)","Shooting Report Only (P)","0007XX PARK AVE",NA,NA,NA,44.97237,-93.26312,-10382003.0331279,5617172.45057924,1,311852,2024,8
-10385733.3559,5629432.8604,"Gunshot Wound Victims","No","20-268450","MP2020268450",2020-10-19,"16:55:00+00","2020/10/19 14:35:00+00","Non NIBRS Data","Non NIBRS Data","Non NIBRS Data","Gunshot Wound Victims","Gunshot Wound Victims","Shooting (PFE)","Shooting (PFE)","0052XX FREMONT AVE N",4,"Lind - Bohanon",4,45.05023,-93.29663,-10385733.355935,5629432.8604109,1,311853,2020,10
-10376895.6375,5609604.3663,"Gunshot Wound Victims","No","20-274278","MP2020274278",2020-10-27,"00:58:00+00","2020/10/27 00:57:00+00","Non NIBRS Data","Non NIBRS Data","Non NIBRS Data","Gunshot Wound Victims","Gunshot Wound Victims","Sound of Shots Fired (P)","Shooting (PFE)","0043XX MINNEHAHA AVE",3,"Hiawatha",12,44.92425,-93.21724,-10376895.6375486,5609604.36632189,1,311854,2020,10
-10386208.2527,5621709.0858,"Gunshot Wound Victims","No","20-276436","MP2020276436",2020-10-29,"20:59:00+00","2020/10/29 19:08:00+00","Non NIBRS Data","Non NIBRS Data","Non NIBRS Data","Gunshot Wound Victims","Gunshot Wound Victims","Shooting (PFE)","Shooting (PFE)","0016XX HILLSIDE AVE N",4,"Jordan",5,45.00119,-93.3009,-10386208.2527323,5621709.08581571,1,311855,2020,10
-10381099.9091,5612480.5754,"Gunshot Wound Victims","No","20-280196","MP2020280196",2020-11-03,"06:47:00+00","2020/11/03 06:00:00+00","Non NIBRS Data","Non NIBRS Data","Non NIBRS Data","Gunshot Wound Victims","Gunshot Wound Victims","Shooting Report Only (P)","Shooting Report Only (P)","0033XX 14TH AVE S",3,"Powderhorn Park",9,44.94254,-93.25501,-10381099.909132,5612480.57538698,1,311856,2020,11
-10386605.6877,5620041.3765,"Gunshot Wound Victims","No","20-283127","MP2020283127",2020-11-06,"15:13:00+00","2020/11/06 14:15:00+00","Non NIBRS Data","Non NIBRS Data","Non NIBRS Data","Gunshot Wound Victims","Gunshot Wound Victims","Shooting (PFE)","Shooting (PFE)","0012XX MORGAN AVE N",4,"Near - North",5,44.9906,-93.30447,-10386605.687665,5620041.37651102,1,311857,2020,11
-10386188.0506,5619659.1612,"Gunshot Wound Victims","No","25-071567","MP202571567",2025-03-22,"17:55:00+00","2025/03/22 14:32:00+00","Non NIBRS Data","Non NIBRS Data","Non NIBRS Data","Gunshot Wound Victims","Gunshot Wound Victims","Shooting (PFE)","Shooting (PFE)","0010XX JAMES AVE N",4,"Near - North",5,44.98817,-93.30071,-10386188.0506137,5619659.16116869,1,311858,2025,3
-10380817.5608,5614101.1281,"Gunshot Wound Victims","No","25-109393","MP2025109393",2025-04-28,"00:34:00+00","2025/04/27 15:40:00+00","Non NIBRS Data","Non NIBRS Data","Non NIBRS Data","Gunshot Wound Victims","Gunshot Wound Victims","Shooting (PFE)","Shooting (PFE)","0027XX BLOOMINGTON AVE",3,"Midtown Phillips",9,44.95285,-93.25247,-10380817.5607511,5614101.12807021,1,311859,2025,4
-10386244.8705,5627103.6128,"Gunshot Wound Victims","No","21-091641","MP202191641",2021-05-02,"09:50:00+00","2021/05/02 09:50:00+00","Non NIBRS Data","Non NIBRS Data","Non NIBRS Data","Gunshot Wound Victims","Gunshot Wound Victims","Shooting Report Only (P)","Shooting Report Only (P)","0016XX 44TH AVE N",4,"Victory",4,45.03545,-93.30123,-10386244.8705406,5627103.6128359,1,311860,2021,5
-10381870.7614,5615088.0265,"Gunshot Wound Victims","Yes","20-284951","MP2020284951",2020-11-08,"15:23:00+00","2020/11/08 15:23:00+00","Non NIBRS Data","Non NIBRS Data","Non NIBRS Data","Gunshot Wound Victims","Gunshot Wound Victims","Shooting Report Only (P)","Shooting Report Only (P)","0008XX 24TH ST E",3,"Ventura Village",6,44.95912,-93.26193,-10381870.7614127,5615088.0264662,1,311861,2020,11
-10381831.5913,5622981.8129,"Gunshot Wound Victims","No","20-286006","MP2020286006",2020-11-10,"01:02:00+00","2020/11/09 23:10:00+00","Non NIBRS Data","Non NIBRS Data","Non NIBRS Data","Gunshot Wound Victims","Gunshot Wound Victims","Robbery of Biz In Progress (P)~PD","Shooting (PFE)","0021XX 4TH ST NE",2,"Bottineau",1,45.00928,-93.26158,-10381831.5913462,5622981.81289999,1,311862,2020,11
-10384123.0041,5613770.6583,"Gunshot Wound Victims","No","20-290212","MP2020290212",2020-11-16,"09:18:00+00","2020/11/16 07:24:00+00","Non NIBRS Data","Non NIBRS Data","Non NIBRS Data","Gunshot Wound Victims","Gunshot Wound Victims","Shooting (PFE)","Shooting (PFE)","0002XX 29TH ST W",5,"Whittier",10,44.95075,-93.28216,-10384123.0040754,5613770.65830392,1,311863,2020,11
-10380392.2867,5614101.9135,"Gunshot Wound Victims","No","20-293251","MP2020293251",2020-11-20,"10:37:00+00","2020/11/20 10:27:00+00","Non NIBRS Data","Non NIBRS Data","Non NIBRS Data","Gunshot Wound Victims","Gunshot Wound Victims","Assist EMS Personnel (P)","Dead Person (P)","0027XX 18TH AVE S",3,"East Phillips",9,44.95285,-93.24865,-10380392.2866937,5614101.91350989,1,311864,2020,11
-10382003.0331,5617172.4506,"Gunshot Wound Victims","Yes","20-294630","MP2020294630",2020-11-22,"00:34:00+00","2020/11/21 22:39:00+00","Non NIBRS Data","Non NIBRS Data","Non NIBRS Data","Gunshot Wound Victims","Gunshot Wound Victims","Shooting Report Only (P)","Shooting Report Only (P)","0007XX PARK AVE",1,"Elliot Park",6,44.97237,-93.26312,-10382003.0331279,5617172.45057924,1,311865,2020,11
-10387022.1985,5622398.6902,"Gunshot Wound Victims","No","20-297099","MP2020297099",2020-11-25,"17:18:00+00","2020/11/25 15:39:00+00","Non NIBRS Data","Non NIBRS Data","Non NIBRS Data","Gunshot Wound Victims","Gunshot Wound Victims","Shooting (PFE)","Shooting (PFE)","0025XX PENN AVE N",4,"Jordan",5,45.00557,-93.30821,-10387022.1984687,5622398.69024048,1,311866,2020,11
-10377872.2618,5605495.7138,"Gunshot Wound Victims","No","20-298294","MP2020298294",2020-11-27,"14:06:00+00","2020/11/27 14:06:00+00","Non NIBRS Data","Non NIBRS Data","Non NIBRS Data","Gunshot Wound Victims","Gunshot Wound Victims","Unknown Trouble (P)","Shooting (PFE)","0031XX 58TH ST E",3,"Wenonah",11,44.89811,-93.22601,-10377872.2618311,5605495.71383184,1,311867,2020,11
-10385155.6363,5628007.0284,"Gunshot Wound Victims","No","20-301605","MP2020301605",2020-12-02,"12:47:00+00","2020/12/02 08:51:00+00","Non NIBRS Data","Non NIBRS Data","Non NIBRS Data","Gunshot Wound Victims","Gunshot Wound Victims","ShotSpotter Activation (P)","Shooting (PFE)","0047XX BRYANT AVE N",4,"Lind - Bohanon",4,45.04118,-93.29144,-10385155.636333,5628007.02839532,1,311868,2020,12
-10387591.1439,5622327.3878,"Gunshot Wound Victims","No","20-307724","MP2020307724",2020-12-10,"17:11:00+00","2020/12/10 15:41:00+00","Non NIBRS Data","Non NIBRS Data","Non NIBRS Data","Gunshot Wound Victims","Gunshot Wound Victims","Shooting Report Only (P)","Shooting Report Only (P)","0025XX THOMAS AVE N",4,"Willard - Hay",5,45.00512,-93.31332,-10387591.1438944,5622327.38780635,1,311869,2020,12
-10383300.242,5618818.2781,"Gunshot Wound Victims","No","20-319656","MP2020319656",2020-12-27,"02:13:00+00","2020/12/27 02:13:00+00","Non NIBRS Data","Non NIBRS Data","Non NIBRS Data","Gunshot Wound Victims","Gunshot Wound Victims","Sound of Shots Fired (P)","Shooting (PFE)","0004XX 3RD AVE N",1,"North Loop",3,44.98283,-93.27477,-10383300.2420196,5618818.27811792,1,311870,2020,12
-10384437.2388,5621005.0613,"Gunshot Wound Victims","No","24-235159","MP2024235159",2024-08-19,"19:14:00+00","2024/08/19 17:44:00+00","Non NIBRS Data","Non NIBRS Data","Non NIBRS Data","Gunshot Wound Victims","Gunshot Wound Victims","Shooting (PFE)","Shooting (PFE)","0016XX LYN CURVE AVE N",4,"Near - North",5,44.99672,-93.28499,-10384437.2387943,5621005.06125677,1,311871,2024,8
-10380812.6055,5620611.4104,"Gunshot Wound Victims","No","24-240502","MP2024240502",2024-08-24,"17:45:00+00","2024/08/24 00:05:00+00","Non NIBRS Data","Non NIBRS Data","Non NIBRS Data","Gunshot Wound Victims","Gunshot Wound Victims","Shooting Report Only (P)","Shooting Report Only (P)","0003XX MONROE ST NE",2,"St. Anthony East",3,44.99422,-93.25243,-10380812.6055408,5620611.41042448,1,311872,2024,8
-10382081.996,5616354.0764,"Gunshot Wound Victims","No","24-247559","MP2024247559",2024-08-31,"03:12:00+00","2024/08/31 01:13:00+00","Non NIBRS Data","Non NIBRS Data","Non NIBRS Data","Gunshot Wound Victims","Gunshot Wound Victims","Shooting (PFE)","Shooting (PFE)","0007XX 16TH ST E",1,"Elliot Park",6,44.96717,-93.26383,-10382081.9959911,5616354.07636236,1,311873,2024,8
-10383012.202,5612862.428,"Gunshot Wound Victims","No","24-250768","MP2024250768",2024-09-02,"22:37:00+00","2024/09/02 22:37:00+00","Non NIBRS Data","Non NIBRS Data","Non NIBRS Data","Gunshot Wound Victims","Gunshot Wound Victims","Shooting (PFE)","Shooting (PFE)","0003XX 32ND ST E",3,"Central",8,44.94497,-93.27219,-10383012.2019787,5612862.42802168,1,311874,2024,9
-10378559.6263,5608497.6887,"Gunshot Wound Victims","No","24-254173","MP2024254173",2024-09-06,"03:46:00+00","2024/09/06 02:41:00+00","Non NIBRS Data","Non NIBRS Data","Non NIBRS Data","Gunshot Wound Victims","Gunshot Wound Victims","Shooting (PFE)","Shooting (PFE)","0047XX 28TH AVE S",3,"Ericsson",12,44.91721,-93.23219,-10378559.6262722,5608497.68867021,1,311875,2024,9
-10380811.2544,5614666.3753,"Gunshot Wound Victims","No","24-258655","MP2024258655",2024-09-10,"03:01:00+00","2024/09/10 03:01:00+00","Non NIBRS Data","Non NIBRS Data","Non NIBRS Data","Gunshot Wound Victims","Gunshot Wound Victims","ShotSpotter Activation (P)","Shooting (PFE)","0025XX BLOOMINGTON AVE",3,"Midtown Phillips",9,44.95644,-93.25241,-10380811.254353,5614666.37528062,1,311876,2024,9
-10383242.9643,5618244.7945,"Gunshot Wound Victims","Yes","24-266025","MP2024266025",2024-09-16,"17:01:00+00","2024/09/16 16:22:00+00","Non NIBRS Data","Non NIBRS Data","Non NIBRS Data","Gunshot Wound Victims","Gunshot Wound Victims","Shooting (PFE)","Shooting (PFE)","000XX 6TH ST N",1,"Downtown West",7,44.97918,-93.27426,-10383242.9643497,5618244.79450528,1,311877,2024,9
-10385004.776,5616258.2614,"Gunshot Wound Victims","No","24-295885","MP2024295885",2024-10-14,"04:14:00+00","2024/10/14 01:46:00+00","Non NIBRS Data","Non NIBRS Data","Non NIBRS Data","Gunshot Wound Victims","Gunshot Wound Victims","Assault in Progress (P)","Shooting (PFE)","0008XX MOUNT CURVE AVE",5,"Lowry Hill East",7,44.96656,-93.29009,-10385004.7760074,5616258.26144316,1,311878,2024,10
-10386743.8822,5620515.7235,"Gunshot Wound Victims","No","20-322685","MP2020322685",2020-12-31,"16:49:00+00","2020/12/31 15:25:00+00","Non NIBRS Data","Non NIBRS Data","Non NIBRS Data","Gunshot Wound Victims","Gunshot Wound Victims","Shooting (PFE)","Shooting (PFE)","0014XX NEWTON AVE N",4,"Willard - Hay",5,44.99361,-93.30571,-10386743.8822039,5620515.72354414,1,311879,2020,12
-10384657.4803,5610720.9915,"Gunshot Wound Victims","No","21-004262","MP20214262",2021-01-07,"03:19:00+00","2021/01/06 23:49:00+00","Non NIBRS Data","Non NIBRS Data","Non NIBRS Data","Gunshot Wound Victims","Gunshot Wound Victims","Shooting (PFE)","Shooting (PFE)","0039XX GARFIELD AVE",5,"East Harriet",13,44.93135,-93.28697,-10384657.4803262,5610720.99147135,1,311880,2021,1
-10384800.2335,5611005.4732,"Gunshot Wound Victims","No","21-011337","MP202111337",2021-01-16,"21:30:00+00","2021/01/16 19:30:00+00","Non NIBRS Data","Non NIBRS Data","Non NIBRS Data","Gunshot Wound Victims","Gunshot Wound Victims","Shooting Report Only (P)","Shooting Report Only (P)","0038XX LYNDALE AVE S",5,"East Harriet",13,44.93316,-93.28825,-10384800.2335084,5611005.47322542,1,311901,2021,1
-10381095.8682,5614666.6579,"Gunshot Wound Victims","Yes","21-017772","MP202117772",2021-01-25,"23:18:00+00","2021/01/25 23:18:00+00","Non NIBRS Data","Non NIBRS Data","Non NIBRS Data","Gunshot Wound Victims","Gunshot Wound Victims","Assist EMS Personnel (P)","Shooting Report Only (P)","0025XX 14TH AVE S",3,"East Phillips",9,44.95644,-93.25497,-10381095.8681795,5614666.65786319,1,311902,2021,1
-10384908.9146,5619437.2931,"Gunshot Wound Victims","No","21-032236","MP202132236",2021-02-14,"21:23:00+00","2021/02/14 20:00:00+00","Non NIBRS Data","Non NIBRS Data","Non NIBRS Data","Gunshot Wound Victims","Gunshot Wound Victims","Shooting (PFE)","Shooting (PFE)","0007XX WEST LYNDALE AVE N",4,"Sumner - Glenwood",5,44.98676,-93.28922,-10384908.9146485,5619437.29314371,1,311903,2021,2
-10383891.0575,5616778.2924,"Gunshot Wound Victims","No","21-039968","MP202139968",2021-02-26,"00:19:00+00","2021/02/25 21:10:00+00","Non NIBRS Data","Non NIBRS Data","Non NIBRS Data","Gunshot Wound Victims","Gunshot Wound Victims","Sound of Shots Fired (P)","Shooting (PFE)","0001XX GRANT ST W",1,"Loring Park",7,44.96986,-93.28008,-10383891.057462,5616778.29238404,1,311904,2021,2
-10381941.2915,5615440.2167,"Gunshot Wound Victims","No","21-051997","MP202151997",2021-03-13,"00:27:00+00","2021/03/12 21:55:00+00","Non NIBRS Data","Non NIBRS Data","Non NIBRS Data","Gunshot Wound Victims","Gunshot Wound Victims","Sound of Shots Fired (P)","Shooting (PFE)","0021XX CHICAGO AVE",3,"Ventura Village",6,44.96136,-93.26257,-10381941.2914788,5615440.21670984,1,311905,2021,3
-10382316.5644,5618716.6342,"Gunshot Wound Victims","No","24-169688","MP2024169688",2024-06-22,"12:22:00+00","2024/06/22 10:40:00+00","Non NIBRS Data","Non NIBRS Data","Non NIBRS Data","Gunshot Wound Victims","Gunshot Wound Victims","Shooting (PFE)","Shooting (PFE)","0001XX MARQUETTE AVE",1,"Downtown West",3,44.98218,-93.26594,-10382316.5643925,5618716.63419604,1,311906,2024,6
-10385827.3614,5623027.8861,"Gunshot Wound Victims","No","24-174774","MP2024174774",2024-06-27,"02:55:00+00","2024/06/27 01:00:00+00","Non NIBRS Data","Non NIBRS Data","Non NIBRS Data","Gunshot Wound Victims","Gunshot Wound Victims","Shooting Report Only (P)","Shooting Report Only (P)","0014XX 29TH AVE N",4,"Jordan",5,45.00957,-93.29747,-10385827.3614407,5623027.88605615,1,311907,2024,6
-10380594.8865,5615373.2442,"Gunshot Wound Victims","No","24-195780","MP2024195780",2024-07-15,"23:26:00+00","2024/07/15 23:25:00+00","Non NIBRS Data","Non NIBRS Data","Non NIBRS Data","Gunshot Wound Victims","Gunshot Wound Victims","Shooting (PFE)","Shooting (PFE)","0016XX 22ND ST E",3,"Ventura Village",6,44.96093,-93.25047,-10380594.8864894,5615373.24420538,6,311908,2024,7
-10387592.2629,5621695.0134,"Gunshot Wound Victims","No","24-199286","MP2024199286",2024-07-19,"07:40:00+00","2024/07/19 00:00:00+00","Non NIBRS Data","Non NIBRS Data","Non NIBRS Data","Gunshot Wound Victims","Gunshot Wound Victims","Dead Person (P)","Dead Person (P)","0021XX THOMAS AVE N",4,"Willard - Hay",5,45.0011,-93.31333,-10387592.2628629,5621695.01341647,1,311909,2024,7
-10382851.7738,5606966.4847,"Gunshot Wound Victims","No","24-238527","MP2024238527",2024-08-22,"20:30:00+00","2024/08/22 20:30:00+00","Non NIBRS Data","Non NIBRS Data","Non NIBRS Data","Gunshot Wound Victims","Gunshot Wound Victims","Sound of Shots Fired (P)~PD","Shooting (PFE)","0003XX 53RD ST E",3,"Page",11,44.90747,-93.27074,-10382851.773819,5606966.48473455,2,311910,2024,8
-10383245.7699,5618371.2807,"Gunshot Wound Victims","Yes","24-247634","MP2024247634",2024-08-31,"03:32:00+00","2024/08/31 02:41:00+00","Non NIBRS Data","Non NIBRS Data","Non NIBRS Data","Gunshot Wound Victims","Gunshot Wound Victims","Shooting (PFE)","Shooting (PFE)","0005XX 1ST AVE N",1,"Downtown West",7,44.97999,-93.27428,-10383245.7699225,5618371.28068879,1,311911,2024,8
-10382508.1581,5616424.1017,"Gunshot Wound Victims","No","24-253039","MP2024253039",2024-09-05,"00:40:00+00","2024/09/04 23:48:00+00","Non NIBRS Data","Non NIBRS Data","Non NIBRS Data","Gunshot Wound Victims","Gunshot Wound Victims","Sound of Shots Fired (P)","Shooting (PFE)","0015XX PORTLAND AVE",1,"Elliot Park",6,44.96761,-93.26766,-10382508.1581447,5616424.10171294,1,311912,2024,9
-10380530.2065,5614665.6904,"Gunshot Wound Victims","No","24-267642","MP2024267642",2024-09-18,"06:19:00+00","2024/09/18 04:39:00+00","Non NIBRS Data","Non NIBRS Data","Non NIBRS Data","Gunshot Wound Victims","Gunshot Wound Victims","Shooting (PFE)","Shooting (PFE)","0025XX 17TH AVE S",3,"East Phillips",9,44.95644,-93.24989,-10380530.2064989,5614665.69041476,2,311913,2024,9
-10382228.5984,5614382.6946,"Gunshot Wound Victims","No","24-274263","MP2024274263",2024-09-24,"05:05:00+00","2024/09/24 05:05:00+00","Non NIBRS Data","Non NIBRS Data","Non NIBRS Data","Gunshot Wound Victims","Gunshot Wound Victims","Shooting (PFE)","Shooting (PFE)","0026XX PARK AVE",3,"Phillips West",6,44.95464,-93.26515,-10382228.5984388,5614382.69461288,1,311914,2024,9
-10381527.7454,5613531.2193,"Gunshot Wound Victims","No","24-275326","MP2024275326",2024-09-25,"00:58:00+00","2024/09/24 23:59:00+00","Non NIBRS Data","Non NIBRS Data","Non NIBRS Data","Gunshot Wound Victims","Gunshot Wound Victims","Shooting (PFE)","Shooting (PFE)","0029XX 11TH AVE S",3,"Midtown Phillips",9,44.94922,-93.25885,-10381527.7453615,5613531.21925647,1,311915,2024,9
-10382234.8151,5613676.7068,"Gunshot Wound Victims","No","24-286436","MP2024286436",2024-10-05,"01:03:00+00","2024/10/04 22:45:00+00","Non NIBRS Data","Non NIBRS Data","Non NIBRS Data","Gunshot Wound Victims","Gunshot Wound Victims","Shooting (PFE)","Shooting (PFE)","0028XX PARK AVE",3,"Phillips West",6,44.95015,-93.2652,-10382234.8151401,5613676.70683913,1,311916,2024,10
-10384216.5228,5613582.3645,"Gunshot Wound Victims","No","24-293896","MP2024293896",2024-10-12,"06:48:00+00","2024/10/12 05:30:00+00","Non NIBRS Data","Non NIBRS Data","Non NIBRS Data","Gunshot Wound Victims","Gunshot Wound Victims","Sound of Shots Fired (P)","Shooting (PFE)","0029XX PLEASANT AVE",5,"Whittier",10,44.94955,-93.283,-10384216.5227954,5613582.36453595,1,311917,2024,10
-10377960.9761,5611789.3973,"Gunshot Wound Victims","No","24-321744","MP2024321744",2024-11-08,"13:22:00+00","2024/11/08 13:22:00+00","Non NIBRS Data","Non NIBRS Data","Non NIBRS Data","Gunshot Wound Victims","Gunshot Wound Victims","Sound of Shots Fired (P)","Sound of Shots Fired (P)","0035XX MINNEHAHA AVE",3,"Howe",12,44.93815,-93.22681,-10377960.9761383,5611789.39731304,1,311918,2024,11
-10379745.1368,5615302.0029,"Gunshot Wound Victims","No","24-331155","MP2024331155",2024-11-18,"03:01:00+00","2024/11/18 02:21:00+00","Non NIBRS Data","Non NIBRS Data","Non NIBRS Data","Gunshot Wound Victims","Gunshot Wound Victims","Shooting (PFE)","Shooting (PFE)","0022XX MINNEHAHA AVE",3,"Seward",6,44.96048,-93.24284,-10379745.136783,5615302.00292426,1,311919,2024,11
-10383930.1254,5615368.5727,"Gunshot Wound Victims","No","24-337513","MP2024337513",2024-11-24,"18:53:00+00","2024/11/24 18:32:00+00","Non NIBRS Data","Non NIBRS Data","Non NIBRS Data","Gunshot Wound Victims","Gunshot Wound Victims","Sound of Shots Fired (P)","Sound of Shots Fired (P)","0001XX 22ND ST W",5,"Whittier",10,44.9609,-93.28043,-10383930.1253623,5615368.57270556,1,311920,2024,11
-10385360.5106,5612146.1543,"Gunshot Wound Victims","No","21-177514","MP2021177514",2021-08-08,"04:11:00+00","2021/08/08 04:11:00+00","Non NIBRS Data","Non NIBRS Data","Non NIBRS Data","Gunshot Wound Victims","Gunshot Wound Victims","Assault in Progress (P)","Shooting (PFE)","0034XX DUPONT AVE S",5,"South Uptown",10,44.94042,-93.29328,-10385360.5106217,5612146.15432021,1,311921,2021,8
-10384343.6541,5621926.8672,"Gunshot Wound Victims","No","21-179056","MP2021179056",2021-08-09,"23:52:00+00","2021/08/09 23:52:00+00","Non NIBRS Data","Non NIBRS Data","Non NIBRS Data","Gunshot Wound Victims","Gunshot Wound Victims","ShotSpotter Activation (P)","Shooting (PFE)","0003XX 23RD AVE N",4,"Hawthorne",5,45.00257,-93.28415,-10384343.6541138,5621926.86716161,1,311922,2021,8
-10378110.8809,5615758.97,"Gunshot Wound Victims","No","21-185738","MP2021185738",2021-08-17,"21:58:00+00","2021/08/17 20:05:00+00","Non NIBRS Data","Non NIBRS Data","Non NIBRS Data","Gunshot Wound Victims","Gunshot Wound Victims","Unknown Wireless/Cell Phone(P)","Shooting (PFE)","0009XX 30TH AVE S",3,"Seward",2,44.96338,-93.22816,-10378110.8808619,5615758.96996374,1,311923,2021,8
-10386921.906,5618488.418,"Gunshot Wound Victims","No","21-190078","MP2021190078",2021-08-22,"18:56:00+00","2021/08/22 18:56:00+00","Non NIBRS Data","Non NIBRS Data","Non NIBRS Data","Gunshot Wound Victims","Gunshot Wound Victims","ShotSpotter Activation (P)","Shooting (PFE)","0020XX GLENWOOD AVE",4,"Harrison",5,44.98073,-93.30731,-10386921.9060465,5618488.41802456,1,311924,2021,8
-10379950.0655,5624448.6298,"Gunshot Wound Victims","No","21-195452","MP2021195452",2021-08-29,"08:57:00+00","2021/08/28 23:45:00+00","Non NIBRS Data","Non NIBRS Data","Non NIBRS Data","Gunshot Wound Victims","Gunshot Wound Victims","Shooting (PFE)","Shooting (PFE)","0010XX 28TH AVE NE",2,"Audubon Park",1,45.01859,-93.24468,-10379950.0655498,5624448.62976846,1,311925,2021,8
-10385708.2099,5621932.3709,"Gunshot Wound Victims","No","21-199117","MP2021199117",2021-09-02,"01:50:00+00","2021/09/01 23:00:00+00","Non NIBRS Data","Non NIBRS Data","Non NIBRS Data","Gunshot Wound Victims","Gunshot Wound Victims","Shooting Report Only (P)","Shooting Report Only (P)","0012XX 23RD AVE N",4,"Jordan",5,45.00261,-93.2964,-10385708.2098747,5621932.37089891,1,311926,2021,9
-10383995.6361,5621926.0497,"Gunshot Wound Victims","No","21-201797","MP2021201797",2021-09-06,"12:21:00+00","2021/09/05 01:14:00+00","Non NIBRS Data","Non NIBRS Data","Non NIBRS Data","Gunshot Wound Victims","Gunshot Wound Victims","Poss Personal Injury Acc (P)","Shooting Report Only (P)","0002XX 23RD AVE N",4,"Hawthorne",5,45.00257,-93.28102,-10383995.6360887,5621926.04972424,1,311927,2021,9
-10377159.1166,5620187.0449,"Gunshot Wound Victims","No","24-301025","MP2024301025",2024-10-19,"05:53:00+00","2024/10/19 05:53:00+00","Non NIBRS Data","Non NIBRS Data","Non NIBRS Data","Gunshot Wound Victims","Gunshot Wound Victims","Sound of Shots Fired (P)","Shooting (PFE)","0023XX HENNEPIN AVE E",2,"Mid - City Industrial",1,44.99152,-93.21961,-10377159.1166236,5620187.04485618,1,311941,2024,10
-10386747.4699,5624883.2796,"Gunshot Wound Victims","No","24-301534","MP2024301534",2024-10-19,"17:24:00+00","2024/10/19 17:20:00+00","Non NIBRS Data","Non NIBRS Data","Non NIBRS Data","Gunshot Wound Victims","Gunshot Wound Victims","Shooting Report Only (P)","Shooting Report Only (P)","0036XX NEWTON AVE N",4,"Folwell",4,45.02135,-93.30574,-10386747.4698802,5624883.27956364,1,311942,2024,10
-10376827.7405,5609177.6182,"Gunshot Wound Victims","No","24-309683","MP2024309683",2024-10-27,"15:40:00+00","2024/10/27 14:22:00+00","Non NIBRS Data","Non NIBRS Data","Non NIBRS Data","Gunshot Wound Victims","Gunshot Wound Victims","Shooting (PFE)","Shooting (PFE)","0038XX 45TH ST E",3,"Hiawatha",12,44.92154,-93.21663,-10376827.7405236,5609177.61819582,3,311943,2024,10
-10386530.5617,5622749.7909,"Gunshot Wound Victims","No","24-320174","MP2024320174",2024-11-06,"17:33:00+00","2024/11/06 17:33:00+00","Non NIBRS Data","Non NIBRS Data","Non NIBRS Data","Gunshot Wound Victims","Gunshot Wound Victims","Shooting (PFE)","Shooting (PFE)","0019XX 27TH AVE N",4,"Jordan",5,45.0078,-93.30379,-10386530.5617065,5622749.79089494,1,311944,2024,11
-10383241.6548,5618631.233,"Gunshot Wound Victims","Yes","24-330208","MP2024330208",2024-11-17,"01:47:00+00","2024/11/17 01:47:00+00","Non NIBRS Data","Non NIBRS Data","Non NIBRS Data","Gunshot Wound Victims","Gunshot Wound Victims","On Site (P)","Shooting (PFE)","0004XX 2ND AVE N",1,"Downtown West",7,44.98164,-93.27425,-10383241.6547606,5618631.23304588,3,311945,2024,11
-10381512.5251,5610734.5955,"Gunshot Wound Victims","No","24-346955","MP2024346955",2024-12-05,"23:25:00+00","2024/12/05 23:25:00+00","Non NIBRS Data","Non NIBRS Data","Non NIBRS Data","Gunshot Wound Victims","Gunshot Wound Victims","Shooting (PFE)","Shooting (PFE)","0039XX 11TH AVE S",3,"Bancroft",8,44.93144,-93.25871,-10381512.5251017,5610734.59545191,1,311946,2024,12
-10387028.5493,5624601.3691,"Gunshot Wound Victims","No","24-359492","MP2024359492",2024-12-19,"23:00:00+00","2024/12/19 23:00:00+00","Non NIBRS Data","Non NIBRS Data","Non NIBRS Data","Gunshot Wound Victims","Gunshot Wound Victims","Shooting (PFE)","Shooting (PFE)","0035XX PENN AVE N",4,"Folwell",4,45.01956,-93.30827,-10387028.5493165,5624601.36905374,1,311947,2024,12
-10385547.5684,5624443.0434,"Gunshot Wound Victims","No","24-371044","MP2024371044",2024-12-31,"23:08:00+00","2024/12/31 23:00:00+00","Non NIBRS Data","Non NIBRS Data","Non NIBRS Data","Gunshot Wound Victims","Gunshot Wound Victims","Shooting (PFE)","Shooting (PFE)","0012XX 35TH AVE N",4,"Folwell",4,45.01855,-93.29496,-10385547.5684425,5624443.04340198,1,311948,2024,12
-10387028.71,5624743.252,"Gunshot Wound Victims","No","24-358536","MP2024358536",2024-12-18,"23:38:00+00","2024/12/18 23:38:00+00","Non NIBRS Data","Non NIBRS Data","Non NIBRS Data","Gunshot Wound Victims","Gunshot Wound Victims","Shooting Report Only (P)","Shooting Report Only (P)","36TH AVE N / PENN AVE N",4,"Folwell",4,45.02046,-93.30827,-10387028.71,5624743.252,1,311949,2024,12
-10386889.288,5624884.6582,"Gunshot Wound Victims","No","24-358661","MP2024358661",2024-12-19,"00:01:00+00","2024/12/19 00:01:00+00","Non NIBRS Data","Non NIBRS Data","Non NIBRS Data","Gunshot Wound Victims","Gunshot Wound Victims","Shooting (PFE)","Shooting (PFE)","0036XX OLIVER AVE N",4,"Folwell",4,45.02136,-93.30701,-10386889.288045,5624884.65820386,2,311950,2024,12
-10387307.59,5621330.469,"Gunshot Wound Victims","No","25-002953","MP20252953",2025-01-04,"09:06:00+00","2025/01/04 08:00:00+00","Non NIBRS Data","Non NIBRS Data","Non NIBRS Data","Gunshot Wound Victims","Gunshot Wound Victims","Shooting Report Only (P)","Shooting Report Only (P)","GOLDEN VALLEY RD / RUSSELL AVE N",4,"Willard - Hay",5,44.99879,-93.31077,-10387307.59,5621330.469,1,311951,2025,1
-10385306.3834,5629432.1974,"Gunshot Wound Victims","No","25-007766","MP20257766",2025-01-09,"21:35:00+00","2025/01/09 20:42:00+00","Non NIBRS Data","Non NIBRS Data","Non NIBRS Data","Gunshot Wound Victims","Gunshot Wound Victims","ShotSpotter Activation (P)","Shooting (PFE)","0052XX COLFAX AVE N",4,"Lind - Bohanon",4,45.05023,-93.29279,-10385306.3834454,5629432.19741374,1,311952,2025,1
-10383077.5652,5612152.4461,"Gunshot Wound Victims","No","25-016596","MP202516596",2025-01-20,"21:02:00+00","2025/01/20 21:01:00+00","Non NIBRS Data","Non NIBRS Data","Non NIBRS Data","Gunshot Wound Victims","Gunshot Wound Victims","Shooting (PFE)","Shooting (PFE)","0034XX 3RD AVE S",3,"Central",8,44.94046,-93.27277,-10383077.5652236,5612152.44614393,1,311953,2025,1
-10387165.6736,5622896.1135,"Gunshot Wound Victims","No","25-038134","MP202538134",2025-02-15,"06:10:00+00","2025/02/15 04:30:00+00","Non NIBRS Data","Non NIBRS Data","Non NIBRS Data","Gunshot Wound Victims","Gunshot Wound Victims","Shooting (PFE)","Shooting (PFE)","0028XX QUEEN AVE N",4,"Jordan",4,45.00873,-93.3095,-10387165.6735912,5622896.11352353,1,311954,2025,2
-10386747.0779,5619757.9908,"Gunshot Wound Victims","No","25-065015","MP202565015",2025-03-15,"22:40:00+00","2025/03/15 22:40:00+00","Non NIBRS Data","Non NIBRS Data","Non NIBRS Data","Gunshot Wound Victims","Gunshot Wound Victims","Shooting (PFE)","Shooting (PFE)","0011XX NEWTON AVE N",4,"Near - North",5,44.9888,-93.30574,-10386747.077872,5619757.99076698,2,311955,2025,3
-10386186.6498,5619984.3915,"Gunshot Wound Victims","No","25-007829","MP20257829",2025-01-09,"22:31:00+00","2025/01/09 22:31:00+00","Non NIBRS Data","Non NIBRS Data","Non NIBRS Data","Gunshot Wound Victims","Gunshot Wound Victims","Shooting (PFE)","Shooting (PFE)","0012XX JAMES AVE N",4,"Near - North",5,44.99024,-93.3007,-10386186.6498259,5619984.3914756,1,311956,2025,1
-10379708.2497,5615517.4061,"Gunshot Wound Victims","No","25-026450","MP202526450",2025-02-01,"14:21:00+00","2025/02/01 12:36:00+00","Non NIBRS Data","Non NIBRS Data","Non NIBRS Data","Gunshot Wound Victims","Gunshot Wound Victims","Shooting (PFE)","Shooting (PFE)","0020XX 21ST AVE S",3,"Seward",6,44.96185,-93.24251,-10379708.2496798,5615517.40612905,1,311957,2025,2
-10385843.6288,5622461.0584,"Gunshot Wound Victims","No","25-031310","MP202531310",2025-02-07,"03:33:00+00","2025/02/07 01:45:00+00","Non NIBRS Data","Non NIBRS Data","Non NIBRS Data","Gunshot Wound Victims","Gunshot Wound Victims","Shooting (PFE)","Shooting (PFE)","0013XX 26TH AVE N",4,"Willard - Hay",4,45.00597,-93.29762,-10385843.6287555,5622461.05842821,2,311958,2025,2
-10382184.5485,5616868.6663,"Gunshot Wound Victims","Yes","25-047207","MP202547207",2025-02-25,"19:17:00+00","2025/02/25 19:17:00+00","Non NIBRS Data","Non NIBRS Data","Non NIBRS Data","Gunshot Wound Victims","Gunshot Wound Victims","Shooting (PFE)","Shooting (PFE)","0009XX PARK AVE",1,"Elliot Park",6,44.97044,-93.26475,-10382184.5485055,5616868.66628966,1,311959,2025,2
-10386496.6682,5621572.2237,"Gunshot Wound Victims","No","25-056026","MP202556026",2025-03-07,"02:38:00+00","2025/03/07 02:38:00+00","Non NIBRS Data","Non NIBRS Data","Non NIBRS Data","Gunshot Wound Victims","Gunshot Wound Victims","Shooting (PFE)","Shooting (PFE)","0020XX ILION AVE N",4,"Jordan",5,45.00032,-93.30349,-10386496.6682053,5621572.22366443,1,311960,2025,3
-10380962.5598,5613253.59,"Gunshot Wound Victims","No","25-112047","MP2025112047",2025-04-30,"01:16:00+00","2025/04/30 01:16:00+00","Non NIBRS Data","Non NIBRS Data","Non NIBRS Data","Gunshot Wound Victims","Gunshot Wound Victims","Shooting Report Only (P)","Shooting Report Only (P)","0030XX 15TH AVE S",3,"Powderhorn Park",9,44.94746,-93.25377,-10380962.5597721,5613253.58997673,1,311981,2025,4
-10385827.3614,5623027.8861,"Gunshot Wound Victims","No","25-112596","MP2025112596",2025-04-30,"15:51:00+00","2025/04/30 15:51:00+00","Non NIBRS Data","Non NIBRS Data","Non NIBRS Data","Gunshot Wound Victims","Gunshot Wound Victims","Disturbance (P)","Shooting (PFE)","0014XX 29TH AVE N",4,"Jordan",5,45.00957,-93.29747,-10385827.3614407,5623027.88605615,2,311982,2025,4
-10381379.73,5614523.832,"Gunshot Wound Victims","No","25-124632","MP2025124632",2025-05-11,"00:34:00+00","2025/05/10 22:27:00+00","Non NIBRS Data","Non NIBRS Data","Non NIBRS Data","Gunshot Wound Victims","Gunshot Wound Victims","Sound of Shots Fired (P)~PD","Shooting (PFE)","12TH AVE S / 26TH ST E",3,"Midtown Phillips",9,44.95553,-93.25752,-10381379.73,5614523.832,1,311983,2025,5
-10382089.0596,5614100.7872,"Gunshot Wound Victims","No","25-129997","MP2025129997",2025-05-15,"20:22:00+00","2025/05/15 20:22:00+00","Non NIBRS Data","Non NIBRS Data","Non NIBRS Data","Gunshot Wound Victims","Gunshot Wound Victims","Shooting (PFE)","Shooting (PFE)","0027XX COLUMBUS AVE",3,"Phillips West",6,44.95284,-93.26389,-10382089.0595573,5614100.78724932,1,311984,2025,5
-10384282.4921,5617427.9244,"Gunshot Wound Victims","Yes","25-176919","MP2025176919",2025-06-28,"01:17:00+00","2025/06/28 00:59:00+00","Non NIBRS Data","Non NIBRS Data","Non NIBRS Data","Gunshot Wound Victims","Gunshot Wound Victims","Loud Party (P)","Shooting (PFE)","0014XX LAUREL AVE",1,"Loring Park",7,44.97399,-93.2836,-10384282.4921342,5617427.9244205,1,311985,2025,6
-10385282.81,5621757.851,"Gunshot Wound Victims","No","25-183784","MP2025183784",2025-07-04,"02:31:00+00","2025/07/04 02:31:00+00","Non NIBRS Data","Non NIBRS Data","Non NIBRS Data","Gunshot Wound Victims","Gunshot Wound Victims","Shooting (PFE)","Shooting (PFE)","22ND AVE N / DUPONT AVE N",4,"Hawthorne",5,45.0015,-93.29258,-10385282.81,5621757.851,1,311986,2025,7
-10385123.7372,5622738.7012,"Gunshot Wound Victims","No","25-197908","MP2025197908",2025-07-16,"23:26:00+00","2025/07/16 20:24:00+00","Non NIBRS Data","Non NIBRS Data","Non NIBRS Data","Gunshot Wound Victims","Gunshot Wound Victims","Shooting (PFE)","Shooting (PFE)","0009XX 27TH AVE N",4,"Hawthorne",5,45.00773,-93.29115,-10385123.7371701,5622738.70123449,1,311987,2025,7
-10385876.5483,5629148.8162,"Gunshot Wound Victims","No","25-212622","MP2025212622",2025-07-30,"04:22:00+00","2025/07/30 04:22:00+00","Non NIBRS Data","Non NIBRS Data","Non NIBRS Data","Gunshot Wound Victims","Gunshot Wound Victims","Shooting (PFE)","Shooting (PFE)","0051XX GIRARD AVE N",4,"Lind - Bohanon",4,45.04843,-93.29792,-10385876.5483066,5629148.81619917,1,311988,2025,7
-10384941.9664,5621657.1554,"Gunshot Wound Victims","No","25-240059","MP2025240059",2025-08-23,"18:09:00+00","2025/08/23 15:45:00+00","Non NIBRS Data","Non NIBRS Data","Non NIBRS Data","Gunshot Wound Victims","Gunshot Wound Victims","Shooting (PFE)","Shooting (PFE)","0021XX ALDRICH AVE N",4,"Hawthorne",5,45.00086,-93.28952,-10384941.9664195,5621657.15536339,1,311989,2025,8
-10386188.0506,5619659.1612,"Gunshot Wound Victims","No","25-243599","MP2025243599",2025-08-26,"20:44:00+00","2025/08/26 20:44:00+00","Non NIBRS Data","Non NIBRS Data","Non NIBRS Data","Gunshot Wound Victims","Gunshot Wound Victims","Shooting (PFE)","Shooting (PFE)","0010XX JAMES AVE N",4,"Near - North",5,44.98817,-93.30071,-10386188.0506137,5619659.16116869,1,311990,2025,8
-10380491.5197,5618638.8952,"Gunshot Wound Victims","No","25-249548","MP2025249548",2025-09-01,"03:57:00+00","2025/09/01 02:17:00+00","Non NIBRS Data","Non NIBRS Data","Non NIBRS Data","Gunshot Wound Victims","Gunshot Wound Victims","Sound of Shots Fired (P)","Shooting (PFE)","000XX 6TH AVE SE",2,"Marcy Holmes",3,44.98169,-93.24954,-10380491.5197465,5618638.89520201,2,311991,2025,9
-10385762.2117,5625156.4206,"Gunshot Wound Victims","No","25-255084","MP2025255084",2025-09-06,"00:45:00+00","2025/09/06 00:40:00+00","Non NIBRS Data","Non NIBRS Data","Non NIBRS Data","Gunshot Wound Victims","Gunshot Wound Victims","ShotSpotter Activation (P)","Shooting (PFE)","0037XX GIRARD AVE N",4,"Folwell",4,45.02308,-93.29689,-10385762.2117052,5625156.42063513,1,311992,2025,9
-10380892.173,5613396.6,"Gunshot Wound Victims","No","25-263612","MP2025263612",2025-09-14,"05:05:00+00","2025/09/14 01:49:00+00","Non NIBRS Data","Non NIBRS Data","Non NIBRS Data","Gunshot Wound Victims","Gunshot Wound Victims","ShotSpotter Activation (P)","Shooting (PFE)","0015XX LAKE ST E",3,"Powderhorn Park",9,44.94837,-93.25314,-10380892.1729757,5613396.60000617,2,311993,2025,9
-10384796.4639,5628437.6568,"Gunshot Wound Victims","No","25-266930","MP2025266930",2025-09-17,"06:25:00+00","2025/09/17 05:14:00+00","Non NIBRS Data","Non NIBRS Data","Non NIBRS Data","Gunshot Wound Victims","Gunshot Wound Victims","Shooting (PFE)","Shooting (PFE)","0006XX 49TH AVE N",4,"Lind - Bohanon",4,45.04392,-93.28821,-10384796.463942,5628437.65677723,1,311994,2025,9
-10380249.5485,5622688.7251,"Gunshot Wound Victims","No","25-277419","MP2025277419",2025-09-26,"15:39:00+00","2025/09/26 15:39:00+00","Non NIBRS Data","Non NIBRS Data","Non NIBRS Data","Gunshot Wound Victims","Gunshot Wound Victims","Shooting (PFE)","Shooting (PFE)","0018XX CENTRAL AVE NE",2,"Windom Park",1,45.00741,-93.24737,-10380249.5484582,5622688.72507385,1,311995,2025,9
-10381851.6622,5617081.4804,"Gunshot Wound Victims","Yes","25-285288","MP2025285288",2025-10-02,"23:00:00+00","2025/10/02 21:00:00+00","Non NIBRS Data","Non NIBRS Data","Non NIBRS Data","Gunshot Wound Victims","Gunshot Wound Victims","Shooting Report Only (P)","Shooting Report Only (P)","0007XX CHICAGO AVE",NA,NA,NA,44.97179,-93.26176,-10381851.6622254,5617081.48038588,1,311996,2025,10
-10384781.3958,5613810.5707,"Gunshot Wound Victims","No","21-077974","MP202177974",2021-04-14,"12:40:00+00","2021/04/14 11:39:00+00","Non NIBRS Data","Non NIBRS Data","Non NIBRS Data","Gunshot Wound Victims","Gunshot Wound Victims","Shooting (PFE)","Shooting (PFE)","0028XX LYNDALE AVE S",5,"Whittier",10,44.951,-93.28808,-10384781.3957957,5613810.57070765,1,311997,2021,4
-10383650.0831,5612149.9679,"Gunshot Wound Victims","No","21-079646","MP202179646",2021-04-16,"22:17:00+00","2021/04/16 19:10:00+00","Non NIBRS Data","Non NIBRS Data","Non NIBRS Data","Gunshot Wound Victims","Gunshot Wound Victims","Shooting (PFE)","Shooting (PFE)","0034XX NICOLLET AVE",5,"Lyndale",8,44.94044,-93.27792,-10383650.083085,5612149.96789671,1,311998,2021,4
-10384941.9664,5621657.1554,"Gunshot Wound Victims","Yes","21-087759","MP202187759",2021-04-27,"21:56:00+00","2021/04/27 20:00:00+00","Non NIBRS Data","Non NIBRS Data","Non NIBRS Data","Gunshot Wound Victims","Gunshot Wound Victims","Fight (P)","Shooting Report Only (P)","0021XX ALDRICH AVE N",4,"Hawthorne",5,45.00086,-93.28952,-10384941.9664195,5621657.15536339,1,311999,2021,4
-10386603.7988,5624312.7269,"Gunshot Wound Victims","No","21-089917","MP202189917",2021-04-30,"13:58:00+00","2021/04/30 13:58:00+00","Non NIBRS Data","Non NIBRS Data","Non NIBRS Data","Gunshot Wound Victims","Gunshot Wound Victims","ShotSpotter Activation (P)","Shooting (PFE)","0034XX MORGAN AVE N",4,"Folwell",4,45.01773,-93.30445,-10386603.7987984,5624312.72687479,1,312000,2021,4
-10380049.7011,5618861.2307,"Gunshot Wound Victims","No","21-100614","MP2021100614",2021-05-12,"22:43:00+00","2021/05/12 22:43:00+00","Non NIBRS Data","Non NIBRS Data","Non NIBRS Data","Gunshot Wound Victims","Gunshot Wound Victims","Shooting (PFE)","Shooting (PFE)","0007XX UNIVERSITY AVE SE",2,"Marcy Holmes",3,44.9831,-93.24557,-10380049.7011299,5618861.23074568,1,312020,2021,5
-10385617.8544,5624585.7532,"Gunshot Wound Victims","No","21-105844","MP2021105844",2021-05-18,"17:50:00+00","2021/05/18 16:24:00+00","Non NIBRS Data","Non NIBRS Data","Non NIBRS Data","Gunshot Wound Victims","Gunshot Wound Victims","Sound of Shots Fired (P)~PD","Shooting (PFE)","0035XX FREMONT AVE N",4,"Folwell",4,45.01946,-93.29559,-10385617.8543754,5624585.75323435,1,312021,2021,5
-10386180.2803,5623456.6589,"Gunshot Wound Victims","No","21-111686","MP2021111686",2021-05-25,"00:01:00+00","2021/05/25 00:01:00+00","Non NIBRS Data","Non NIBRS Data","Non NIBRS Data","Gunshot Wound Victims","Gunshot Wound Victims","Shooting (PFE)","Shooting (PFE)","0031XX JAMES AVE N",4,"Jordan",5,45.01229,-93.30064,-10386180.2802875,5623456.65891964,1,312022,2021,5
-10382932.7662,5611869.8013,"Gunshot Wound Victims","No","21-116008","MP2021116008",2021-05-29,"23:07:00+00","2021/05/29 22:52:00+00","Non NIBRS Data","Non NIBRS Data","Non NIBRS Data","Gunshot Wound Victims","Gunshot Wound Victims","Shooting (PFE)~PD","Shooting (PFE)","0035XX CLINTON AVE",3,"Central",8,44.93866,-93.27147,-10382932.7661778,5611869.80128439,1,312023,2021,5
-10380532.2912,5614383.3718,"Gunshot Wound Victims","No","21-116252","MP2021116252",2021-05-30,"06:12:00+00","2021/05/30 05:20:00+00","Non NIBRS Data","Non NIBRS Data","Non NIBRS Data","Gunshot Wound Victims","Gunshot Wound Victims","ShotSpotter Activation (P)","Shooting (PFE)","0026XX 17TH AVE S",3,"East Phillips",9,44.95464,-93.24991,-10380532.2912281,5614383.37180816,1,312024,2021,5
-10382003.0331,5617172.4506,"Gunshot Wound Victims","Yes","21-121116","MP2021121116",2021-06-04,"17:40:00+00","2021/06/04 17:00:00+00","Non NIBRS Data","Non NIBRS Data","Non NIBRS Data","Gunshot Wound Victims","Gunshot Wound Victims","Shooting Report Only (P)","Shooting Report Only (P)","0007XX PARK AVE",NA,"Elliot Park",6,44.97237,-93.26312,-10382003.0331279,5617172.45057924,1,312025,2021,6
-10382936.6649,5618259.7069,"Gunshot Wound Victims","Yes","21-121573","MP2021121573",2021-06-05,"02:21:00+00","2021/06/05 02:21:00+00","Non NIBRS Data","Non NIBRS Data","Non NIBRS Data","Gunshot Wound Victims","Gunshot Wound Victims","Sound of Shots Fired (P)","Shooting (PFE)","000XX 5TH ST S",1,"Downtown West",7,44.97928,-93.27151,-10382936.6649334,5618259.70693985,1,312026,2021,6
-10380747.1898,5612824.6155,"Gunshot Wound Victims","No","21-122423","MP2021122423",2021-06-06,"01:58:00+00","2021/06/06 00:05:00+00","Non NIBRS Data","Non NIBRS Data","Non NIBRS Data","Gunshot Wound Victims","Gunshot Wound Victims","ShotSpotter Activation (P)","Shooting (PFE)","0015XX 32ND ST E",3,"East Phillips",9,44.94473,-93.25184,-10380747.1897739,5612824.61552647,1,312027,2021,6
-10384056.3995,5620861.677,"Gunshot Wound Victims","No","21-125669","MP2021125669",2021-06-09,"16:41:00+00","2021/06/09 16:41:00+00","Non NIBRS Data","Non NIBRS Data","Non NIBRS Data","Gunshot Wound Victims","Gunshot Wound Victims","Shooting (PFE)","Shooting (PFE)","0016XX WASHINGTON AVE N",4,"Near - North",5,44.99581,-93.28157,-10384056.3995044,5620861.67704219,2,312028,2021,6
-10384856.738,5621558.4726,"Gunshot Wound Victims","No","21-134605","MP2021134605",2021-06-20,"00:01:00+00","2021/06/20 00:01:00+00","Non NIBRS Data","Non NIBRS Data","Non NIBRS Data","Gunshot Wound Victims","Gunshot Wound Victims","ShotSpotter Activation (P)","Shooting (PFE)","0007XX 21ST AVE N",4,"Hawthorne",5,45.00023,-93.28876,-10384856.7380175,5621558.47260638,1,312029,2021,6
-10381007.8001,5615514.3489,"Gunshot Wound Victims","No","21-134737","MP2021134737",2021-06-20,"02:52:00+00","2021/06/20 01:00:00+00","Non NIBRS Data","Non NIBRS Data","Non NIBRS Data","Gunshot Wound Victims","Gunshot Wound Victims","Shooting (PFE)","Shooting (PFE)","0014XX 21ST ST E",3,"Ventura Village",6,44.96183,-93.25418,-10381007.8000534,5615514.34892502,1,312030,2021,6
-10385515.9224,5619787.5381,"Gunshot Wound Victims","Yes","21-143823","MP2021143823",2021-07-01,"02:52:00+00","2021/06/30 22:12:00+00","Non NIBRS Data","Non NIBRS Data","Non NIBRS Data","Gunshot Wound Victims","Gunshot Wound Victims","Shooting Report Only (P)","Shooting Report Only (P)","0012XX 11TH AVE N",4,"Near - North",5,44.98898,-93.29468,-10385515.922363,5619787.53810772,1,312031,2021,7
-10387183.7344,5619474.528,"Gunshot Wound Victims","Yes","21-146552","MP2021146552",2021-07-04,"00:46:00+00","2021/07/04 00:46:00+00","Non NIBRS Data","Non NIBRS Data","Non NIBRS Data","Gunshot Wound Victims","Gunshot Wound Victims","Shooting Report Only (P)","Shooting Report Only (P)","0009XX QUEEN AVE N",4,"Willard - Hay",5,44.987,-93.30966,-10387183.7343819,5619474.52800369,1,312032,2021,7
-10385519.828,5629290.6289,"Gunshot Wound Victims","No","21-146781","MP2021146781",2021-07-04,"12:35:00+00","2021/07/04 09:00:00+00","Non NIBRS Data","Non NIBRS Data","Non NIBRS Data","Gunshot Wound Victims","Gunshot Wound Victims","ShotSpotter Activation (P)","Shooting (PFE)","0011XX 52ND AVE N",NA,"Lind - Bohanon",4,45.04933,-93.29471,-10385519.8279757,5629290.62894776,1,312033,2021,7
-10385440.2115,5628005.0111,"Gunshot Wound Victims","No","21-147573","MP2021147573",2021-07-05,"01:00:00+00","2021/07/04 23:30:00+00","Non NIBRS Data","Non NIBRS Data","Non NIBRS Data","Gunshot Wound Victims","Gunshot Wound Victims","Shooting Report Only (P)","Shooting Report Only (P)","0047XX DUPONT AVE N",4,"Lind - Bohanon",4,45.04117,-93.294,-10385440.2115415,5628005.01106214,1,312034,2021,7
-10381857.9567,5615652.1446,"Gunshot Wound Victims","No","21-148851","MP2021148851",2021-07-06,"12:39:00+00","2021/07/06 12:38:00+00","Non NIBRS Data","Non NIBRS Data","Non NIBRS Data","Gunshot Wound Victims","Gunshot Wound Victims","Sound of Shots Fired (P)","Shooting (PFE)","0008XX FRANKLIN AVE E",3,"Ventura Village",6,44.96271,-93.26182,-10381857.9566926,5615652.14456797,1,312035,2021,7
-10380386.022,5614949.211,"Gunshot Wound Victims","No","25-109657","MP2025109657",2025-04-27,"20:17:00+00","2025/04/27 20:17:00+00","Non NIBRS Data","Non NIBRS Data","Non NIBRS Data","Gunshot Wound Victims","Gunshot Wound Victims","ShotSpotter Activation (P)","Shooting (PFE)","0024XX 18TH AVE S",3,"East Phillips",9,44.95824,-93.24859,-10380386.0220257,5614949.21102248,1,312036,2025,4
-10385733.77,5629006.915,"Gunshot Wound Victims","No","25-120011","MP2025120011",2025-05-07,"02:49:00+00","2025/05/07 02:49:00+00","Non NIBRS Data","Non NIBRS Data","Non NIBRS Data","Gunshot Wound Victims","Gunshot Wound Victims","Shooting Report Only (P)","Shooting Report Only (P)","51ST AVE N / FREMONT AVE N",4,"Lind - Bohanon",4,45.04753,-93.29663,-10385733.77,5629006.915,1,312037,2025,5
-10386601.6657,5621433.2005,"Gunshot Wound Victims","No","25-123700","MP2025123700",2025-05-10,"02:51:00+00","2025/05/10 02:50:00+00","Non NIBRS Data","Non NIBRS Data","Non NIBRS Data","Gunshot Wound Victims","Gunshot Wound Victims","Shooting (PFE)","Shooting (PFE)","0019XX MORGAN AVE N",4,"Willard - Hay",5,44.99944,-93.30443,-10386601.665721,5621433.20047531,1,312038,2025,5
-10386208.2527,5621709.0858,"Gunshot Wound Victims","No","25-145391","MP2025145391",2025-05-30,"19:36:00+00","2025/05/30 19:36:00+00","Non NIBRS Data","Non NIBRS Data","Non NIBRS Data","Gunshot Wound Victims","Gunshot Wound Victims","Shooting (PFE)","Shooting (PFE)","0016XX HILLSIDE AVE N",4,"Jordan",5,45.00119,-93.3009,-10386208.2527323,5621709.08581571,1,312039,2025,5
-10383643.51,5614804.666,"Gunshot Wound Victims","No","25-161716","MP2025161716",2025-06-14,"05:21:00+00","2025/06/14 05:21:00+00","Non NIBRS Data","Non NIBRS Data","Non NIBRS Data","Gunshot Wound Victims","Gunshot Wound Victims","Robbery of Person (P)","Shooting (PFE)","25TH ST W / NICOLLET AVE",5,"Whittier",10,44.95732,-93.27786,-10383643.51,5614804.666,1,312040,2025,6
-10380670.81,5620748.433,"Gunshot Wound Victims","Yes","25-153664","MP2025153664",2025-06-06,"23:01:00+00","2025/06/06 22:45:00+00","Non NIBRS Data","Non NIBRS Data","Non NIBRS Data","Gunshot Wound Victims","Gunshot Wound Victims","Shooting Report Only (P)","Shooting Report Only (P)","SPRING ST NE / QUINCY ST NE",2,"St. Anthony East",3,44.99509,-93.25115,-10380670.81,5620748.433,1,312061,2025,6
-10385282.7521,5620856.6019,"Gunshot Wound Victims","No","25-167033","MP2025167033",2025-06-18,"23:42:00+00","2025/06/18 23:42:00+00","Non NIBRS Data","Non NIBRS Data","Non NIBRS Data","Gunshot Wound Victims","Gunshot Wound Victims","Shooting (PFE)","Shooting (PFE)","0016XX DUPONT AVE N",4,"Near - North",5,44.99578,-93.29258,-10385282.7520634,5620856.60187697,1,312062,2025,6
-10383639.1389,5616551.8341,"Gunshot Wound Victims","No","25-168142","MP2025168142",2025-06-20,"04:12:00+00","2025/06/20 00:14:00+00","Non NIBRS Data","Non NIBRS Data","Non NIBRS Data","Gunshot Wound Victims","Gunshot Wound Victims","Shooting (PFE)","Shooting (PFE)","0014XX NICOLLET AVE",1,"Loring Park",7,44.96842,-93.27782,-10383639.1388882,5616551.83414762,2,312063,2025,6
-10383842.6298,5614383.0212,"Gunshot Wound Victims","No","25-192591","MP2025192591",2025-07-12,"01:37:00+00","2025/07/11 22:29:00+00","Non NIBRS Data","Non NIBRS Data","Non NIBRS Data","Gunshot Wound Victims","Gunshot Wound Victims","Shooting (PFE)","Shooting (PFE)","0026XX BLAISDELL AVE",5,"Whittier",10,44.95464,-93.27965,-10383842.6297904,5614383.02117359,1,312064,2025,7
-10384590.9666,5628965.7529,"Gunshot Wound Victims","No","25-201544","MP2025201544",2025-07-20,"03:10:00+00","2025/07/20 03:00:00+00","Non NIBRS Data","Non NIBRS Data","Non NIBRS Data","Gunshot Wound Victims","Gunshot Wound Victims","Shooting (PFE)","Shooting (PFE)","0050XX 4TH ST N",4,"Lind - Bohanon",4,45.04727,-93.28637,-10384590.9666003,5628965.75287513,1,312065,2025,7
-10382234.8151,5613676.7068,"Gunshot Wound Victims","No","25-207850","MP2025207850",2025-07-25,"19:57:00+00","2025/07/25 19:57:00+00","Non NIBRS Data","Non NIBRS Data","Non NIBRS Data","Gunshot Wound Victims","Gunshot Wound Victims","ShotSpotter Activation (P)","Shooting (PFE)","0028XX PARK AVE",3,"Powderhorn Park",9,44.95015,-93.2652,-10382234.8151401,5613676.70683913,1,312066,2025,7
-10382502.8059,5611872.175,"Gunshot Wound Victims","No","25-210398","MP2025210398",2025-07-28,"05:00:00+00","2025/07/28 02:00:00+00","Non NIBRS Data","Non NIBRS Data","Non NIBRS Data","Gunshot Wound Victims","Gunshot Wound Victims","Shooting Report Only (P)","Shooting Report Only (P)","0035XX PORTLAND AVE",3,"Central",8,44.93867,-93.26761,-10382502.805867,5611872.1750001,1,312067,2025,7
-10385282.6551,5621844.2979,"Gunshot Wound Victims","No","25-211472","MP2025211472",2025-07-29,"02:30:00+00","2025/07/29 00:35:00+00","Non NIBRS Data","Non NIBRS Data","Non NIBRS Data","Gunshot Wound Victims","Gunshot Wound Victims","Shooting Report Only (P)","Shooting Report Only (P)","0022XX DUPONT AVE N",4,"Hawthorne",5,45.00205,-93.29258,-10385282.6551397,5621844.29794808,1,312068,2025,7
-10383501.607,5615947.5898,"Gunshot Wound Victims","No","25-232687","MP2025232687",2025-08-17,"02:51:00+00","2025/08/17 02:50:00+00","Non NIBRS Data","Non NIBRS Data","Non NIBRS Data","Gunshot Wound Victims","Gunshot Wound Victims","ShotSpotter Activation (P)","Shooting (PFE)","0018XX 1ST AVE S",5,"Steven's Square - Loring Heights",6,44.96458,-93.27658,-10383501.6069841,5615947.58977873,1,312069,2025,8
-10381101.5154,5613811.7512,"Gunshot Wound Victims","No","25-232888","MP2025232888",2025-08-17,"02:26:00+00","2025/08/17 01:32:00+00","Non NIBRS Data","Non NIBRS Data","Non NIBRS Data","Gunshot Wound Victims","Gunshot Wound Victims","Shooting (PFE)","Shooting (PFE)","0028XX 14TH AVE S",3,"East Phillips",9,44.95101,-93.25502,-10381101.5154197,5613811.75115983,1,312070,2025,8
-10382003.0331,5617172.4506,"Gunshot Wound Victims","Yes","25-247123","MP2025247123",2025-08-30,"01:35:00+00","2025/08/30 01:35:00+00","Non NIBRS Data","Non NIBRS Data","Non NIBRS Data","Gunshot Wound Victims","Gunshot Wound Victims","Shooting Report Only (P)","Shooting Report Only (P)","0007XX PARK AVE",1,"Downtown West",7,44.97237,-93.26312,-10382003.0331279,5617172.45057924,1,312071,2025,8
-10385336.55,5623589.856,"Gunshot Wound Victims","No","25-257717","MP2025257717",2025-09-08,"18:14:00+00","2025/09/08 18:14:00+00","Non NIBRS Data","Non NIBRS Data","Non NIBRS Data","Gunshot Wound Victims","Gunshot Wound Victims","Shooting Report Only (P)","Shooting Report Only (P)","LOWRY AVE N / DUPONT AVE N",4,"McKinley",5,45.01314,-93.29307,-10385336.55,5623589.856,1,312072,2025,9
-10378665.4651,5613821.2211,"Gunshot Wound Victims","No","25-265656","MP2025265656",2025-09-16,"00:10:00+00","2025/09/15 21:55:00+00","Non NIBRS Data","Non NIBRS Data","Non NIBRS Data","Gunshot Wound Victims","Gunshot Wound Victims","Shooting (PFE)","Shooting (PFE)","0028XX 27TH AVE S",3,"Longfellow",9,44.95107,-93.23314,-10378665.4650672,5613821.22114307,7,312073,2025,9
-10382064.4235,5617931.0519,"Gunshot Wound Victims","Yes","25-290687","MP2025290687",2025-10-07,"23:38:00+00","2025/10/07 23:25:00+00","Non NIBRS Data","Non NIBRS Data","Non NIBRS Data","Gunshot Wound Victims","Gunshot Wound Victims","Shooting (PFE)","Officer Needs Help (P)","0004XX 4TH ST S",1,"Downtown West",7,44.97719,-93.26367,-10382064.4235273,5617931.05186606,4,312074,2025,10
-10382987.4721,5618633.8991,"Gunshot Wound Victims","Yes","25-309447","MP2025309447",2025-10-25,"01:47:00+00","2025/10/25 01:47:00+00","Non NIBRS Data","Non NIBRS Data","Non NIBRS Data","Gunshot Wound Victims","Gunshot Wound Victims","Shooting (PFE)","Shooting (PFE)","0003XX 1ST AVE N",1,"Downtown West",7,44.98165,-93.27196,-10382987.47215,5618633.89907388,1,312075,2025,10
-10380537.4748,5613254.1165,"Gunshot Wound Victims","No","25-320377","MP2025320377",2025-11-04,"17:30:00+00","2025/11/04 15:07:00+00","Non NIBRS Data","Non NIBRS Data","Non NIBRS Data","Gunshot Wound Victims","Gunshot Wound Victims","Shooting (PFE)","Shooting (PFE)","0030XX 17TH AVE S",3,"Powderhorn Park",9,44.94746,-93.24995,-10380537.4747996,5613254.11652324,1,312076,2025,11
-10380467.2267,5613396.9347,"Gunshot Wound Victims","No","25-329430","MP2025329430",2025-11-13,"17:46:00+00","2025/11/13 17:00:00+00","Non NIBRS Data","Non NIBRS Data","Non NIBRS Data","Gunshot Wound Victims","Gunshot Wound Victims","Shooting Report Only (P)","Shooting Report Only (P)","0017XX LAKE ST E",3,"East Phillips",9,44.94837,-93.24932,-10380467.2267347,5613396.9346747,1,312077,2025,11
-10381829.2291,5623733.4105,"Gunshot Wound Victims","No","25-240660","MP2025240660",2025-08-24,"02:09:00+00","2025/08/24 01:30:00+00","Non NIBRS Data","Non NIBRS Data","Non NIBRS Data","Gunshot Wound Victims","Gunshot Wound Victims","Receive Information (P)","Shooting Report Only (P)","0025XX 4TH ST NE",2,"Holland",1,45.01405,-93.26156,-10381829.2291116,5623733.41053706,1,312078,2025,8
-10381773.8646,5615748.5788,"Gunshot Wound Victims","No","25-257030","MP2025257030",2025-09-08,"00:59:00+00","2025/09/08 00:59:00+00","Non NIBRS Data","Non NIBRS Data","Non NIBRS Data","Gunshot Wound Victims","Gunshot Wound Victims","ShotSpotter Activation (P)","Shooting (PFE)","0019XX ELLIOT AVE",3,"Ventura Village",6,44.96332,-93.26106,-10381773.864624,5615748.57883825,1,312079,2025,9
-10382972.4729,5617961.293,"Gunshot Wound Victims","Yes","26-089708","MP202689708",2026-04-09,"18:00:00+00","2026/04/09 18:00:00+00","Non NIBRS Data","Non NIBRS Data","Non NIBRS Data","Gunshot Wound Victims","Gunshot Wound Victims","Shooting (PFE)","Shooting (PFE)","0006XX NICOLLET MALL",1,"Downtown West",7,44.97738,-93.27183,-10382972.4729412,5617961.29296565,1,312080,2026,4
-10382003.0331,5617172.4506,"Gunshot Wound Victims","Yes","21-213517","MP2021213517",2021-09-18,"02:34:00+00","2021/09/18 00:30:00+00","Non NIBRS Data","Non NIBRS Data","Non NIBRS Data","Gunshot Wound Victims","Gunshot Wound Victims","Shooting Report Only (P)","Shooting Report Only (P)","0007XX PARK AVE",NA,"Elliot Park",6,44.97237,-93.26312,-10382003.0331279,5617172.45057924,1,312096,2021,9
-10379112.6466,5614070.201,"Gunshot Wound Victims","No","21-220372","MP2021220372",2021-09-25,"18:49:00+00","2021/09/25 18:49:00+00","Non NIBRS Data","Non NIBRS Data","Non NIBRS Data","Gunshot Wound Victims","Gunshot Wound Victims","Shooting (PFE)","Shooting (PFE)","0027XX MINNEHAHA AVE",3,"Longfellow",9,44.95265,-93.23716,-10379112.6466077,5614070.20099967,1,312097,2021,9
-10385757.0852,5623167.5502,"Gunshot Wound Victims","No","21-221054","MP2021221054",2021-09-26,"14:40:00+00","2021/09/26 12:40:00+00","Non NIBRS Data","Non NIBRS Data","Non NIBRS Data","Gunshot Wound Victims","Gunshot Wound Victims","Sound of Shots Fired (P)","Shooting (PFE)","0029XX GIRARD AVE N",4,"Jordan",5,45.01045,-93.29684,-10385757.0852173,5623167.55022327,1,312098,2021,9
-10381244.887,5613253.5335,"Gunshot Wound Victims","No","21-221435","MP2021221435",2021-09-26,"23:31:00+00","2021/09/26 21:04:00+00","Non NIBRS Data","Non NIBRS Data","Non NIBRS Data","Gunshot Wound Victims","Gunshot Wound Victims","ShotSpotter Activation (P)","Shooting (PFE)","0030XX 13TH AVE S",3,"Midtown Phillips",9,44.94746,-93.25631,-10381244.8870021,5613253.53345264,1,312099,2021,9
-10383364.1649,5617992.9622,"Gunshot Wound Victims","Yes","21-227979","MP2021227979",2021-10-04,"09:54:00+00","2021/10/04 09:54:00+00","Non NIBRS Data","Non NIBRS Data","Non NIBRS Data","Gunshot Wound Victims","Gunshot Wound Victims","Shooting (PFE)","Shooting (PFE)","0007XX HENNEPIN AVE",1,"Downtown West",7,44.97758,-93.27535,-10383364.1649281,5617992.96218687,1,312100,2021,10
-10386039.88,5623597.017,"Gunshot Wound Victims","No","25-074217","MP202574217",2025-03-25,"10:30:00+00","2025/03/25 04:30:00+00","Non NIBRS Data","Non NIBRS Data","Non NIBRS Data","Gunshot Wound Victims","Gunshot Wound Victims","Shooting Report Only (P)","Shooting Report Only (P)","LOWRY AVE N / IRVING AVE N",4,"Folwell",4,45.01318,-93.29938,-10386039.88,5623597.017,1,312101,2025,3
-10385623.07,5625298.474,"Gunshot Wound Victims","No","25-097652","MP202597652",2025-04-16,"12:43:00+00","2025/04/16 12:43:00+00","Non NIBRS Data","Non NIBRS Data","Non NIBRS Data","Gunshot Wound Victims","Gunshot Wound Victims","Shooting Report Only (P)","Shooting Report Only (P)","DOWLING AVE N / FREMONT AVE N",4,"Webber - Camden",4,45.02399,-93.29564,-10385623.07,5625298.474,1,312102,2025,4
-10386734.8011,5621719.5903,"Gunshot Wound Victims","No","25-108911","MP2025108911",2025-04-27,"02:03:00+00","2025/04/27 02:03:00+00","Non NIBRS Data","Non NIBRS Data","Non NIBRS Data","Gunshot Wound Victims","Gunshot Wound Victims","Unknown Trouble (P)","Shooting (PFE)","0019XX WEST BROADWAY",4,"Jordan",5,45.00126,-93.30563,-10386734.8010766,5621719.59029102,1,312103,2025,4
-10386883.344,5620685.5349,"Gunshot Wound Victims","No","25-113964","MP2025113964",2025-05-01,"19:55:00+00","2025/05/01 19:55:00+00","Non NIBRS Data","Non NIBRS Data","Non NIBRS Data","Gunshot Wound Victims","Gunshot Wound Victims","Shooting (PFE)","Shooting (PFE)","0015XX OLIVER AVE N",4,"Willard - Hay",5,44.99469,-93.30696,-10386883.3439666,5620685.53494485,1,312104,2025,5
-10381453.3792,5616551.3281,"Gunshot Wound Victims","No","25-118615","MP2025118615",2025-05-05,"21:57:00+00","2025/05/05 21:57:00+00","Non NIBRS Data","Non NIBRS Data","Non NIBRS Data","Gunshot Wound Victims","Gunshot Wound Victims","Shooting (PFE)","Shooting (PFE)","0014XX 11TH AVE S",1,"Elliot Park",6,44.96842,-93.25818,-10381453.3792186,5616551.32811461,1,312105,2025,5
-10380537.4748,5613254.1165,"Gunshot Wound Victims","No","25-128101","MP2025128101",2025-05-14,"01:50:00+00","2025/05/14 01:15:00+00","Non NIBRS Data","Non NIBRS Data","Non NIBRS Data","Gunshot Wound Victims","Gunshot Wound Victims","Shooting (PFE)","Shooting (PFE)","0030XX 17TH AVE S",3,"Powderhorn Park",9,44.94746,-93.24995,-10380537.4747996,5613254.11652324,1,312106,2025,5
-10382812.2421,5624885.8165,"Gunshot Wound Victims","No","25-140261","MP2025140261",2025-05-25,"22:48:00+00","2025/05/25 20:40:00+00","Non NIBRS Data","Non NIBRS Data","Non NIBRS Data","Gunshot Wound Victims","Gunshot Wound Victims","Sound of Shots Fired (P)","Shooting (PFE)","0029XX GRAND ST NE",2,"Marshall Terrace",1,45.02137,-93.27039,-10382812.2420999,5624885.81648133,1,312107,2025,5
-10380952.4726,5614948.9907,"Gunshot Wound Victims","No","25-146894","MP2025146894",2025-06-01,"02:51:00+00","2025/06/01 00:52:00+00","Non NIBRS Data","Non NIBRS Data","Non NIBRS Data","Gunshot Wound Victims","Gunshot Wound Victims","Sound of Shots Fired (P)","Shooting (PFE)","0024XX 15TH AVE S",3,"Midtown Phillips",9,44.95824,-93.25368,-10380952.4726119,5614948.99071398,1,312108,2025,6
-10383075.68,5615847.815,"Gunshot Wound Victims","No","25-335917","MP2025335917",2025-11-20,"15:38:00+00","2025/11/20 15:38:00+00","Non NIBRS Data","Non NIBRS Data","Non NIBRS Data","Gunshot Wound Victims","Gunshot Wound Victims","Shooting (PFE)","Shooting (PFE)","19TH ST E / 3RD AVE S",5,"Steven's Square - Loring Heights",6,44.96395,-93.27276,-10383075.68,5615847.815,1,312109,2025,11
-10385114.463,5623305.6212,"Gunshot Wound Victims","No","25-354628","MP2025354628",2025-12-10,"21:25:00+00","2025/12/10 21:25:00+00","Non NIBRS Data","Non NIBRS Data","Non NIBRS Data","Gunshot Wound Victims","Gunshot Wound Victims","ShotSpotter Activation (P)","Shooting (PFE)","0009XX 30TH AVE N",4,"Hawthorne",5,45.01133,-93.29107,-10385114.4630349,5623305.62116895,1,312110,2025,12
-10381972.8063,5617051.0576,"Gunshot Wound Victims","Yes","25-355732","MP2025355732",2025-12-12,"03:35:00+00","2025/12/12 02:25:00+00","Non NIBRS Data","Non NIBRS Data","Non NIBRS Data","Gunshot Wound Victims","Gunshot Wound Victims","Shooting Report Only (P)","Shooting Report Only (P)","0007XX 8TH ST S",1,"Elliot Park",6,44.9716,-93.26285,-10381972.8063377,5617051.05762031,1,312111,2025,12
-10386180.4573,5623741.042,"Gunshot Wound Victims","No","25-361584","MP2025361584",2025-12-18,"18:01:00+00","2025/12/18 16:37:00+00","Non NIBRS Data","Non NIBRS Data","Non NIBRS Data","Gunshot Wound Victims","Gunshot Wound Victims","Shooting Report Only (P)","Shooting Report Only (P)","0032XX JAMES AVE N",4,"Folwell",4,45.0141,-93.30065,-10386180.457292,5623741.04198252,1,312112,2025,12
-10380577.962,5616626.55,"Gunshot Wound Victims","No","25-369781","MP2025369781",2025-12-28,"18:17:00+00","2025/12/28 16:52:00+00","Non NIBRS Data","Non NIBRS Data","Non NIBRS Data","Gunshot Wound Victims","Gunshot Wound Victims","Sound of Shots Fired (P)","Shooting (PFE)","0015XX 6TH ST S",1,"Cedar Riverside",6,44.9689,-93.25032,-10380577.9620403,5616626.54996096,1,312113,2025,12
-10377960.9761,5611789.3973,"Gunshot Wound Victims","No","26-020374","MP202620374",2026-01-25,"21:27:00+00","2026/01/25 18:57:00+00","Non NIBRS Data","Non NIBRS Data","Non NIBRS Data","Gunshot Wound Victims","Gunshot Wound Victims","Person with a Gun (P)","Shooting (PFE)","0035XX MINNEHAHA AVE",3,"Howe",12,44.93815,-93.22681,-10377960.9761383,5611789.39731304,1,312114,2026,1
-10383563.2106,5616495.4724,"Gunshot Wound Victims","No","26-057474","MP202657474",2026-03-08,"03:32:00+00","2026/03/07 23:40:00+00","Non NIBRS Data","Non NIBRS Data","Non NIBRS Data","Gunshot Wound Victims","Gunshot Wound Victims","Shooting (PFE)","Shooting (PFE)","000XX 15TH ST E",1,"Loring Park",7,44.96807,-93.27714,-10383563.2106286,5616495.47243324,1,312115,2026,3
-10385114.463,5623305.6212,"Gunshot Wound Victims","No","25-156003","MP2025156003",2025-06-09,"00:20:00+00","2025/06/09 00:20:00+00","Non NIBRS Data","Non NIBRS Data","Non NIBRS Data","Gunshot Wound Victims","Gunshot Wound Victims","Shooting (PFE)","Shooting (PFE)","0009XX 30TH AVE N",4,"Hawthorne",5,45.01133,-93.29107,-10385114.4630349,5623305.62116895,1,312116,2025,6
-10380817.5608,5614101.1281,"Gunshot Wound Victims","No","25-184634","MP2025184634",2025-07-05,"00:18:00+00","2025/07/04 23:19:00+00","Non NIBRS Data","Non NIBRS Data","Non NIBRS Data","Gunshot Wound Victims","Gunshot Wound Victims","Shooting (PFE)","Shooting (PFE)","0027XX BLOOMINGTON AVE",3,"East Phillips",9,44.95285,-93.25247,-10380817.5607511,5614101.12807021,1,312117,2025,7
-10385210.2037,5626329.7637,"Gunshot Wound Victims","No","25-185040","MP2025185040",2025-07-05,"08:27:00+00","2025/07/05 08:27:00+00","Non NIBRS Data","Non NIBRS Data","Non NIBRS Data","Gunshot Wound Victims","Gunshot Wound Victims","ShotSpotter Activation (P)","Shooting (PFE)","0041XX COLFAX AVE N",4,"Webber - Camden",4,45.03053,-93.29193,-10385210.2037368,5626329.76374409,1,312118,2025,7
-10382795.56,5614810.432,"Gunshot Wound Victims","No","25-204817","MP2025204817",2025-07-23,"00:19:00+00","2025/07/23 00:19:00+00","Non NIBRS Data","Non NIBRS Data","Non NIBRS Data","Gunshot Wound Victims","Gunshot Wound Victims","Sound of Shots Fired (P)","Shooting (PFE)","25TH ST E / 4TH AVE S",5,"Whittier",10,44.95736,-93.27024,-10382795.56,5614810.432,1,312119,2025,7
-10380671.7235,5611866.7619,"Gunshot Wound Victims","No","25-219223","MP2025219223",2025-08-04,"18:38:00+00","2025/08/04 18:38:00+00","Non NIBRS Data","Non NIBRS Data","Non NIBRS Data","Gunshot Wound Victims","Gunshot Wound Victims","Shooting (PFE)","Shooting (PFE)","0035XX 16TH AVE S",3,"Powderhorn Park",9,44.93864,-93.25116,-10380671.723468,5611866.76187767,1,312120,2025,8
-10385098.7178,5619440.6582,"Gunshot Wound Victims","Yes","21-230387","MP2021230387",2021-10-06,"23:45:00+00","2021/10/06 23:10:00+00","Non NIBRS Data","Non NIBRS Data","Non NIBRS Data","Gunshot Wound Victims","Gunshot Wound Victims","Shooting Report Only (P)","Shooting Report Only (P)","0008XX ALDRICH AVE N",4,"Sumner - Glenwood",5,44.98678,-93.29093,-10385098.7178136,5619440.65820941,1,312121,2021,10
-10383501.4329,5615748.8076,"Gunshot Wound Victims","No","21-234386","MP2021234386",2021-10-11,"14:11:00+00","2021/10/11 14:11:00+00","Non NIBRS Data","Non NIBRS Data","Non NIBRS Data","Gunshot Wound Victims","Gunshot Wound Victims","Shooting (PFE)","Shooting (PFE)","0019XX 1ST AVE S",5,"Steven's Square - Loring Heights",6,44.96332,-93.27658,-10383501.4329081,5615748.80760743,1,312122,2021,10
-10384513.8975,5623017.8124,"Gunshot Wound Victims","No","25-205188","MP2025205188",2025-07-23,"14:28:00+00","2025/07/23 11:00:00+00","Non NIBRS Data","Non NIBRS Data","Non NIBRS Data","Gunshot Wound Victims","Gunshot Wound Victims","Sound of Shots Fired (P)~PD","Shooting Report Only (P)","0004XX 29TH AVE N",4,"Hawthorne",5,45.0095,-93.28568,-10384513.8974673,5623017.81243766,1,312141,2025,7
-10381851.6622,5617081.4804,"Gunshot Wound Victims","Yes","26-139085","MP2026139085",2026-05-25,"08:22:00+00","2026/05/25 07:00:00+00","Non NIBRS Data","Non NIBRS Data","Non NIBRS Data","Gunshot Wound Victims","Gunshot Wound Victims","Shooting Report Only (P)","Shooting Report Only (P)","0007XX CHICAGO AVE",4,"Webber - Camden",4,44.97179,-93.26176,-10381851.6622254,5617081.48038588,1,312142,2026,5
-10385162.8358,5629148.3228,"Gunshot Wound Victims","No","26-143594","MP2026143594",2026-05-29,"01:58:00+00","2026/05/29 01:55:00+00","Non NIBRS Data","Non NIBRS Data","Non NIBRS Data","Gunshot Wound Victims","Gunshot Wound Victims","Shooting (PFE)","Shooting (PFE)","0051XX BRYANT AVE N",4,"Lind - Bohanon",4,45.04843,-93.29151,-10385162.8358114,5629148.32278124,1,312143,2026,5
-10378548.286,5616911.8623,"Gunshot Wound Victims","No","26-144345","MP2026144345",2026-05-29,"18:06:00+00","2026/05/29 13:58:00+00","Non NIBRS Data","Non NIBRS Data","Non NIBRS Data","Gunshot Wound Victims","Gunshot Wound Victims","Shooting (PFE)","Shooting (PFE)","0004XX EAST RIVER PKWY",1,"Cedar Riverside",2,44.97071,-93.23209,-10378548.2859839,5616911.8623146,1,312144,2026,5
-10385917.6035,5621321.5228,"Gunshot Wound Victims","No","26-161307","MP2026161307",2026-06-13,"02:28:00+00","2026/06/13 02:28:00+00","Non NIBRS Data","Non NIBRS Data","Non NIBRS Data","Gunshot Wound Victims","Gunshot Wound Victims","Shooting (PFE)","Shooting (PFE)","0014XX GOLDEN VALLEY RD",4,"Near - North",5,44.99873,-93.29829,-10385917.6035208,5621321.52280937,3,312145,2026,6
-10386044.5238,5620683.7077,"Gunshot Wound Victims","No","26-171559","MP2026171559",2026-06-22,"20:20:00+00","2026/06/22 20:20:00+00","Non NIBRS Data","Non NIBRS Data","Non NIBRS Data","Gunshot Wound Victims","Gunshot Wound Victims","Shooting (PFE)","Shooting (PFE)","0015XX IRVING AVE N",4,"Near - North",5,44.99468,-93.29943,-10386044.5237874,5620683.70765332,3,312146,2026,6
-10385827.3614,5623027.8861,"Gunshot Wound Victims","No","26-175454","MP2026175454",2026-06-26,"17:03:00+00","2026/06/26 17:03:00+00","Non NIBRS Data","Non NIBRS Data","Non NIBRS Data","Gunshot Wound Victims","Gunshot Wound Victims","Shooting (PFE)","Shooting (PFE)","0014XX 29TH AVE N",4,"Jordan",5,45.00957,-93.29747,-10385827.3614407,5623027.88605615,1,312147,2026,6
-10387735.2811,5621477.544,"Gunshot Wound Victims","No","26-063458","MP202663458",2026-03-14,"05:22:00+00","2026/03/14 01:45:00+00","Non NIBRS Data","Non NIBRS Data","Non NIBRS Data","Gunshot Wound Victims","Gunshot Wound Victims","Shooting (PFE)","Shooting (PFE)","0020XX UPTON AVE N",4,"Willard - Hay",5,44.99972,-93.31461,-10387735.2811265,5621477.54400181,1,312148,2026,3
-10383217.8535,5615947.8466,"Gunshot Wound Victims","No","26-074769","MP202674769",2026-03-25,"20:20:00+00","2026/03/25 20:20:00+00","Non NIBRS Data","Non NIBRS Data","Non NIBRS Data","Gunshot Wound Victims","Gunshot Wound Victims","Shooting (PFE)","Shooting (PFE)","0018XX 2ND AVE S",5,"Steven's Square - Loring Heights",10,44.96459,-93.27403,-10383217.853472,5615947.84663977,1,312149,2026,3
-10386044.5238,5620683.7077,"Gunshot Wound Victims","No","26-087413","MP202687413",2026-04-07,"16:00:00+00","2026/04/07 15:04:00+00","Non NIBRS Data","Non NIBRS Data","Non NIBRS Data","Gunshot Wound Victims","Gunshot Wound Victims","Shooting (PFE)","Shooting (PFE)","0015XX IRVING AVE N",4,"Willard - Hay",5,44.99468,-93.29943,-10386044.5237874,5620683.70765332,1,312150,2026,4
-10383079.52,5614240.731,"Gunshot Wound Victims","No","26-125455","MP2026125455",2026-05-13,"00:28:00+00","2026/05/12 21:49:00+00","Non NIBRS Data","Non NIBRS Data","Non NIBRS Data","Gunshot Wound Victims","Gunshot Wound Victims","Sound of Shots Fired (P)","Shooting (PFE)","27TH ST E / 3RD AVE S",5,"Whittier",10,44.95373,-93.27279,-10383079.52,5614240.731,1,312151,2026,5
-10382654.9732,5612722.2544,"Gunshot Wound Victims","No","26-129050","MP2026129050",2026-05-16,"01:27:00+00","2026/05/16 01:20:00+00","Non NIBRS Data","Non NIBRS Data","Non NIBRS Data","Gunshot Wound Victims","Gunshot Wound Victims","Shooting (PFE)","Shooting (PFE)","0032XX 5TH AVE S",3,"Central",8,44.94408,-93.26898,-10382654.9731977,5612722.25438781,1,312152,2026,5
-10385918.0824,5621114.0141,"Gunshot Wound Victims","No","26-135200","MP2026135200",2026-05-21,"17:24:00+00","2026/05/21 17:24:00+00","Non NIBRS Data","Non NIBRS Data","Non NIBRS Data","Gunshot Wound Victims","Gunshot Wound Victims","Sound of Shots Fired (P)","Shooting (PFE)","0014XX 18TH AVE N",4,"Near - North",5,44.99741,-93.29829,-10385918.0823549,5621114.01406855,2,312153,2026,5
-10382074.6668,5610168.7447,"Gunshot Wound Victims","No","26-138854","MP2026138854",2026-05-25,"00:19:00+00","2026/05/25 00:19:00+00","Non NIBRS Data","Non NIBRS Data","Non NIBRS Data","Gunshot Wound Victims","Gunshot Wound Victims","Sound of Shots Fired (P)","Shooting (PFE)","0041XX COLUMBUS AVE",3,"Bryant",8,44.92784,-93.26376,-10382074.6668107,5610168.74473076,1,312154,2026,5
-10381101.1482,5612684.0027,"Gunshot Wound Victims","No","26-149451","MP2026149451",2026-06-03,"01:53:00+00","2026/06/03 00:15:00+00","Non NIBRS Data","Non NIBRS Data","Non NIBRS Data","Gunshot Wound Victims","Gunshot Wound Victims","Sound of Shots Fired (P)","Shooting (PFE)","0032XX 14TH AVE S",3,"Powderhorn Park",9,44.94384,-93.25502,-10381101.1481887,5612684.00271971,1,312155,2026,6
-10381940.07,5615651.971,"Gunshot Wound Victims","No","25-271216","MP2025271216",2025-09-21,"02:19:00+00","2025/09/21 00:00:00+00","Non NIBRS Data","Non NIBRS Data","Non NIBRS Data","Gunshot Wound Victims","Gunshot Wound Victims","Shooting (PFE)","Shooting (PFE)","FRANKLIN AVE E / CHICAGO AVE",3,"Ventura Village",6,44.9627,-93.26255,-10381940.07,5615651.971,1,312156,2025,9
-10383501.607,5615947.5898,"Gunshot Wound Victims","No","25-304201","MP2025304201",2025-10-20,"19:14:00+00","2025/10/20 19:11:00+00","Non NIBRS Data","Non NIBRS Data","Non NIBRS Data","Gunshot Wound Victims","Gunshot Wound Victims","Stabbing (PE)","Shooting (PFE)","0018XX 1ST AVE S",5,"Steven's Square - Loring Heights",6,44.96458,-93.27658,-10383501.6069841,5615947.58977873,1,312157,2025,10
-10380124.73,5615325.209,"Gunshot Wound Victims","No","25-329925","MP2025329925",2025-11-14,"06:05:00+00","2025/11/14 06:00:00+00","Non NIBRS Data","Non NIBRS Data","Non NIBRS Data","Gunshot Wound Victims","Gunshot Wound Victims","Shooting (PFE)","Shooting (PFE)","17TH AVE S / CEDAR AVE S",3,"Ventura Village",6,44.96063,-93.24625,-10380124.73,5615325.209,1,312158,2025,11
-10384854.8762,5619568.8353,"Gunshot Wound Victims","No","25-362831","MP2025362831",2025-12-20,"01:10:00+00","2025/12/20 01:10:00+00","Non NIBRS Data","Non NIBRS Data","Non NIBRS Data","Gunshot Wound Victims","Gunshot Wound Victims","Shooting (PFE)","Shooting (PFE)","0009XX 7TH ST N",4,"Sumner - Glenwood",5,44.9876,-93.28874,-10384854.8762111,5619568.83531485,1,312159,2025,12
-10387670.1297,5619335.4452,"Gunshot Wound Victims","No","26-006850","MP20266850",2026-01-08,"21:21:00+00","2026/01/08 21:21:00+00","Non NIBRS Data","Non NIBRS Data","Non NIBRS Data","Gunshot Wound Victims","Gunshot Wound Victims","Shooting (PFE)","Shooting (PFE)","0026XX 8TH AVE N",4,"Willard - Hay",5,44.98611,-93.31403,-10387670.1297075,5619335.44522895,1,312160,2026,1
-10380237.3112,5616638.499,"Gunshot Wound Victims","No","21-235715","MP2021235715",2021-10-13,"04:27:00+00","2021/10/13 02:23:00+00","Non NIBRS Data","Non NIBRS Data","Non NIBRS Data","Gunshot Wound Victims","Gunshot Wound Victims","Shooting (PFE)","Shooting (PFE)","0004XX CEDAR AVE S",1,"Cedar Riverside",6,44.96897,-93.24726,-10380237.3112106,5616638.4990028,1,312173,2021,10
0,0,"Gunshot Wound Victims","No","21-238782","MP2021238782",2021-10-16,"22:57:00+00","2021/10/16 19:30:00+00","Non NIBRS Data","Non NIBRS Data","Non NIBRS Data","Gunshot Wound Victims","Gunshot Wound Victims","Shooting Report Only (P)","Shooting Report Only (P)","No Address",NA,NA,NA,0,0,0,0,1,312174,2021,10
-10384941.7424,5622190.1583,"Gunshot Wound Victims","No","21-243767","MP2021243767",2021-10-22,"15:36:00+00","2021/10/22 15:20:00+00","Non NIBRS Data","Non NIBRS Data","Non NIBRS Data","Gunshot Wound Victims","Gunshot Wound Victims","Shooting Report Only (P)","Shooting Report Only (P)","0024XX ALDRICH AVE N",4,"Hawthorne",5,45.00425,-93.28952,-10384941.742382,5622190.15826781,1,312175,2021,10
-10383137.6363,5621425.5719,"Gunshot Wound Victims","No","21-248935","MP2021248935",2021-10-29,"05:05:00+00","2021/10/29 03:05:00+00","Non NIBRS Data","Non NIBRS Data","Non NIBRS Data","Gunshot Wound Victims","Gunshot Wound Victims","Shooting (PFE)","Shooting (PFE)","0013XX WATER ST",2,"Sheridan",3,44.99939,-93.27331,-10383137.636321,5621425.57191903,1,312176,2021,10
-10382234.8151,5613676.7068,"Gunshot Wound Victims","No","21-253603","MP2021253603",2021-11-03,"15:04:00+00","2021/11/03 14:55:00+00","Non NIBRS Data","Non NIBRS Data","Non NIBRS Data","Gunshot Wound Victims","Gunshot Wound Victims","Sound of Shots Fired (P)","Shooting (PFE)","0028XX PARK AVE",3,"Phillips West",8,44.95015,-93.2652,-10382234.8151401,5613676.70683913,1,312177,2021,11
-10384774.5664,5615229.7072,"Gunshot Wound Victims","No","21-256875","MP2021256875",2021-11-07,"06:29:00+00","2021/11/07 02:16:00+00","Non NIBRS Data","Non NIBRS Data","Non NIBRS Data","Gunshot Wound Victims","Gunshot Wound Victims","Sound of Shots Fired (P)","Shooting (PFE)","0023XX LYNDALE AVE S",5,"Lowry Hill East",10,44.96002,-93.28802,-10384774.5663658,5615229.70717379,2,312178,2021,11
-10385827.3614,5623027.8861,"Gunshot Wound Victims",NA,"21-258265","MP2021258265",2021-11-08,"20:54:00+00","2021/11/08 18:00:00+00","Non NIBRS Data","Non NIBRS Data","Non NIBRS Data","Gunshot Wound Victims","Gunshot Wound Victims","Shooting Report Only (P)","Shooting Report Only (P)","0014XX 29TH AVE N",4,"Jordan",5,45.00957,-93.29747,-10385827.3614407,5623027.88605615,1,312179,2021,11
-10379957.3287,5617671.4146,"Gunshot Wound Victims","No","26-026329","MP202626329",2026-02-02,"01:12:00+00","2026/02/02 01:12:00+00","Non NIBRS Data","Non NIBRS Data","Non NIBRS Data","Gunshot Wound Victims","Gunshot Wound Victims","Shooting (PFE)","Shooting (PFE)","0019XX 1ST ST S",1,"Cedar Riverside",2,44.97554,-93.24474,-10379957.3286916,5617671.41463501,1,312182,2026,2
-10386608.62,5619330.655,"Gunshot Wound Victims","No","26-049732","MP202649732",2026-02-28,"03:28:00+00","2026/02/28 01:40:00+00","Non NIBRS Data","Non NIBRS Data","Non NIBRS Data","Gunshot Wound Victims","Gunshot Wound Victims","Shooting Report Only (P)","Shooting Report Only (P)","8TH AVE N / MORGAN AVE N",4,"Near - North",5,44.98608,-93.30449,-10386608.62,5619330.655,1,312184,2026,2
-10385583.9534,5628006.4076,"Gunshot Wound Victims","No","26-067941","MP202667941",2026-03-19,"05:04:00+00","2026/03/19 05:00:00+00","Non NIBRS Data","Non NIBRS Data","Non NIBRS Data","Gunshot Wound Victims","Gunshot Wound Victims","Shooting (PFE)","Shooting (PFE)","0047XX EMERSON AVE N",4,"Lind - Bohanon",4,45.04118,-93.29529,-10385583.9533668,5628006.40760686,1,312186,2026,3
-10385057.079,5624579.5385,"Gunshot Wound Victims","No","26-082271","MP202682271",2026-04-02,"01:15:00+00","2026/04/02 01:15:00+00","Non NIBRS Data","Non NIBRS Data","Non NIBRS Data","Gunshot Wound Victims","Gunshot Wound Victims","Auto Theft in Progress (P)","Auto Theft in Progress (P)","0035XX BRYANT AVE N",4,"McKinley",4,45.01942,-93.29056,-10385057.0789738,5624579.53850112,2,312188,2026,4
-10381939.9625,5615748.6044,"Gunshot Wound Victims","No","26-085707","MP202685707",2026-04-05,"18:29:00+00","2026/04/05 17:30:00+00","Non NIBRS Data","Non NIBRS Data","Non NIBRS Data","Gunshot Wound Victims","Gunshot Wound Victims","Shooting Report Only (P)","Shooting Report Only (P)","0019XX CHICAGO AVE",3,"Ventura Village",6,44.96332,-93.26255,-10381939.9625171,5615748.60444782,1,312190,2026,4
-10383638.5695,5615967.6117,"Gunshot Wound Victims","No","26-097308","MP202697308",2026-04-16,"18:43:00+00","2026/04/16 17:28:00+00","Non NIBRS Data","Non NIBRS Data","Non NIBRS Data","Gunshot Wound Victims","Gunshot Wound Victims","Shooting (PFE)","Shooting (PFE)","0018XX NICOLLET AVE",5,"Steven's Square - Loring Heights",6,44.96471,-93.27781,-10383638.5695197,5615967.61169239,1,312192,2026,4
-10380801.85,5615513.248,"Gunshot Wound Victims","No","26-115659","MP2026115659",2026-05-04,"01:09:00+00","2026/05/04 00:07:00+00","Non NIBRS Data","Non NIBRS Data","Non NIBRS Data","Gunshot Wound Victims","Gunshot Wound Victims","Shooting (PFE)","Shooting (PFE)","21ST ST E / BLOOMINGTON AVE",3,"Ventura Village",6,44.96182,-93.25233,-10380801.85,5615513.248,1,312194,2026,5
-10378580.3416,5605632.1178,"Gunshot Wound Victims","No","26-169446","MP2026169446",2026-06-20,"21:45:00+00","2026/06/20 21:45:00+00","Non NIBRS Data","Non NIBRS Data","Non NIBRS Data","Gunshot Wound Victims","Gunshot Wound Victims","Sound of Shots Fired (P)","Shooting (PFE)","0057XX 28TH AVE S",3,"Wenonah",11,44.89898,-93.23237,-10378580.341609,5605632.11783857,1,312196,2026,6
-10382935.1223,5614664.522,"Gunshot Wound Victims","No","26-174826","MP2026174826",2026-06-26,"02:24:00+00","2026/06/26 00:47:00+00","Non NIBRS Data","Non NIBRS Data","Non NIBRS Data","Gunshot Wound Victims","Gunshot Wound Victims","Shooting (PFE)","Shooting (PFE)","0025XX CLINTON AVE",5,"Whittier",10,44.95643,-93.27149,-10382935.1223369,5614664.52197543,1,312198,2026,6
-10384024.7045,5614946.5053,"Gunshot Wound Victims","No","26-121615","MP2026121615",2026-05-09,"17:39:00+00","2026/05/09 17:39:00+00","Non NIBRS Data","Non NIBRS Data","Non NIBRS Data","Gunshot Wound Victims","Gunshot Wound Victims","Shooting (PFE)","Shooting (PFE)","0024XX PILLSBURY AVE",5,"Whittier",10,44.95822,-93.28128,-10384024.7045111,5614946.50529274,1,312273,2026,5
-10381516.8973,5611868.785,"Gunshot Wound Victims","No","26-130861","MP2026130861",2026-05-17,"18:29:00+00","2026/05/17 18:29:00+00","Non NIBRS Data","Non NIBRS Data","Non NIBRS Data","Gunshot Wound Victims","Gunshot Wound Victims","Shooting (PFE)","Shooting (PFE)","0035XX 11TH AVE S",3,"Powderhorn Park",9,44.93865,-93.25875,-10381516.8972906,5611868.78500113,1,312274,2026,5
-10386462.5726,5623743.9212,"Gunshot Wound Victims","No","26-175758","MP2026175758",2026-06-26,"21:35:00+00","2026/06/26 21:35:00+00","Non NIBRS Data","Non NIBRS Data","Non NIBRS Data","Gunshot Wound Victims","Gunshot Wound Victims","Shooting (PFE)","Shooting (PFE)","0032XX LOGAN AVE N",4,"Folwell",4,45.01412,-93.30318,-10386462.5725875,5623743.92120553,2,312275,2026,6
-10381944.0294,5614664.5705,"Gunshot Wound Victims","No","26-176118","MP2026176118",2026-06-27,"03:28:00+00","2026/06/27 03:28:00+00","Non NIBRS Data","Non NIBRS Data","Non NIBRS Data","Gunshot Wound Victims","Gunshot Wound Victims","Shooting Report Only (P)","Shooting Report Only (P)","0025XX CHICAGO AVE",3,"Midtown Phillips",9,44.95643,-93.26259,-10381944.0294104,5614664.57047208,1,312276,2026,6
-10387450.1757,5621474.5659,"Gunshot Wound Victims","No","21-150248","MP2021150248",2021-07-07,"23:43:00+00","2021/07/07 23:43:00+00","Non NIBRS Data","Non NIBRS Data","Non NIBRS Data","Gunshot Wound Victims","Gunshot Wound Victims","ShotSpotter Activation (P)","Shooting (PFE)","0020XX SHERIDAN AVE N",4,"Willard - Hay",5,44.9997,-93.31205,-10387450.175744,5621474.56589338,2,312308,2021,7
-10387690.967,5627520.1339,"Gunshot Wound Victims","No","21-150695","MP2021150695",2021-07-08,"18:46:00+00","2021/07/08 15:38:00+00","Non NIBRS Data","Non NIBRS Data","Non NIBRS Data","Gunshot Wound Victims","Gunshot Wound Victims","Shooting (PFE)","Shooting (PFE)","0045XX THOMAS AVE N",4,"Victory",4,45.03809,-93.31422,-10387690.9670211,5627520.13389943,1,312309,2021,7
-10387307.6302,5622683.4,"Gunshot Wound Victims","No","21-157322","MP2021157322",2021-07-16,"15:07:00+00","2021/07/16 10:45:00+00","Non NIBRS Data","Non NIBRS Data","Non NIBRS Data","Gunshot Wound Victims","Gunshot Wound Victims","Assist Fire Personnel (P)","Shooting (PFE)","0026XX RUSSELL AVE N",4,"Jordan",4,45.00738,-93.31077,-10387307.6301771,5622683.39999643,1,312310,2021,7
-10381244.887,5613253.5335,"Gunshot Wound Victims","Yes","21-163275","MP2021163275",2021-07-23,"03:30:00+00","2021/07/23 03:30:00+00","Non NIBRS Data","Non NIBRS Data","Non NIBRS Data","Gunshot Wound Victims","Gunshot Wound Victims","Shooting Report Only (P)","Shooting Report Only (P)","0030XX 13TH AVE S",3,"Midtown Phillips",9,44.94746,-93.25631,-10381244.8870021,5613253.53345264,1,312311,2021,7
-10380204.6023,5615637.1687,"Gunshot Wound Victims","No","21-170466","MP2021170466",2021-07-31,"06:00:00+00","2021/07/31 05:19:00+00","Non NIBRS Data","Non NIBRS Data","Non NIBRS Data","Gunshot Wound Victims","Gunshot Wound Victims","Shooting (PFE)","Shooting (PFE)","0018XX FRANKLIN AVE E",3,"Seward",6,44.96261,-93.24696,-10380204.602276,5615637.16874772,1,312312,2021,7
-10385898.2623,5623453.5119,"Gunshot Wound Victims","No","21-170844","MP2021170844",2021-07-31,"18:17:00+00","2021/07/31 18:17:00+00","Non NIBRS Data","Non NIBRS Data","Non NIBRS Data","Gunshot Wound Victims","Gunshot Wound Victims","ShotSpotter Activation (P)","Shooting (PFE)","0031XX HUMBOLDT AVE N",4,"Jordan",5,45.01227,-93.29811,-10385898.2622823,5623453.51188002,1,312313,2021,7
-10385282.4507,5622017.7863,"Gunshot Wound Victims","No","21-172796","MP2021172796",2021-08-03,"00:05:00+00","2021/08/03 00:05:00+00","Non NIBRS Data","Non NIBRS Data","Non NIBRS Data","Gunshot Wound Victims","Gunshot Wound Victims","Shooting (PFE)","Shooting (PFE)","0023XX DUPONT AVE N",4,"Hawthorne",5,45.00315,-93.29258,-10385282.4507248,5622017.7862533,1,312314,2021,8
-10382144.0691,5610877.9577,"Gunshot Wound Victims","No","21-174440","MP2021174440",2021-08-04,"19:54:00+00","2021/08/04 19:54:00+00","Non NIBRS Data","Non NIBRS Data","Non NIBRS Data","Gunshot Wound Victims","Gunshot Wound Victims","Sound of Shots Fired (P)","Shooting (PFE)","0007XX 39TH ST E",3,"Bryant",8,44.93235,-93.26439,-10382144.069054,5610877.9577397,1,312315,2021,8
-10381228.4289,5615160.4513,"Gunshot Wound Victims","No","21-263169","MP2021263169",2021-11-15,"09:08:00+00","2021/11/15 08:45:00+00","Non NIBRS Data","Non NIBRS Data","Non NIBRS Data","Gunshot Wound Victims","Gunshot Wound Victims","Shooting (PFE)","Shooting (PFE)","0023XX 13TH AVE S",3,"Ventura Village",6,44.95958,-93.25616,-10381228.4289031,5615160.45130353,1,312365,2021,11
-10381807.8219,5613961.0113,"Gunshot Wound Victims","No","21-277927","MP2021277927",2021-12-04,"01:33:00+00","2021/12/04 00:07:00+00","Non NIBRS Data","Non NIBRS Data","Non NIBRS Data","Gunshot Wound Victims","Gunshot Wound Victims","Check the Welfare (P)","Shooting Report Only (P)","0009XX 28TH ST E",3,"Midtown Phillips",9,44.95196,-93.26137,-10381807.8219322,5613961.01130238,1,312366,2021,12
-10380701.2527,5618819.4909,"Gunshot Wound Victims","No","21-283829","MP2021283829",2021-12-11,"17:54:00+00","2021/12/11 17:54:00+00","Non NIBRS Data","Non NIBRS Data","Non NIBRS Data","Gunshot Wound Victims","Gunshot Wound Victims","Shooting (PFE)","Shooting (PFE)","0005XX MAIN ST SE",2,"Marcy Holmes",3,44.98283,-93.25143,-10380701.2526959,5618819.49093989,1,312367,2021,12
-10383094.1187,5617413.65,"Gunshot Wound Victims","Yes","21-287935","MP2021287935",2021-12-17,"02:16:00+00","2021/12/17 00:36:00+00","Non NIBRS Data","Non NIBRS Data","Non NIBRS Data","Gunshot Wound Victims","Gunshot Wound Victims","Shooting (PFE)","Shooting (PFE)","0009XX MARQUETTE AVE",1,"Downtown West",7,44.9739,-93.27292,-10383094.1187114,5617413.64995348,1,312368,2021,12
-10387062.655,5617372.3109,"Gunshot Wound Victims","No","21-296640","MP2021296640",2021-12-29,"13:15:00+00","2021/12/29 11:30:00+00","Non NIBRS Data","Non NIBRS Data","Non NIBRS Data","Gunshot Wound Victims","Gunshot Wound Victims","Robbery of Biz In Progress (P)","Shooting (PFE)","0004XX CEDAR LAKE RD S",4,"Bryn - Mawr",7,44.97364,-93.30857,-10387062.6549928,5617372.31087596,1,312369,2021,12
-10376682.2062,5617299.5863,"Gunshot Wound Victims","No","21-297052","MP2021297052",2021-12-30,"01:54:00+00","2021/12/29 22:47:00+00","Non NIBRS Data","Non NIBRS Data","Non NIBRS Data","Gunshot Wound Victims","Gunshot Wound Victims","Shooting Report Only (P)","Shooting Report Only (P)","0004XX 29TH AVE SE",2,"Prospect Park - East River Road",2,44.97318,-93.21532,-10376682.2061974,5617299.58631085,1,312370,2021,12
-10386674.8967,5620183.8911,"Gunshot Wound Victims","No","22-001459","MP20221459",2022-01-02,"21:47:00+00","2022/01/01 05:40:00+00","Non NIBRS Data","Non NIBRS Data","Non NIBRS Data","Gunshot Wound Victims","Gunshot Wound Victims","Shooting Report Only (P)","Shooting Report Only (P)","0019XX PLYMOUTH AVE N",4,"Near - North",5,44.9915,-93.30509,-10386674.8966792,5620183.89112344,1,312371,2022,1
-10380666.7387,5615231.702,"Gunshot Wound Victims","No","22-004827","MP20224827",2022-01-07,"18:09:00+00","2022/01/07 18:09:00+00","Non NIBRS Data","Non NIBRS Data","Non NIBRS Data","Gunshot Wound Victims","Gunshot Wound Victims","Sound of Shots Fired (P)","Shooting (PFE)","0022XX 16TH AVE S",3,"Ventura Village",6,44.96003,-93.25112,-10380666.7386968,5615231.70197177,1,312407,2022,1
-10383501.607,5615947.5898,"Gunshot Wound Victims","No","22-006856","MP20226856",2022-01-10,"21:36:00+00","2022/01/10 19:48:00+00","Non NIBRS Data","Non NIBRS Data","Non NIBRS Data","Gunshot Wound Victims","Gunshot Wound Victims","Sound of Shots Fired (P)","Shooting (PFE)","0018XX 1ST AVE S",5,"Steven's Square - Loring Heights",6,44.96458,-93.27658,-10383501.6069841,5615947.58977873,1,312409,2022,1
-10384754.4438,5619074.0608,"Gunshot Wound Victims","No","22-012374","MP202212374",2022-01-18,"22:46:00+00","2022/01/18 21:21:00+00","Non NIBRS Data","Non NIBRS Data","Non NIBRS Data","Gunshot Wound Victims","Gunshot Wound Victims","Shooting (PFE)","Shooting (PFE)","0013XX INTERSTATE 94",1,"Loring Park",7,44.98445,-93.28784,-10384754.4437737,5619074.06082226,1,312411,2022,1
-10384216.3693,5619483.2951,"Gunshot Wound Victims","No","22-018838","MP202218838",2022-01-27,"18:03:00+00","2022/01/27 18:03:00+00","Non NIBRS Data","Non NIBRS Data","Non NIBRS Data","Gunshot Wound Victims","Gunshot Wound Victims","Shooting (PFE)","Shooting (PFE)","0009XX 5TH ST N",1,"North Loop",5,44.98705,-93.283,-10384216.3692748,5619483.295077,1,312413,2022,1
-10381941.2915,5615440.2167,"Gunshot Wound Victims","No","22-022797","MP202222797",2022-02-02,"06:18:00+00","2022/02/02 06:10:00+00","Non NIBRS Data","Non NIBRS Data","Non NIBRS Data","Gunshot Wound Victims","Gunshot Wound Victims","Shooting (PFE)","Shooting (PFE)","0021XX CHICAGO AVE",3,"Ventura Village",6,44.96136,-93.26257,-10381941.2914788,5615440.21670984,1,312415,2022,2
-10384588.7982,5628197.838,"Gunshot Wound Victims","No","22-026681","MP202226681",2022-02-07,"15:24:00+00","2022/02/07 13:17:00+00","Non NIBRS Data","Non NIBRS Data","Non NIBRS Data","Gunshot Wound Victims","Gunshot Wound Victims","ShotSpotter Activation (P)","Shooting (PFE)","0048XX LYNDALE AVE N",4,"Lind - Bohanon",4,45.04239,-93.28635,-10384588.7982197,5628197.83798285,1,312417,2022,2
-10387307.3698,5621757.8171,"Gunshot Wound Victims","No","22-029088","MP202229088",2022-02-10,"15:43:00+00","2022/02/10 15:43:00+00","Non NIBRS Data","Non NIBRS Data","Non NIBRS Data","Gunshot Wound Victims","Gunshot Wound Victims","Sound of Shots Fired (P)","Shooting (PFE)","0022XX RUSSELL AVE N",4,"Willard - Hay",5,45.0015,-93.31077,-10387307.3697963,5621757.81707668,2,312419,2022,2
-10386432.5707,5621799.3839,"Gunshot Wound Victims","No","21-177254","MP2021177254",2021-08-07,"21:59:00+00","2021/08/07 21:59:00+00","Non NIBRS Data","Non NIBRS Data","Non NIBRS Data","Gunshot Wound Victims","Gunshot Wound Victims","Shooting (PFE)","Shooting (PFE)","0022XX ILION AVE N",4,"Jordan",5,45.00177,-93.30291,-10386432.5706513,5621799.38385658,1,312571,2021,8
-10381244.887,5613253.5335,"Gunshot Wound Victims","No","21-177877","MP2021177877",2021-08-08,"17:17:00+00","2021/08/08 17:15:00+00","Non NIBRS Data","Non NIBRS Data","Non NIBRS Data","Gunshot Wound Victims","Gunshot Wound Victims","Sound of Shots Fired (P)~PD","Shooting (PFE)","0030XX 13TH AVE S",3,"Midtown Phillips",9,44.94746,-93.25631,-10381244.8870021,5613253.53345264,1,312573,2021,8
-10383940.3066,5613393.4596,"Gunshot Wound Victims","No","21-183447","MP2021183447",2021-08-15,"01:55:00+00","2021/08/15 01:55:00+00","Non NIBRS Data","Non NIBRS Data","Non NIBRS Data","Gunshot Wound Victims","Gunshot Wound Victims","Unknown Trouble (P)","Shooting (PFE)","0001XX LAKE ST W",5,"Whittier",10,44.94835,-93.28052,-10383940.3065747,5613393.45964733,1,312575,2021,8
-10383169.4392,5619208.4886,"Gunshot Wound Victims","No","21-189586","MP2021189586",2021-08-22,"04:05:00+00","2021/08/22 02:17:00+00","Non NIBRS Data","Non NIBRS Data","Non NIBRS Data","Gunshot Wound Victims","Gunshot Wound Victims","Slumper (PE)","Shooting (PFE)","0004XX WASHINGTON AVE N",1,"North Loop",3,44.98531,-93.2736,-10383169.4392016,5619208.48862504,1,312577,2021,8
-10383118.5236,5618500.6487,"Gunshot Wound Victims","Yes","21-194655","MP2021194655",2021-08-28,"02:59:00+00","2021/08/28 01:34:00+00","Non NIBRS Data","Non NIBRS Data","Non NIBRS Data","Gunshot Wound Victims","Gunshot Wound Victims","Shooting (PFE)","Shooting (PFE)","0004XX 1ST AVE N",1,"Downtown West",7,44.98081,-93.27314,-10383118.5236206,5618500.64868183,1,312579,2021,8
-10386921.906,5618488.418,"Gunshot Wound Victims","No","21-196842","MP2021196842",2021-08-30,"16:44:00+00","2021/08/30 16:44:00+00","Non NIBRS Data","Non NIBRS Data","Non NIBRS Data","Gunshot Wound Victims","Gunshot Wound Victims","ShotSpotter Activation (P)","ShotSpotter Activation (P)","0020XX GLENWOOD AVE",4,"Harrison",5,44.98073,-93.30731,-10386921.9060465,5618488.41802456,1,312581,2021,8
-10381244.887,5613253.5335,"Gunshot Wound Victims","No","21-201561","MP2021201561",2021-09-04,"20:58:00+00","2021/09/04 20:51:00+00","Non NIBRS Data","Non NIBRS Data","Non NIBRS Data","Gunshot Wound Victims","Gunshot Wound Victims","Shooting Report Only (P)","Shooting Report Only (P)","0030XX 13TH AVE S",3,"Midtown Phillips",9,44.94746,-93.25631,-10381244.8870021,5613253.53345264,1,312582,2021,9
-10382654.5656,5615508.8536,"Gunshot Wound Victims","No","21-209153","MP2021209153",2021-09-13,"09:14:00+00","2021/09/13 07:55:00+00","Non NIBRS Data","Non NIBRS Data","Non NIBRS Data","Gunshot Wound Victims","Gunshot Wound Victims","Shooting (PFE)","Shooting (PFE)","0020XX 5TH AVE S",3,"Ventura Village",6,44.96179,-93.26897,-10382654.5656305,5615508.85362165,1,312583,2021,9
-10384772.835,5623115.5353,"Gunshot Wound Victims","No","21-211917","MP2021211917",2021-09-16,"09:58:00+00","2021/09/16 09:58:00+00","Non NIBRS Data","Non NIBRS Data","Non NIBRS Data","Gunshot Wound Victims","Gunshot Wound Victims","Shooting (PFE)","Shooting (PFE)","0029XX LYNDALE AVE N",4,"Hawthorne",5,45.01012,-93.288,-10384772.8350465,5623115.5352989,1,312748,2021,9
-10384941.9664,5621657.1554,"Gunshot Wound Victims","Yes","21-215149","MP2021215149",2021-09-19,"21:11:00+00","2021/09/19 18:00:00+00","Non NIBRS Data","Non NIBRS Data","Non NIBRS Data","Gunshot Wound Victims","Gunshot Wound Victims","Shooting Report Only (P)","Shooting Report Only (P)","0021XX ALDRICH AVE N",4,"Near - North",5,45.00086,-93.28952,-10384941.9664195,5621657.15536339,1,312749,2021,9
-10382234.8151,5613676.7068,"Gunshot Wound Victims","No","21-220848","MP2021220848",2021-09-26,"03:48:00+00","2021/09/26 03:48:00+00","Non NIBRS Data","Non NIBRS Data","Non NIBRS Data","Gunshot Wound Victims","Gunshot Wound Victims","Shooting Report Only (P)","Shooting Report Only (P)","0028XX PARK AVE",3,"Phillips West",9,44.95015,-93.2652,-10382234.8151401,5613676.70683913,1,312750,2021,9
-10384941.9664,5621657.1554,"Gunshot Wound Victims","No","21-221180","MP2021221180",2021-09-26,"15:36:00+00","2021/09/26 15:35:00+00","Non NIBRS Data","Non NIBRS Data","Non NIBRS Data","Gunshot Wound Victims","Gunshot Wound Victims","Shooting (PFE)","Shooting (PFE)","0021XX ALDRICH AVE N",4,"Near - North",5,45.00086,-93.28952,-10384941.9664195,5621657.15536339,1,312751,2021,9
-10376460.1161,5606638.433,"Gunshot Wound Victims","No","21-223969","MP2021223969",2021-09-29,"21:02:00+00","2021/09/29 20:30:00+00","Non NIBRS Data","Non NIBRS Data","Non NIBRS Data","Gunshot Wound Victims","Gunshot Wound Victims","Shooting Report Only (P)","Shooting Report Only (P)","0041XX 54TH ST E",3,"Morris Park",12,44.90538,-93.21333,-10376460.1161259,5606638.43301116,1,312752,2021,9
-10384941.9664,5621657.1554,"Gunshot Wound Victims","No","21-228487","MP2021228487",2021-10-04,"20:14:00+00","2021/10/04 20:14:00+00","Non NIBRS Data","Non NIBRS Data","Non NIBRS Data","Gunshot Wound Victims","Gunshot Wound Victims","ShotSpotter Activation (P)","Shooting (PFE)","0021XX ALDRICH AVE N",4,"Hawthorne",5,45.00086,-93.28952,-10384941.9664195,5621657.15536339,4,312753,2021,10
-10379265.9874,5615851.1614,"Gunshot Wound Victims","No","21-233853","MP2021233853",2021-10-10,"19:52:00+00","2021/10/10 19:52:00+00","Non NIBRS Data","Non NIBRS Data","Non NIBRS Data","Gunshot Wound Victims","Gunshot Wound Victims","Shooting (PFE)","Shooting (PFE)","0023XX 9TH ST S",3,"Seward",6,44.96397,-93.23853,-10379265.9874186,5615851.16136094,1,312754,2021,10
-10385057.079,5624579.5385,"Gunshot Wound Victims","No","21-235498","MP2021235498",2021-10-12,"20:06:00+00","2021/10/12 20:06:00+00","Non NIBRS Data","Non NIBRS Data","Non NIBRS Data","Gunshot Wound Victims","Gunshot Wound Victims","Sound of Shots Fired (P)","Shooting (PFE)","0035XX BRYANT AVE N",4,"McKinley",4,45.01942,-93.29056,-10385057.0789738,5624579.53850112,1,312755,2021,10
-10384941.9664,5621657.1554,"Gunshot Wound Victims","Yes","21-236978","MP2021236978",2021-10-14,"21:04:00+00","2021/10/14 12:00:00+00","Non NIBRS Data","Non NIBRS Data","Non NIBRS Data","Gunshot Wound Victims","Gunshot Wound Victims","Shooting Report Only (P)","Shooting Report Only (P)","0021XX ALDRICH AVE N",4,"Near - North",5,45.00086,-93.28952,-10384941.9664195,5621657.15536339,1,312849,2021,10
-10382144.5806,5610594.4852,"Gunshot Wound Victims","No","21-241320","MP2021241320",2021-10-19,"19:32:00+00","2021/10/19 19:32:00+00","Non NIBRS Data","Non NIBRS Data","Non NIBRS Data","Gunshot Wound Victims","Gunshot Wound Victims","Shooting (PFE)","Shooting (PFE)","0007XX 40TH ST E",3,"Bryant",8,44.93055,-93.26439,-10382144.5805649,5610594.48517586,1,312851,2021,10
-10381939.977,5615945.0839,"Gunshot Wound Victims","No","21-246900","MP2021246900",2021-10-26,"17:21:00+00","2021/10/26 15:23:00+00","Non NIBRS Data","Non NIBRS Data","Non NIBRS Data","Gunshot Wound Victims","Gunshot Wound Victims","Sound of Shots Fired (P)","Shooting (PFE)","0018XX CHICAGO AVE",3,"Ventura Village",6,44.96457,-93.26255,-10381939.9770378,5615945.08385428,3,312853,2021,10
-10385619.1417,5624870.3078,"Gunshot Wound Victims","No","21-251080","MP2021251080",2021-10-31,"13:18:00+00","2021/10/31 13:18:00+00","Non NIBRS Data","Non NIBRS Data","Non NIBRS Data","Gunshot Wound Victims","Gunshot Wound Victims","ShotSpotter Activation (P)","ShotSpotter Activation (P)","0036XX FREMONT AVE N",4,"Folwell",4,45.02127,-93.2956,-10385619.1417297,5624870.30782703,1,312855,2021,10
-10381584.1004,5611443.3138,"Gunshot Wound Victims",NA,"21-254090","MP2021254090",2021-11-04,"03:00:00+00","2021/11/04 00:00:00+00","Non NIBRS Data","Non NIBRS Data","Non NIBRS Data","Gunshot Wound Victims","Gunshot Wound Victims","Shooting Report Only (P)","Shooting Report Only (P)","0010XX 37TH ST E",3,"Powderhorn Park",9,44.93595,-93.25936,-10381584.1003758,5611443.31378496,1,312857,2021,11
-10379707.5348,5616163.7821,"Gunshot Wound Victims","Yes","21-256293","MP2021256293",2021-11-06,"18:20:00+00","2021/11/06 16:05:00+00","Non NIBRS Data","Non NIBRS Data","Non NIBRS Data","Gunshot Wound Victims","Gunshot Wound Victims","Shooting (PFE)","Shooting (PFE)","0007XX 21ST AVE S",1,"Cedar Riverside",2,44.96596,-93.2425,-10379707.5347928,5616163.7820742,1,312859,2021,11
-10384941.9664,5621657.1554,"Gunshot Wound Victims","No","22-103416","MP2022103416",2022-05-14,"12:43:00+00","2022/05/14 12:43:00+00","Non NIBRS Data","Non NIBRS Data","Non NIBRS Data","Gunshot Wound Victims","Gunshot Wound Victims","Shooting (PFE)","Shooting (PFE)","0021XX ALDRICH AVE N",4,"Near - North",5,45.00086,-93.28952,-10384941.9664195,5621657.15536339,2,312953,2022,5
-10386327.4343,5619679.9649,"Gunshot Wound Victims","No","22-108969","MP2022108969",2022-05-21,"00:19:00+00","2022/05/20 21:15:00+00","Non NIBRS Data","Non NIBRS Data","Non NIBRS Data","Gunshot Wound Victims","Gunshot Wound Victims","ShotSpotter Activation (P)","Shooting (PFE)","0010XX KNOX AVE N",4,"Near - North",5,44.9883,-93.30197,-10386327.434347,5619679.96488865,1,312954,2022,5
-10381941.2915,5615440.2167,"Gunshot Wound Victims","No","22-109675","MP2022109675",2022-05-21,"17:51:00+00","2022/05/21 17:51:00+00","Non NIBRS Data","Non NIBRS Data","Non NIBRS Data","Gunshot Wound Victims","Gunshot Wound Victims","ShotSpotter Activation (P)","Shooting (PFE)","0021XX CHICAGO AVE",3,"Ventura Village",6,44.96136,-93.26257,-10381941.2914788,5615440.21670984,1,312955,2022,5
-10381661.4785,5614664.9992,"Gunshot Wound Victims","No","22-112383","MP2022112383",2022-05-24,"21:15:00+00","2022/05/24 21:15:00+00","Non NIBRS Data","Non NIBRS Data","Non NIBRS Data","Gunshot Wound Victims","Gunshot Wound Victims","Shooting Report Only (P)","Shooting Report Only (P)","0025XX 10TH AVE S",3,"East Phillips",9,44.95643,-93.26005,-10381661.4784662,5614664.99916609,1,312956,2022,5
-10381862.9629,5611160.3133,"Gunshot Wound Victims",NA,"22-113039","MP2022113039",2022-05-25,"22:15:00+00","2022/05/25 18:03:00+00","Non NIBRS Data","Non NIBRS Data","Non NIBRS Data","Gunshot Wound Victims","Gunshot Wound Victims","Shooting Report Only (P)","Shooting Report Only (P)","0008XX 38TH ST E",3,"Powderhorn Park",9,44.93415,-93.26186,-10381862.9629145,5611160.31334202,1,312957,2022,5
-10384056.3995,5620861.677,"Gunshot Wound Victims","No","22-120269","MP2022120269",2022-06-02,"20:28:00+00","2022/06/02 20:28:00+00","Non NIBRS Data","Non NIBRS Data","Non NIBRS Data","Gunshot Wound Victims","Gunshot Wound Victims","Shooting (PFE)","Shooting (PFE)","0016XX WASHINGTON AVE N",4,"Near - North",5,44.99581,-93.28157,-10384056.3995044,5620861.67704219,1,312958,2022,6
-10384941.9664,5621657.1554,"Gunshot Wound Victims","No","22-120992","MP2022120992",2022-06-03,"16:45:00+00","2022/06/03 16:45:00+00","Non NIBRS Data","Non NIBRS Data","Non NIBRS Data","Gunshot Wound Victims","Gunshot Wound Victims","Sound of Shots Fired (P)","Shooting (PFE)","0021XX ALDRICH AVE N",4,"Hawthorne",5,45.00086,-93.28952,-10384941.9664195,5621657.15536339,1,312959,2022,6
-10384985.93,5623870.5676,"Gunshot Wound Victims","No","22-123186","MP2022123186",2022-06-05,"20:08:00+00","2022/06/05 20:08:00+00","Non NIBRS Data","Non NIBRS Data","Non NIBRS Data","Gunshot Wound Victims","Gunshot Wound Victims","Shooting (PFE)","Shooting (PFE)","0008XX 33RD AVE N",4,"Folwell",4,45.01492,-93.28992,-10384985.9300145,5623870.56759418,1,312960,2022,6
-10381941.2915,5615440.2167,"Gunshot Wound Victims","No","21-257744","MP2021257744",2021-11-08,"06:08:00+00","2021/09/26 10:00:00+00","Non NIBRS Data","Non NIBRS Data","Non NIBRS Data","Gunshot Wound Victims","Gunshot Wound Victims","Shooting Report Only (P)","Shooting Report Only (P)","0021XX CHICAGO AVE",3,"Ventura Village",6,44.96136,-93.26257,-10381941.2914788,5615440.21670984,1,312981,2021,11
-10383722.9482,5616440.7103,"Gunshot Wound Victims","No","22-048482","MP202248482",2022-03-08,"02:05:00+00","2022/03/08 02:05:00+00","Non NIBRS Data","Non NIBRS Data","Non NIBRS Data","Gunshot Wound Victims","Gunshot Wound Victims","Shooting (PFE)","Shooting (PFE)","000XX 15TH ST W",1,"Loring Park",7,44.96772,-93.27857,-10383722.9481839,5616440.71030973,1,313070,2022,3
-10385194.9189,5615787.2486,"Gunshot Wound Victims","No","22-056027","MP202256027",2022-03-18,"10:04:00+00","2022/03/18 07:37:00+00","Non NIBRS Data","Non NIBRS Data","Non NIBRS Data","Gunshot Wound Victims","Gunshot Wound Victims","Unknown Wireless/Cell Phone(P)","Shooting (PFE)","0019XX COLFAX AVE S",5,"Lowry Hill",7,44.96356,-93.29179,-10385194.9189115,5615787.24858723,1,313071,2022,3
-10380528.0577,5614948.7404,"Gunshot Wound Victims","No","22-071917","MP202271917",2022-04-07,"00:15:00+00","2022/04/06 20:33:00+00","Non NIBRS Data","Non NIBRS Data","Non NIBRS Data","Gunshot Wound Victims","Gunshot Wound Victims","Shooting (PFE)","Shooting (PFE)","0024XX 17TH AVE S",3,"East Phillips",9,44.95823,-93.24987,-10380528.0576743,5614948.74043008,2,313072,2022,4
-10380538.7079,5616803.9944,"Gunshot Wound Victims","No","22-078623","MP202278623",2022-04-15,"17:43:00+00","2022/04/15 16:09:00+00","Non NIBRS Data","Non NIBRS Data","Non NIBRS Data","Gunshot Wound Victims","Gunshot Wound Victims","Shooting (PFE)","Shooting (PFE)","0015XX 5TH ST S",1,"Cedar Riverside",6,44.97003,-93.24997,-10380538.7078879,5616803.99440665,2,313073,2022,4
-10382799.732,5614079.1192,"Gunshot Wound Victims","No","22-085085","MP202285085",2022-04-23,"18:54:00+00","2022/04/23 18:54:00+00","Non NIBRS Data","Non NIBRS Data","Non NIBRS Data","Gunshot Wound Victims","Gunshot Wound Victims","ShotSpotter Activation (P)","Shooting (PFE)","0026XX WELLS FARGO WAY",3,"Phillips West",6,44.95271,-93.27028,-10382799.73202,5614079.11917445,1,313074,2022,4
-10384501.0735,5613257.6259,"Gunshot Wound Victims","No","22-089721","MP202289721",2022-04-29,"09:37:00+00","2022/04/29 07:46:00+00","Non NIBRS Data","Non NIBRS Data","Non NIBRS Data","Gunshot Wound Victims","Gunshot Wound Victims","Unknown Trouble (P)","Shooting (PFE)","0030XX HARRIET AVE",5,"Lyndale",8,44.94748,-93.28556,-10384501.0734958,5613257.62588976,1,313075,2022,4
-10386038.0241,5622891.1674,"Gunshot Wound Victims","No","22-098848","MP202298848",2022-05-09,"20:16:00+00","2022/05/09 18:46:00+00","Non NIBRS Data","Non NIBRS Data","Non NIBRS Data","Gunshot Wound Victims","Gunshot Wound Victims","Shooting (PFE)","Shooting (PFE)","0028XX IRVING AVE N",4,"Jordan",5,45.0087,-93.29937,-10386038.0240542,5622891.16738628,1,313076,2022,5
-10386180.3787,5624024.5734,"Gunshot Wound Victims","No","22-102690","MP2022102690",2022-05-13,"20:34:00+00","2022/05/13 20:34:00+00","Non NIBRS Data","Non NIBRS Data","Non NIBRS Data","Gunshot Wound Victims","Gunshot Wound Victims","ShotSpotter Activation (P)","ShotSpotter Activation (P)","0033XX JAMES AVE N",4,"Folwell",4,45.0159,-93.30065,-10386180.3787315,5624024.57344086,1,313077,2022,5
-10382225.4859,5614946.0485,"Gunshot Wound Victims","No","22-104708","MP2022104708",2022-05-16,"00:20:00+00","2022/05/16 00:20:00+00","Non NIBRS Data","Non NIBRS Data","Non NIBRS Data","Gunshot Wound Victims","Gunshot Wound Victims","Shooting Report Only (P)","Shooting Report Only (P)","0024XX PARK AVE",3,"Phillips West",6,44.95822,-93.26512,-10382225.4858813,5614946.0484896,1,313147,2022,5
-10387670.1297,5619335.4452,"Gunshot Wound Victims","No","22-109115","MP2022109115",2022-05-20,"23:59:00+00","2022/05/20 23:59:00+00","Non NIBRS Data","Non NIBRS Data","Non NIBRS Data","Gunshot Wound Victims","Gunshot Wound Victims","Shooting (PFE)","Shooting (PFE)","0026XX 8TH AVE N",4,"Willard - Hay",5,44.98611,-93.31403,-10387670.1297075,5619335.44522895,1,313149,2022,5
-10382003.0331,5617172.4506,"Gunshot Wound Victims","Yes","22-111608","MP2022111608",2022-05-24,"03:41:00+00","2022/05/23 23:49:00+00","Non NIBRS Data","Non NIBRS Data","Non NIBRS Data","Gunshot Wound Victims","Gunshot Wound Victims","Shooting Report Only (P)","Shooting Report Only (P)","0007XX PARK AVE",4,"McKinley",4,44.97237,-93.26312,-10382003.0331279,5617172.45057924,1,313151,2022,5
-10385477.0745,5623445.7249,"Gunshot Wound Victims","No","22-112911","MP2022112911",2022-05-25,"17:28:00+00","2022/05/25 15:52:00+00","Non NIBRS Data","Non NIBRS Data","Non NIBRS Data","Gunshot Wound Victims","Gunshot Wound Victims","ShotSpotter Activation (P)","Shooting (PFE)","0031XX EMERSON AVE N",4,"Jordan",5,45.01222,-93.29433,-10385477.074484,5623445.72487831,1,313153,2022,5
-10383891.0575,5616778.2924,"Gunshot Wound Victims","No","22-115821","MP2022115821",2022-05-28,"22:22:00+00","2022/05/28 21:39:00+00","Non NIBRS Data","Non NIBRS Data","Non NIBRS Data","Gunshot Wound Victims","Gunshot Wound Victims","Sound of Shots Fired (P)","Shooting (PFE)","0001XX GRANT ST W",1,"Loring Park",7,44.96986,-93.28008,-10383891.057462,5616778.29238404,1,313155,2022,5
-10383751.7703,5617954.2495,"Gunshot Wound Victims","Yes","22-120770","MP2022120770",2022-06-03,"13:28:00+00","2022/06/03 10:36:00+00","Non NIBRS Data","Non NIBRS Data","Non NIBRS Data","Gunshot Wound Victims","Gunshot Wound Victims","Shooting (PFE)","Shooting (PFE)","000XX 10TH ST N",1,"Downtown West",7,44.97734,-93.27883,-10383751.7703008,5617954.24949095,2,313157,2022,6
-10387030.8836,5624886.0742,"Gunshot Wound Victims","No","22-121356","MP2022121356",2022-06-03,"22:00:00+00","2022/06/03 22:00:00+00","Non NIBRS Data","Non NIBRS Data","Non NIBRS Data","Gunshot Wound Victims","Gunshot Wound Victims","ShotSpotter Activation (P)","Shooting (PFE)","0036XX PENN AVE N",4,"Folwell",4,45.02137,-93.30829,-10387030.8836363,5624886.07421939,2,313159,2022,6
-10381033.7667,5613396.1963,"Gunshot Wound Victims","No","21-259045","MP2021259045",2021-11-09,"20:45:00+00","2021/11/09 20:45:00+00","Non NIBRS Data","Non NIBRS Data","Non NIBRS Data","Gunshot Wound Victims","Gunshot Wound Victims","ShotSpotter Activation (P)","Shooting (PFE)","0014XX LAKE ST E",3,"Midtown Phillips",9,44.94836,-93.25441,-10381033.7667385,5613396.1962652,1,313170,2021,11
-10381941.2915,5615440.2167,"Gunshot Wound Victims","No","21-273602","MP2021273602",2021-11-28,"22:05:00+00","2021/11/28 22:05:00+00","Non NIBRS Data","Non NIBRS Data","Non NIBRS Data","Gunshot Wound Victims","Gunshot Wound Victims","Shooting (PFE)","Shooting (PFE)","0021XX CHICAGO AVE",3,"Ventura Village",6,44.96136,-93.26257,-10381941.2914788,5615440.21670984,1,313172,2021,11
-10386747.4699,5624883.2796,"Gunshot Wound Victims","No","21-277989","MP2021277989",2021-12-04,"01:25:00+00","2021/12/04 01:00:00+00","Non NIBRS Data","Non NIBRS Data","Non NIBRS Data","Gunshot Wound Victims","Gunshot Wound Victims","Shooting Report Only (P)","Shooting Report Only (P)","0036XX NEWTON AVE N",4,"Folwell",4,45.02135,-93.30574,-10386747.4698802,5624883.27956364,1,313174,2021,12
-10384047.5099,5624523.3524,"Gunshot Wound Victims","Yes","21-286669","MP2021286669",2021-12-15,"13:55:00+00","2021/12/15 00:01:00+00","Non NIBRS Data","Non NIBRS Data","Non NIBRS Data","Gunshot Wound Victims","Gunshot Wound Victims","Shooting Report Only (P)","Shooting Report Only (P)","0035XX 2ND ST N",4,"McKinley",4,45.01906,-93.28149,-10384047.5099156,5624523.3523531,1,313176,2021,12
-10382661.6896,5608180.9924,"Gunshot Wound Victims","No","21-292942","MP2021292942",2021-12-23,"22:20:00+00","2021/12/23 20:39:00+00","Non NIBRS Data","Non NIBRS Data","Non NIBRS Data","Gunshot Wound Victims","Gunshot Wound Victims","Sound of Shots Fired (P)","Shooting (PFE)","0048XX 5TH AVE S",3,"Field",8,44.9152,-93.26904,-10382661.6895624,5608180.99238168,1,313178,2021,12
-10380393.303,5616928.6815,"Gunshot Wound Victims","No","21-296713","MP2021296713",2021-12-29,"14:32:00+00","2021/12/29 13:43:00+00","Non NIBRS Data","Non NIBRS Data","Non NIBRS Data","Gunshot Wound Victims","Gunshot Wound Victims","Shooting (PFE)","Shooting (PFE)","0015XX 4TH ST S",1,"Cedar Riverside",6,44.97082,-93.24866,-10380393.3029583,5616928.68145733,1,313180,2021,12
-10385282.4444,5622192.0643,"Gunshot Wound Victims","No","21-298151","MP2021298151",2021-12-31,"19:56:00+00","2021/12/31 16:31:00+00","Non NIBRS Data","Non NIBRS Data","Non NIBRS Data","Gunshot Wound Victims","Gunshot Wound Victims","ShotSpotter Activation (P)","Shooting (PFE)","0024XX DUPONT AVE N",4,"Hawthorne",5,45.00426,-93.29258,-10385282.4443594,5622192.06432457,2,313182,2021,12
-10380387.572,5611011.7616,"Gunshot Wound Victims","No","22-003617","MP20223617",2022-01-05,"23:33:00+00","2022/01/05 22:27:00+00","Non NIBRS Data","Non NIBRS Data","Non NIBRS Data","Gunshot Wound Victims","Gunshot Wound Victims","Sound of Shots Fired (P)","Shooting (PFE)","0038XX 18TH AVE S",3,"Bancroft",8,44.9332,-93.24861,-10380387.5719646,5611011.76157537,1,313184,2022,1
-10385477.5155,5623730.8961,"Gunshot Wound Victims","No","22-004330","MP20224330",2022-01-07,"01:31:00+00","2022/01/06 23:30:00+00","Non NIBRS Data","Non NIBRS Data","Non NIBRS Data","Gunshot Wound Victims","Gunshot Wound Victims","Sound of Shots Fired (P)","Sound of Shots Fired (P)","0032XX EMERSON AVE N",4,"Folwell",4,45.01403,-93.29433,-10385477.5154702,5623730.89614267,1,313215,2022,1
0,0,"Gunshot Wound Victims","Yes","22-005837","MP20225837",2022-01-09,"04:02:00+00","2022/01/09 04:02:00+00","Non NIBRS Data","Non NIBRS Data","Non NIBRS Data","Gunshot Wound Victims","Gunshot Wound Victims","Shooting Report Only (P)","Shooting Report Only (P)","No Address",3,NA,NA,0,0,0,0,1,313216,2022,1
-10386678.4856,5619330.5158,"Gunshot Wound Victims","No","22-011432","MP202211432",2022-01-17,"14:39:00+00","2022/01/17 14:39:00+00","Non NIBRS Data","Non NIBRS Data","Non NIBRS Data","Gunshot Wound Victims","Gunshot Wound Victims","ShotSpotter Activation (P)","Shooting (PFE)","0019XX 8TH AVE N",4,"Near - North",5,44.98608,-93.30512,-10386678.4856155,5619330.51579949,1,313217,2022,1
-10385203.0127,5618634.3557,"Gunshot Wound Victims","No","22-014922","MP202214922",2022-01-22,"17:22:00+00","2022/01/22 15:29:00+00","Non NIBRS Data","Non NIBRS Data","Non NIBRS Data","Gunshot Wound Victims","Gunshot Wound Victims","Sound of Shots Fired (P)","Shooting (PFE)","0009XX 4TH AVE N",4,"Sumner - Glenwood",5,44.98166,-93.29187,-10385203.0127222,5618634.35567716,2,313218,2022,1
-10382978.5305,5618383.6276,"Gunshot Wound Victims","Yes","22-021985","MP202221985",2022-02-01,"03:20:00+00","2022/02/01 01:40:00+00","Non NIBRS Data","Non NIBRS Data","Non NIBRS Data","Gunshot Wound Victims","Gunshot Wound Victims","On Site (P)","Shooting (PFE)","0004XX HENNEPIN AVE",1,"Downtown West",7,44.98006,-93.27188,-10382978.5305231,5618383.62758409,1,313219,2022,2
-10386301.6808,5629151.2797,"Gunshot Wound Victims","No","22-031068","MP202231068",2022-02-13,"04:07:00+00","2022/02/13 04:07:00+00","Non NIBRS Data","Non NIBRS Data","Non NIBRS Data","Gunshot Wound Victims","Gunshot Wound Victims","Shooting (PFE)","Shooting (PFE)","0051XX JAMES AVE N",4,"Shingle Creek",4,45.04844,-93.30174,-10386301.6807714,5629151.27968639,2,313220,2022,2
-10385562.9575,5614877.0314,"Gunshot Wound Victims","No","22-025619","MP202225619",2022-02-05,"22:42:00+00","2022/02/05 22:30:00+00","Non NIBRS Data","Non NIBRS Data","Non NIBRS Data","Gunshot Wound Victims","Gunshot Wound Victims","Shooting Report Only (P)","Shooting Report Only (P)","0024XX HENNEPIN AVE",5,"Lowry Hill East",10,44.95778,-93.2951,-10385562.9574554,5614877.03144933,1,313241,2022,2
-10386043.7645,5620854.921,"Gunshot Wound Victims","Yes","22-027976","MP202227976",2022-02-09,"02:31:00+00","2022/02/09 02:31:00+00","Non NIBRS Data","Non NIBRS Data","Non NIBRS Data","Gunshot Wound Victims","Gunshot Wound Victims","Shooting Report Only (P)","Shooting Report Only (P)","0016XX IRVING AVE N",4,"Near - North",5,44.99577,-93.29942,-10386043.7644563,5620854.92100205,1,313242,2022,2
-10383359.0616,5614952.9201,"Gunshot Wound Victims","Yes","22-123817","MP2022123817",2022-06-06,"14:21:00+00","2022/06/06 14:21:00+00","Non NIBRS Data","Non NIBRS Data","Non NIBRS Data","Gunshot Wound Victims","Gunshot Wound Victims","Shooting Report Only (P)","Shooting Report Only (P)","0024XX STEVENS AVE",5,"Whittier",10,44.95826,-93.2753,-10383359.0616266,5614952.9200821,1,313331,2022,6
-10386744.8963,5624030.1724,"Gunshot Wound Victims","No","22-127912","MP2022127912",2022-06-10,"17:13:00+00","2022/06/10 16:54:00+00","Non NIBRS Data","Non NIBRS Data","Non NIBRS Data","Gunshot Wound Victims","Gunshot Wound Victims","Shooting (PFE)","Shooting (PFE)","0033XX NEWTON AVE N",4,"Folwell",4,45.01593,-93.30572,-10386744.8963446,5624030.1724301,1,313332,2022,6
-10383807.5102,5616334.9588,"Gunshot Wound Victims","No","22-128490","MP2022128490",2022-06-11,"05:15:00+00","2022/06/11 03:19:00+00","Non NIBRS Data","Non NIBRS Data","Non NIBRS Data","Gunshot Wound Victims","Gunshot Wound Victims","Sound of Shots Fired (P)","Shooting (PFE)","0015XX LASALLE AVE",1,"Loring Park",7,44.96705,-93.27933,-10383807.5101941,5616334.95876022,2,313333,2022,6
-10383188.9433,5617778.9409,"Gunshot Wound Victims","Yes","22-141575","MP2022141575",2022-06-25,"03:19:00+00","2022/06/25 03:18:00+00","Non NIBRS Data","Non NIBRS Data","Non NIBRS Data","Gunshot Wound Victims","Gunshot Wound Victims","Sound of Shots Fired (P)","Shooting (PFE)","000XX 8TH ST S",1,"Downtown West",7,44.97622,-93.27377,-10383188.9432542,5617778.94089761,1,313334,2022,6
-10381154.6709,5615373.0405,"Gunshot Wound Victims","No","22-145623","MP2022145623",2022-06-29,"12:37:00+00","2022/06/29 12:37:00+00","Non NIBRS Data","Non NIBRS Data","Non NIBRS Data","Gunshot Wound Victims","Gunshot Wound Victims","Shooting (PFE)","Shooting (PFE)","0013XX 22ND ST E",3,"Ventura Village",9,44.96093,-93.2555,-10381154.6708787,5615373.04047332,1,313335,2022,6
-10379189.8393,5618581.6802,"Gunshot Wound Victims","No","22-149086","MP2022149086",2022-07-03,"00:56:00+00","2022/07/03 00:56:00+00","Non NIBRS Data","Non NIBRS Data","Non NIBRS Data","Gunshot Wound Victims","Gunshot Wound Victims","Sound of Shots Fired (P)","Shooting (PFE)","0012XX 4TH ST SE",2,"Marcy Holmes",2,44.98132,-93.23785,-10379189.8392777,5618581.68015947,2,313336,2022,7
-10382853.1622,5620543.1257,"Gunshot Wound Victims","No","22-150903","MP2022150903",2022-07-04,"23:32:00+00","2022/07/04 23:32:00+00","Non NIBRS Data","Non NIBRS Data","Non NIBRS Data","Gunshot Wound Victims","Gunshot Wound Victims","Shooting (PFE)","Shooting (PFE)","000XX 8TH AVE NE",2,"St. Anthony West",3,44.99379,-93.27076,-10382853.1622476,5620543.12567659,6,313337,2022,7
-10380962.5598,5613253.59,"Gunshot Wound Victims","No","22-156617","MP2022156617",2022-07-10,"23:03:00+00","2022/07/10 23:03:00+00","Non NIBRS Data","Non NIBRS Data","Non NIBRS Data","Gunshot Wound Victims","Gunshot Wound Victims","ShotSpotter Activation (P)","Shooting (PFE)","0030XX 15TH AVE S",3,"Powderhorn Park",9,44.94746,-93.25377,-10380962.5597721,5613253.58997673,2,313338,2022,7
-10385827.3614,5623027.8861,"Gunshot Wound Victims","No","22-161231","MP2022161231",2022-07-15,"21:58:00+00","2022/07/15 21:58:00+00","Non NIBRS Data","Non NIBRS Data","Non NIBRS Data","Gunshot Wound Victims","Gunshot Wound Victims","Shooting (PFE)","Shooting (PFE)","0014XX 29TH AVE N",4,"Folwell",5,45.00957,-93.29747,-10385827.3614407,5623027.88605615,1,313410,2022,7
-10381661.4785,5614664.9992,"Gunshot Wound Victims","Yes","22-167955","MP2022167955",2022-07-23,"05:49:00+00","2022/07/23 04:30:00+00","Non NIBRS Data","Non NIBRS Data","Non NIBRS Data","Gunshot Wound Victims","Gunshot Wound Victims","Shooting Report Only (P)","Shooting Report Only (P)","0025XX 10TH AVE S",3,"Midtown Phillips",9,44.95643,-93.26005,-10381661.4784662,5614664.99916609,1,313412,2022,7
-10383284.2934,5613679.2425,"Gunshot Wound Victims","No","22-176272","MP2022176272",2022-08-01,"02:05:00+00","2022/08/01 02:00:00+00","Non NIBRS Data","Non NIBRS Data","Non NIBRS Data","Gunshot Wound Victims","Gunshot Wound Victims","Shooting (PFE)","Shooting (PFE)","0003XX INTERSTATE 35W",5,"Whittier",10,44.95016,-93.27463,-10383284.2934359,5613679.24248645,3,313414,2022,8
-10381934.2973,5611275.8693,"Gunshot Wound Victims","No","22-182064","MP2022182064",2022-08-07,"05:44:00+00","2022/08/07 03:21:00+00","Non NIBRS Data","Non NIBRS Data","Non NIBRS Data","Gunshot Wound Victims","Gunshot Wound Victims","Sound of Shots Fired (P)","Shooting (PFE)","0037XX CHICAGO AVE",3,"Central",8,44.93488,-93.2625,-10381934.2972927,5611275.86929622,1,313416,2022,8
-10386327.4343,5619679.9649,"Gunshot Wound Victims","No","22-182631","MP2022182631",2022-08-07,"19:51:00+00","2022/08/07 19:51:00+00","Non NIBRS Data","Non NIBRS Data","Non NIBRS Data","Gunshot Wound Victims","Gunshot Wound Victims","ShotSpotter Activation (P)","Shooting (PFE)","0010XX KNOX AVE N",4,"Near - North",5,44.9883,-93.30197,-10386327.434347,5619679.96488865,1,313418,2022,8
-10384941.9664,5621657.1554,"Gunshot Wound Victims","No","22-191892","MP2022191892",2022-08-17,"23:30:00+00","2022/08/17 21:39:00+00","Non NIBRS Data","Non NIBRS Data","Non NIBRS Data","Gunshot Wound Victims","Gunshot Wound Victims","Sound of Shots Fired (P)","Shooting (PFE)","0021XX ALDRICH AVE N",4,"Hawthorne",5,45.00086,-93.28952,-10384941.9664195,5621657.15536339,1,313420,2022,8
-10380467.2267,5613396.9347,"Gunshot Wound Victims","No","22-204599","MP2022204599",2022-08-31,"21:52:00+00","2022/08/31 21:52:00+00","Non NIBRS Data","Non NIBRS Data","Non NIBRS Data","Gunshot Wound Victims","Gunshot Wound Victims","On Site (P)","Shooting (PFE)","0017XX LAKE ST E",3,"East Phillips",9,44.94837,-93.24932,-10380467.2267347,5613396.9346747,2,313441,2022,8
-10383156.6912,5613394.6656,"Gunshot Wound Victims","No","22-210137","MP2022210137",2022-09-06,"23:36:00+00","2022/09/06 20:00:00+00","Non NIBRS Data","Non NIBRS Data","Non NIBRS Data","Gunshot Wound Victims","Gunshot Wound Victims","Shooting Report Only (P)","Shooting Report Only (P)","0002XX LAKE ST E",3,"Central",8,44.94835,-93.27348,-10383156.6911799,5613394.66556264,1,313442,2022,9
-10384941.9664,5621657.1554,"Gunshot Wound Victims","No","22-211940","MP2022211940",2022-09-08,"21:12:00+00","2022/09/08 21:12:00+00","Non NIBRS Data","Non NIBRS Data","Non NIBRS Data","Gunshot Wound Victims","Gunshot Wound Victims","On Site (P)","Shooting (PFE)","0021XX ALDRICH AVE N",4,"Hawthorne",5,45.00086,-93.28952,-10384941.9664195,5621657.15536339,4,313642,2022,9
-10385767.3716,5625728.2338,"Gunshot Wound Victims","No","22-214688","MP2022214688",2022-09-11,"18:44:00+00","2022/09/11 18:44:00+00","Non NIBRS Data","Non NIBRS Data","Non NIBRS Data","Gunshot Wound Victims","Gunshot Wound Victims","ShotSpotter Activation (P)","Shooting (PFE)","0039XX GIRARD AVE N",4,"Webber - Camden",4,45.02672,-93.29694,-10385767.3716068,5625728.23375364,1,313643,2022,9
-10387307.3698,5621757.8171,"Gunshot Wound Victims","No","22-215191","MP2022215191",2022-09-12,"12:34:00+00","2022/09/12 10:50:00+00","Non NIBRS Data","Non NIBRS Data","Non NIBRS Data","Gunshot Wound Victims","Gunshot Wound Victims","Unknown Trouble (P)","Shooting (PFE)","0022XX RUSSELL AVE N",4,"Jordan",5,45.0015,-93.31077,-10387307.3697963,5621757.81707668,1,313644,2022,9
-10386881.6269,5622610.21,"Gunshot Wound Victims","No","22-225950","MP2022225950",2022-09-23,"17:28:00+00","2022/09/23 17:28:00+00","Non NIBRS Data","Non NIBRS Data","Non NIBRS Data","Gunshot Wound Victims","Gunshot Wound Victims","Shooting (PFE)","Shooting (PFE)","0026XX OLIVER AVE N",4,"Jordan",5,45.00692,-93.30695,-10386881.6268688,5622610.20997763,1,313645,2022,9
-10385194.7103,5623164.4039,"Gunshot Wound Victims","No","22-228977","MP2022228977",2022-09-27,"00:47:00+00","2022/09/27 00:47:00+00","Non NIBRS Data","Non NIBRS Data","Non NIBRS Data","Gunshot Wound Victims","Gunshot Wound Victims","Shooting (PFE)","Shooting (PFE)","0029XX COLFAX AVE N",4,"Hawthorne",5,45.01043,-93.29179,-10385194.7102942,5623164.40394368,2,313646,2022,9
-10387307.6302,5622683.4,"Gunshot Wound Victims","No","22-229390","MP2022229390",2022-09-27,"16:59:00+00","2022/09/27 15:48:00+00","Non NIBRS Data","Non NIBRS Data","Non NIBRS Data","Gunshot Wound Victims","Gunshot Wound Victims","Shooting Report Only (P)","Shooting Report Only (P)","0026XX RUSSELL AVE N",4,"Willard - Hay",5,45.00738,-93.31077,-10387307.6301771,5622683.39999643,1,313647,2022,9
-10384715.0214,5613119.6413,"Gunshot Wound Victims","No","22-234495","MP2022234495",2022-10-03,"02:15:00+00","2022/10/03 02:15:00+00","Non NIBRS Data","Non NIBRS Data","Non NIBRS Data","Gunshot Wound Victims","Gunshot Wound Victims","Shooting (PFE)","Shooting (PFE)","0006XX 31ST ST W",5,"Lyndale",8,44.94661,-93.28748,-10384715.0214318,5613119.64131279,1,313648,2022,10
-10384217.3001,5619037.6264,"Gunshot Wound Victims","No","22-053727","MP202253727",2022-03-15,"12:45:00+00","2022/03/15 12:45:00+00","Non NIBRS Data","Non NIBRS Data","Non NIBRS Data","Gunshot Wound Victims","Gunshot Wound Victims","Sound of Shots Fired (P)","Shooting (PFE)","0006XX OLSON MEMORIAL HWY",1,"North Loop",5,44.98422,-93.28301,-10384217.3001163,5619037.6263633,1,313680,2022,3
-10381933.2682,5611018.8726,"Gunshot Wound Victims","No","22-062518","MP202262518",2022-03-25,"19:48:00+00","2022/03/25 19:48:00+00","Non NIBRS Data","Non NIBRS Data","Non NIBRS Data","Gunshot Wound Victims","Gunshot Wound Victims","Shooting (PFE)","Shooting (PFE)","0038XX CHICAGO AVE",3,"Bancroft",8,44.93325,-93.26249,-10381933.2681537,5611018.87256888,1,313702,2022,3
-10384916.7886,5624578.2641,"Gunshot Wound Victims","No","22-074936","MP202274936",2022-04-10,"18:03:00+00","2022/04/10 18:03:00+00","Non NIBRS Data","Non NIBRS Data","Non NIBRS Data","Gunshot Wound Victims","Gunshot Wound Victims","Shooting (PFE)","Shooting (PFE)","0035XX ALDRICH AVE N",4,"McKinley",4,45.01941,-93.28929,-10384916.7885628,5624578.26413108,1,313704,2022,4
-10382853.9829,5618509.7211,"Gunshot Wound Victims","Yes","22-078979","MP202278979",2022-04-16,"00:24:00+00","2022/04/15 23:35:00+00","Non NIBRS Data","Non NIBRS Data","Non NIBRS Data","Gunshot Wound Victims","Gunshot Wound Victims","Shooting (PFE)","Shooting (PFE)","0003XX HENNEPIN AVE",1,"Downtown West",7,44.98087,-93.27076,-10382853.982914,5618509.72106062,1,313706,2022,4
-10386354.8278,5621594.5834,"Gunshot Wound Victims","No","22-089552","MP202289552",2022-04-29,"01:19:00+00","2022/04/28 11:57:00+00","Non NIBRS Data","Non NIBRS Data","Non NIBRS Data","Gunshot Wound Victims","Gunshot Wound Victims","Unknown Trouble (P)","Shooting (PFE)","0020XX JAMES AVE N",4,"Jordan",5,45.00046,-93.30221,-10386354.8277667,5621594.58338314,1,313708,2022,4
-10386744.8963,5624030.1724,"Gunshot Wound Victims","No","22-094660","MP202294660",2022-05-05,"02:11:00+00","2022/05/05 02:00:00+00","Non NIBRS Data","Non NIBRS Data","Non NIBRS Data","Gunshot Wound Victims","Gunshot Wound Victims","Shooting Report Only (P)","Shooting Report Only (P)","0033XX NEWTON AVE N",4,"Folwell",4,45.01593,-93.30572,-10386744.8963446,5624030.1724301,1,313710,2022,5
-10383249.4503,5617507.8471,"Gunshot Wound Victims","No","22-099092","MP202299092",2022-05-09,"23:49:00+00","2022/05/08 02:00:00+00","Non NIBRS Data","Non NIBRS Data","Non NIBRS Data","Gunshot Wound Victims","Gunshot Wound Victims","Person with a Weapon (P)~PD","Shooting Report Only (P)","0009XX NICOLLET MALL",1,"Downtown West",7,44.9745,-93.27432,-10383249.4503243,5617507.84706258,1,313712,2022,5
-10385633.91,5613466.2442,"Gunshot Wound Victims","No","22-246795","MP2022246795",2022-10-16,"23:46:00+00","2022/10/16 23:46:00+00","Non NIBRS Data","Non NIBRS Data","Non NIBRS Data","Gunshot Wound Victims","Gunshot Wound Victims","On Site (P)","Shooting (PFE)","0029XX FREMONT AVE S",5,"Lowry Hill East",10,44.94881,-93.29574,-10385633.9100016,5613466.24421444,1,313713,2022,10
-10379619.1335,5615857.5675,"Gunshot Wound Victims","No","22-255477","MP2022255477",2022-10-26,"16:15:00+00","2022/10/26 16:15:00+00","Non NIBRS Data","Non NIBRS Data","Non NIBRS Data","Gunshot Wound Victims","Gunshot Wound Victims","Shooting (PFE)","Shooting (PFE)","0021XX 9TH ST S",3,"Seward",6,44.96401,-93.24171,-10379619.1334507,5615857.56746286,1,313715,2022,10
-10381146.4504,5615941.1776,"Gunshot Wound Victims","No","22-256808","MP2022256808",2022-10-28,"01:14:00+00","2022/10/27 23:00:00+00","Non NIBRS Data","Non NIBRS Data","Non NIBRS Data","Gunshot Wound Victims","Gunshot Wound Victims","ShotSpotter Activation (P)","Shooting (PFE)","0018XX 14TH AVE S",3,"Ventura Village",6,44.96454,-93.25543,-10381146.4503804,5615941.17757698,1,313717,2022,10
-10382234.8151,5613676.7068,"Gunshot Wound Victims","No","22-262435","MP2022262435",2022-11-02,"19:56:00+00","2022/11/02 19:54:00+00","Non NIBRS Data","Non NIBRS Data","Non NIBRS Data","Gunshot Wound Victims","Gunshot Wound Victims","Shooting (PFE)","Shooting (PFE)","0028XX PARK AVE",3,"Phillips West",6,44.95015,-93.2652,-10382234.8151401,5613676.70683913,1,313719,2022,11
-10386039.6146,5624022.9687,"Gunshot Wound Victims","No","22-277758","MP2022277758",2022-11-21,"18:02:00+00","2022/11/21 17:50:00+00","Non NIBRS Data","Non NIBRS Data","Non NIBRS Data","Gunshot Wound Victims","Gunshot Wound Victims","ShotSpotter Activation (P)","Shooting (PFE)","0033XX IRVING AVE N",4,"Folwell",4,45.01589,-93.29938,-10386039.6145853,5624022.96874649,1,313721,2022,11
-10385515.9224,5619787.5381,"Gunshot Wound Victims","No","22-290711","MP2022290711",2022-12-08,"12:34:00+00","2022/12/08 12:30:00+00","Non NIBRS Data","Non NIBRS Data","Non NIBRS Data","Gunshot Wound Victims","Gunshot Wound Victims","Unknown Trouble (P)","Shooting (PFE)","0012XX 11TH AVE N",4,"Near - North",5,44.98898,-93.29468,-10385515.922363,5619787.53810772,1,313723,2022,12
-10385708.2099,5621932.3709,"Gunshot Wound Victims","No","22-294022","MP2022294022",2022-12-12,"12:04:00+00","2022/12/12 12:03:00+00","Non NIBRS Data","Non NIBRS Data","Non NIBRS Data","Gunshot Wound Victims","Gunshot Wound Victims","ShotSpotter Activation (P)","Shooting (PFE)","0012XX 23RD AVE N",4,"Jordan",5,45.00261,-93.2964,-10385708.2098747,5621932.37089891,1,313725,2022,12
-10384769.3056,5627218.7377,"Gunshot Wound Victims","No","23-000357","MP2023357",2023-01-01,"04:51:00+00","2023/01/01 04:51:00+00","Non NIBRS Data","Non NIBRS Data","Non NIBRS Data","Gunshot Wound Victims","Gunshot Wound Victims","Shooting (PFE)","Shooting (PFE)","0044XX LYNDALE AVE N",4,"Camden Industrial",4,45.03618,-93.28797,-10384769.305642,5627218.737693,2,313868,2023,1
-10379400.1468,5610164.3486,"Gunshot Wound Victims","No","23-000582","MP2023582",2023-01-01,"13:40:00+00","2023/01/01 11:30:00+00","Non NIBRS Data","Non NIBRS Data","Non NIBRS Data","Gunshot Wound Victims","Gunshot Wound Victims","Shooting (PFE)","Shooting (PFE)","0041XX STANDISH AVE",3,"Standish",12,44.92781,-93.23974,-10379400.146783,5610164.34861548,1,313869,2023,1
-10379309.6456,5612684.5593,"Gunshot Wound Victims","No","23-007019","MP20237019",2023-01-09,"21:58:00+00","2023/01/09 20:20:00+00","Non NIBRS Data","Non NIBRS Data","Non NIBRS Data","Gunshot Wound Victims","Gunshot Wound Victims","Shooting (PFE)","Shooting (PFE)","0032XX 23RD AVE S",3,"East Phillips",9,44.94384,-93.23892,-10379309.6456382,5612684.55928189,4,313870,2023,1
-10379745.1368,5615302.0029,"Gunshot Wound Victims","No","23-010009","MP202310009",2023-01-13,"16:28:00+00","2023/01/13 15:20:00+00","Non NIBRS Data","Non NIBRS Data","Non NIBRS Data","Gunshot Wound Victims","Gunshot Wound Victims","Shooting (PFE)","Shooting (PFE)","0022XX MINNEHAHA AVE",3,"Seward",6,44.96048,-93.24284,-10379745.136783,5615302.00292426,1,313871,2023,1
-10385708.2099,5621932.3709,"Gunshot Wound Victims","No","23-019535","MP202319535",2023-01-25,"12:34:00+00","2023/01/25 12:34:00+00","Non NIBRS Data","Non NIBRS Data","Non NIBRS Data","Gunshot Wound Victims","Gunshot Wound Victims","Sound of Shots Fired (P)","Shooting (PFE)","0012XX 23RD AVE N",4,"Hawthorne",5,45.00261,-93.2964,-10385708.2098747,5621932.37089891,1,313872,2023,1
-10378012.0118,5605689.3666,"Gunshot Wound Victims","No","23-038334","MP202338334",2023-02-16,"13:49:00+00","2023/02/16 11:42:00+00","Non NIBRS Data","Non NIBRS Data","Non NIBRS Data","Gunshot Wound Victims","Gunshot Wound Victims","Shooting (PFE)","Shooting (PFE)","0057XX 31ST AVE S",3,"Wenonah",11,44.89935,-93.22727,-10378012.011841,5605689.36662165,2,313873,2023,2
-10376177.6452,5613393.0301,"Gunshot Wound Victims","No","23-042930","MP202342930",2023-02-21,"19:58:00+00","2023/02/21 19:58:00+00","Non NIBRS Data","Non NIBRS Data","Non NIBRS Data","Gunshot Wound Victims","Gunshot Wound Victims","Shooting (PFE)","Shooting (PFE)","0043XX LAKE ST E",3,"Cooper",12,44.94834,-93.21079,-10376177.6452363,5613393.03008654,1,313874,2023,2
-10385057.079,5624579.5385,"Gunshot Wound Victims","No","23-051910","MP202351910",2023-03-04,"06:02:00+00","2023/03/04 06:02:00+00","Non NIBRS Data","Non NIBRS Data","Non NIBRS Data","Gunshot Wound Victims","Gunshot Wound Victims","Unknown Wireless/Cell Phone(P)~PD","Shooting (PFE)","0035XX BRYANT AVE N",4,"McKinley",4,45.01942,-93.29056,-10385057.0789738,5624579.53850112,2,313875,2023,3
-10387450.7257,5621188.9015,"Gunshot Wound Victims","No","22-127179","MP2022127179",2022-06-09,"22:53:00+00","2022/06/09 21:57:00+00","Non NIBRS Data","Non NIBRS Data","Non NIBRS Data","Gunshot Wound Victims","Gunshot Wound Victims","ShotSpotter Activation (P)","ShotSpotter Activation (P)","0018XX SHERIDAN AVE N",4,"Willard - Hay",5,44.99789,-93.31206,-10387450.7256607,5621188.9015232,1,313966,2022,6
-10382791.1175,5618260.5879,"Gunshot Wound Victims","Yes","22-128399","MP2022128399",2022-06-11,"01:12:00+00","2022/06/11 01:11:00+00","Non NIBRS Data","Non NIBRS Data","Non NIBRS Data","Gunshot Wound Victims","Gunshot Wound Victims","On Site (P)","Shooting (PFE)","0004XX NICOLLET MALL",1,"Downtown West",7,44.97928,-93.2702,-10382791.1174519,5618260.58787973,1,313968,2022,6
-10382978.5305,5618383.6276,"Gunshot Wound Victims","Yes","22-135119","MP2022135119",2022-06-18,"05:45:00+00","2022/06/18 03:00:00+00","Non NIBRS Data","Non NIBRS Data","Non NIBRS Data","Gunshot Wound Victims","Gunshot Wound Victims","Shooting Report Only (P)","Shooting Report Only (P)","0004XX HENNEPIN AVE",1,"Downtown West",7,44.98006,-93.27188,-10382978.5305231,5618383.62758409,1,313970,2022,6
-10383751.7703,5617954.2495,"Gunshot Wound Victims","Yes","22-142434","MP2022142434",2022-06-26,"02:36:00+00","2022/06/26 02:36:00+00","Non NIBRS Data","Non NIBRS Data","Non NIBRS Data","Gunshot Wound Victims","Gunshot Wound Victims","Shooting (PFE)","Shooting (PFE)","000XX 10TH ST N",1,"Downtown West",7,44.97734,-93.27883,-10383751.7703008,5617954.24949095,1,313972,2022,6
-10383484.8055,5617871.0411,"Gunshot Wound Victims","Yes","22-146329","MP2022146329",2022-06-30,"02:56:00+00","2022/06/30 02:56:00+00","Non NIBRS Data","Non NIBRS Data","Non NIBRS Data","Gunshot Wound Victims","Gunshot Wound Victims","Sound of Shots Fired (P)","Shooting (PFE)","0008XX HENNEPIN AVE",1,"Downtown West",7,44.97681,-93.27643,-10383484.8054914,5617871.04105438,1,313974,2022,6
-10383501.607,5615947.5898,"Gunshot Wound Victims","No","22-150819","MP2022150819",2022-07-05,"05:07:00+00","2022/07/04 22:22:00+00","Non NIBRS Data","Non NIBRS Data","Non NIBRS Data","Gunshot Wound Victims","Gunshot Wound Victims","Shooting (PFE)","Shooting (PFE)","0018XX 1ST AVE S",5,"Steven's Square - Loring Heights",6,44.96458,-93.27658,-10383501.6069841,5615947.58977873,2,313976,2022,7
-10382147.5146,5611446.5668,"Gunshot Wound Victims","No","22-151726","MP2022151726",2022-07-05,"19:00:00+00","2022/07/05 18:59:00+00","Non NIBRS Data","Non NIBRS Data","Non NIBRS Data","Gunshot Wound Victims","Gunshot Wound Victims","Shooting (PFE)","Shooting (PFE)","0007XX 37TH ST E",3,"Powderhorn Park",8,44.93597,-93.26442,-10382147.5146303,5611446.56681588,3,313978,2022,7
-10380728.2868,5623593.7691,"Gunshot Wound Victims","No","22-167747","MP2022167747",2022-07-23,"00:29:00+00","2022/07/22 23:56:00+00","Non NIBRS Data","Non NIBRS Data","Non NIBRS Data","Gunshot Wound Victims","Gunshot Wound Victims","Sound of Shots Fired (P)","Sound of Shots Fired (P)","0007XX LOWRY AVE NE",2,"Holland",1,45.01316,-93.25167,-10380728.2867585,5623593.76908081,1,314039,2022,7
-10384941.9664,5621657.1554,"Gunshot Wound Victims","No","22-172421","MP2022172421",2022-07-27,"21:57:00+00","2022/07/27 21:57:00+00","Non NIBRS Data","Non NIBRS Data","Non NIBRS Data","Gunshot Wound Victims","Gunshot Wound Victims","ShotSpotter Activation (P)","Shooting (PFE)","0021XX ALDRICH AVE N",4,"Hawthorne",5,45.00086,-93.28952,-10384941.9664195,5621657.15536339,2,314040,2022,7
-10385827.3614,5623027.8861,"Gunshot Wound Victims","No","23-059823","MP202359823",2023-03-12,"19:27:00+00","2023/03/12 19:23:00+00","Non NIBRS Data","Non NIBRS Data","Non NIBRS Data","Gunshot Wound Victims","Gunshot Wound Victims","Shooting (PFE)","Shooting (PFE)","0014XX 29TH AVE N",4,"Jordan",5,45.00957,-93.29747,-10385827.3614407,5623027.88605615,1,314043,2023,3
-10384431.4407,5622189.5165,"Gunshot Wound Victims","No","23-068197","MP202368197",2023-03-22,"01:05:00+00","2023/03/22 01:05:00+00","Non NIBRS Data","Non NIBRS Data","Non NIBRS Data","Gunshot Wound Victims","Gunshot Wound Victims","ShotSpotter Activation (P)","Shooting (PFE)","0024XX 4TH ST N",4,"Hawthorne",5,45.00424,-93.28493,-10384431.4407108,5622189.51645485,1,314044,2023,3
-10386180.3787,5624024.5734,"Gunshot Wound Victims","No","23-073813","MP202373813",2023-03-27,"22:40:00+00","2023/03/27 22:40:00+00","Non NIBRS Data","Non NIBRS Data","Non NIBRS Data","Gunshot Wound Victims","Gunshot Wound Victims","Shooting (PFE)","Shooting (PFE)","0033XX JAMES AVE N",4,"Folwell",4,45.0159,-93.30065,-10386180.3787315,5624024.57344086,1,314045,2023,3
-10386603.5579,5624028.7451,"Gunshot Wound Victims","No","23-082365","MP202382365",2023-04-05,"22:05:00+00","2023/04/05 18:20:00+00","Non NIBRS Data","Non NIBRS Data","Non NIBRS Data","Gunshot Wound Victims","Gunshot Wound Victims","Sound of Shots Fired (P)","Shooting (PFE)","0033XX MORGAN AVE N",4,"Folwell",4,45.01592,-93.30445,-10386603.5579389,5624028.74505474,1,314046,2023,4
-10385708.2099,5621932.3709,"Gunshot Wound Victims","No","23-086001","MP202386001",2023-04-09,"10:54:00+00","2023/04/09 10:40:00+00","Non NIBRS Data","Non NIBRS Data","Non NIBRS Data","Gunshot Wound Victims","Gunshot Wound Victims","Shooting Report Only (P)","Shooting Report Only (P)","0012XX 23RD AVE N",4,"Jordan",5,45.00261,-93.2964,-10385708.2098747,5621932.37089891,1,314047,2023,4
-10383638.5695,5615967.6117,"Gunshot Wound Victims","No","23-095126","MP202395126",2023-04-18,"22:16:00+00","2023/04/18 16:20:00+00","Non NIBRS Data","Non NIBRS Data","Non NIBRS Data","Gunshot Wound Victims","Gunshot Wound Victims","Shooting (PFE)","Shooting (PFE)","0018XX NICOLLET AVE",5,"Steven's Square - Loring Heights",6,44.96471,-93.27781,-10383638.5695197,5615967.61169239,1,314048,2023,4
-10385350.9272,5626021.3045,"Gunshot Wound Victims","No","23-107110","MP2023107110",2023-04-30,"17:00:00+00","2023/04/30 17:00:00+00","Non NIBRS Data","Non NIBRS Data","Non NIBRS Data","Gunshot Wound Victims","Gunshot Wound Victims","Shooting (PFE)","Shooting (PFE)","0040XX DUPONT AVE N",4,"Webber - Camden",4,45.02858,-93.29319,-10385350.9272326,5626021.30451731,1,314049,2023,4
-10380358.5593,5619037.2813,"Gunshot Wound Victims","No","22-180182","MP2022180182",2022-08-05,"01:59:00+00","2022/08/05 01:59:00+00","Non NIBRS Data","Non NIBRS Data","Non NIBRS Data","Gunshot Wound Victims","Gunshot Wound Victims","Shooting (PFE)","Shooting (PFE)","0005XX UNIVERSITY AVE SE",2,"Marcy Holmes",3,44.98422,-93.24835,-10380358.559257,5619037.28131953,1,314081,2022,8
-10383358.7196,5619397.2206,"Gunshot Wound Victims","No","22-182129","MP2022182129",2022-08-07,"06:22:00+00","2022/08/07 06:22:00+00","Non NIBRS Data","Non NIBRS Data","Non NIBRS Data","Gunshot Wound Victims","Gunshot Wound Victims","Shooting (PFE)","Shooting (PFE)","0005XX WASHINGTON AVE N",1,"North Loop",3,44.9865,-93.2753,-10383358.7196202,5619397.22061186,1,314082,2022,8
-10380538.7079,5616803.9944,"Gunshot Wound Victims","No","22-185346","MP2022185346",2022-08-10,"23:03:00+00","2022/08/10 20:20:00+00","Non NIBRS Data","Non NIBRS Data","Non NIBRS Data","Gunshot Wound Victims","Gunshot Wound Victims","Shooting (PFE)","Shooting (PFE)","0015XX 5TH ST S",1,"Cedar Riverside",6,44.97003,-93.24997,-10380538.7078879,5616803.99440665,2,314083,2022,8
-10384941.9664,5621657.1554,"Gunshot Wound Victims","No","22-204446","MP2022204446",2022-08-31,"19:05:00+00","2022/08/31 19:05:00+00","Non NIBRS Data","Non NIBRS Data","Non NIBRS Data","Gunshot Wound Victims","Gunshot Wound Victims","ShotSpotter Activation (P)","Shooting (PFE)","0021XX ALDRICH AVE N",4,"Hawthorne",5,45.00086,-93.28952,-10384941.9664195,5621657.15536339,1,314084,2022,8
-10384941.9664,5621657.1554,"Gunshot Wound Victims","No","22-206419","MP2022206419",2022-09-02,"19:06:00+00","2022/09/02 19:06:00+00","Non NIBRS Data","Non NIBRS Data","Non NIBRS Data","Gunshot Wound Victims","Gunshot Wound Victims","Shooting (PFE)","Shooting (PFE)","0021XX ALDRICH AVE N",4,"Hawthorne",5,45.00086,-93.28952,-10384941.9664195,5621657.15536339,4,314085,2022,9
-10381807.8219,5613961.0113,"Gunshot Wound Victims","No","22-210270","MP2022210270",2022-09-07,"05:31:00+00","2022/09/07 04:34:00+00","Non NIBRS Data","Non NIBRS Data","Non NIBRS Data","Gunshot Wound Victims","Gunshot Wound Victims","Shooting Report Only (P)","Shooting Report Only (P)","0009XX 28TH ST E",3,"Central",8,44.95196,-93.26137,-10381807.8219322,5613961.01130238,1,314295,2022,9
-10384432.2292,5621657.2143,"Gunshot Wound Victims","No","22-213041","MP2022213041",2022-09-10,"04:58:00+00","2022/09/09 23:56:00+00","Non NIBRS Data","Non NIBRS Data","Non NIBRS Data","Gunshot Wound Victims","Gunshot Wound Victims","Shooting (PFE)","Shooting (PFE)","0021XX 4TH ST N",4,"Hawthorne",5,45.00086,-93.28494,-10384432.229173,5621657.21431922,4,314296,2022,9
-10381941.2915,5615440.2167,"Gunshot Wound Victims","No","22-214891","MP2022214891",2022-09-11,"22:49:00+00","2022/09/11 22:49:00+00","Non NIBRS Data","Non NIBRS Data","Non NIBRS Data","Gunshot Wound Victims","Gunshot Wound Victims","Shooting (PFE)","Shooting (PFE)","0021XX CHICAGO AVE",3,"Ventura Village",6,44.96136,-93.26257,-10381941.2914788,5615440.21670984,2,314297,2022,9
-10382160.6125,5612824.5811,"Gunshot Wound Victims","No","22-223946","MP2022223946",2022-09-21,"18:22:00+00","2022/09/21 12:30:00+00","Non NIBRS Data","Non NIBRS Data","Non NIBRS Data","Gunshot Wound Victims","Gunshot Wound Victims","Shooting Report Only (P)","Shooting Report Only (P)","0007XX 32ND ST E",3,"Central",9,44.94473,-93.26454,-10382160.6125435,5612824.58110297,1,314298,2022,9
-10380388.2522,5614666.2438,"Gunshot Wound Victims","No","22-228720","MP2022228720",2022-09-26,"18:40:00+00","2022/09/26 18:40:00+00","Non NIBRS Data","Non NIBRS Data","Non NIBRS Data","Gunshot Wound Victims","Gunshot Wound Victims","Shooting (PFE)","Shooting (PFE)","0025XX 18TH AVE S",3,"East Phillips",9,44.95644,-93.24861,-10380388.2521812,5614666.24381882,1,314299,2022,9
-10386530.5617,5622749.7909,"Gunshot Wound Victims","No","22-229147","MP2022229147",2022-09-27,"10:21:00+00","2022/09/27 10:21:00+00","Non NIBRS Data","Non NIBRS Data","Non NIBRS Data","Gunshot Wound Victims","Gunshot Wound Victims","Sound of Shots Fired (P)","Shooting (PFE)","0019XX 27TH AVE N",4,"Jordan",5,45.0078,-93.30379,-10386530.5617065,5622749.79089494,1,314300,2022,9
-10384941.9664,5621657.1554,"Gunshot Wound Victims","No","22-234281","MP2022234281",2022-10-02,"20:23:00+00","2022/10/02 20:23:00+00","Non NIBRS Data","Non NIBRS Data","Non NIBRS Data","Gunshot Wound Victims","Gunshot Wound Victims","ShotSpotter Activation (P)","ShotSpotter Activation (P)","0021XX ALDRICH AVE N",4,"Hawthorne",5,45.00086,-93.28952,-10384941.9664195,5621657.15536339,2,314321,2022,10
-10379112.6466,5614070.201,"Gunshot Wound Victims","No","22-238181","MP2022238181",2022-10-06,"22:35:00+00","2022/10/06 21:00:00+00","Non NIBRS Data","Non NIBRS Data","Non NIBRS Data","Gunshot Wound Victims","Gunshot Wound Victims","Shooting (PFE)","Shooting (PFE)","0027XX MINNEHAHA AVE",3,"Longfellow",9,44.95265,-93.23716,-10379112.6466077,5614070.20099967,1,314322,2022,10
-10385348.6132,5613810.1146,"Gunshot Wound Victims","No","23-136254","MP2023136254",2023-05-28,"01:31:00+00","2023/05/27 22:33:00+00","Non NIBRS Data","Non NIBRS Data","Non NIBRS Data","Gunshot Wound Victims","Gunshot Wound Victims","Sound of Shots Fired (P)","Shooting (PFE)","0028XX DUPONT AVE S",5,"Lowry Hill East",10,44.951,-93.29317,-10385348.6131925,5613810.11459808,2,314344,2023,5
-10381939.977,5615945.0839,"Gunshot Wound Victims","No","23-148204","MP2023148204",2023-06-08,"04:44:00+00","2023/06/08 01:03:00+00","Non NIBRS Data","Non NIBRS Data","Non NIBRS Data","Gunshot Wound Victims","Gunshot Wound Victims","Shooting (PFE)","Shooting (PFE)","0018XX CHICAGO AVE",3,"Ventura Village",6,44.96457,-93.26255,-10381939.9770378,5615945.08385428,2,314345,2023,6
-10381940.4795,5615581.5122,"Gunshot Wound Victims","No","23-165582","MP2023165582",2023-06-25,"01:29:00+00","2023/06/25 00:45:00+00","Non NIBRS Data","Non NIBRS Data","Non NIBRS Data","Gunshot Wound Victims","Gunshot Wound Victims","Sound of Shots Fired (P)","Shooting (PFE)","0020XX CHICAGO AVE",3,"Ventura Village",6,44.96226,-93.26256,-10381940.479548,5615581.51223834,1,314346,2023,6
-10380529.9483,5620890.9894,"Gunshot Wound Victims",NA,"23-169854","MP2023169854",2023-06-29,"01:58:00+00","2023/06/29 01:58:00+00","Non NIBRS Data","Non NIBRS Data","Non NIBRS Data","Gunshot Wound Victims","Gunshot Wound Victims","Shooting Report Only (P)","Shooting Report Only (P)","0006XX JACKSON ST NE",2,"St. Anthony East",3,44.99599,-93.24989,-10380529.9483291,5620890.98942502,1,314347,2023,6
-10380753.9848,5626622.3613,"Gunshot Wound Victims","No","23-175949","MP2023175949",2023-07-05,"03:26:00+00","2023/07/05 01:35:00+00","Non NIBRS Data","Non NIBRS Data","Non NIBRS Data","Gunshot Wound Victims","Gunshot Wound Victims","Shooting (PFE)","Shooting (PFE)","0008XX COLUMBIA PKWY",2,"Columbia Park",1,45.03239,-93.2519,-10380753.9848492,5626622.36130646,1,314348,2023,7
-10387021.6556,5622014.1808,"Gunshot Wound Victims","No","23-175971","MP2023175971",2023-07-05,"06:05:00+00","2023/07/05 02:07:00+00","Non NIBRS Data","Non NIBRS Data","Non NIBRS Data","Gunshot Wound Victims","Gunshot Wound Victims","Sound of Shots Fired (P)~PD","Shooting (PFE)","0023XX PENN AVE N",4,"Willard - Hay",5,45.00313,-93.3082,-10387021.6555857,5622014.18084923,1,314349,2023,7
-10382365.9921,5615847.941,"Gunshot Wound Victims","No","23-181914","MP2023181914",2023-07-10,"10:35:00+00","2023/07/10 10:20:00+00","Non NIBRS Data","Non NIBRS Data","Non NIBRS Data","Gunshot Wound Victims","Gunshot Wound Victims","Shooting (PFE)","Shooting (PFE)","0006XX 19TH ST E",3,"Ventura Village",6,44.96395,-93.26638,-10382365.9920814,5615847.94099618,1,314350,2023,7
-10387022.6833,5622611.3751,"Gunshot Wound Victims","No","22-245125","MP2022245125",2022-10-14,"23:16:00+00","2022/10/14 23:16:00+00","Non NIBRS Data","Non NIBRS Data","Non NIBRS Data","Gunshot Wound Victims","Gunshot Wound Victims","Receive Information (P)","Shooting Report Only (P)","0026XX PENN AVE N",4,"Jordan",5,45.00692,-93.30821,-10387022.6833195,5622611.37510061,1,314379,2022,10
-10382791.1175,5618260.5879,"Gunshot Wound Victims","Yes","22-252289","MP2022252289",2022-10-23,"02:51:00+00","2022/10/23 02:51:00+00","Non NIBRS Data","Non NIBRS Data","Non NIBRS Data","Gunshot Wound Victims","Gunshot Wound Victims","On Site (P)","Shooting (PFE)","0004XX NICOLLET MALL",1,"Downtown West",7,44.97928,-93.2702,-10382791.1174519,5618260.58787973,1,314380,2022,10
-10386532.2024,5623318.0046,"Gunshot Wound Victims","No","22-255535","MP2022255535",2022-10-26,"21:30:00+00","2022/10/26 21:30:00+00","Non NIBRS Data","Non NIBRS Data","Non NIBRS Data","Gunshot Wound Victims","Gunshot Wound Victims","Shooting (PFE)","Shooting (PFE)","0019XX 30TH AVE N",4,"Folwell",4,45.01141,-93.30381,-10386532.2024439,5623318.00458391,1,314400,2022,10
-10382003.0331,5617172.4506,"Gunshot Wound Victims","Yes","22-257651","MP2022257651",2022-10-28,"20:52:00+00","2022/10/28 20:52:00+00","Non NIBRS Data","Non NIBRS Data","Non NIBRS Data","Gunshot Wound Victims","Gunshot Wound Victims","Shooting (PFE)","Shooting (PFE)","0007XX PARK AVE",1,"Elliot Park",6,44.97237,-93.26312,-10382003.0331279,5617172.45057924,1,314403,2022,10
-10382496.4123,5611304.6541,"Gunshot Wound Victims","No","22-273646","MP2022273646",2022-11-16,"16:00:00+00","2022/11/16 16:00:00+00","Non NIBRS Data","Non NIBRS Data","Non NIBRS Data","Gunshot Wound Victims","Gunshot Wound Victims","Shooting (PFE)","Shooting (PFE)","0037XX PORTLAND AVE",3,"Central",8,44.93507,-93.26755,-10382496.4123199,5611304.65410976,1,314405,2022,11
-10379148.2973,5605625.5048,"Gunshot Wound Victims","No","22-278613","MP2022278613",2022-11-22,"22:20:00+00","2022/11/22 19:52:00+00","Non NIBRS Data","Non NIBRS Data","Non NIBRS Data","Gunshot Wound Victims","Gunshot Wound Victims","Shooting (PFE)","Shooting (PFE)","0057XX 24TH AVE S",3,"Wenonah",11,44.89894,-93.23748,-10379148.2973243,5605625.50481576,1,314406,2022,11
-10379970.6382,5612969.2861,"Gunshot Wound Victims","No","22-292767","MP2022292767",2022-12-10,"23:43:00+00","2022/12/10 20:46:00+00","Non NIBRS Data","Non NIBRS Data","Non NIBRS Data","Gunshot Wound Victims","Gunshot Wound Victims","Shooting (PFE)","Shooting (PFE)","0031XX 19TH AVE S",3,"Corcoran",9,44.94565,-93.24486,-10379970.6381947,5612969.28607491,1,314408,2022,12
-10386328.7542,5618902.6882,"Gunshot Wound Victims","No","22-294478","MP2022294478",2022-12-12,"21:59:00+00","2022/12/12 21:59:00+00","Non NIBRS Data","Non NIBRS Data","Non NIBRS Data","Gunshot Wound Victims","Gunshot Wound Victims","ShotSpotter Activation (P)","Shooting (PFE)","0005XX KNOX AVE N",4,"Harrison",5,44.98336,-93.30198,-10386328.7541526,5618902.68816794,1,314411,2022,12
-10384570.8217,5613396.4853,"Gunshot Wound Victims","No","23-192483","MP2023192483",2023-07-21,"20:27:00+00","2023/07/21 18:15:00+00","Non NIBRS Data","Non NIBRS Data","Non NIBRS Data","Gunshot Wound Victims","Gunshot Wound Victims","Shooting Report Only (P)","Shooting Report Only (P)","0005XX LAKE ST W",5,"Whittier",10,44.94837,-93.28619,-10384570.8217074,5613396.48527978,1,314472,2023,7
-10378012.0118,5605689.3666,"Gunshot Wound Victims","No","23-193821","MP2023193821",2023-07-23,"01:43:00+00","2023/07/23 00:02:00+00","Non NIBRS Data","Non NIBRS Data","Non NIBRS Data","Gunshot Wound Victims","Gunshot Wound Victims","Shooting (PFE)","Shooting (PFE)","0057XX 31ST AVE S",3,"Wenonah",11,44.89935,-93.22727,-10378012.011841,5605689.36662165,2,314473,2023,7
-10381958.3742,5605896.911,"Gunshot Wound Victims","No","23-202679","MP2023202679",2023-07-31,"21:00:00+00","2023/07/31 21:00:00+00","Non NIBRS Data","Non NIBRS Data","Non NIBRS Data","Gunshot Wound Victims","Gunshot Wound Victims","Shooting (PFE)","Shooting (PFE)","0056XX CHICAGO AVE",3,"Diamond Lake",11,44.90067,-93.26272,-10381958.3741967,5605896.91095866,1,314474,2023,7
-10378312.7605,5613822.4551,"Gunshot Wound Victims","No","23-205389","MP2023205389",2023-08-03,"17:49:00+00","2023/08/02 22:00:00+00","Non NIBRS Data","Non NIBRS Data","Non NIBRS Data","Gunshot Wound Victims","Gunshot Wound Victims","Dead Person (P)","Dead Person (P)","0028XX 29TH AVE S",3,"Longfellow",9,44.95107,-93.22997,-10378312.760471,5613822.45513482,1,314475,2023,8
-10386747.4699,5624883.2796,"Gunshot Wound Victims","No","23-217845","MP2023217845",2023-08-15,"21:09:00+00","2023/08/15 21:09:00+00","Non NIBRS Data","Non NIBRS Data","Non NIBRS Data","Gunshot Wound Victims","Gunshot Wound Victims","Shooting (PFE)","Shooting (PFE)","0036XX NEWTON AVE N",4,"Folwell",4,45.02135,-93.30574,-10386747.4698802,5624883.27956364,1,314476,2023,8
-10381777.3774,5615581.952,"Gunshot Wound Victims","No","23-235075","MP2023235075",2023-09-01,"17:33:00+00","2023/09/01 17:32:00+00","Non NIBRS Data","Non NIBRS Data","Non NIBRS Data","Gunshot Wound Victims","Gunshot Wound Victims","Shooting (PFE)","Shooting (PFE)","0020XX ELLIOT AVE",3,"Ventura Village",6,44.96226,-93.26109,-10381777.3774456,5615581.95195485,1,314477,2023,9
-10382003.0331,5617172.4506,"Gunshot Wound Victims","Yes","23-264817","MP2023264817",2023-10-02,"02:49:00+00","2023/10/01 23:38:00+00","Non NIBRS Data","Non NIBRS Data","Non NIBRS Data","Gunshot Wound Victims","Gunshot Wound Victims","Shooting Report Only (P)","Shooting Report Only (P)","0007XX PARK AVE",NA,NA,NA,44.97237,-93.26312,-10382003.0331279,5617172.45057924,1,314478,2023,10
-10377365.788,5617142.5494,"Gunshot Wound Victims","No","23-240311","MP2023240311",2023-09-07,"00:19:00+00","2023/09/07 00:19:00+00","Non NIBRS Data","Non NIBRS Data","Non NIBRS Data","Gunshot Wound Victims","Gunshot Wound Victims","Shooting (PFE)","Shooting (PFE)","0025XX DELAWARE ST SE",2,"Prospect Park - East River Road",2,44.97218,-93.22146,-10377365.7879524,5617142.54940905,1,314481,2023,9
-10384212.1047,5614383.1231,"Gunshot Wound Victims","No","23-000365","MP2023365",2023-01-01,"03:48:00+00","2023/01/01 03:48:00+00","Non NIBRS Data","Non NIBRS Data","Non NIBRS Data","Gunshot Wound Victims","Gunshot Wound Victims","Sound of Shots Fired (P)~PD","Shooting (PFE)","0026XX PLEASANT AVE",5,"Whittier",10,44.95464,-93.28296,-10384212.104675,5614383.12314387,1,314562,2023,1
-10384544.5269,5617622.7006,"Gunshot Wound Victims","No","23-005628","MP20235628",2023-01-08,"04:41:00+00","2023/01/08 02:17:00+00","Non NIBRS Data","Non NIBRS Data","Non NIBRS Data","Gunshot Wound Victims","Gunshot Wound Victims","Assist Other Agency (P)","Shooting (PFE)","0012XX INTERSTATE 394",4,"Lowry Hill",7,44.97523,-93.28595,-10384544.5269072,5617622.70060691,2,314564,2023,1
-10384437.2388,5621005.0613,"Gunshot Wound Victims","No","23-009957","MP20239957",2023-01-13,"15:18:00+00","2023/01/13 14:08:00+00","Non NIBRS Data","Non NIBRS Data","Non NIBRS Data","Gunshot Wound Victims","Gunshot Wound Victims","Shooting Report Only (P)","Shooting Report Only (P)","0016XX LYN CURVE AVE N",4,"Near - North",5,44.99672,-93.28499,-10384437.2387943,5621005.06125677,1,314566,2023,1
-10385098.7178,5619440.6582,"Gunshot Wound Victims","No","23-016179","MP202316179",2023-01-21,"02:37:00+00","2023/01/21 02:35:00+00","Non NIBRS Data","Non NIBRS Data","Non NIBRS Data","Gunshot Wound Victims","Gunshot Wound Victims","Shooting (PFE)","Shooting (PFE)","0008XX ALDRICH AVE N",4,"Sumner - Glenwood",5,44.98678,-93.29093,-10385098.7178136,5619440.65820941,1,314568,2023,1
-10385206.6936,5613810.293,"Gunshot Wound Victims","No","23-037986","MP202337986",2023-02-16,"04:34:00+00","2023/02/15 23:35:00+00","Non NIBRS Data","Non NIBRS Data","Non NIBRS Data","Gunshot Wound Victims","Gunshot Wound Victims","Sound of Shots Fired (P)","Shooting (PFE)","0028XX COLFAX AVE S",5,"Lowry Hill East",10,44.951,-93.2919,-10385206.6935706,5613810.29299361,3,314570,2023,2
-10387307.6302,5622683.4,"Gunshot Wound Victims","No","23-042872","MP202342872",2023-02-21,"21:26:00+00","2023/02/21 21:26:00+00","Non NIBRS Data","Non NIBRS Data","Non NIBRS Data","Gunshot Wound Victims","Gunshot Wound Victims","ShotSpotter Activation (P)","Shooting (PFE)","0026XX RUSSELL AVE N",4,"Jordan",4,45.00738,-93.31077,-10387307.6301771,5622683.39999643,2,314572,2023,2
-10383995.6361,5621926.0497,"Gunshot Wound Victims","No","23-051823","MP202351823",2023-03-04,"03:47:00+00","2023/03/04 02:19:00+00","Non NIBRS Data","Non NIBRS Data","Non NIBRS Data","Gunshot Wound Victims","Gunshot Wound Victims","On Site (P)","Shooting (PFE)","0002XX 23RD AVE N",4,"Hawthorne",5,45.00257,-93.28102,-10383995.6360887,5621926.04972424,1,314574,2023,3
-10384776.838,5614665.9549,"Gunshot Wound Victims","No","23-265439","MP2023265439",2023-10-02,"16:30:00+00","2023/10/02 16:30:00+00","Non NIBRS Data","Non NIBRS Data","Non NIBRS Data","Gunshot Wound Victims","Gunshot Wound Victims","ShotSpotter Activation (P)~PD","Shooting (PFE)","0025XX LYNDALE AVE S",5,"Whittier",10,44.95644,-93.28804,-10384776.8379865,5614665.95488514,1,314712,2023,10
-10385914.9597,5613804.0551,"Gunshot Wound Victims","No","23-276471","MP2023276471",2023-10-14,"16:40:00+00","2023/10/14 16:40:00+00","Non NIBRS Data","Non NIBRS Data","Non NIBRS Data","Gunshot Wound Victims","Gunshot Wound Victims","Shooting (PFE)","Shooting (PFE)","0028XX HENNEPIN AVE",5,"Lowry Hill East",10,44.95096,-93.29826,-10385914.9596786,5613804.05508371,1,314713,2023,10
-10378012.0118,5605689.3666,"Gunshot Wound Victims","No","23-288101","MP2023288101",2023-10-27,"01:41:00+00","2023/10/27 00:53:00+00","Non NIBRS Data","Non NIBRS Data","Non NIBRS Data","Gunshot Wound Victims","Gunshot Wound Victims","Shooting (PFE)","Shooting (PFE)","0057XX 31ST AVE S",3,"Wenonah",11,44.89935,-93.22727,-10378012.011841,5605689.36662165,1,314714,2023,10
-10387894.7885,5625743.6597,"Gunshot Wound Victims","No","23-299939","MP2023299939",2023-11-08,"20:13:00+00","2023/11/08 20:00:00+00","Non NIBRS Data","Non NIBRS Data","Non NIBRS Data","Gunshot Wound Victims","Gunshot Wound Victims","Shooting (PFE)","Shooting (PFE)","0039XX VINCENT AVE N",4,"Victory",4,45.02681,-93.31605,-10387894.7884964,5625743.65966666,1,314715,2023,11
-10383115.0066,5618245.4491,"Gunshot Wound Victims","Yes","23-302090","MP2023302090",2023-11-11,"01:44:00+00","2023/11/11 01:44:00+00","Non NIBRS Data","Non NIBRS Data","Non NIBRS Data","Gunshot Wound Victims","Gunshot Wound Victims","Shooting (PFE)","Shooting (PFE)","0005XX HENNEPIN AVE",1,"Downtown West",7,44.97919,-93.27311,-10383115.0066079,5618245.44912106,2,314716,2023,11
-10385700.6738,5613960.7455,"Gunshot Wound Victims","No","23-303758","MP2023303758",2023-11-12,"22:58:00+00","2023/11/12 22:58:00+00","Non NIBRS Data","Non NIBRS Data","Non NIBRS Data","Gunshot Wound Victims","Gunshot Wound Victims","Shooting (PFE)","Shooting (PFE)","0013XX 28TH ST W",5,"Lowry Hill East",10,44.95195,-93.29634,-10385700.6738168,5613960.74550321,3,314717,2023,11
-10383638.9901,5616702.3647,"Gunshot Wound Victims","No","23-304957","MP2023304957",2023-11-14,"14:30:00+00","2023/11/14 09:22:00+00","Non NIBRS Data","Non NIBRS Data","Non NIBRS Data","Gunshot Wound Victims","Gunshot Wound Victims","Shooting (PFE)","Shooting (PFE)","0013XX NICOLLET AVE",1,"Loring Park",7,44.96938,-93.27782,-10383638.990059,5616702.36472201,1,314718,2023,11
-10381154.6709,5615373.0405,"Gunshot Wound Victims","No","23-318024","MP2023318024",2023-11-29,"13:38:00+00","2023/11/29 12:29:00+00","Non NIBRS Data","Non NIBRS Data","Non NIBRS Data","Gunshot Wound Victims","Gunshot Wound Victims","Shooting (PFE)","Shooting (PFE)","0013XX 22ND ST E",3,"Ventura Village",9,44.96093,-93.2555,-10381154.6708787,5615373.04047332,1,314719,2023,11
-10385547.5684,5624443.0434,"Gunshot Wound Victims","No","23-058692","MP202358692",2023-03-11,"15:05:00+00","2023/03/11 13:50:00+00","Non NIBRS Data","Non NIBRS Data","Non NIBRS Data","Gunshot Wound Victims","Gunshot Wound Victims","Shooting (PFE)","Shooting (PFE)","0012XX 35TH AVE N",4,"Folwell",4,45.01855,-93.29496,-10385547.5684425,5624443.04340198,1,314748,2023,3
-10384929.7718,5612972.8963,"Gunshot Wound Victims",NA,"23-061210","MP202361210",2023-03-14,"12:05:00+00","2023/03/14 11:30:00+00","Non NIBRS Data","Non NIBRS Data","Non NIBRS Data","Gunshot Wound Victims","Gunshot Wound Victims","Shooting Report Only (P)","Shooting Report Only (P)","0031XX ALDRICH AVE S",5,"South Uptown",10,44.94567,-93.28941,-10384929.7718431,5612972.8963263,1,314749,2023,3
-10381945.0203,5612437.9779,"Gunshot Wound Victims","No","23-069071","MP202369071",2023-03-22,"23:13:00+00","2023/03/22 23:13:00+00","Non NIBRS Data","Non NIBRS Data","Non NIBRS Data","Gunshot Wound Victims","Gunshot Wound Victims","Sound of Shots Fired (P)~PD","Shooting (PFE)","0033XX CHICAGO AVE",3,"Central",9,44.94227,-93.2626,-10381945.0202798,5612437.97786359,1,314750,2023,3
-10385112.6323,5620687.9228,"Gunshot Wound Victims","No","23-075650","MP202375650",2023-03-30,"01:25:00+00","2023/03/29 21:20:00+00","Non NIBRS Data","Non NIBRS Data","Non NIBRS Data","Gunshot Wound Victims","Gunshot Wound Victims","ShotSpotter Activation (P)","Shooting Report Only (P)","0015XX BRYANT AVE N",4,"Near - North",5,44.9947,-93.29105,-10385112.6323404,5620687.92275152,2,314751,2023,3
-10383003.1739,5617566.1207,"Gunshot Wound Victims","Yes","23-084802","MP202384802",2023-04-08,"01:12:00+00","2023/04/08 01:12:00+00","Non NIBRS Data","Non NIBRS Data","Non NIBRS Data","Gunshot Wound Victims","Gunshot Wound Victims","Suspicious Vehicle (P)","Shooting Report Only (P)","0008XX MARQUETTE AVE",1,"Downtown West",7,44.97487,-93.2721,-10383003.1739466,5617566.12070318,1,314752,2023,4
-10383217.8535,5615947.8466,"Gunshot Wound Victims","No","23-092306","MP202392306",2023-04-15,"13:41:00+00","2023/04/15 12:30:00+00","Non NIBRS Data","Non NIBRS Data","Non NIBRS Data","Gunshot Wound Victims","Gunshot Wound Victims","Shooting (PFE)","Shooting (PFE)","0018XX 2ND AVE S",5,"Steven's Square - Loring Heights",6,44.96459,-93.27403,-10383217.853472,5615947.84663977,1,314753,2023,4
-10386674.8967,5620183.8911,"Gunshot Wound Victims","No","23-103212","MP2023103212",2023-04-26,"20:54:00+00","2023/04/26 20:54:00+00","Non NIBRS Data","Non NIBRS Data","Non NIBRS Data","Gunshot Wound Victims","Gunshot Wound Victims","Shooting Report Only (P)","Shooting Report Only (P)","0019XX PLYMOUTH AVE N",4,"Near - North",5,44.9915,-93.30509,-10386674.8966792,5620183.89112344,1,314754,2023,4
-10386674.8967,5620183.8911,"Gunshot Wound Victims","No","23-120277","MP2023120277",2023-05-12,"19:26:00+00","2023/05/12 19:26:00+00","Non NIBRS Data","Non NIBRS Data","Non NIBRS Data","Gunshot Wound Victims","Gunshot Wound Victims","Shooting Report Only (P)","Shooting Report Only (P)","0019XX PLYMOUTH AVE N",4,"Near - North",5,44.9915,-93.30509,-10386674.8966792,5620183.89112344,1,314755,2023,5
-10385283.1923,5620343.3486,"Gunshot Wound Victims","No","23-325426","MP2023325426",2023-12-07,"16:21:00+00","2023/12/07 16:21:00+00","Non NIBRS Data","Non NIBRS Data","Non NIBRS Data","Gunshot Wound Victims","Gunshot Wound Victims","Disturbance (P)","Shooting (PFE)","0013XX DUPONT AVE N",4,"Near - North",5,44.99252,-93.29259,-10385283.192348,5620343.3486292,1,314845,2023,12
-10386208.2527,5621709.0858,"Gunshot Wound Victims","No","23-326705","MP2023326705",2023-12-08,"22:09:00+00","2023/12/08 22:09:00+00","Non NIBRS Data","Non NIBRS Data","Non NIBRS Data","Gunshot Wound Victims","Gunshot Wound Victims","Shooting (PFE)","Shooting (PFE)","0016XX HILLSIDE AVE N",4,"Jordan",5,45.00119,-93.3009,-10386208.2527323,5621709.08581571,1,314847,2023,12
-10386671.9747,5621325.085,"Gunshot Wound Victims","No","23-332727","MP2023332727",2023-12-15,"17:29:00+00","2023/12/15 17:29:00+00","Non NIBRS Data","Non NIBRS Data","Non NIBRS Data","Gunshot Wound Victims","Gunshot Wound Victims","Shooting (PFE)","Shooting (PFE)","0019XX GOLDEN VALLEY RD",4,"Jordan",5,44.99875,-93.30506,-10386671.9747318,5621325.08504482,1,314849,2023,12
-10383241.6548,5618631.233,"Gunshot Wound Victims","Yes","23-345157","MP2023345157",2023-12-30,"00:14:00+00","2023/12/30 00:14:00+00","Non NIBRS Data","Non NIBRS Data","Non NIBRS Data","Gunshot Wound Victims","Gunshot Wound Victims","Suspicious Vehicle (P)","Shooting (PFE)","0004XX 2ND AVE N",1,"Downtown West",7,44.98164,-93.27425,-10383241.6547606,5618631.23304588,2,314851,2023,12
-10384031.9352,5613582.921,"Gunshot Wound Victims","No","23-345781","MP2023345781",2023-12-30,"19:09:00+00","2023/12/30 19:00:00+00","Non NIBRS Data","Non NIBRS Data","Non NIBRS Data","Gunshot Wound Victims","Gunshot Wound Victims","Shooting (PFE)","Shooting (PFE)","0029XX PILLSBURY AVE",5,"Whittier",10,44.94955,-93.28135,-10384031.9351528,5613582.92104135,1,314853,2023,12
-10382077.5879,5611598.4012,"Gunshot Wound Victims","No","24-022209","MP202422209",2024-01-27,"00:04:00+00","2024/01/27 00:00:00+00","Non NIBRS Data","Non NIBRS Data","Non NIBRS Data","Gunshot Wound Victims","Gunshot Wound Victims","Shooting (PFE)","Shooting (PFE)","0036XX COLUMBUS AVE",3,"Central",8,44.93693,-93.26379,-10382077.5878834,5611598.40116309,1,314855,2024,1
-10384021.7902,5615509.4722,"Gunshot Wound Victims","No","24-031690","MP202431690",2024-02-06,"02:31:00+00","2024/02/06 02:31:00+00","Non NIBRS Data","Non NIBRS Data","Non NIBRS Data","Gunshot Wound Victims","Gunshot Wound Victims","Shooting (PFE)","Shooting (PFE)","0020XX PILLSBURY AVE",5,"Whittier",10,44.9618,-93.28125,-10384021.7901787,5615509.47219568,1,314857,2024,2
-10387185.6141,5619220.0696,"Gunshot Wound Victims","No","24-062316","MP202462316",2024-03-10,"03:17:00+00","2024/03/10 00:22:00+00","Non NIBRS Data","Non NIBRS Data","Non NIBRS Data","Gunshot Wound Victims","Gunshot Wound Victims","ShotSpotter Activation (P)","Shooting (PFE)","0007XX QUEEN AVE N",4,"Willard - Hay",5,44.98538,-93.30968,-10387185.6141102,5619220.06957481,1,315019,2024,3
-10383145.2678,5615368.0883,"Gunshot Wound Victims","No","24-073725","MP202473725",2024-03-21,"12:14:00+00","2024/03/21 08:30:00+00","Non NIBRS Data","Non NIBRS Data","Non NIBRS Data","Gunshot Wound Victims","Gunshot Wound Victims","Shooting Report Only (P)","Shooting Report Only (P)","0002XX 22ND ST E",5,"Whittier",10,44.9609,-93.27338,-10383145.2678399,5615368.08829831,1,315020,2024,3
-10386208.2527,5621709.0858,"Gunshot Wound Victims","No","23-132159","MP2023132159",2023-05-24,"02:26:00+00","2023/05/24 00:40:00+00","Non NIBRS Data","Non NIBRS Data","Non NIBRS Data","Gunshot Wound Victims","Gunshot Wound Victims","Shooting Report Only (P)","Shooting Report Only (P)","0016XX HILLSIDE AVE N",4,"Jordan",5,45.00119,-93.3009,-10386208.2527323,5621709.08581571,1,315032,2023,5
-10380179.0632,5614242.9212,"Gunshot Wound Victims","No","23-143198","MP2023143198",2023-06-03,"12:58:00+00","2023/05/29 00:00:00+00","Non NIBRS Data","Non NIBRS Data","Non NIBRS Data","Gunshot Wound Victims","Gunshot Wound Victims","Shooting (PFE)","Shooting (PFE)","0018XX 27TH ST E",3,"East Phillips",9,44.95375,-93.24674,-10380179.0631507,5614242.92122461,1,315033,2023,6
-10382366.2133,5616354.266,"Gunshot Wound Victims","Yes","23-153487","MP2023153487",2023-06-13,"10:28:00+00","2023/06/13 09:00:00+00","Non NIBRS Data","Non NIBRS Data","Non NIBRS Data","Gunshot Wound Victims","Gunshot Wound Victims","Shooting Report Only (P)","Shooting Report Only (P)","0006XX 16TH ST E",1,"Elliot Park",6,44.96717,-93.26638,-10382366.2133365,5616354.26600099,1,315034,2023,6
-10386532.2024,5623318.0046,"Gunshot Wound Victims","No","23-166270","MP2023166270",2023-06-25,"18:40:00+00","2023/06/25 18:40:00+00","Non NIBRS Data","Non NIBRS Data","Non NIBRS Data","Gunshot Wound Victims","Gunshot Wound Victims","Shooting (PFE)","Shooting (PFE)","0019XX 30TH AVE N",4,"Folwell",4,45.01141,-93.30381,-10386532.2024439,5623318.00458391,1,315035,2023,6
-10384031.9352,5613582.921,"Gunshot Wound Victims","No","23-172738","MP2023172738",2023-07-02,"04:01:00+00","2023/07/01 22:30:00+00","Non NIBRS Data","Non NIBRS Data","Non NIBRS Data","Gunshot Wound Victims","Gunshot Wound Victims","Shooting (PFE)","Shooting (PFE)","0029XX PILLSBURY AVE",5,"Whittier",10,44.94955,-93.28135,-10384031.9351528,5613582.92104135,1,315036,2023,7
-10386045.269,5618905.3354,"Gunshot Wound Victims","No","23-175961","MP2023175961",2023-07-05,"05:56:00+00","2023/07/05 01:45:00+00","Non NIBRS Data","Non NIBRS Data","Non NIBRS Data","Gunshot Wound Victims","Gunshot Wound Victims","Shooting Report Only (P)","Shooting Report Only (P)","0005XX IRVING AVE N",4,"Harrison",5,44.98338,-93.29943,-10386045.268969,5618905.33542063,1,315037,2023,7
0,0,"Gunshot Wound Victims","No","23-175990","MP2023175990",2023-07-05,"01:45:00+00","2023/07/05 01:45:00+00","Non NIBRS Data","Non NIBRS Data","Non NIBRS Data","Gunshot Wound Victims","Gunshot Wound Victims","Shooting Report Only (P)","Shooting Report Only (P)","No Address",NA,NA,NA,0,0,0,0,2,315038,2023,7
-10385767.9281,5614745.8043,"Gunshot Wound Victims","No","23-187879","MP2023187879",2023-07-17,"01:27:00+00","2023/07/17 01:27:00+00","Non NIBRS Data","Non NIBRS Data","Non NIBRS Data","Gunshot Wound Victims","Gunshot Wound Victims","Shooting (PFE)","Shooting (PFE)","0025XX GIRARD AVE S",5,"East Isles",7,44.95694,-93.29694,-10385767.9281246,5614745.80429922,1,315039,2023,7
-10382003.0331,5617172.4506,"Gunshot Wound Victims","Yes","24-087257","MP202487257",2024-04-05,"01:00:00+00","2024/04/04 21:39:00+00","Non NIBRS Data","Non NIBRS Data","Non NIBRS Data","Gunshot Wound Victims","Gunshot Wound Victims","Shooting Report Only (P)","Shooting Report Only (P)","0007XX PARK AVE",NA,"Elliot Park",6,44.97237,-93.26312,-10382003.0331279,5617172.45057924,1,315041,2024,4
-10384446.9452,5609440.4604,"Gunshot Wound Victims","No","24-091410","MP202491410",2024-04-08,"22:31:00+00","2024/04/08 22:31:00+00","Non NIBRS Data","Non NIBRS Data","Non NIBRS Data","Gunshot Wound Victims","Gunshot Wound Victims","Shooting (PFE)","Shooting (PFE)","0004XX 44TH ST W",5,"King Field",8,44.92321,-93.28507,-10384446.9451611,5609440.46035512,1,315042,2024,4
-10385852.039,5627103.6513,"Gunshot Wound Victims","No","24-095765","MP202495765",2024-04-13,"05:36:00+00","2024/04/13 04:10:00+00","Non NIBRS Data","Non NIBRS Data","Non NIBRS Data","Gunshot Wound Victims","Gunshot Wound Victims","ShotSpotter Activation (P)","ShotSpotter Activation (P)","0014XX 44TH AVE N",4,"Webber - Camden",4,45.03545,-93.2977,-10385852.0389574,5627103.651272,2,315043,2024,4
-10386671.9747,5621325.085,"Gunshot Wound Victims","No","24-101326","MP2024101326",2024-04-18,"15:16:00+00","2024/04/18 15:15:00+00","Non NIBRS Data","Non NIBRS Data","Non NIBRS Data","Gunshot Wound Victims","Gunshot Wound Victims","Stabbing (PE)~PD","Shooting (PFE)","0019XX GOLDEN VALLEY RD",4,"Willard - Hay",5,44.99875,-93.30506,-10386671.9747318,5621325.08504482,1,315044,2024,4
-10384216.5228,5613582.3645,"Gunshot Wound Victims","No","24-110583","MP2024110583",2024-04-26,"22:12:00+00","2024/04/26 22:12:00+00","Non NIBRS Data","Non NIBRS Data","Non NIBRS Data","Gunshot Wound Victims","Gunshot Wound Victims","Shooting (PFE)","Shooting (PFE)","0029XX PLEASANT AVE",5,"Whittier",10,44.94955,-93.283,-10384216.5227954,5613582.36453595,2,315045,2024,4
-10386328.7542,5618902.6882,"Gunshot Wound Victims","No","24-121097","MP2024121097",2024-05-07,"02:31:00+00","2024/05/07 02:31:00+00","Non NIBRS Data","Non NIBRS Data","Non NIBRS Data","Gunshot Wound Victims","Gunshot Wound Victims","Assault in Progress (P)","Shooting (PFE)","0005XX KNOX AVE N",4,"Harrison",5,44.98336,-93.30198,-10386328.7541526,5618902.68816794,1,315046,2024,5
-10385631.7225,5613810.1118,"Gunshot Wound Victims","No","23-197911","MP2023197911",2023-07-27,"02:37:00+00","2023/07/27 02:37:00+00","Non NIBRS Data","Non NIBRS Data","Non NIBRS Data","Gunshot Wound Victims","Gunshot Wound Victims","Shooting (PFE)","Shooting (PFE)","0028XX FREMONT AVE S",5,"Lowry Hill East",10,44.951,-93.29572,-10385631.7224765,5613810.11177183,1,315160,2023,7
-10383638.833,5615868.096,"Gunshot Wound Victims","No","23-193739","MP2023193739",2023-07-22,"22:38:00+00","2023/07/22 22:38:00+00","Non NIBRS Data","Non NIBRS Data","Non NIBRS Data","Gunshot Wound Victims","Gunshot Wound Victims","Shooting (PFE)","Shooting (PFE)","0019XX NICOLLET AVE",5,"Steven's Square - Loring Heights",6,44.96408,-93.27781,-10383638.8330167,5615868.09601212,1,315161,2023,7
-10386751.0129,5625168.3654,"Gunshot Wound Victims","No","23-203691","MP2023203691",2023-08-01,"23:25:00+00","2023/08/01 23:25:00+00","Non NIBRS Data","Non NIBRS Data","Non NIBRS Data","Gunshot Wound Victims","Gunshot Wound Victims","Robbery of Biz In Progress (P)~PD","Shooting (PFE)","0037XX NEWTON AVE N",4,"Folwell",4,45.02316,-93.30577,-10386751.0129481,5625168.36535632,1,315162,2023,8
-10383941.5892,5613118.7114,"Gunshot Wound Victims","No","23-209771","MP2023209771",2023-08-08,"01:57:00+00","2023/08/08 01:56:00+00","Non NIBRS Data","Non NIBRS Data","Non NIBRS Data","Gunshot Wound Victims","Gunshot Wound Victims","Shooting (PFE)","Shooting (PFE)","0001XX 31ST ST W",5,"Lyndale",8,44.9466,-93.28053,-10383941.5891992,5613118.71140784,1,315163,2023,8
-10385984.3636,5621503.5864,"Gunshot Wound Victims","No","23-228104","MP2023228104",2023-08-26,"00:55:00+00","2023/08/25 20:14:00+00","Non NIBRS Data","Non NIBRS Data","Non NIBRS Data","Gunshot Wound Victims","Gunshot Wound Victims","Shooting (PFE)","Shooting (PFE)","0020XX IRVING AVE N",4,"Jordan",5,44.99989,-93.29888,-10385984.3636306,5621503.58641249,2,315164,2023,8
-10383905.599,5621840.3924,"Gunshot Wound Victims","No","23-237569","MP2023237569",2023-09-04,"01:53:00+00","2023/09/04 01:53:00+00","Non NIBRS Data","Non NIBRS Data","Non NIBRS Data","Gunshot Wound Victims","Gunshot Wound Victims","Shooting (PFE)","Shooting (PFE)","0022XX 2ND ST N",4,"Hawthorne",5,45.00203,-93.28021,-10383905.5989809,5621840.39235136,1,315165,2023,9
-10380250.8547,5614101.9587,"Gunshot Wound Victims","No","23-260904","MP2023260904",2023-09-28,"02:29:00+00","2023/09/28 01:43:00+00","Non NIBRS Data","Non NIBRS Data","Non NIBRS Data","Gunshot Wound Victims","Gunshot Wound Victims","Shooting (PFE)","Shooting (PFE)","0027XX CEDAR AVE S",3,"East Phillips",9,44.95285,-93.24738,-10380250.8546807,5614101.95871447,1,315166,2023,9
-10386747.4699,5624883.2796,"Gunshot Wound Victims","No","24-126853","MP2024126853",2024-05-12,"02:12:00+00","2024/05/12 01:50:00+00","Non NIBRS Data","Non NIBRS Data","Non NIBRS Data","Gunshot Wound Victims","Gunshot Wound Victims","Shooting Report Only (P)","Shooting Report Only (P)","0036XX NEWTON AVE N",4,"Folwell",4,45.02135,-93.30574,-10386747.4698802,5624883.27956364,1,315189,2024,5
-10380677.2898,5613812.1887,"Gunshot Wound Victims","No","24-135380","MP2024135380",2024-05-19,"21:45:00+00","2024/05/19 21:45:00+00","Non NIBRS Data","Non NIBRS Data","Non NIBRS Data","Gunshot Wound Victims","Gunshot Wound Victims","Sound of Shots Fired (P)","Shooting (PFE)","0028XX 16TH AVE S",3,"East Phillips",9,44.95101,-93.25121,-10380677.2898147,5613812.18866631,1,315190,2024,5
-10384941.9664,5621657.1554,"Gunshot Wound Victims","No","24-144843","MP2024144843",2024-05-28,"20:00:00+00","2024/05/28 20:00:00+00","Non NIBRS Data","Non NIBRS Data","Non NIBRS Data","Gunshot Wound Victims","Gunshot Wound Victims","Shooting (PFE)","Shooting (PFE)","0021XX ALDRICH AVE N",4,"Hawthorne",5,45.00086,-93.28952,-10384941.9664195,5621657.15536339,1,315191,2024,5
-10378684.1336,5619750.2591,"Gunshot Wound Victims","No","24-156602","MP2024156602",2024-06-09,"03:39:00+00","2024/06/09 02:24:00+00","Non NIBRS Data","Non NIBRS Data","Non NIBRS Data","Gunshot Wound Victims","Gunshot Wound Victims","Shooting (PFE)","Shooting (PFE)","0010XX 13TH AVE SE",2,"Como",1,44.98875,-93.23331,-10378684.1336149,5619750.25905059,1,315192,2024,6
-10382092.3994,5613676.6806,"Gunshot Wound Victims","No","24-159427","MP2024159427",2024-06-12,"02:24:00+00","2024/06/12 02:00:00+00","Non NIBRS Data","Non NIBRS Data","Non NIBRS Data","Gunshot Wound Victims","Gunshot Wound Victims","Shooting (PFE)","Shooting (PFE)","0028XX COLUMBUS AVE",3,"Phillips West",6,44.95015,-93.26392,-10382092.3994341,5613676.68063662,1,315193,2024,6
-10380594.8865,5615373.2442,"Gunshot Wound Victims","No","24-165988","MP2024165988",2024-06-18,"21:12:00+00","2024/06/18 20:15:00+00","Non NIBRS Data","Non NIBRS Data","Non NIBRS Data","Gunshot Wound Victims","Gunshot Wound Victims","Shooting (PFE)","Shooting (PFE)","0016XX 22ND ST E",3,"Ventura Village",6,44.96093,-93.25047,-10380594.8864894,5615373.24420538,1,315194,2024,6
-10381807.8219,5613961.0113,"Gunshot Wound Victims","No","24-177001","MP2024177001",2024-06-29,"04:26:00+00","2024/06/29 03:46:00+00","Non NIBRS Data","Non NIBRS Data","Non NIBRS Data","Gunshot Wound Victims","Gunshot Wound Victims","Shooting Report Only (P)","Shooting Report Only (P)","0009XX 28TH ST E",3,"Midtown Phillips",9,44.95196,-93.26137,-10381807.8219322,5613961.01130238,1,315195,2024,6
-10382978.5305,5618383.6276,"Gunshot Wound Victims","Yes","24-186909","MP2024186909",2024-07-08,"03:04:00+00","2024/07/08 02:24:00+00","Non NIBRS Data","Non NIBRS Data","Non NIBRS Data","Gunshot Wound Victims","Gunshot Wound Victims","Shooting (PFE)","Shooting (PFE)","0004XX HENNEPIN AVE",1,"Downtown West",7,44.98006,-93.27188,-10382978.5305231,5618383.62758409,3,315196,2024,7
-10386208.2527,5621709.0858,"Gunshot Wound Victims","No","23-303584","MP2023303584",2023-11-12,"19:48:00+00","2023/11/12 18:42:00+00","Non NIBRS Data","Non NIBRS Data","Non NIBRS Data","Gunshot Wound Victims","Gunshot Wound Victims","Shooting (PFE)","Shooting (PFE)","0016XX HILLSIDE AVE N",4,"Jordan",5,45.00119,-93.3009,-10386208.2527323,5621709.08581571,1,315261,2023,11
0,0,"Gunshot Wound Victims","Yes","23-304834","MP2023304834",2023-11-14,"05:04:00+00","2023/11/14 03:42:00+00","Non NIBRS Data","Non NIBRS Data","Non NIBRS Data","Gunshot Wound Victims","Gunshot Wound Victims","Shooting Report Only (P)","Shooting Report Only (P)","No Address",NA,NA,NA,0,0,0,0,1,315262,2023,11
-10381857.9567,5615652.1446,"Gunshot Wound Victims","No","23-317551","MP2023317551",2023-11-28,"22:53:00+00","2023/11/28 20:34:00+00","Non NIBRS Data","Non NIBRS Data","Non NIBRS Data","Gunshot Wound Victims","Gunshot Wound Victims","Shooting (PFE)","Shooting (PFE)","0008XX FRANKLIN AVE E",3,"Ventura Village",6,44.96271,-93.26182,-10381857.9566926,5615652.14456797,1,315263,2023,11
-10384241.4608,5616316.4969,"Gunshot Wound Victims","No","24-188599","MP2024188599",2024-07-09,"16:28:00+00","2024/07/09 16:28:00+00","Non NIBRS Data","Non NIBRS Data","Non NIBRS Data","Gunshot Wound Victims","Gunshot Wound Victims","Sound of Shots Fired (P)","Shooting (PFE)","0004XX OAK GROVE ST",1,"Loring Park",7,44.96693,-93.28323,-10384241.4608299,5616316.49687087,1,315338,2024,7
-10381153.6395,5617419.084,"Gunshot Wound Victims","No","24-266510","MP2024266510",2024-09-17,"01:25:00+00","2024/09/17 01:25:00+00","Non NIBRS Data","Non NIBRS Data","Non NIBRS Data","Gunshot Wound Victims","Gunshot Wound Victims","Sound of Shots Fired (P)","Shooting (PFE)","0011XX 4TH ST S",1,"Downtown East",3,44.97394,-93.25549,-10381153.6395352,5617419.08395489,1,315358,2024,9
-10381661.4785,5614664.9992,"Gunshot Wound Victims","No","24-277125","MP2024277125",2024-09-26,"18:28:00+00","2024/09/26 17:17:00+00","Non NIBRS Data","Non NIBRS Data","Non NIBRS Data","Gunshot Wound Victims","Gunshot Wound Victims","Shooting (PFE)","Shooting (PFE)","0025XX 10TH AVE S",3,"Midtown Phillips",9,44.95643,-93.26005,-10381661.4784662,5614664.99916609,1,315359,2024,9
-10383891.4905,5616609.5196,"Gunshot Wound Victims","No","24-296519","MP2024296519",2024-10-14,"19:26:00+00","2024/10/14 19:26:00+00","Non NIBRS Data","Non NIBRS Data","Non NIBRS Data","Gunshot Wound Victims","Gunshot Wound Victims","Shooting (PFE)","Shooting (PFE)","0001XX 14TH ST W",1,"Loring Park",7,44.96879,-93.28008,-10383891.4905403,5616609.51955871,1,315360,2024,10
-10380246.1142,5623736.1405,"Gunshot Wound Victims","No","24-194608","MP2024194608",2024-07-14,"21:47:00+00","2024/07/14 21:47:00+00","Non NIBRS Data","Non NIBRS Data","Non NIBRS Data","Gunshot Wound Victims","Gunshot Wound Victims","Sound of Shots Fired (P)~PD","Shooting (PFE)","0025XX CENTRAL AVE NE",2,"Audubon Park",1,45.01407,-93.24734,-10380246.1141705,5623736.14049586,3,315396,2024,7
-10385778.5414,5612970.8131,"Gunshot Wound Victims","No","24-200268","MP2024200268",2024-07-19,"23:33:00+00","2024/07/19 23:33:00+00","Non NIBRS Data","Non NIBRS Data","Non NIBRS Data","Gunshot Wound Victims","Gunshot Wound Victims","Shooting (PFE)","Shooting (PFE)","0031XX GIRARD AVE S",5,"Lowry Hill East",10,44.94566,-93.29704,-10385778.541385,5612970.81314588,1,315398,2024,7
-10384241.4608,5616316.4969,"Gunshot Wound Victims","No","24-207036","MP2024207036",2024-07-26,"03:09:00+00","2024/07/26 01:57:00+00","Non NIBRS Data","Non NIBRS Data","Non NIBRS Data","Gunshot Wound Victims","Gunshot Wound Victims","Shooting (PFE)","Shooting (PFE)","0004XX OAK GROVE ST",1,"Loring Park",7,44.96693,-93.28323,-10384241.4608299,5616316.49687087,1,315400,2024,7
-10377668.8109,5605588.9224,"Gunshot Wound Victims","No","24-215623","MP2024215623",2024-08-02,"14:03:00+00","2024/08/02 13:53:00+00","Non NIBRS Data","Non NIBRS Data","Non NIBRS Data","Gunshot Wound Victims","Gunshot Wound Victims","Shooting (PFE)","Shooting (PFE)","0057XX 33RD AVE S",3,"Wenonah",11,44.89871,-93.22419,-10377668.8109193,5605588.92244843,1,315421,2024,8
-10384430.1184,5613395.5726,"Gunshot Wound Victims","No","24-228846","MP2024228846",2024-08-13,"23:38:00+00","2024/08/13 22:00:00+00","Non NIBRS Data","Non NIBRS Data","Non NIBRS Data","Gunshot Wound Victims","Gunshot Wound Victims","Shooting Report Only (P)","Shooting Report Only (P)","0004XX LAKE ST W",5,"Whittier",10,44.94836,-93.28492,-10384430.118397,5613395.5725775,1,315422,2024,8
-10383501.607,5615947.5898,"Gunshot Wound Victims","No","24-252974","MP2024252974",2024-09-04,"22:34:00+00","2024/09/04 22:34:00+00","Non NIBRS Data","Non NIBRS Data","Non NIBRS Data","Gunshot Wound Victims","Gunshot Wound Victims","Sound of Shots Fired (P)","Shooting (PFE)","0018XX 1ST AVE S",5,"Steven's Square - Loring Heights",6,44.96458,-93.27658,-10383501.6069841,5615947.58977873,2,315423,2024,9
-10380530.2065,5614665.6904,"Gunshot Wound Victims","No","24-257607","MP2024257607",2024-09-09,"03:06:00+00","2024/09/09 03:06:00+00","Non NIBRS Data","Non NIBRS Data","Non NIBRS Data","Gunshot Wound Victims","Gunshot Wound Victims","Shooting (PFE)","Shooting (PFE)","0025XX 17TH AVE S",3,"East Phillips",9,44.95644,-93.24989,-10380530.2064989,5614665.69041476,1,315424,2024,9
-10386921.906,5618488.418,"Gunshot Wound Victims","No","23-271975","MP2023271975",2023-10-09,"19:09:00+00","2023/10/09 17:47:00+00","Non NIBRS Data","Non NIBRS Data","Non NIBRS Data","Gunshot Wound Victims","Gunshot Wound Victims","Shooting (PFE)","Shooting (PFE)","0020XX GLENWOOD AVE",4,"Harrison",5,44.98073,-93.30731,-10386921.9060465,5618488.41802456,1,315534,2023,10
-10381146.57,5615750.1873,"Gunshot Wound Victims","No","23-285211","MP2023285211",2023-10-24,"01:55:00+00","2023/10/23 21:24:00+00","Non NIBRS Data","Non NIBRS Data","Non NIBRS Data","Gunshot Wound Victims","Gunshot Wound Victims","Shooting (PFE)","Shooting (PFE)","0019XX 14TH AVE S",3,"Ventura Village",6,44.96333,-93.25543,-10381146.570021,5615750.18732886,1,315536,2023,10
-10383270.1,5617100.8688,"Gunshot Wound Victims","Yes","23-290029","MP2023290029",2023-10-28,"23:29:00+00","2023/10/28 23:29:00+00","Non NIBRS Data","Non NIBRS Data","Non NIBRS Data","Gunshot Wound Victims","Gunshot Wound Victims","Shooting (PFE)","Shooting (PFE)","0011XX MARQUETTE AVE",1,"Downtown West",7,44.97191,-93.2745,-10383270.1000097,5617100.86876839,1,315538,2023,10
-10384210.6567,5614664.8895,"Gunshot Wound Victims","No","23-301866","MP2023301866",2023-11-11,"01:15:00+00","2023/11/10 21:02:00+00","Non NIBRS Data","Non NIBRS Data","Non NIBRS Data","Gunshot Wound Victims","Gunshot Wound Victims","Assault in Progress (P)","Shooting (PFE)","0025XX PLEASANT AVE",5,"Whittier",10,44.95643,-93.28295,-10384210.6566949,5614664.88948648,1,315539,2023,11
-10381033.7667,5613396.1963,"Gunshot Wound Victims","No","24-265268","MP2024265268",2024-09-16,"00:35:00+00","2024/09/15 23:46:00+00","Non NIBRS Data","Non NIBRS Data","Non NIBRS Data","Gunshot Wound Victims","Gunshot Wound Victims","Shooting (PFE)","Shooting (PFE)","0014XX LAKE ST E",3,"Midtown Phillips",9,44.94836,-93.25441,-10381033.7667385,5613396.1962652,2,315574,2024,9
-10381095.8682,5614666.6579,"Gunshot Wound Victims","No","24-268166","MP2024268166",2024-09-18,"16:16:00+00","2024/09/18 16:16:00+00","Non NIBRS Data","Non NIBRS Data","Non NIBRS Data","Gunshot Wound Victims","Gunshot Wound Victims","Shooting (PFE)","Shooting (PFE)","0025XX 14TH AVE S",3,"Midtown Phillips",9,44.95644,-93.25497,-10381095.8681795,5614666.65786319,1,315576,2024,9
-10385452.5369,5621474.7249,"Gunshot Wound Victims","No","24-281525","MP2024281525",2024-09-30,"12:28:00+00","2024/09/30 12:28:00+00","Non NIBRS Data","Non NIBRS Data","Non NIBRS Data","Gunshot Wound Victims","Gunshot Wound Victims","Shooting (PFE)","Shooting (PFE)","0020XX EMERSON AVE N",4,"Jordan",5,44.9997,-93.29411,-10385452.5368591,5621474.72490098,1,315578,2024,9
-10384365.2458,5611861.5881,"Gunshot Wound Victims","No","24-305908","MP2024305908",2024-10-23,"23:35:00+00","2024/10/23 17:00:00+00","Non NIBRS Data","Non NIBRS Data","Non NIBRS Data","Gunshot Wound Victims","Gunshot Wound Victims","Shooting Report Only (P)","Shooting Report Only (P)","0035XX GRAND AVE S",5,"Lyndale",8,44.93861,-93.28434,-10384365.2457567,5611861.58807041,1,315580,2024,10
-10379189.8393,5618581.6802,"Gunshot Wound Victims","No","24-314423","MP2024314423",2024-11-01,"04:40:00+00","2024/11/01 02:15:00+00","Non NIBRS Data","Non NIBRS Data","Non NIBRS Data","Gunshot Wound Victims","Gunshot Wound Victims","On Site (P)","Shooting (PFE)","0012XX 4TH ST SE",2,"Marcy Holmes",2,44.98132,-93.23785,-10379189.8392777,5618581.68015947,3,315601,2024,11
-10385547.5684,5624443.0434,"Gunshot Wound Victims","No","24-316307","MP2024316307",2024-11-02,"19:43:00+00","2024/11/02 19:43:00+00","Non NIBRS Data","Non NIBRS Data","Non NIBRS Data","Gunshot Wound Victims","Gunshot Wound Victims","Shooting (PFE)","Shooting (PFE)","0012XX 35TH AVE N",4,"Folwell",4,45.01855,-93.29496,-10385547.5684425,5624443.04340198,1,315602,2024,11
-10385765.1685,5620078.554,"Gunshot Wound Victims","No","24-320326","MP2024320326",2024-11-06,"20:55:00+00","2024/11/06 20:55:00+00","Non NIBRS Data","Non NIBRS Data","Non NIBRS Data","Gunshot Wound Victims","Gunshot Wound Victims","ShotSpotter Activation (P)","Shooting (PFE)","0012XX 12TH AVE N",4,"Near - North",5,44.99083,-93.29692,-10385765.1684616,5620078.55396723,1,315603,2024,11
-10380671.977,5614665.7188,"Gunshot Wound Victims","No","24-326467","MP2024326467",2024-11-13,"18:46:00+00","2024/11/13 16:06:00+00","Non NIBRS Data","Non NIBRS Data","Non NIBRS Data","Gunshot Wound Victims","Gunshot Wound Victims","Shooting (PFE)","Shooting (PFE)","0025XX 16TH AVE S",3,"East Phillips",9,44.95644,-93.25116,-10380671.9770206,5614665.71877787,1,315604,2024,11
-10382802.5893,5613261.5502,"Gunshot Wound Victims","No","23-322181","MP2023322181",2023-12-03,"22:14:00+00","2023/12/03 19:20:00+00","Non NIBRS Data","Non NIBRS Data","Non NIBRS Data","Gunshot Wound Victims","Gunshot Wound Victims","Shooting (PFE)","Shooting (PFE)","0030XX 4TH AVE S",3,"Central",8,44.94751,-93.2703,-10382802.5892702,5613261.55023807,1,315647,2023,12
-10387326.6094,5625742.6463,"Gunshot Wound Victims","No","23-326229","MP2023326229",2023-12-08,"15:46:00+00","2023/12/08 13:45:00+00","Non NIBRS Data","Non NIBRS Data","Non NIBRS Data","Gunshot Wound Victims","Gunshot Wound Victims","Shooting (PFE)","Shooting (PFE)","0039XX RUSSELL AVE N",4,"Victory",4,45.02681,-93.31094,-10387326.6093536,5625742.64627526,1,315649,2023,12
-10381154.6709,5615373.0405,"Gunshot Wound Victims","No","23-330034","MP2023330034",2023-12-12,"17:01:00+00","2023/12/12 16:55:00+00","Non NIBRS Data","Non NIBRS Data","Non NIBRS Data","Gunshot Wound Victims","Gunshot Wound Victims","Officer Needs Help (P)","Officer Needs Help (P)","0013XX 22ND ST E",3,"Ventura Village",6,44.96093,-93.2555,-10381154.6708787,5615373.04047332,1,315652,2023,12
-10385350.9272,5626021.3045,"Gunshot Wound Victims","No","23-335175","MP2023335175",2023-12-18,"13:46:00+00","2023/12/18 12:10:00+00","Non NIBRS Data","Non NIBRS Data","Non NIBRS Data","Gunshot Wound Victims","Gunshot Wound Victims","Shooting (PFE)","Shooting (PFE)","0040XX DUPONT AVE N",4,"Webber - Camden",4,45.02858,-93.29319,-10385350.9272326,5626021.30451731,1,315653,2023,12
-10380204.2226,5618949.8874,"Gunshot Wound Victims","No","23-345279","MP2023345279",2023-12-30,"07:00:00+00","2023/12/30 03:45:00+00","Non NIBRS Data","Non NIBRS Data","Non NIBRS Data","Gunshot Wound Victims","Gunshot Wound Victims","Sound of Shots Fired (P)","Shooting (PFE)","0006XX UNIVERSITY AVE SE",2,"Marcy Holmes",3,44.98366,-93.24696,-10380204.2226199,5618949.88741885,2,315656,2023,12
-10378647.3722,5616162.1618,"Gunshot Wound Victims","No","24-001815","MP20241815",2024-01-03,"05:44:00+00","2024/01/03 05:44:00+00","Non NIBRS Data","Non NIBRS Data","Non NIBRS Data","Gunshot Wound Victims","Gunshot Wound Victims","Sound of Shots Fired (P)","Shooting (PFE)","0007XX 27TH AVE S",1,"Cedar Riverside",2,44.96595,-93.23298,-10378647.3721892,5616162.16176754,1,315658,2024,1
-10384929.7718,5612972.8963,"Gunshot Wound Victims","Yes","24-023346","MP202423346",2024-01-28,"03:13:00+00","2024/01/28 02:00:00+00","Non NIBRS Data","Non NIBRS Data","Non NIBRS Data","Gunshot Wound Victims","Gunshot Wound Victims","Shooting Report Only (P)","Shooting Report Only (P)","0031XX ALDRICH AVE S",5,"Whittier",8,44.94567,-93.28941,-10384929.7718431,5612972.8963263,1,315661,2024,1
-10381101.5154,5613811.7512,"Gunshot Wound Victims","No","24-055317","MP202455317",2024-03-03,"01:28:00+00","2024/03/03 01:02:00+00","Non NIBRS Data","Non NIBRS Data","Non NIBRS Data","Gunshot Wound Victims","Gunshot Wound Victims","Shooting (PFE)","Shooting (PFE)","0028XX 14TH AVE S",3,"East Phillips",9,44.95101,-93.25502,-10381101.5154197,5613811.75115983,1,315662,2024,3
-10378775.3538,5618956.8622,"Gunshot Wound Victims","No","24-334207","MP2024334207",2024-11-21,"09:24:00+00","2024/11/21 09:15:00+00","Non NIBRS Data","Non NIBRS Data","Non NIBRS Data","Gunshot Wound Victims","Gunshot Wound Victims","Shooting (PFE)","Shooting (PFE)","0013XX 7TH ST SE",2,"Marcy Holmes",2,44.98371,-93.23413,-10378775.3537884,5618956.86220444,1,315728,2024,11
-10386582.8771,5629154.343,"Gunshot Wound Victims","No","24-360031","MP2024360031",2024-12-20,"14:13:00+00","2024/12/20 13:00:00+00","Non NIBRS Data","Non NIBRS Data","Non NIBRS Data","Gunshot Wound Victims","Gunshot Wound Victims","Shooting Report Only (P)","Shooting Report Only (P)","0051XX LOGAN AVE N",4,"Shingle Creek",4,45.04846,-93.30426,-10386582.8770759,5629154.34302716,1,315730,2024,12
-10382093.2386,5613262.1003,"Gunshot Wound Victims","No","24-367038","MP2024367038",2024-12-28,"20:18:00+00","2024/12/28 18:17:00+00","Non NIBRS Data","Non NIBRS Data","Non NIBRS Data","Gunshot Wound Victims","Gunshot Wound Victims","Shooting (PFE)","Shooting (PFE)","0030XX COLUMBUS AVE",3,"Central",9,44.94751,-93.26393,-10382093.2386086,5613262.10033275,1,315732,2024,12
-10381223.2968,5615654.5062,"Gunshot Wound Victims","No","25-008581","MP20258581",2025-01-10,"20:08:00+00","2025/01/10 20:08:00+00","Non NIBRS Data","Non NIBRS Data","Non NIBRS Data","Gunshot Wound Victims","Gunshot Wound Victims","Shooting (PFE)","Shooting (PFE)","0013XX FRANKLIN AVE E",3,"Ventura Village",6,44.96272,-93.25612,-10381223.2967997,5615654.50621915,1,315734,2025,1
-10382003.0331,5617172.4506,"Gunshot Wound Victims","Yes","25-016717","MP202516717",2025-01-21,"01:50:00+00","2025/01/21 01:50:00+00","Non NIBRS Data","Non NIBRS Data","Non NIBRS Data","Gunshot Wound Victims","Gunshot Wound Victims","Shooting Report Only (P)","Shooting Report Only (P)","0007XX PARK AVE",3,"Midtown Phillips",9,44.97237,-93.26312,-10382003.0331279,5617172.45057924,1,315735,2025,1
-10384942.0242,5620822.5609,"Gunshot Wound Victims","No","25-027627","MP202527627",2025-02-02,"18:09:00+00","2025/02/02 18:09:00+00","Non NIBRS Data","Non NIBRS Data","Non NIBRS Data","Gunshot Wound Victims","Gunshot Wound Victims","Shooting (PFE)","Shooting (PFE)","0016XX ALDRICH AVE N",4,"Near - North",5,44.99556,-93.28952,-10384942.0242314,5620822.56087384,1,315737,2025,2
-10379266.9559,5615659.5074,"Gunshot Wound Victims","No","25-033694","MP202533694",2025-02-10,"03:44:00+00","2025/02/10 02:09:00+00","Non NIBRS Data","Non NIBRS Data","Non NIBRS Data","Gunshot Wound Victims","Gunshot Wound Victims","Shooting (PFE)","Shooting (PFE)","0023XX FRANKLIN AVE E",3,"Seward",6,44.96275,-93.23854,-10379266.9559389,5615659.50743328,1,315739,2025,2
-10384022.938,5617047.079,"Gunshot Wound Victims","No","25-036514","MP202536514",2025-02-13,"12:14:00+00","2025/02/13 12:14:00+00","Non NIBRS Data","Non NIBRS Data","Non NIBRS Data","Gunshot Wound Victims","Gunshot Wound Victims","Shooting (PFE)","Shooting (PFE)","000XX GREENWAY GABLES",1,"Loring Park",7,44.97157,-93.28127,-10384022.9380445,5617047.07897565,1,315741,2025,2
-10384783.0207,5613528.437,"Gunshot Wound Victims","No","24-062370","MP202462370",2024-03-10,"01:45:00+00","2024/03/10 01:43:00+00","Non NIBRS Data","Non NIBRS Data","Non NIBRS Data","Gunshot Wound Victims","Gunshot Wound Victims","Shooting (PFE)","Shooting (PFE)","0029XX LYNDALE AVE S",5,"Whittier",10,44.94921,-93.28809,-10384783.0207034,5613528.43704509,3,315810,2024,3
-10383501.607,5615947.5898,"Gunshot Wound Victims","No","24-079935","MP202479935",2024-03-28,"17:49:00+00","2024/03/28 15:56:00+00","Non NIBRS Data","Non NIBRS Data","Non NIBRS Data","Gunshot Wound Victims","Gunshot Wound Victims","Shooting (PFE)","Shooting (PFE)","0018XX 1ST AVE S",5,"Steven's Square - Loring Heights",6,44.96458,-93.27658,-10383501.6069841,5615947.58977873,1,315811,2024,3
-10387337.8622,5619475.3489,"Gunshot Wound Victims","No","24-087402","MP202487402",2024-04-05,"00:12:00+00","2024/04/05 00:12:00+00","Non NIBRS Data","Non NIBRS Data","Non NIBRS Data","Gunshot Wound Victims","Gunshot Wound Victims","ShotSpotter Activation (P)","Shooting (PFE)","0008XX RUSSELL AVE N",4,"Willard - Hay",5,44.987,-93.31104,-10387337.8621719,5619475.34894361,2,315812,2024,4
-10386046.6017,5618138.9333,"Gunshot Wound Victims","No","24-094064","MP202494064",2024-04-11,"20:32:00+00","2024/04/11 16:23:00+00","Non NIBRS Data","Non NIBRS Data","Non NIBRS Data","Gunshot Wound Victims","Gunshot Wound Victims","Shooting (PFE)","Shooting (PFE)","0002XX IRVING AVE N",4,"Harrison",5,44.97851,-93.29944,-10386046.6017411,5618138.93327166,1,315813,2024,4
-10381952.4666,5613258.2387,"Gunshot Wound Victims","No","24-096368","MP202496368",2024-04-13,"23:01:00+00","2024/04/13 18:00:00+00","Non NIBRS Data","Non NIBRS Data","Non NIBRS Data","Gunshot Wound Victims","Gunshot Wound Victims","Shooting (PFE)","Shooting (PFE)","0030XX CHICAGO AVE",3,"Powderhorn Park",9,44.94749,-93.26267,-10381952.4666424,5613258.23869572,1,315814,2024,4
-10382007.5819,5624091.969,"Gunshot Wound Victims","No","24-109713","MP2024109713",2024-04-26,"04:52:00+00","2024/04/26 03:01:00+00","Non NIBRS Data","Non NIBRS Data","Non NIBRS Data","Gunshot Wound Victims","Gunshot Wound Victims","Sound of Shots Fired (P)","Shooting (PFE)","0026XX UNIVERSITY AVE NE",2,"Marshall Terrace",1,45.01633,-93.26316,-10382007.5819142,5624091.96902506,1,315815,2024,4
-10385350.9272,5626021.3045,"Gunshot Wound Victims","No","24-119828","MP2024119828",2024-05-05,"23:30:00+00","2024/05/05 21:45:00+00","Non NIBRS Data","Non NIBRS Data","Non NIBRS Data","Gunshot Wound Victims","Gunshot Wound Victims","Shooting (PFE)","Shooting (PFE)","0040XX DUPONT AVE N",4,"Webber - Camden",4,45.02858,-93.29319,-10385350.9272326,5626021.30451731,1,315816,2024,5
-10382152.6933,5612012.4422,"Gunshot Wound Victims","No","25-048239","MP202548239",2025-02-26,"21:24:00+00","2025/02/26 19:22:00+00","Non NIBRS Data","Non NIBRS Data","Non NIBRS Data","Gunshot Wound Victims","Gunshot Wound Victims","Shooting (PFE)","Shooting (PFE)","0007XX 35TH ST E",3,"Central",9,44.93957,-93.26446,-10382152.6932997,5612012.44223979,1,315886,2025,2
-10387028.5493,5624601.3691,"Gunshot Wound Victims","No","25-059670","MP202559670",2025-03-10,"22:46:00+00","2025/03/10 22:46:00+00","Non NIBRS Data","Non NIBRS Data","Non NIBRS Data","Gunshot Wound Victims","Gunshot Wound Victims","Shooting (PFE)","Shooting (PFE)","0035XX PENN AVE N",4,"Cleveland",4,45.01956,-93.30827,-10387028.5493165,5624601.36905374,1,315887,2025,3
-10384430.1184,5613395.5726,"Gunshot Wound Victims","No","25-084347","MP202584347",2025-04-03,"18:40:00+00","2025/04/03 18:40:00+00","Non NIBRS Data","Non NIBRS Data","Non NIBRS Data","Gunshot Wound Victims","Gunshot Wound Victims","Sound of Shots Fired (P)","Shooting (PFE)","0004XX LAKE ST W",5,"Whittier",10,44.94836,-93.28492,-10384430.118397,5613395.5725775,1,315888,2025,4
-10381777.3774,5615581.952,"Gunshot Wound Victims","No","25-093806","MP202593806",2025-04-12,"20:16:00+00","2025/04/12 20:09:00+00","Non NIBRS Data","Non NIBRS Data","Non NIBRS Data","Gunshot Wound Victims","Gunshot Wound Victims","Shooting (PFE)","Shooting (PFE)","0020XX ELLIOT AVE",3,"Ventura Village",6,44.96226,-93.26109,-10381777.3774456,5615581.95195485,1,315889,2025,4
-10385354.8071,5626858.5567,"Gunshot Wound Victims","No","25-099901","MP202599901",2025-04-18,"14:20:00+00","2025/04/18 14:20:00+00","Non NIBRS Data","Non NIBRS Data","Non NIBRS Data","Gunshot Wound Victims","Gunshot Wound Victims","Sound of Shots Fired (P)~PD","Shooting (PFE)","0043XX DUPONT AVE N",4,"Webber - Camden",4,45.03389,-93.29323,-10385354.8070663,5626858.55671115,1,315890,2025,4
-10383561.8499,5621482.5593,"Gunshot Wound Victims","No","25-101435","MP2025101435",2025-04-19,"22:18:00+00","2025/04/19 22:18:00+00","Non NIBRS Data","Non NIBRS Data","Non NIBRS Data","Gunshot Wound Victims","Gunshot Wound Victims","Sound of Shots Fired (P)","Shooting (PFE)","0020XX WEST RIVER RD N",4,"Hawthorne",5,44.99975,-93.27712,-10383561.8498842,5621482.55934337,1,315891,2025,4
-10384218.4365,5613256.2565,"Gunshot Wound Victims","No","25-112084","MP2025112084",2025-04-30,"04:09:00+00","2025/04/30 02:30:00+00","Non NIBRS Data","Non NIBRS Data","Non NIBRS Data","Gunshot Wound Victims","Gunshot Wound Victims","Shooting (PFE)","Shooting (PFE)","0030XX PLEASANT AVE",5,"Lyndale",8,44.94747,-93.28302,-10384218.436482,5613256.25653385,1,315892,2025,4
-10380395.845,5613530.6702,"Gunshot Wound Victims","No","24-135357","MP2024135357",2024-05-19,"21:25:00+00","2024/05/19 21:25:00+00","Non NIBRS Data","Non NIBRS Data","Non NIBRS Data","Gunshot Wound Victims","Gunshot Wound Victims","ShotSpotter Activation (P)","Shooting (PFE)","0029XX 18TH AVE S",3,"East Phillips",9,44.94922,-93.24868,-10380395.8450105,5613530.67020006,2,315952,2024,5
-10382646.1188,5623024.6905,"Gunshot Wound Victims","No","24-138827","MP2024138827",2024-05-23,"00:54:00+00","2024/05/22 23:12:00+00","Non NIBRS Data","Non NIBRS Data","Non NIBRS Data","Gunshot Wound Victims","Gunshot Wound Victims","Shooting (PFE)","Shooting (PFE)","0021XX CALIFORNIA ST NE",2,"Marshall Terrace",1,45.00955,-93.2689,-10382646.1187868,5623024.69054276,1,315953,2024,5
-10381101.5154,5613811.7512,"Gunshot Wound Victims","No","24-149332","MP2024149332",2024-06-02,"05:09:00+00","2024/06/02 03:32:00+00","Non NIBRS Data","Non NIBRS Data","Non NIBRS Data","Gunshot Wound Victims","Gunshot Wound Victims","Shooting (PFE)","Shooting (PFE)","0028XX 14TH AVE S",3,"East Phillips",9,44.95101,-93.25502,-10381101.5154197,5613811.75115983,1,315954,2024,6
-10383751.7703,5617954.2495,"Gunshot Wound Victims","No","24-158007","MP2024158007",2024-06-10,"17:24:00+00","2024/06/08 23:30:00+00","Non NIBRS Data","Non NIBRS Data","Non NIBRS Data","Gunshot Wound Victims","Gunshot Wound Victims","Shooting Report Only (P)","Shooting Report Only (P)","000XX 10TH ST N",1,"Downtown West",7,44.97734,-93.27883,-10383751.7703008,5617954.24949095,1,315955,2024,6
-10384258.4597,5622365.1743,"Gunshot Wound Victims","No","24-165154","MP2024165154",2024-06-17,"23:07:00+00","2024/06/17 23:07:00+00","Non NIBRS Data","Non NIBRS Data","Non NIBRS Data","Gunshot Wound Victims","Gunshot Wound Victims","Shooting (PFE)","Shooting (PFE)","0025XX 3RD ST N",4,"Hawthorne",5,45.00536,-93.28338,-10384258.4596766,5622365.17431442,2,315956,2024,6
-10387028.5493,5624601.3691,"Gunshot Wound Victims","No","24-171622","MP2024171622",2024-06-24,"05:29:00+00","2024/06/24 04:16:00+00","Non NIBRS Data","Non NIBRS Data","Non NIBRS Data","Gunshot Wound Victims","Gunshot Wound Victims","Shooting (PFE)","Shooting (PFE)","0035XX PENN AVE N",4,"Folwell",4,45.01956,-93.30827,-10387028.5493165,5624601.36905374,1,315957,2024,6
-10385194.0545,5622880.4935,"Gunshot Wound Victims","No","24-180781","MP2024180781",2024-07-02,"15:16:00+00","2024/07/02 14:34:00+00","Non NIBRS Data","Non NIBRS Data","Non NIBRS Data","Gunshot Wound Victims","Gunshot Wound Victims","Sound of Shots Fired (P)","Shooting Report Only (P)","0028XX COLFAX AVE N",4,"Hawthorne",5,45.00863,-93.29179,-10385194.0544574,5622880.49348738,1,315981,2024,7
-10376957.1361,5616806.7665,"Gunshot Wound Victims","No","24-195950","MP2024195950",2024-07-16,"06:53:00+00","2024/07/16 06:40:00+00","Non NIBRS Data","Non NIBRS Data","Non NIBRS Data","Gunshot Wound Victims","Gunshot Wound Victims","Shooting (PFE)","Shooting (PFE)","0028XX DELAWARE ST SE",2,"Prospect Park - East River Road",2,44.97004,-93.21779,-10376957.1361482,5616806.76646871,1,316021,2024,7
-10383012.202,5612862.428,"Gunshot Wound Victims","No","24-206430","MP2024206430",2024-07-25,"16:00:00+00","2024/07/25 14:35:00+00","Non NIBRS Data","Non NIBRS Data","Non NIBRS Data","Gunshot Wound Victims","Gunshot Wound Victims","Personal Injury Accident (PFE)","Shooting (PFE)","0003XX 32ND ST E",3,"Central",8,44.94497,-93.27219,-10383012.2019787,5612862.42802168,1,316022,2024,7
-10387022.6833,5622611.3751,"Gunshot Wound Victims","No","24-212727","MP2024212727",2024-07-30,"21:35:00+00","2024/07/30 21:01:00+00","Non NIBRS Data","Non NIBRS Data","Non NIBRS Data","Gunshot Wound Victims","Gunshot Wound Victims","Shooting (PFE)","Shooting (PFE)","0026XX PENN AVE N",4,"Jordan",5,45.00692,-93.30821,-10387022.6833195,5622611.37510061,1,316023,2024,7
-10382596.0459,5619157.6124,"Gunshot Wound Victims","Yes","24-216599","MP2024216599",2024-08-03,"06:04:00+00","2024/08/03 03:15:00+00","Non NIBRS Data","Non NIBRS Data","Non NIBRS Data","Gunshot Wound Victims","Gunshot Wound Victims","Shooting (PFE)","Shooting (PFE)","0001XX 1ST ST N",1,"North Loop",3,44.98498,-93.26845,-10382596.0459466,5619157.61236353,3,316024,2024,8
-10384125.3171,5613394.6315,"Gunshot Wound Victims","No","24-236379","MP2024236379",2024-08-20,"18:49:00+00","2024/08/20 15:45:00+00","Non NIBRS Data","Non NIBRS Data","Non NIBRS Data","Gunshot Wound Victims","Gunshot Wound Victims","Robbery of Person (P)","Shooting (PFE)","0002XX LAKE ST W",5,"Lyndale",8,44.94835,-93.28218,-10384125.317149,5613394.63150505,1,316025,2024,8
-10385422.2577,5613393.9798,"Gunshot Wound Victims","No","24-254068","MP2024254068",2024-09-05,"23:35:00+00","2024/09/05 23:35:00+00","Non NIBRS Data","Non NIBRS Data","Non NIBRS Data","Gunshot Wound Victims","Gunshot Wound Victims","Shooting (PFE)","Shooting (PFE)","0011XX LAKE ST W",5,"South Uptown",10,44.94835,-93.29384,-10385422.2576711,5613393.97983392,1,316026,2024,9
-10386044.5238,5620683.7077,"Gunshot Wound Victims","No","24-260619","MP2024260619",2024-09-11,"22:20:00+00","2024/09/11 22:20:00+00","Non NIBRS Data","Non NIBRS Data","Non NIBRS Data","Gunshot Wound Victims","Gunshot Wound Victims","Shooting (PFE)","Shooting (PFE)","0015XX IRVING AVE N",4,"Near - North",5,44.99468,-93.29943,-10386044.5237874,5620683.70765332,1,316027,2024,9
-10382853.1622,5620543.1257,"Gunshot Wound Victims","No","25-147807","MP2025147807",2025-06-01,"21:32:00+00","2025/06/01 21:32:00+00","Non NIBRS Data","Non NIBRS Data","Non NIBRS Data","Gunshot Wound Victims","Gunshot Wound Victims","Sound of Shots Fired (P)","Shooting (PFE)","000XX 8TH AVE NE",2,"St. Anthony West",3,44.99379,-93.27076,-10382853.1622476,5620543.12567659,6,316051,2025,6
-10387091.99,5616886.684,"Gunshot Wound Victims","No","25-171444","MP2025171444",2025-06-22,"22:41:00+00","2025/06/22 22:41:00+00","Non NIBRS Data","Non NIBRS Data","Non NIBRS Data","Gunshot Wound Victims","Gunshot Wound Victims","Shooting Report Only (P)","Shooting Report Only (P)","WB I394 TO PENN AVE S / PENN AVE S",4,"Bryn - Mawr",7,44.97055,-93.30883,-10387091.99,5616886.684,2,316052,2025,6
-10379499.0653,5613255.1872,"Gunshot Wound Victims","No","25-175830","MP2025175830",2025-06-27,"06:01:00+00","2025/06/27 04:49:00+00","Non NIBRS Data","Non NIBRS Data","Non NIBRS Data","Gunshot Wound Victims","Gunshot Wound Victims","Shooting (PFE)","Shooting (PFE)","0030XX 22ND AVE S",3,"Corcoran",9,44.94747,-93.24063,-10379499.0653323,5613255.18716876,1,316053,2025,6
-10383051.67,5618568.839,"Gunshot Wound Victims","No","25-184928","MP2025184928",2025-07-05,"03:45:00+00","2025/07/05 03:15:00+00","Non NIBRS Data","Non NIBRS Data","Non NIBRS Data","Gunshot Wound Victims","Gunshot Wound Victims","Sound of Shots Fired (P)","Shooting (PFE)","1ST AVE N / 4TH ST N",1,"Downtown West",7,44.98124,-93.27254,-10383051.67,5618568.839,1,316054,2025,7
-10381453.7932,5616365.1154,"Gunshot Wound Victims","No","25-196660","MP2025196660",2025-07-15,"18:26:00+00","2025/07/15 18:26:00+00","Non NIBRS Data","Non NIBRS Data","Non NIBRS Data","Gunshot Wound Victims","Gunshot Wound Victims","Shooting (PFE)","Shooting (PFE)","0015XX 11TH AVE S",1,"Elliot Park",6,44.96724,-93.25819,-10381453.7931726,5616365.1154203,1,316055,2025,7
-10383671.2063,5604995.9433,"Gunshot Wound Victims","No","25-203599","MP2025203599",2025-07-22,"00:23:00+00","2025/07/22 00:23:00+00","Non NIBRS Data","Non NIBRS Data","Non NIBRS Data","Gunshot Wound Victims","Gunshot Wound Victims","Shooting (PFE)","Shooting (PFE)","0059XX NICOLLET AVE",5,"Windom",11,44.89493,-93.27811,-10383671.2062711,5604995.94329486,2,316056,2025,7
-10380718.086,5620090.3575,"Gunshot Wound Victims","No","25-208325","MP2025208325",2025-07-26,"05:21:00+00","2025/07/26 02:43:00+00","Non NIBRS Data","Non NIBRS Data","Non NIBRS Data","Gunshot Wound Victims","Gunshot Wound Victims","Sound of Shots Fired (P)","Sound of Shots Fired (P)","0007XX CENTRAL AVE NE",2,"Marcy Holmes",3,44.99091,-93.25158,-10380718.0859607,5620090.35750101,1,316057,2025,7
-10383241.6548,5618631.233,"Gunshot Wound Victims","Yes","25-232610","MP2025232610",2025-08-16,"21:19:00+00","2025/08/16 21:19:00+00","Non NIBRS Data","Non NIBRS Data","Non NIBRS Data","Gunshot Wound Victims","Gunshot Wound Victims","Sound of Shots Fired (P)~PD","Shooting (PFE)","0004XX 2ND AVE N",1,"Downtown West",7,44.98164,-93.27425,-10383241.6547606,5618631.23304588,1,316058,2025,8
-10384216.5228,5613582.3645,"Gunshot Wound Victims","No","24-309298","MP2024309298",2024-10-27,"02:16:00+00","2024/10/27 02:16:00+00","Non NIBRS Data","Non NIBRS Data","Non NIBRS Data","Gunshot Wound Victims","Gunshot Wound Victims","Shooting (PFE)","Shooting (PFE)","0029XX PLEASANT AVE",5,"Whittier",10,44.94955,-93.283,-10384216.5227954,5613582.36453595,1,316201,2024,10
-10387313.6576,5624886.5413,"Gunshot Wound Victims","No","24-315011","MP2024315011",2024-11-01,"16:35:00+00","2024/11/01 16:30:00+00","Non NIBRS Data","Non NIBRS Data","Non NIBRS Data","Gunshot Wound Victims","Gunshot Wound Victims","Shooting (PFE)","Shooting (PFE)","0036XX RUSSELL AVE N",4,"Cleveland",4,45.02137,-93.31083,-10387313.6575984,5624886.54132672,1,316202,2024,11
-10382987.4721,5618633.8991,"Gunshot Wound Victims","Yes","24-317538","MP2024317538",2024-11-03,"23:50:00+00","2024/11/03 23:50:00+00","Non NIBRS Data","Non NIBRS Data","Non NIBRS Data","Gunshot Wound Victims","Gunshot Wound Victims","On Site (P)","Shooting (PFE)","0003XX 1ST AVE N",1,"Downtown West",7,44.98165,-93.27196,-10382987.47215,5618633.89907388,1,316203,2024,11
-10384929.7718,5612972.8963,"Gunshot Wound Victims","No","24-325059","MP2024325059",2024-11-12,"00:16:00+00","2024/11/12 00:16:00+00","Non NIBRS Data","Non NIBRS Data","Non NIBRS Data","Gunshot Wound Victims","Gunshot Wound Victims","Shooting (PFE)","Shooting (PFE)","0031XX ALDRICH AVE S",5,"Lowry Hill East",10,44.94567,-93.28941,-10384929.7718431,5612972.8963263,1,316204,2024,11
-10383368.31,5613394.171,"Gunshot Wound Victims","No","25-238790","MP2025238790",2025-08-22,"16:33:00+00","2025/08/22 14:04:00+00","Non NIBRS Data","Non NIBRS Data","Non NIBRS Data","Gunshot Wound Victims","Gunshot Wound Victims","Sound of Shots Fired (P)","Shooting (PFE)","LAKE ST E / STEVENS AVE",5,"Whittier",8,44.94835,-93.27538,-10383368.31,5613394.171,3,316271,2025,8
-10384592.4783,5606592.802,"Gunshot Wound Victims","No","25-243912","MP2025243912",2025-08-27,"08:27:00+00","2025/08/27 08:27:00+00","Non NIBRS Data","Non NIBRS Data","Non NIBRS Data","Gunshot Wound Victims","Gunshot Wound Victims","Shooting (PFE)","Shooting (PFE)","0005XX 54TH ST W",5,"Windom",11,44.90509,-93.28638,-10384592.4782732,5606592.80204017,28,316272,2025,8
-10382345.3407,5623736.4584,"Gunshot Wound Victims","No","25-264418","MP2025264418",2025-09-14,"20:00:00+00","2025/09/14 19:57:00+00","Non NIBRS Data","Non NIBRS Data","Non NIBRS Data","Gunshot Wound Victims","Gunshot Wound Victims","Shooting (PFE)","Shooting (PFE)","0025XX 2ND ST NE",2,"Marshall Terrace",1,45.01407,-93.2662,-10382345.3407366,5623736.45839905,1,316273,2025,9
-10385112.2853,5622191.0188,"Gunshot Wound Victims","No","25-274088","MP2025274088",2025-09-23,"16:56:00+00","2025/09/23 16:56:00+00","Non NIBRS Data","Non NIBRS Data","Non NIBRS Data","Gunshot Wound Victims","Gunshot Wound Victims","Shooting (PFE)","Shooting (PFE)","0024XX BRYANT AVE N",4,"Hawthorne",5,45.00425,-93.29105,-10385112.285265,5622191.01878098,1,316274,2025,9
-10379954.2731,5622613.5581,"Gunshot Wound Victims","No","25-294001","MP2025294001",2025-10-11,"02:50:00+00","2025/10/11 00:14:00+00","Non NIBRS Data","Non NIBRS Data","Non NIBRS Data","Gunshot Wound Victims","Gunshot Wound Victims","Shooting (PFE)","Shooting (PFE)","0010XX 18 1/2 AVE NE",2,"Windom Park",1,45.00694,-93.24472,-10379954.2730626,5622613.55814551,1,316275,2025,10
-10387026.2469,5623750.4666,"Gunshot Wound Victims","No","25-308168","MP2025308168",2025-10-23,"22:51:00+00","2025/10/23 22:51:00+00","Non NIBRS Data","Non NIBRS Data","Non NIBRS Data","Gunshot Wound Victims","Gunshot Wound Victims","Fire Suspicious Activity (P)","Fire Suspicious Activity (P)","0032XX PENN AVE N",4,"Cleveland",4,45.01416,-93.30824,-10387026.2468659,5623750.46657605,2,316276,2025,10
-10382579.2995,5615847.7027,"Gunshot Wound Victims","No","25-334047","MP2025334047",2025-11-18,"06:09:00+00","2025/11/18 05:32:00+00","Non NIBRS Data","Non NIBRS Data","Non NIBRS Data","Gunshot Wound Victims","Gunshot Wound Victims","SAFE (P)~PD","Shooting (PFE)","0005XX 19TH ST E",3,"Ventura Village",6,44.96395,-93.2683,-10382579.2995357,5615847.70268051,1,316277,2025,11
-10380124.73,5615325.209,"Gunshot Wound Victims","No","25-367080","MP2025367080",2025-12-25,"08:41:00+00","2025/12/25 06:50:00+00","Non NIBRS Data","Non NIBRS Data","Non NIBRS Data","Gunshot Wound Victims","Gunshot Wound Victims","Shooting (PFE)","Shooting (PFE)","CEDAR AVE S / 17TH AVE S",3,"Ventura Village",6,44.96063,-93.24625,-10380124.73,5615325.209,1,316278,2025,12
-10381244.887,5613253.5335,"Gunshot Wound Victims","No","24-336642","MP2024336642",2024-11-23,"20:40:00+00","2024/11/23 20:26:00+00","Non NIBRS Data","Non NIBRS Data","Non NIBRS Data","Gunshot Wound Victims","Gunshot Wound Victims","Sound of Shots Fired (P)","Shooting (PFE)","0030XX 13TH AVE S",3,"Powderhorn Park",9,44.94746,-93.25631,-10381244.8870021,5613253.53345264,1,316359,2024,11
-10387169.9194,5624601.6469,"Gunshot Wound Victims","No","24-360408","MP2024360408",2024-12-20,"21:36:00+00","2024/12/20 19:57:00+00","Non NIBRS Data","Non NIBRS Data","Non NIBRS Data","Gunshot Wound Victims","Gunshot Wound Victims","Shooting (PFE)","Shooting (PFE)","0035XX QUEEN AVE N",4,"Cleveland",4,45.01956,-93.30953,-10387169.9193785,5624601.64688575,1,316360,2024,12
-10381807.8219,5613961.0113,"Gunshot Wound Victims","No","25-004175","MP20254175",2025-01-05,"23:56:00+00","2025/01/05 22:00:00+00","Non NIBRS Data","Non NIBRS Data","Non NIBRS Data","Gunshot Wound Victims","Gunshot Wound Victims","Shooting (PFE)","Shooting (PFE)","0009XX 28TH ST E",3,"Midtown Phillips",9,44.95196,-93.26137,-10381807.8219322,5613961.01130238,1,316381,2025,1
-10384502.228,5612972.4248,"Gunshot Wound Victims","No","25-016606","MP202516606",2025-01-20,"22:11:00+00","2025/01/20 21:10:00+00","Non NIBRS Data","Non NIBRS Data","Non NIBRS Data","Gunshot Wound Victims","Gunshot Wound Victims","Shooting (PFE)","Shooting (PFE)","0031XX HARRIET AVE",5,"Lyndale",8,44.94567,-93.28557,-10384502.2279547,5612972.42478245,1,316382,2025,1
-10384215.33,5613770.423,"Gunshot Wound Victims","No","25-017399","MP202517399",2025-01-22,"00:48:00+00","2025/01/21 23:13:00+00","Non NIBRS Data","Non NIBRS Data","Non NIBRS Data","Gunshot Wound Victims","Gunshot Wound Victims","Shooting (PFE)","Shooting (PFE)","29TH ST W / PLEASANT AVE",5,"Whittier",10,44.95074,-93.28299,-10384215.33,5613770.423,4,316383,2025,1
-10380352.9246,5619441.0038,"Gunshot Wound Victims","No","25-032732","MP202532732",2025-02-08,"20:13:00+00","2025/02/08 20:10:00+00","Non NIBRS Data","Non NIBRS Data","Non NIBRS Data","Gunshot Wound Victims","Gunshot Wound Victims","Shooting (PFE)","Shooting (PFE)","0004XX 5TH ST SE",2,"Marcy Holmes",3,44.98678,-93.2483,-10380352.9245826,5619441.00378723,1,316384,2025,2
-10383578.0553,5611440.1414,"Gunshot Wound Victims","No","25-033986","MP202533986",2025-02-10,"15:10:00+00","2025/02/10 15:10:00+00","Non NIBRS Data","Non NIBRS Data","Non NIBRS Data","Gunshot Wound Victims","Gunshot Wound Victims","Sound of Shots Fired (P)","Shooting (PFE)","000XX 37TH ST E",5,"King Field",8,44.93593,-93.27727,-10383578.0552527,5611440.14138991,1,316385,2025,2
-10387307.59,5621330.469,"Gunshot Wound Victims","No","25-039009","MP202539009",2025-02-16,"03:09:00+00","2025/02/16 03:09:00+00","Non NIBRS Data","Non NIBRS Data","Non NIBRS Data","Gunshot Wound Victims","Gunshot Wound Victims","Shooting (PFE)","Shooting (PFE)","GOLDEN VALLEY RD / RUSSELL AVE N",4,"Willard - Hay",5,44.99879,-93.31077,-10387307.59,5621330.469,1,316511,2025,2
-10385589.9038,5628861.1624,"Gunshot Wound Victims","No","25-053077","MP202553077",2025-03-03,"19:16:00+00","2025/03/03 19:16:00+00","Non NIBRS Data","Non NIBRS Data","Non NIBRS Data","Gunshot Wound Victims","Gunshot Wound Victims","Shooting (PFE)","Shooting (PFE)","0050XX EMERSON AVE N",4,"Lind - Bohanon",4,45.0466,-93.29534,-10385589.9038439,5628861.16239709,1,316512,2025,3
-10384193.7,5622551.46,"Gunshot Wound Victims","No","25-080511","MP202580511",2025-03-31,"01:59:00+00","2025/03/31 00:06:00+00","Non NIBRS Data","Non NIBRS Data","Non NIBRS Data","Gunshot Wound Victims","Gunshot Wound Victims","Shooting (PFE)","Shooting (PFE)","EB I94 TO WEST BROADWAY AVE / INTERSTATE 94",4,"Hawthorne",5,45.00654,-93.2828,-10384193.7,5622551.46,1,316513,2025,3
-10386372.16,5621909.912,"Gunshot Wound Victims","No","25-087655","MP202587655",2025-04-06,"23:50:00+00","2025/04/06 22:54:00+00","Non NIBRS Data","Non NIBRS Data","Non NIBRS Data","Gunshot Wound Victims","Gunshot Wound Victims","Shooting Report Only (P)","Shooting Report Only (P)","ILION AVE N / HILLSIDE AVE N",4,"Jordan",5,45.00247,-93.30237,-10386372.16,5621909.912,1,316514,2025,4
-10380093.4347,5614669.598,"Gunshot Wound Victims","No","25-099533","MP202599533",2025-04-18,"03:54:00+00","2025/04/18 02:36:00+00","Non NIBRS Data","Non NIBRS Data","Non NIBRS Data","Gunshot Wound Victims","Gunshot Wound Victims","Shooting (PFE)","Shooting (PFE)","0018XX EM STATELY ST",3,"East Phillips",9,44.95646,-93.24597,-10380093.4346873,5614669.59804375,1,316515,2025,4
-10382667.4719,5617259.7168,"Gunshot Wound Victims","Yes","25-100185","MP2025100185",2025-04-18,"18:34:00+00","2025/04/18 18:34:00+00","Non NIBRS Data","Non NIBRS Data","Non NIBRS Data","Gunshot Wound Victims","Gunshot Wound Victims","Poss Personal Injury Acc (P)","Shooting (PFE)","0003XX 9TH ST S",1,"Downtown West",7,44.97292,-93.26909,-10382667.4719001,5617259.71681011,1,316516,2025,4
-10380881.7991,5614809.2671,"Gunshot Wound Victims","No","25-112008","MP2025112008",2025-04-29,"23:53:00+00","2025/04/29 23:53:00+00","Non NIBRS Data","Non NIBRS Data","Non NIBRS Data","Gunshot Wound Victims","Gunshot Wound Victims","ShotSpotter Activation (P)","Shooting (PFE)","0015XX 25TH ST E",3,"Midtown Phillips",9,44.95735,-93.25305,-10380881.7991073,5614809.26708448,5,316517,2025,4
-10378141.7308,5607346.2987,"Gunshot Wound Victims",NA,"25-119972","MP2025119972",2025-05-07,"05:10:00+00","2025/05/07 01:31:00+00","Non NIBRS Data","Non NIBRS Data","Non NIBRS Data","Gunshot Wound Victims","Gunshot Wound Victims","Shooting Report Only (P)","Shooting Report Only (P)","0051XX NOKOMIS AVE S",3,"Keewaydin",11,44.90989,-93.22843,-10378141.7307693,5607346.29871809,1,316518,2025,5
-10383501.41,5615848.68,"Gunshot Wound Victims","No","26-027974","MP202627974",2026-02-03,"22:40:00+00","2026/02/03 22:40:00+00","Non NIBRS Data","Non NIBRS Data","Non NIBRS Data","Gunshot Wound Victims","Gunshot Wound Victims","ShotSpotter Activation (P)","Shooting (PFE)","19TH ST E / 1ST AVE S",5,"Steven's Square - Loring Heights",6,44.96395,-93.27658,-10383501.41,5615848.68,1,316521,2026,2
-10383366.307,5613677.0365,"Gunshot Wound Victims","No","26-038636","MP202638636",2026-02-15,"22:30:00+00","2026/02/15 22:30:00+00","Non NIBRS Data","Non NIBRS Data","Non NIBRS Data","Gunshot Wound Victims","Gunshot Wound Victims","Shooting (PFE)","Shooting (PFE)","0029XX STEVENS AVE",5,"Whittier",10,44.95015,-93.27537,-10383366.3069789,5613677.0364866,2,316522,2026,2
-10386244.8705,5627103.6128,"Gunshot Wound Victims","No","26-045381","MP202645381",2026-02-23,"15:30:00+00","2026/02/23 15:30:00+00","Non NIBRS Data","Non NIBRS Data","Non NIBRS Data","Gunshot Wound Victims","Gunshot Wound Victims","Sound of Shots Fired (P)~PD","Shooting (PFE)","0016XX 44TH AVE N",4,"Webber - Camden",4,45.03545,-93.30123,-10386244.8705406,5627103.6128359,2,316524,2026,2
-10386301.6808,5629151.2797,"Gunshot Wound Victims","No","26-076839","MP202676839",2026-03-27,"22:19:00+00","2026/03/27 22:19:00+00","Non NIBRS Data","Non NIBRS Data","Non NIBRS Data","Gunshot Wound Victims","Gunshot Wound Victims","Unknown Wireless/Cell Phone(P)","Shooting (PFE)","0051XX JAMES AVE N",4,"Shingle Creek",4,45.04844,-93.30174,-10386301.6807714,5629151.27968639,1,316526,2026,3
-10384427.41,5623406.575,"Gunshot Wound Victims","No","26-082278","MP202682278",2026-04-02,"01:20:00+00","2026/04/02 01:20:00+00","Non NIBRS Data","Non NIBRS Data","Non NIBRS Data","Gunshot Wound Victims","Gunshot Wound Victims","Shooting (PFE)","Shooting (PFE)","31ST AVE N / 4TH ST N",4,"Hawthorne",5,45.01197,-93.2849,-10384427.41,5623406.575,1,316528,2026,4
-10378404.621,5613397.5364,"Gunshot Wound Victims","Yes","26-094167","MP202694167",2026-04-13,"21:11:00+00","2026/04/13 21:11:00+00","Non NIBRS Data","Non NIBRS Data","Non NIBRS Data","Gunshot Wound Victims","Gunshot Wound Victims","Shooting Report Only (P)","Shooting Report Only (P)","0028XX LAKE ST E",3,"Longfellow",9,44.94837,-93.23079,-10378404.6209974,5613397.53643654,1,316530,2026,4
-10379499.0653,5613255.1872,"Gunshot Wound Victims","No","26-104912","MP2026104912",2026-04-23,"21:48:00+00","2026/04/23 21:48:00+00","Non NIBRS Data","Non NIBRS Data","Non NIBRS Data","Gunshot Wound Victims","Gunshot Wound Victims","Shooting (PFE)","Shooting (PFE)","0030XX 22ND AVE S",3,"Corcoran",9,44.94747,-93.24063,-10379499.0653323,5613255.18716876,1,316531,2026,4
-10385155.323,5628293.8359,"Gunshot Wound Victims","No","26-111140","MP2026111140",2026-04-29,"21:07:00+00","2026/04/29 20:48:00+00","Non NIBRS Data","Non NIBRS Data","Non NIBRS Data","Gunshot Wound Victims","Gunshot Wound Victims","Shooting (PFE)","Shooting (PFE)","0048XX BRYANT AVE N",4,"Lind - Bohanon",4,45.043,-93.29144,-10385155.3229866,5628293.8359312,1,316533,2026,4
-10383361.6,5614522.614,"Gunshot Wound Victims","No","25-163704","MP2025163704",2025-06-16,"00:27:00+00","2025/06/16 00:27:00+00","Non NIBRS Data","Non NIBRS Data","Non NIBRS Data","Gunshot Wound Victims","Gunshot Wound Victims","Shooting (PFE)","Shooting (PFE)","26TH ST E / STEVENS AVE",5,"Whittier",10,44.95553,-93.27532,-10383361.6,5614522.614,1,316708,2025,6
-10380254.42,5613397.215,"Gunshot Wound Victims","No","25-174293","MP2025174293",2025-06-25,"14:41:00+00","2025/06/25 14:00:00+00","Non NIBRS Data","Non NIBRS Data","Non NIBRS Data","Gunshot Wound Victims","Gunshot Wound Victims","Sound of Shots Fired (P)~PD","Shooting (PFE)","LAKE ST E / CEDAR AVE S",3,"East Phillips",9,44.94837,-93.24741,-10380254.42,5613397.215,1,316709,2025,6
-10387313.6576,5624886.5413,"Gunshot Wound Victims","No","25-180730","MP2025180730",2025-07-01,"17:15:00+00","2025/07/01 17:15:00+00","Non NIBRS Data","Non NIBRS Data","Non NIBRS Data","Gunshot Wound Victims","Gunshot Wound Victims","Shooting (PFE)","Shooting (PFE)","0036XX RUSSELL AVE N",4,"Webber - Camden",4,45.02137,-93.31083,-10387313.6575984,5624886.54132672,1,316710,2025,7
-10387307.6494,5621187.3854,"Gunshot Wound Victims","No","25-184987","MP2025184987",2025-07-05,"05:42:00+00","2025/07/05 02:00:00+00","Non NIBRS Data","Non NIBRS Data","Non NIBRS Data","Gunshot Wound Victims","Gunshot Wound Victims","Shooting Report Only (P)","Shooting Report Only (P)","0017XX RUSSELL AVE N",4,"Willard - Hay",5,44.99788,-93.31077,-10387307.6494313,5621187.38535781,1,316711,2025,7
-10385583.9534,5628006.4076,"Gunshot Wound Victims","No","25-203117","MP2025203117",2025-07-21,"15:42:00+00","2025/07/21 15:42:00+00","Non NIBRS Data","Non NIBRS Data","Non NIBRS Data","Gunshot Wound Victims","Gunshot Wound Victims","Shooting (PFE)","Shooting (PFE)","0047XX EMERSON AVE N",4,"Lind - Bohanon",4,45.04118,-93.29529,-10385583.9533668,5628006.40760686,1,316712,2025,7
-10384773.15,5615651.703,"Gunshot Wound Victims","No","25-207056","MP2025207056",2025-07-25,"02:34:00+00","2025/07/25 02:32:00+00","Non NIBRS Data","Non NIBRS Data","Non NIBRS Data","Gunshot Wound Victims","Gunshot Wound Victims","Shooting (PFE)","Shooting (PFE)","FRANKLIN AVE W / LYNDALE AVE S",5,"Steven's Square - Loring Heights",10,44.9627,-93.288,-10384773.15,5615651.703,1,316713,2025,7
-10381378.9658,5614666.1615,"Gunshot Wound Victims","No","25-219421","MP2025219421",2025-08-04,"22:14:00+00","2025/08/04 22:14:00+00","Non NIBRS Data","Non NIBRS Data","Non NIBRS Data","Gunshot Wound Victims","Gunshot Wound Victims","Shooting (PFE)","Shooting (PFE)","0025XX 12TH AVE S",3,"Midtown Phillips",9,44.95644,-93.25751,-10381378.9658465,5614666.1614567,1,316714,2025,8
-10387022.61,5622468.866,"Gunshot Wound Victims","No","26-080184","MP202680184",2026-03-31,"00:07:00+00","2026/03/30 21:45:00+00","Non NIBRS Data","Non NIBRS Data","Non NIBRS Data","Gunshot Wound Victims","Gunshot Wound Victims","Shooting Report Only (P)","Shooting Report Only (P)","PENN AVE N / 26TH AVE N",4,"Jordan",5,45.00602,-93.30821,-10387022.61,5622468.866,1,316781,2026,3
-10380817.94,5612823.913,"Gunshot Wound Victims","No","26-090319","MP202690319",2026-04-10,"12:05:00+00","2026/04/10 12:05:00+00","Non NIBRS Data","Non NIBRS Data","Non NIBRS Data","Gunshot Wound Victims","Gunshot Wound Victims","Sound of Shots Fired (P)","Shooting (PFE)","32ND ST E / BLOOMINGTON AVE",3,"Powderhorn Park",9,44.94473,-93.25247,-10380817.94,5612823.913,2,316782,2026,4
-10381299.8333,5616440.1568,"Gunshot Wound Victims","No","26-102872","MP2026102872",2026-04-22,"04:55:00+00","2026/04/22 04:55:00+00","Non NIBRS Data","Non NIBRS Data","Non NIBRS Data","Gunshot Wound Victims","Gunshot Wound Victims","Shooting Report Only (P)","Shooting Report Only (P)","0012XX 9TH ST S",1,"Elliot Park",6,44.96771,-93.2568,-10381299.8333482,5616440.15680061,1,316783,2026,4
-10383651.3582,5613259.3212,"Gunshot Wound Victims","No","26-107350","MP2026107350",2026-04-26,"01:18:00+00","2026/04/26 01:18:00+00","Non NIBRS Data","Non NIBRS Data","Non NIBRS Data","Gunshot Wound Victims","Gunshot Wound Victims","Receive Information (P)","Shooting Report Only (P)","0030XX NICOLLET AVE",5,"Lyndale",8,44.94749,-93.27793,-10383651.3581787,5613259.3212318,1,316784,2026,4
-10378186.3413,5622094.4026,"Gunshot Wound Victims","No","26-162669","MP2026162669",2026-06-14,"08:45:00+00","2026/06/14 05:30:00+00","Non NIBRS Data","Non NIBRS Data","Non NIBRS Data","Gunshot Wound Victims","Gunshot Wound Victims","Shooting Report Only (P)","Shooting Report Only (P)","0014XX NEW BRIGHTON BLVD",2,"Northeast Park",1,45.00364,-93.22883,-10378186.3412506,5622094.40259906,1,316801,2026,6
-10379531.1506,5615234.5563,"Gunshot Wound Victims","No","26-111330","MP2026111330",2026-04-30,"02:37:00+00","2026/04/30 02:37:00+00","Non NIBRS Data","Non NIBRS Data","Non NIBRS Data","Gunshot Wound Victims","Gunshot Wound Victims","Shooting (PFE)","Shooting (PFE)","0022XX 22ND AVE S",3,"Seward",6,44.96005,-93.24091,-10379531.1506431,5615234.55633528,1,316831,2026,4
-10380956.0659,5621175.1806,"Gunshot Wound Victims","No","26-122976","MP2026122976",2026-05-10,"22:43:00+00","2026/05/10 22:43:00+00","Non NIBRS Data","Non NIBRS Data","Non NIBRS Data","Gunshot Wound Victims","Gunshot Wound Victims","Sound of Shots Fired (P)~PD","Shooting (PFE)","0007XX MADISON ST NE",2,"St. Anthony East",3,44.9978,-93.25371,-10380956.0658708,5621175.18062723,1,316832,2026,5
-10388257.6,5614195.669,"Gunshot Wound Victims","No","26-162598","MP2026162598",2026-06-14,"05:43:00+00","2026/06/14 05:43:00+00","Non NIBRS Data","Non NIBRS Data","Non NIBRS Data","Gunshot Wound Victims","Gunshot Wound Victims","Shooting Report Only (P)","Shooting Report Only (P)","BURNHAM RD / CEDAR LAKE PKWY",5,"Cedar - Isles - Dean",7,44.95345,-93.31931,-10388257.6,5614195.669,1,316833,2026,6
-10384773.3801,5615510.9303,"Gunshot Wound Victims","No","26-169724","MP2026169724",2026-06-21,"01:58:00+00","2026/06/21 01:58:00+00","Non NIBRS Data","Non NIBRS Data","Non NIBRS Data","Gunshot Wound Victims","Gunshot Wound Victims","Shooting (PFE)","Shooting (PFE)","0021XX LYNDALE AVE S",5,"Whittier",10,44.96181,-93.28801,-10384773.3800872,5615510.93029615,2,316834,2026,6
-10381851.6622,5617081.4804,"Gunshot Wound Victims","No","26-176052","MP2026176052",2026-06-27,"04:42:00+00","2026/06/27 04:41:00+00","Non NIBRS Data","Non NIBRS Data","Non NIBRS Data","Gunshot Wound Victims","Gunshot Wound Victims","Shooting Report Only (P)","Shooting Report Only (P)","0007XX CHICAGO AVE",4,"Camden Industrial",4,44.97179,-93.26176,-10381851.6622254,5617081.48038588,1,316835,2026,6
-10387310.414,5624033.0556,"Gunshot Wound Victims","No","25-240722","MP2025240722",2025-08-24,"03:10:00+00","2025/08/24 03:10:00+00","Non NIBRS Data","Non NIBRS Data","Non NIBRS Data","Gunshot Wound Victims","Gunshot Wound Victims","Disturbance (P)","Shooting (PFE)","0033XX RUSSELL AVE N",4,"Cleveland",4,45.01595,-93.3108,-10387310.4140439,5624033.05560125,1,317012,2025,8
-10378357.979,5619312.9007,"Gunshot Wound Victims","No","25-249111","MP2025249111",2025-08-31,"18:53:00+00","2025/08/31 18:53:00+00","Non NIBRS Data","Non NIBRS Data","Non NIBRS Data","Gunshot Wound Victims","Gunshot Wound Victims","Sound of Shots Fired (P)~PD","Shooting (PFE)","0009XX 15TH AVE SE",2,"Como",1,44.98597,-93.23038,-10378357.9790176,5619312.90070727,1,317014,2025,8
-10383368.31,5613394.171,"Gunshot Wound Victims","No","25-265035","MP2025265035",2025-09-15,"13:56:00+00","2025/09/15 11:06:00+00","Non NIBRS Data","Non NIBRS Data","Non NIBRS Data","Gunshot Wound Victims","Gunshot Wound Victims","Shooting (PFE)","Shooting (PFE)","LAKE ST E / STEVENS AVE",5,"Whittier",8,44.94835,-93.27538,-10383368.31,5613394.171,5,317016,2025,9
-10382351.96,5618311.453,"Gunshot Wound Victims","Yes","25-287801","MP2025287801",2025-10-05,"03:45:00+00","2025/10/05 03:30:00+00","Non NIBRS Data","Non NIBRS Data","Non NIBRS Data","Gunshot Wound Victims","Gunshot Wound Victims","Sound of Shots Fired (P)","Shooting (PFE)","3RD ST S / 2ND AVE S",1,"Downtown West",3,44.97961,-93.26625,-10382351.96,5618311.453,1,317018,2025,10
-10385612.2719,5618327.5769,"Gunshot Wound Victims","No","25-299090","MP2025299090",2025-10-16,"01:54:00+00","2025/10/16 01:54:00+00","Non NIBRS Data","Non NIBRS Data","Non NIBRS Data","Gunshot Wound Victims","Gunshot Wound Victims","Shooting (PFE)","Shooting (PFE)","0002XX FREMONT AVE N",4,"Harrison",5,44.97971,-93.29554,-10385612.2719277,5618327.57688797,1,317020,2025,10
-10389108.0038,5613311.0047,"Gunshot Wound Victims","No","25-320534","MP2025320534",2025-11-05,"00:31:00+00","2025/11/04 17:45:00+00","Non NIBRS Data","Non NIBRS Data","Non NIBRS Data","Gunshot Wound Victims","Gunshot Wound Victims","Dead Person (P)","Dead Person (P)","0037XX 30 1/2 ST W",5,"Cedar - Isles - Dean",7,44.94782,-93.32695,-10389108.003772,5613311.0046591,1,317022,2025,11
-10382007.5819,5624091.969,"Gunshot Wound Victims","No","25-348751","MP2025348751",2025-12-04,"05:25:00+00","2025/12/04 03:30:00+00","Non NIBRS Data","Non NIBRS Data","Non NIBRS Data","Gunshot Wound Victims","Gunshot Wound Victims","Shooting (PFE)","Shooting (PFE)","0026XX UNIVERSITY AVE NE",2,"Marshall Terrace",1,45.01633,-93.26316,-10382007.5819142,5624091.96902506,1,317024,2025,12
-10385896.53,5624731.064,"Gunshot Wound Victims","Yes","26-032445","MP202632445",2026-02-09,"01:37:00+00","2026/02/09 01:37:00+00","Non NIBRS Data","Non NIBRS Data","Non NIBRS Data","Gunshot Wound Victims","Gunshot Wound Victims","Shooting (PFE)~PD","Shooting Report Only (P)","36TH AVE N / HUMBOLDT AVE N",4,"Folwell",4,45.02038,-93.2981,-10385896.53,5624731.064,1,317294,2026,2
-10380960.7776,5612967.9371,"Gunshot Wound Victims","No","26-040256","MP202640256",2026-02-17,"18:28:00+00","2026/02/17 18:28:00+00","Non NIBRS Data","Non NIBRS Data","Non NIBRS Data","Gunshot Wound Victims","Gunshot Wound Victims","Disturbance (P)","Shooting (PFE)","0031XX 15TH AVE S",3,"Powderhorn Park",9,44.94564,-93.25376,-10380960.7776356,5612967.93709,1,317296,2026,2
-10383561.8499,5621482.5593,"Gunshot Wound Victims","No","26-055323","MP202655323",2026-03-05,"18:34:00+00","2026/03/05 18:34:00+00","Non NIBRS Data","Non NIBRS Data","Non NIBRS Data","Gunshot Wound Victims","Gunshot Wound Victims","Shooting (PFE)","Shooting (PFE)","0020XX WEST RIVER RD N",4,"Hawthorne",5,44.99975,-93.27712,-10383561.8498842,5621482.55934337,1,317298,2026,3
-10381576.0301,5622868.8853,"Gunshot Wound Victims","No","26-118687","MP2026118687",2026-05-07,"05:05:00+00","2026/05/07 04:02:00+00","Non NIBRS Data","Non NIBRS Data","Non NIBRS Data","Gunshot Wound Victims","Gunshot Wound Victims","Unknown Trouble (P)","Shooting (PFE)","0005XX 20TH AVE NE",2,"Holland",1,45.00856,-93.25928,-10381576.0300813,5622868.88532701,1,317456,2026,5
-10380594.8865,5615373.2442,"Gunshot Wound Victims","No","26-134157","MP2026134157",2026-05-21,"04:20:00+00","2026/05/21 04:20:00+00","Non NIBRS Data","Non NIBRS Data","Non NIBRS Data","Gunshot Wound Victims","Gunshot Wound Victims","Shooting (PFE)","Shooting (PFE)","0016XX 22ND ST E",3,"Ventura Village",6,44.96093,-93.25047,-10380594.8864894,5615373.24420538,1,317457,2026,5
-10386747.0779,5619757.9908,"Gunshot Wound Victims","No","26-175998","MP2026175998",2026-06-27,"00:47:00+00","2026/06/27 00:47:00+00","Non NIBRS Data","Non NIBRS Data","Non NIBRS Data","Gunshot Wound Victims","Gunshot Wound Victims","Shooting (PFE)","Shooting (PFE)","0011XX NEWTON AVE N",4,"Near - North",5,44.9888,-93.30574,-10386747.077872,5619757.99076698,1,317458,2026,6
-10381829.2291,5623733.4105,"Gunshot Wound Victims","No","26-177236","MP2026177236",2026-06-28,"01:47:00+00","2026/06/28 01:47:00+00","Non NIBRS Data","Non NIBRS Data","Non NIBRS Data","Gunshot Wound Victims","Gunshot Wound Victims","Music-Loud (P)","Shooting (PFE)","0025XX 4TH ST NE",2,"Holland",1,45.01405,-93.26156,-10381829.2291116,5623733.41053706,1,317459,2026,6
